"得意先","部門","製造倉庫","受注日","製造指示日","製造指示番号","品番","ｻｲｽﾞ(厚さ)","ｻｲｽﾞ(縦)","ｻｲｽﾞ(横)","ｻｲｽﾞ(高さ)","品名","色","数量","規格","製造期限","配送便","出荷日","出庫日","進捗","担当者","生地日","調達"
"中国機材設備　本社★","九州工場","九州工場","2026/08/18","2026/08/18","26-J0109466-008-771","SE0000XN","1.50","600.0","400.0","300.0","SUS PBﾄｸ 水切","","1","ｱｰｽ　","2026/09/09","佐川急便","2026/09/09","","完成","倉重","2026/09/09","製造"
"中国機材設備　本社★","九州工場","九州工場","2026/08/18","2026/08/18","26-J0109467-003-771","BE4030SC","1.60","400.0","400.0","300.0","国土 PB 平 焼付","2.5Y9/1 近似色","1","ｱｰｽ","2026/09/09","佐川急便","2026/09/09","","完成","古川","2026/09/01","製造"
"中国機材設備　本社★","九州工場","九州工場","2026/08/18","2026/08/18","26-J0109467-007-771","BE4030SC","1.60","400.0","400.0","300.0","国土 PB 平 焼付","2.5Y9/1 近似色","1","ｱｰｽ","2026/09/09","佐川急便","2026/09/09","","完成","古川","2026/09/01","製造"
"ナミデン　山口★","九州工場","九州工場","2026/08/21","2026/08/21","26-J0112557-002-771","SD0000N","1.50","500.0","200.0","1,300.0","SUS ﾀﾞｸﾄ","","1","生地　直線　被せ蓋　ｱｰｽ、ｹｰﾌﾞﾙ支持棒、防虫網","2026/09/09","福山通運　九州発送","2026/09/09","","完成","倉重","2026/09/09","製造"
"ナミデン　山口★","九州工場","九州工場","2026/08/21","2026/08/21","26-J0112557-001-771","SD0000N","1.50","500.0","200.0","850.0","SUS ﾀﾞｸﾄ","","1","生地　水平L形　被せ蓋　ｱｰｽ、ｹｰﾌﾞﾙ支持棒　開口有","2026/09/09","福山通運　九州発送","2026/09/09","","完成","倉重","2026/09/09","製造"
"シンセイ　広島第二★","九州工場","九州工場","2026/08/24","2026/08/24","26-J0113992-001-771","II0000C","1.60","540.0","1,310.0","0.0","鉄 切板 焼付","N9.5 近似色","2","吊穴不可","2026/09/09","福山通運　九州発送","2026/09/09","","完成","古川","2026/09/03","製造"
"Q-mast　電気グル－プ★","九州工場","九州工場","2026/08/25","2026/08/25","26-J0115264-005-771","ZE0000WC","2.30","450.0","450.0","450.0","ZN PBﾄｸ 被せ 焼付","N-85 近似色","1","ｱｰｽ    事務所棟","2026/09/09","福山通運　九州発送","2026/09/09","","完成","金光","2026/08/28","製造"
"Q-mast　電気グル－プ★","九州工場","九州工場","2026/08/25","2026/08/25","26-J0115264-009-771","ZE3030W2C","2.30","300.0","300.0","300.0","ZN PB 被せ 焼付","N-85 近似色","1","ｱｰｽ　　容器置場","2026/09/09","福山通運　九州発送","2026/09/09","","完成","金光","2026/08/28","製造"
"Q-mast　電気グル－プ★","九州工場","九州工場","2026/08/25","2026/08/25","26-J0115264-008-771","ZE2020W2C","2.30","200.0","200.0","200.0","ZN PB 被せ 焼付","N-85 近似色","1","ｱｰｽ　　製作棟","2026/09/09","福山通運　九州発送","2026/09/09","","完成","金光","2026/08/28","製造"
"Q-mast　電気グル－プ★","九州工場","九州工場","2026/08/25","2026/08/25","26-J0115264-004-771","ZE4030W2C","2.30","400.0","400.0","300.0","ZN PB 被せ 焼付","N-85 近似色","1","ｱｰｽ    事務所棟","2026/09/09","福山通運　九州発送","2026/09/09","","完成","金光","2026/08/28","製造"
"Q-mast　電気グル－プ★","九州工場","九州工場","2026/08/25","2026/08/25","26-J0115264-007-771","ZE3030W2C","2.30","300.0","300.0","300.0","ZN PB 被せ 焼付","N-85 近似色","1","ｱｰｽ　　製作棟","2026/09/09","福山通運　九州発送","2026/09/09","","完成","金光","2026/08/28","製造"
"Q-mast　電気グル－プ★","九州工場","九州工場","2026/08/25","2026/08/25","26-J0115264-006-771","ZE4040W2C","2.30","400.0","400.0","400.0","ZN PB 被せ 焼付","N-85 近似色","1","ｱｰｽ　　製作棟","2026/09/09","福山通運　九州発送","2026/09/09","","完成","金光","2026/08/28","製造"
"Q-mast　電気グル－プ★","九州工場","九州工場","2026/08/25","2026/08/25","26-J0115264-010-771","ZE2020W2C","2.30","200.0","200.0","200.0","ZN PB 被せ 焼付","N-85 近似色","1","ｱｰｽ　　容器置場","2026/09/09","福山通運　九州発送","2026/09/09","","完成","金光","2026/08/28","製造"
"シンセイ　倉敷★","九州工場","九州工場","2026/08/26","2026/08/26","26-J0116445-001-771","ZG0000","0.00","1,140.0","550.0","1,800.0","ZN 架台","","3","ｱﾝｸﾞﾙ PLt4.5","2026/09/09","福山通運　九州発送","2026/09/09","","完成","倉重","2026/09/02","製造"
"那須電機商事★","九州工場","九州工場","2026/08/26","2026/08/26","26-J0117070-009-771","AKM0000N","3.00","215.0","210.0","40.0","ｱﾙﾐ 金物","","1","ﾌﾗﾝｼﾞ","2026/09/09","福山通運　九州発送","2026/09/09","","完成","倉重","2026/09/08","製造"
"那須電機商事★","九州工場","九州工場","2026/08/26","2026/08/26","26-J0117070-008-771","AKM0000N","3.00","230.0","215.0","40.0","ｱﾙﾐ 金物","","1","ﾌﾗﾝｼﾞ","2026/09/09","福山通運　九州発送","2026/09/09","","完成","倉重","2026/09/08","製造"
"那須電機商事★","九州工場","九州工場","2026/08/26","2026/08/26","26-J0117070-006-771","ACD0000N","2.00","150.0","135.0","1,417.0","ｱﾙﾏｲﾄｸﾘｱ ﾀﾞｸﾄ","","1","2分割･ｾﾊﾟﾚｰﾀ･支持棒付･ｱｰｽ","2026/09/09","福山通運　九州発送","2026/09/09","","完成","倉重","2026/09/08","製造"
"那須電機商事★","九州工場","九州工場","2026/08/26","2026/08/26","26-J0117070-003-771","AKM0000N","3.00","330.0","280.0","40.0","ｱﾙﾐ 金物","","1","ﾌﾗﾝｼﾞ","2026/09/09","福山通運　九州発送","2026/09/09","","完成","倉重","2026/09/08","製造"
"那須電機商事★","九州工場","九州工場","2026/08/26","2026/08/26","26-J0117070-002-771","AKM0000N","3.00","320.0","210.0","40.0","ｱﾙﾐ 金物","","1","ﾌﾗﾝｼﾞ","2026/09/09","福山通運　九州発送","2026/09/09","","完成","倉重","2026/09/08","製造"
"誠新産業　福岡本社★","九州工場","九州工場","2026/08/27","2026/08/27","26-J0117515-001-771","ZG0000","0.00","440.0","0.0","0.0","ZN 架台","","1","H100x100x6x8 穴加工　両端塞ぎ","2026/09/09","佐川急便","2026/09/09","","完成","倉重","2026/09/02","製造"
"誠新産業　福岡本社★","九州工場","九州工場","2026/08/27","2026/08/27","26-J0117515-002-771","ZG0000","0.00","640.0","0.0","0.0","ZN 架台","","2","H100x100x6x8 穴加工　両端塞ぎ","2026/09/09","佐川急便","2026/09/09","","完成","倉重","2026/09/02","製造"
"誠新産業　福岡本社★","九州工場","九州工場","2026/08/27","2026/08/27","26-J0117515-003-771","ZG0000","0.00","440.0","0.0","0.0","ZN 架台","","2","H100x100x6x8 穴加工　両端塞ぎ","2026/09/09","佐川急便","2026/09/09","","完成","倉重","2026/09/02","製造"
"誠新産業　福岡本社★","九州工場","九州工場","2026/08/27","2026/08/27","26-J0117515-004-771","ZG0000","0.00","640.0","0.0","0.0","ZN 架台","","2","H100x100x6x8 穴加工　両端塞ぎ","2026/09/09","佐川急便","2026/09/09","","完成","倉重","2026/09/02","製造"
"デンザイ東亜　本社★","九州工場","九州工場","2026/08/28","2026/08/28","26-J0118903-001-771","DKW0000N","1.60","700.0","200.0","250.0","Sﾀﾞｲﾏ 貫通枠","","1","ｱﾝｸﾞﾙL3x30　蓋付　ｼｰﾙ付属","2026/09/09","佐川急便","2026/09/09","","完成","古川","2026/09/09","製造"
"大成商会　新居浜★","九州工場","九州工場","2026/08/28","2026/08/28","26-J0119019-002-771","SE0000WN","2.00","800.0","800.0","500.0","SUS PBﾄｸ 被せ","","1","ｱｰｽ","2026/09/09","福山通運　九州発送","2026/09/09","","完成","倉重","2026/09/09","製造"
"シンセイ　広島第二★","九州工場","九州工場","2026/08/31","2026/08/31","26-J0119466-001-771","IG0000C","0.00","660.0","1,400.0","75.0","鉄 架台 焼付","5Y7/1 近似色","1","L-75x75x6t FB-75x6t　縞鋼板3.2t","2026/09/09","福山通運　九州発送","2026/09/09","","完成","古川","2026/09/04","製造"
"三親電材　山口★","九州工場","九州工場","2026/08/31","2026/08/31","26-J0119557-001-771","ZE1510X2A","2.30","150.0","150.0","100.0","ZN PB 水切","","2","ｱｰｽ 足付 L3x30(φ12)x4","2026/09/09","佐川急便","2026/09/09","","完成","倉重","2026/09/02","製造"
"三親電材　山口★","九州工場","九州工場","2026/08/31","2026/08/31","26-J0119563-001-771","BE0000SG","1.60","300.0","300.0","400.0","国土 PBﾄｸ 平","","1","ｱｰｽ さび止め","2026/09/09","佐川急便","2026/09/09","","完成","倉重","2026/09/08","製造"
"かごしま電工　城南★","九州工場","九州工場","2026/08/31","2026/08/31","26-J0119896-001-771","ZG0000","2.30","100.0","150.0","30.0","ZN 架台","","5","4-M4ﾀｯﾌﾟ　2-長孔φ10x40","2026/09/09","佐川急便","2026/09/09","","完成","倉重","2026/09/02","製造"
"東芝電材　大分★","九州工場","九州工場","2026/08/31","2026/08/31","26-J0120115-002-771","IDC0000C","1.60","1,000.0","185.0","200.0","鉄 ﾀﾞｸﾄｶﾊﾞｰ 焼付","2.5Y9/1 近似色","1","平ふた 2分割","2026/09/09","佐川急便","2026/09/09","","完成","古川","2026/09/04","製造"
"岡本電機　安佐★","九州工場","九州工場","2026/08/31","2026/08/31","26-J0120165-001-771","IDC0000C","1.60","600.0","250.0","600.0","鉄 ﾀﾞｸﾄｶﾊﾞｰ 焼付","5Y7/1 近似色","1","3点バラシ　化粧ﾋﾞｽ止め","2026/09/09","佐川急便","2026/09/09","","完成","古川","2026/09/04","製造"
"イシグロ　宮崎★","九州工場","九州工場","2026/08/31","2026/08/31","26-J0120251-001-771","SCPL0000N","3.50","510.0","710.0","53.5","SUS 縞鋼板","","1","2-ズレ防止アングル　2-落し込み取っ手","2026/09/09","佐川急便","2026/09/09","","完成","倉重","2026/09/09","製造"
"かごしま電工　川内★","九州工場","九州工場","2026/09/01","2026/09/01","26-J0121126-002-771","SE2520XCW","1.50","250.0","250.0","200.0","SUS PB 水切 焼付","5Y7/1 近似色","6","ｱｰｽ 内ﾜﾆｽ","2026/09/09","佐川急便","2026/09/09","","完成","古川","2026/09/03","製造"
"イシグロ　鹿児島★","九州工場","九州工場","2026/09/02","2026/09/02","26-J0121724-001-771","IG0000G","5.00","100.0","50.0","1,250.0","鉄 架台","","2","さび止め SS-C-5x50x100　PL-6t","2026/09/09","福山通運　九州発送","2026/09/09","","完成","倉重","2026/09/08","製造"
"シンセイ　呉★","九州工場","九州工場","2026/09/02","2026/09/02","26-J0122214-001-771","IDC0000C","1.60","600.0","250.0","540.0","鉄 ﾀﾞｸﾄｶﾊﾞｰ 焼付","2.5Y9/1 近似色","1","LM-1用 平蓋 φ8x4","2026/09/09","福山通運　九州発送","2026/09/09","","完成","古川","2026/09/04","製造"
"シンセイ　呉★","九州工場","九州工場","2026/09/02","2026/09/02","26-J0122214-002-771","IDC0000C","1.60","700.0","250.0","340.0","鉄 ﾀﾞｸﾄｶﾊﾞｰ 焼付","2.5Y9/1 近似色","1","L-2用 平蓋 φ8x4","2026/09/09","福山通運　九州発送","2026/09/09","","完成","古川","2026/09/04","製造"
"平和テクノ　周南★","九州工場","九州工場","2026/09/02","2026/09/02","26-J0122761-001-771","SPS1500","6.00","250.0","250.0","1,500.0","SUS ﾊﾟｲﾌﾟｽﾀﾝｼｮﾝ","","1","H=1500 SUS304","2026/09/09","佐川急便","2026/09/09","","完成","倉重","2026/09/09","製造"
"暁電業　岡山本社★","九州工場","九州工場","2026/09/03","2026/09/03","26-J0122979-001-771","BE2525SC","1.60","250.0","250.0","250.0","国土 PB 平 焼付","N9.5(近似色)","1","ｱｰｽ","2026/09/09","福山通運　九州発送","2026/09/09","","完成","古川","2026/09/04","製造"
"日本電設資材　福岡★","九州工場","九州工場","2026/09/03","2026/09/03","26-J0123366-001-771","IG0000G","0.00","250.0","250.0","0.0","鉄 架台","","5","さび止め 穴加工　L50x50x6t","2026/09/09","福山通運　九州発送","2026/09/09","","完成","倉重","2026/09/08","製造"
"日本電設資材　福岡★","九州工場","九州工場","2026/09/03","2026/09/03","26-J0123366-002-771","IG0000G","0.00","250.0","250.0","0.0","鉄 架台","","5","さび止め 穴加工　L50x50x6t","2026/09/09","福山通運　九州発送","2026/09/09","","完成","倉重","2026/09/08","製造"
"四国ミツヤマ電気★","九州工場","九州工場","2026/09/03","2026/09/03","26-J0123402-001-771","BE0000SC","1.60","400.0","300.0","200.0","国土 PBﾄｸ 平 焼付","N9.5(近似色)","1","ｱｰｽ","2026/09/09","福山通運　九州発送","2026/09/09","","完成","古川","2026/09/04","製造"
"東芝電材　唐津★","九州工場","九州工場","2026/09/03","2026/09/03","26-J0123434-001-771","BIP0000C","1.60","125.0","100.0","0.0","処理鋼板 ﾌﾟﾚｰﾄ 焼付","2.5Y9/1 近似色","1","枠形","2026/09/09","佐川急便","2026/09/09","","完成","古川","2026/09/04","製造"
"ナミデン　山口★","九州工場","九州工場","2026/09/03","2026/09/03","26-J0123468-002-771","DIP0000N","2.30","320.0","200.0","0.0","Sﾀﾞｲﾏ ﾌﾟﾚｰﾄ","","48","穴加工","2026/09/09","福山通運　九州発送","2026/09/09","","完成","古川","2026/09/09","製造"
"ナミデン　山口★","九州工場","九州工場","2026/09/03","2026/09/03","26-J0123468-001-771","DIP0000N","2.30","320.0","100.0","0.0","Sﾀﾞｲﾏ ﾌﾟﾚｰﾄ","","14","穴加工","2026/09/09","福山通運　九州発送","2026/09/09","","完成","古川","2026/09/09","製造"
"暁電業　津山★","九州工場","九州工場","2026/09/03","2026/09/03","26-J0123546-001-771","II0000C","1.60","110.0","80.0","0.0","鉄 切板 焼付","5Y7/1(近似色)","2","4角面取　吊穴ナシ","2026/09/09","福山通運　九州発送","2026/09/09","","完成","古川","2026/09/08","製造"
"かごしま電工　国分★","九州工場","九州工場","2026/09/03","2026/09/03","26-J0123552-001-771","BIP0000C","1.60","210.0","210.0","0.0","処理鋼板 ﾌﾟﾚｰﾄ 焼付","2.5Y9/1 近似色","1","φ5x4","2026/09/09","佐川急便","2026/09/09","","完成","古川","2026/09/04","製造"
"三和電気商会★","九州工場","九州工場","2026/09/03","2026/09/03","26-J0123669-001-771","DP0000WN","2.30","800.0","500.0","500.0","Sﾀﾞｲﾏ PBﾄｸ 被せ","","1","","2026/09/09","福山通運　九州発送","2026/09/09","","完成","古川","2026/09/09","製造"
"三親電材　広島★","九州工場","九州工場","2026/09/03","2026/09/03","26-J0123971-001-771","IE0000SG","2.30","1,000.0","500.0","400.0","鉄 PBﾄｸ 平","","2","ｱｰｽ(上面) さび止め 平蓋950x500","2026/09/09","福山通運　九州発送","2026/09/09","","完成","倉重","2026/09/07","製造"
"かごしま電工　川内★","九州工場","九州工場","2026/09/04","2026/09/04","26-J0124105-004-771","BE6040SGW","1.60","600.0","600.0","400.0","国土 PB 平","","1","ｱｰｽ さび止め 内ﾜﾆｽ","2026/09/09","佐川急便","2026/09/09","","完成","倉重","2026/09/07","製造"
"東芝電材　佐賀★","九州工場","九州工場","2026/09/04","2026/09/04","26-J0124972-001-771","SE0000XN","1.50","250.0","250.0","200.0","SUS PBﾄｸ 水切","","1","/260 ｱｰｽ","2026/09/09","佐川急便","2026/09/09","","完成","服部","2026/09/09","製造"
"かごしま電工　南★","九州工場","九州工場","2026/09/07","2026/09/07","26-J0125349-002-771","SE0000XN","2.00","1,000.0","1,000.0","500.0","SUS PBﾄｸ 水切","","1","ｱｰｽ　","2026/09/09","福山通運　九州発送","2026/09/09","","完成","倉重","2026/09/09","製造"
"東芝電材　宮崎★","九州工場","九州工場","2026/09/07","2026/09/07","26-J0125486-001-771","IE0000SG","2.30","800.0","600.0","400.0","鉄 PBﾄｸ 平","","1","ｱｰｽ さび止め","2026/09/09","福山通運　九州発送","2026/09/09","","完成","倉重","2026/09/08","製造"
"三親電材　鳥取★","九州工場","九州工場","2026/09/07","2026/09/07","26-J0126182-002-771","SE3530XN","1.50","350.0","350.0","300.0","SUS PB 水切","","2","ｱｰｽ","2026/09/09","福山通運　九州発送","2026/09/09","","完成","倉重","2026/09/09","製造"
"木村電機　本社★","九州工場","九州工場","2026/09/07","2026/09/07","26-J0126303-001-771","DE6050WN","1.60","600.0","600.0","500.0","Sﾀﾞｲﾏ PB 被せ","","1","ｱｰｽ","2026/09/09","佐川急便","2026/09/09","","完成","古川","2026/09/09","製造"
"ｹｲ･ｴｽ･ﾃﾞｰ　大分★","九州工場","九州工場","2026/09/08","2026/09/08","26-J0126316-001-771","IP5030WG","1.60","500.0","500.0","300.0","鉄 PB 被せ","","1","さび止め","2026/09/09","佐川急便","2026/09/09","","完成","倉重","2026/09/08","製造"
"ｹｲ･ｴｽ･ﾃﾞｰ　大分★","九州工場","九州工場","2026/09/08","2026/09/08","26-J0126318-001-771","SP0000WN","1.50","350.0","350.0","400.0","SUS PBﾄｸ 被せ","","1","","2026/09/09","佐川急便","2026/09/09","","完成","倉重","2026/09/09","製造"
"ナミデン　広島★","九州工場","九州工場","2026/09/08","2026/09/08","26-J0126411-001-771","IE2525SG","1.60","250.0","250.0","250.0","鉄 PB 平","","2","ｱｰｽ さび止め","2026/09/09","佐川急便","2026/09/09","","完成","倉重","2026/09/08","製造"
"九州電業社　佐世保★","九州工場","九州工場","2026/09/08","2026/09/08","26-J0126447-001-771","SE5040SNP","1.50","500.0","500.0","400.0","SUS PB 平","","1","ｱｰｽ ｺﾞﾑﾊﾟｯｷﾝ付","2026/09/09","佐川急便","2026/09/09","","完成","倉重","2026/09/09","製造"
"シンセイ　広島第一★","九州工場","九州工場","2026/09/08","2026/09/08","26-J0126650-001-771","IP0000SG","1.60","300.0","200.0","100.0","鉄 PBﾄｸ 平","","1","さび止め","2026/09/09","福山通運　九州発送","2026/09/09","","完成","倉重","2026/09/08","製造"
"かごしま電工　川内★","九州工場","九州工場","2026/09/08","2026/09/08","26-J0126760-001-771","SP0000XN","1.50","100.0","75.0","75.0","SUS PBﾄｸ 水切","","1","","2026/09/09","佐川急便","2026/09/09","","完成","服部","2026/09/09","製造"
"シンセイ　広島第一★","九州工場","九州工場","2026/09/08","2026/09/08","26-J0126766-001-771","IE3010SG","1.60","300.0","300.0","100.0","鉄 PB 平","","1","ｱｰｽ さび止め","2026/09/09","福山通運　九州発送","2026/09/09","","完成","倉重","2026/09/08","製造"
"かごしま電工　国分★","九州工場","九州工場","2026/09/08","2026/09/08","26-J0127076-001-771","SP0000WN","1.50","300.0","150.0","150.0","SUS PBﾄｸ 被せ","","2","","2026/09/09","佐川急便","2026/09/09","","完成","服部","2026/09/09","製造"
"三親電材　福山★","九州工場","九州工場","2026/09/08","2026/09/08","26-J0127110-001-771","SC0000N","2.00","500.0","270.0","430.0","SUS ｶﾊﾞｰ","","1","ｻｲｽﾞは全て内寸法","2026/09/09","福山通運　九州発送","2026/09/09","","完成","倉重","2026/09/09","製造"
"ムトウ電材　富士見★","九州工場","九州工場","2026/09/09","2026/09/09","26-J0127707-001-771","SKG11NKA","2.00","190.0","210.0","100.0","SUS 回転灯架台","","2","壁用(大)","2026/09/09","佐川急便","2026/09/09","","完成","服部","2026/09/09","製造"
"木村電機　本社★","九州工場","九州工場","2026/09/09","2026/09/09","26-J0127716-001-771","MAMEK","0.00","0.0","0.0","0.0","補修塗料 豆缶","","2","ｸﾞﾚｰさび止め","2026/09/09","佐川急便","2026/09/09","","完成","服部","","製造"
"東芝電材　武雄★","九州工場","九州工場","2026/09/09","2026/09/09","26-J0127913-001-771","SE0000XN","1.50","500.0","400.0","300.0","SUS PBﾄｸ 水切","","1","ｱｰｽ","2026/09/09","佐川急便","2026/09/09","","完成","倉重","2026/09/09","製造"
"イシグロ　広島★","九州工場","九州工場","2026/08/24","2026/08/24","26-J0113221-008-771","ZG0000","0.00","915.0","155.0","0.0","ZN 架台","","3","HDZT-77 L-50X50X6t    受水槽8　","2026/09/10","福山通運　九州発送","2026/09/10","","完成","金光","2026/09/03","製造"
"イシグロ　広島★","九州工場","九州工場","2026/08/24","2026/08/24","26-J0113221-001-771","ZG0000","0.00","300.0","100.0","226.0","ZN 架台","","5","HDZT-77 L-50X50X6t    受水槽1　","2026/09/10","福山通運　九州発送","2026/09/10","","完成","金光","2026/09/03","製造"
"イシグロ　広島★","九州工場","九州工場","2026/08/24","2026/08/24","26-J0113221-002-771","ZG0000","0.00","810.0","100.0","460.0","ZN 架台","","1","HDZT-77 L-50X50X6t    受水槽2　","2026/09/10","福山通運　九州発送","2026/09/10","","完成","金光","2026/09/03","製造"
"イシグロ　広島★","九州工場","九州工場","2026/08/24","2026/08/24","26-J0113221-004-771","ZG0000","0.00","700.0","680.0","0.0","ZN 架台","","2","HDZT-77 L-50X50X6t PL6.0t    受水槽4　","2026/09/10","福山通運　九州発送","2026/09/10","","完成","金光","2026/09/03","製造"
"イシグロ　広島★","九州工場","九州工場","2026/08/24","2026/08/24","26-J0113221-005-771","ZG0000","0.00","700.0","1,140.0","0.0","ZN 架台","","1","HDZT-77 L-50X50X6t PL6.0t    受水槽5　","2026/09/10","福山通運　九州発送","2026/09/10","","完成","金光","2026/09/03","製造"
"イシグロ　広島★","九州工場","九州工場","2026/08/24","2026/08/24","26-J0113221-006-771","ZG0000","0.00","700.0","1,140.0","0.0","ZN 架台","","1","HDZT-77 L-50X50X6t PL6.0t    受水槽6　","2026/09/10","福山通運　九州発送","2026/09/10","","完成","金光","2026/09/03","製造"
"イシグロ　広島★","九州工場","九州工場","2026/08/24","2026/08/24","26-J0113221-007-771","ZG0000","0.00","1,150.0","1,140.0","0.0","ZN 架台","","1","HDZT-77 L-50X50X6t PL6.0t    受水槽7　","2026/09/10","福山通運　九州発送","2026/09/10","","完成","金光","2026/09/03","製造"
"イシグロ　広島★","九州工場","九州工場","2026/08/24","2026/08/24","26-J0113221-009-771","ZG0000","0.00","915.0","425.0","0.0","ZN 架台","","1","HDZT-77 L-50X50X6t    受水槽9　","2026/09/10","福山通運　九州発送","2026/09/10","","完成","金光","2026/09/03","製造"
"イシグロ　広島★","九州工場","九州工場","2026/08/24","2026/08/24","26-J0113221-010-771","ZG0000","0.00","915.0","425.0","0.0","ZN 架台","","1","HDZT-77 L-50X50X6t    受水槽10　","2026/09/10","福山通運　九州発送","2026/09/10","","完成","金光","2026/09/03","製造"
"イシグロ　広島★","九州工場","九州工場","2026/08/24","2026/08/24","26-J0113221-011-771","ZG0000","0.00","915.0","425.0","0.0","ZN 架台","","1","HDZT-77 L-50X50X6t    受水槽11　","2026/09/10","福山通運　九州発送","2026/09/10","","完成","金光","2026/09/03","製造"
"イシグロ　広島★","九州工場","九州工場","2026/08/24","2026/08/24","26-J0113221-012-771","ZG0000","0.00","915.0","425.0","0.0","ZN 架台","","1","HDZT-77 L-50X50X6t    受水槽12　","2026/09/10","福山通運　九州発送","2026/09/10","","完成","金光","2026/09/03","製造"
"イシグロ　広島★","九州工場","九州工場","2026/08/24","2026/08/24","26-J0113221-013-771","ZG0000","0.00","190.0","425.0","0.0","ZN 架台","","1","HDZT-77 L-50X50X6t    受水槽13　","2026/09/10","福山通運　九州発送","2026/09/10","","完成","金光","2026/09/03","製造"
"イシグロ　広島★","九州工場","九州工場","2026/08/24","2026/08/24","26-J0113221-014-771","ZG0000","0.00","315.0","283.0","0.0","ZN 架台","","2","HDZT-77 L-50X50X6t    受水槽14　","2026/09/10","福山通運　九州発送","2026/09/10","","完成","金光","2026/09/03","製造"
"イシグロ　広島★","九州工場","九州工場","2026/08/24","2026/08/24","26-J0113221-015-771","ZG0000","0.00","315.0","148.0","0.0","ZN 架台","","4","HDZT-77 L-50X50X6t    受水槽15　","2026/09/10","福山通運　九州発送","2026/09/10","","完成","金光","2026/09/03","製造"
"イシグロ　広島★","九州工場","九州工場","2026/08/24","2026/08/24","26-J0113221-018-771","ZG0000","0.00","250.0","163.0","0.0","ZN 架台","","2","HDZT-77 L-50X50X6t    受水槽17　","2026/09/10","福山通運　九州発送","2026/09/10","","完成","金光","2026/09/03","製造"
"イシグロ　広島★","九州工場","九州工場","2026/08/24","2026/08/24","26-J0113221-019-771","ZG0000","0.00","250.0","192.0","0.0","ZN 架台","","2","HDZT-77 L-50X50X6t    受水槽18　","2026/09/10","福山通運　九州発送","2026/09/10","","完成","金光","2026/09/03","製造"
"イシグロ　広島★","九州工場","九州工場","2026/08/24","2026/08/24","26-J0113221-020-771","ZG0000","0.00","265.0","204.0","0.0","ZN 架台","","3","HDZT-77 L-50X50X6t    受水槽19　","2026/09/10","福山通運　九州発送","2026/09/10","","完成","金光","2026/09/03","製造"
"米良電機　宮崎★","九州工場","九州工場","2026/08/25","2026/08/25","26-J0114673-001-771","ZE6060W3","3.20","600.0","600.0","600.0","ZN PB 被せ","","1","ｱｰｽ","2026/09/10","福山通運　九州発送","2026/09/10","","完成","倉重","2026/09/02","製造"
"米良電機　宮崎★","九州工場","九州工場","2026/08/25","2026/08/25","26-J0114673-002-771","ZE6040W3","3.20","600.0","600.0","400.0","ZN PB 被せ","","1","ｱｰｽ","2026/09/10","福山通運　九州発送","2026/09/10","","完成","倉重","2026/09/02","製造"
"みなと電材","九州工場","九州工場","2026/08/25","2026/08/25","26-J0115256-003-771","IG0000G","0.00","620.0","400.0","400.0","鉄 架台","","8","さび止め L40x40x3t","2026/09/10","福山通運　九州発送","2026/09/10","","完成","樋口","2026/09/09","製造"
"みなと電材","九州工場","九州工場","2026/08/25","2026/08/25","26-J0115256-004-771","IG0000G","0.00","280.0","270.0","200.0","鉄 架台","","2","さび止め L40x40x3t","2026/09/10","福山通運　九州発送","2026/09/10","","完成","樋口","2026/09/09","製造"
"みなと電材","九州工場","九州工場","2026/08/25","2026/08/25","26-J0115256-001-771","IG0000G","0.00","540.0","340.0","300.0","鉄 架台","","62","さび止め L40x40x3t","2026/09/10","福山通運　九州発送","2026/09/10","","完成","樋口","2026/09/09","製造"
"田中商事　小倉","九州工場","九州工場","2026/08/26","2026/08/26","26-J0115880-001-771","SP6050XN","1.50","600.0","600.0","500.0","SUS PB 水切","","2","","2026/09/09","北九州配達","2026/09/10","","完成","森田","2026/09/09","製造"
"かごしま電工　川内★","九州工場","九州工場","2026/08/26","2026/08/26","26-J0115959-004-771","ZE0000W","3.20","350.0","350.0","200.0","ZN PBﾄｸ 被せ","","5","ｱｰｽ","2026/09/10","福山通運　九州発送","2026/09/10","","完成","倉重","2026/09/03","製造"
"かごしま電工　川内★","九州工場","九州工場","2026/08/26","2026/08/26","26-J0115959-003-771","ZE0000W","3.20","350.0","350.0","200.0","ZN PBﾄｸ 被せ","","5","ｱｰｽ","2026/09/09","福山通運　九州発送","2026/09/10","","完成","金光","2026/09/02","製造"
"カンサイ南九州社★","九州工場","九州工場","2026/08/28","2026/08/28","26-J0118360-001-771","ZE0000S","3.20","800.0","800.0","600.0","ZN PBﾄｸ 平","","1","ｱｰｽ 内ワニス","2026/09/10","福山通運　九州発送","2026/09/10","","完成","倉重","2026/09/01","製造"
"富士商会★","九州工場","九州工場","2026/08/28","2026/08/28","26-J0118522-001-771","ZPCP0000","4.50","380.0","380.0","0.0","ZN ｼﾏﾋﾟｯﾄ蓋","","5","縞鋼板 取手付　L-30x30x5t　切欠き有","2026/09/10","福山通運　九州発送","2026/09/10","","完成","倉重","2026/09/03","製造"
"デンザイ東亜　本社★","九州工場","九州工場","2026/08/28","2026/08/28","26-J0118788-001-771","ZP0000X","2.30","200.0","200.0","150.0","ZN PBﾄｸ 水切","","1","SS400","2026/09/10","佐川急便","2026/09/10","","完成","倉重","2026/09/03","製造"
"デンザイ東亜　本社★","九州工場","九州工場","2026/08/28","2026/08/28","26-J0118788-002-771","ZP0000X","2.30","300.0","300.0","200.0","ZN PBﾄｸ 水切","","1","SS400","2026/09/10","佐川急便","2026/09/10","","完成","倉重","2026/09/03","製造"
"日本電設資材　福岡★","九州工場","九州工場","2026/08/31","2026/08/31","26-J0119275-005-771","IG0000G","7.00","630.0","250.0","2,000.0","鉄 架台","","4","さび止め SS400-L-100x100x7t　穴加工","2026/09/09","ヤマックス福岡","2026/09/10","","完成","樋口","2026/09/08","製造"
"日本電設資材　福岡★","九州工場","九州工場","2026/08/31","2026/08/31","26-J0119275-006-771","IG0000G","10.00","630.0","250.0","2,050.0","鉄 架台","","4","さび止め SS400-L-100x100x10t　穴加工","2026/09/09","ヤマックス福岡","2026/09/10","","完成","樋口","2026/09/08","製造"
"日本電設資材　福岡★","九州工場","九州工場","2026/08/31","2026/08/31","26-J0119275-004-771","IG0000G","6.00","530.0","290.0","855.0","鉄 架台","","16","さび止め SS400-L-65x65x6t　穴加工","2026/09/09","ヤマックス福岡","2026/09/10","","完成","樋口","2026/09/08","製造"
"日本電設資材　福岡★","九州工場","九州工場","2026/08/31","2026/08/31","26-J0119332-006-771","IKM0000G","5.00","1,650.0","40.0","75.0","鉄 金物","","2","さび止め SS-C-5x40x75　穴加工","2026/09/09","ヤマックス福岡","2026/09/10","","完成","樋口","2026/09/08","製造"
"日本電設資材　福岡★","九州工場","九州工場","2026/08/31","2026/08/31","26-J0119332-001-771","IKM0000G","5.00","1,650.0","40.0","75.0","鉄 金物","","2","さび止め SS-C-5x40x75　穴加工","2026/09/09","ヤマックス福岡","2026/09/10","","完成","樋口","2026/09/08","製造"
"日本電設資材　福岡★","九州工場","九州工場","2026/08/31","2026/08/31","26-J0119332-002-771","IKM0000G","5.00","1,350.0","40.0","75.0","鉄 金物","","8","さび止め SS-C-5x40x75　穴加工","2026/09/09","ヤマックス福岡","2026/09/10","","完成","樋口","2026/09/08","製造"
"日本電設資材　福岡★","九州工場","九州工場","2026/08/31","2026/08/31","26-J0119332-007-771","IKM0000G","5.00","1,350.0","40.0","75.0","鉄 金物","","8","さび止め SS-C-5x40x75　穴加工","2026/09/09","ヤマックス福岡","2026/09/10","","完成","樋口","2026/09/08","製造"
"日本電設資材　福岡★","九州工場","九州工場","2026/08/31","2026/08/31","26-J0119416-001-771","IG0000G","6.00","430.0","280.0","1,300.0","鉄 架台","","18","さび止め SS400-L-65x65x6t　穴加工","2026/09/09","ヤマックス福岡","2026/09/10","","完成","樋口","2026/09/08","製造"
"赤木電機★","九州工場","九州工場","2026/08/31","2026/08/31","26-J0119870-001-771","ZE0000S","2.30","500.0","200.0","100.0","ZN PBﾄｸ 平","","2","HDZT56 ｱｰｽ","2026/09/10","福山通運　九州発送","2026/09/10","","完成","倉重","2026/09/03","製造"
"かごしま電工　国分★","九州工場","九州工場","2026/08/31","2026/08/31","26-J0119899-002-771","ZE0000W","3.20","700.0","400.0","400.0","ZN PBﾄｸ 被せ","","1","ｱｰｽ","2026/09/10","福山通運　九州発送","2026/09/10","","完成","倉重","2026/09/02","製造"
"かごしま電工　国分★","九州工場","九州工場","2026/08/31","2026/08/31","26-J0119899-001-771","ZP0000W","3.20","700.0","400.0","400.0","ZN PBﾄｸ 被せ","","1","","2026/09/09","福山通運　九州発送","2026/09/10","","ｷｬﾝｾﾙ","フイ","2026/09/02","製造"
"佐川電機★","九州工場","九州工場","2026/08/31","2026/08/31","26-J0120099-001-771","ZDC0000","3.20","700.0","780.0","320.0","ZN ﾀﾞｸﾄｶﾊﾞｰ","","1","HDZT63 /120","2026/09/10","福山通運　九州発送","2026/09/10","","完成","倉重","2026/09/03","製造"
"山電　八幡","九州工場","九州工場","2026/08/31","2026/08/31","26-J0120213-002-771","SD0000N","1.50","200.0","100.0","450.0","SUS ﾀﾞｸﾄ","","2","平蓋　水平L型　ｱｰｽ無し　ケーブル支持棒なし","2026/09/09","北九州配達","2026/09/10","","完成","倉重","2026/09/09","製造"
"山電　八幡","九州工場","九州工場","2026/08/31","2026/08/31","26-J0120213-001-771","SD0000N","1.50","200.0","100.0","2,000.0","SUS ﾀﾞｸﾄ","","1","平蓋　直線　ｱｰｽ無し　ケーブル支持棒なし","2026/09/09","北九州配達","2026/09/10","","完成","倉重","2026/09/09","製造"
"山電　八幡","九州工場","九州工場","2026/08/31","2026/08/31","26-J0120213-003-771","SD2010JT","1.50","195.0","100.0","90.0","SUS ｼﾞｮｲﾝﾄ金具","","4","","2026/09/09","北九州配達","2026/09/10","","完成","服部","2026/09/09","製造"
"ナミデン　福岡★","九州工場","九州工場","2026/09/01","2026/09/01","26-J0120501-001-771","ZP0000S","3.20","700.0","500.0","500.0","ZN PBﾄｸ 平","","1","","2026/09/09","店頭渡し","2026/09/10","","完成","金光","2026/09/03","製造"
"栗田電機　松山★","九州工場","九州工場","2026/09/01","2026/09/01","26-J0121009-001-771","SE0000XC","1.50","400.0","300.0","300.0","SUS PBﾄｸ 水切 焼付","5Y7/1(近似色)","1","ｱｰｽ 蓋2分割･ｾﾊﾟﾚｰﾀ･穴加工ｱﾘ","2026/09/10","福山通運　九州発送","2026/09/10","","完成","古川","2026/09/04","製造"
"東芝電材　南福岡★","九州工場","九州工場","2026/09/01","2026/09/01","26-J0121043-001-771","ZP6060W3","3.20","600.0","600.0","600.0","ZN PB 被せ","","1","","2026/09/10","福山通運　九州発送","2026/09/10","","完成","倉重","2026/09/03","製造"
"かごしま電工　川内★","九州工場","九州工場","2026/09/01","2026/09/01","26-J0121127-001-771","BE2520SCW","1.60","250.0","250.0","200.0","国土 PB 平 焼付","2.5Y9/1 近似色","10","ｱｰｽ  内ﾜﾆｽ","2026/09/10","福山通運　九州発送","2026/09/10","","完成","古川","2026/09/04","製造"
"富士商会★","九州工場","九州工場","2026/09/02","2026/09/02","26-J0121691-001-771","ZE6030W3","3.20","600.0","600.0","300.0","ZN PB 被せ","","1","ｱｰｽ","2026/09/10","福山通運　九州発送","2026/09/10","","完成","倉重","2026/09/03","製造"
"カンサイ　日進商会★","九州工場","九州工場","2026/09/02","2026/09/02","26-J0121742-001-771","BE0000SC","2.30","1,000.0","300.0","200.0","国土 PBﾄｸ 平 焼付","5Y7/1 近似色","1","ｱｰｽ 蓋2分割 口元L3x30補強","2026/09/09","北九州配達","2026/09/10","","完成","古川","2026/09/04","製造"
"カンサイHD　電設★","九州工場","九州工場","2026/09/02","2026/09/02","26-J0121842-002-771","ZP0000W","2.30","400.0","300.0","250.0","ZN PBﾄｸ 被せ","","1","","2026/09/10","佐川急便","2026/09/10","","完成","倉重","2026/09/03","製造"
"カンサイHD　電設★","九州工場","九州工場","2026/09/02","2026/09/02","26-J0121842-001-771","ZP0000W","2.30","400.0","350.0","250.0","ZN PBﾄｸ 被せ","","3","","2026/09/10","佐川急便","2026/09/10","","完成","倉重","2026/09/03","製造"
"宮地電機　徳島","九州工場","九州工場","2026/09/02","2026/09/02","26-J0122204-001-771","BE2525SC","1.60","250.0","250.0","250.0","国土 PB 平 焼付","2.5Y9/1(近似色)","1","ｱｰｽ","2026/09/10","福山通運　九州発送","2026/09/10","","完成","古川","2026/09/04","製造"
"宮地電機　徳島","九州工場","九州工場","2026/09/02","2026/09/02","26-J0122204-002-771","BE3030SC","1.60","300.0","300.0","300.0","国土 PB 平 焼付","2.5Y9/1(近似色)","2","ｱｰｽ","2026/09/10","福山通運　九州発送","2026/09/10","","完成","古川","2026/09/04","製造"
"岡本電機　安佐★","九州工場","九州工場","2026/09/02","2026/09/02","26-J0122239-001-771","SX0000C","1.50","347.0","130.0","70.0","SUS その他 焼付","N1 近似色","1","器具取付用BOX(蓋無し) 開口 穴加工","2026/09/09","佐川急便","2026/09/10","","完成","古川","2026/09/04","製造"
"大洋電材　本社★","九州工場","九州工場","2026/09/02","2026/09/02","26-J0122251-001-771","SE0000XN","1.50","300.0","300.0","300.0","SUS PBﾄｸ 水切","","1","ｱｰｽ 落下防止ﾁｪｰﾝ付　脱落防止ねじ 穴加工","2026/09/09","北九州配達","2026/09/10","","完成","服部","2026/09/09","製造"
"大洋電材　本社★","九州工場","九州工場","2026/09/02","2026/09/02","26-J0122251-004-771","SE0000XN","1.50","300.0","300.0","200.0","SUS PBﾄｸ 水切","","1","ｱｰｽ 落下防止ﾁｪｰﾝ付　脱落防止ねじ 穴加工","2026/09/09","北九州配達","2026/09/10","","完成","服部","2026/09/09","製造"
"大洋電材　本社★","九州工場","九州工場","2026/09/02","2026/09/02","26-J0122251-005-771","SE0000XN","1.50","300.0","300.0","200.0","SUS PBﾄｸ 水切","","1","ｱｰｽ 穴加工","2026/09/09","北九州配達","2026/09/10","","完成","服部","2026/09/09","製造"
"大洋電材　本社★","九州工場","九州工場","2026/09/02","2026/09/02","26-J0122251-003-771","SE0000XN","1.50","500.0","500.0","400.0","SUS PBﾄｸ 水切","","1","ｱｰｽ 穴加工","2026/09/09","北九州配達","2026/09/10","","完成","倉重","2026/09/09","製造"
"大洋電材　本社★","九州工場","九州工場","2026/09/02","2026/09/02","26-J0122251-002-771","SE0000XN","1.50","500.0","500.0","400.0","SUS PBﾄｸ 水切","","1","ｱｰｽ 落下防止ﾁｪｰﾝ付　脱落防止ねじ 穴加工","2026/09/09","北九州配達","2026/09/10","","完成","倉重","2026/09/09","製造"
"大洋電材　本社★","九州工場","九州工場","2026/09/02","2026/09/02","26-J0122251-006-771","SE0000XN","1.50","400.0","400.0","400.0","SUS PBﾄｸ 水切","","1","ｱｰｽ 落下防止ﾁｪｰﾝ付　脱落防止ねじ 穴加工","2026/09/09","北九州配達","2026/09/10","","完成","倉重","2026/09/09","製造"
"大洋電材　本社★","九州工場","九州工場","2026/09/02","2026/09/02","26-J0122251-007-771","SE0000XN","1.50","400.0","400.0","400.0","SUS PBﾄｸ 水切","","1","ｱｰｽ 落下防止ﾁｪｰﾝ付　脱落防止ねじ 穴加工","2026/09/09","北九州配達","2026/09/10","","完成","倉重","2026/09/09","製造"
"正和電材　大村★","九州工場","九州工場","2026/09/02","2026/09/02","26-J0122331-001-771","ZE1515X2","2.30","150.0","150.0","150.0","ZN PB 水切","","1","ｱｰｽ","2026/09/10","佐川急便","2026/09/10","","完成","倉重","2026/09/03","製造"
"岡本電機　安佐★","九州工場","九州工場","2026/09/02","2026/09/02","26-J0122491-001-771","ZE1515X2","2.30","150.0","150.0","150.0","ZN PB 水切","","1","ｱｰｽ","2026/09/10","佐川急便","2026/09/10","","完成","倉重","2026/09/03","製造"
"カンサイ　福岡城南★","九州工場","九州工場","2026/09/02","2026/09/02","26-J0122666-001-771","SE3020XC","1.50","300.0","300.0","200.0","SUS PB 水切 焼付","2.5Y9/1 近似色","2","ｱｰｽ","2026/09/09","ヤマックス福岡","2026/09/10","","完成","古川","","加工"
"カンサイ　福岡城南★","九州工場","九州工場","2026/09/02","2026/09/02","26-J0122666-003-771","SKM0000C","1.50","280.0","165.0","15.0","SUS 金物 焼付","2.5Y9/1 近似色","1","ｾﾊﾟﾚｰﾀ","2026/09/09","ヤマックス福岡","2026/09/10","","完成","古川","2026/09/04","製造"
"カンサイ　福岡城南★","九州工場","九州工場","2026/09/02","2026/09/02","26-J0122666-002-771","SE3020XC","1.50","300.0","300.0","200.0","SUS PB 水切 焼付","2.5Y9/1 近似色","1","ｱｰｽ","2026/09/09","ヤマックス福岡","2026/09/10","","完成","古川","","加工"
"山陰ﾊﾟﾅｿﾆｯｸ　出雲★","九州工場","九州工場","2026/09/02","2026/09/02","26-J0122695-004-771","IAI0000G","0.00","500.0","0.0","0.0","鉄 ｱﾝｸﾞﾙ","","8","さび止め 穴加工ｱﾘ","2026/09/10","福山通運　九州発送","2026/09/10","","完成","倉重","2026/09/09","製造"
"山陰ﾊﾟﾅｿﾆｯｸ　出雲★","九州工場","九州工場","2026/09/02","2026/09/02","26-J0122695-001-771","IIP0000C","1.60","1,500.0","140.0","0.0","鉄 ﾌﾟﾚｰﾄ 焼付","2.5Y9/1(近似色)","2","穴加工ｱﾘ","2026/09/10","福山通運　九州発送","2026/09/10","","完成","古川","2026/09/07","製造"
"山陰ﾊﾟﾅｿﾆｯｸ　出雲★","九州工場","九州工場","2026/09/02","2026/09/02","26-J0122695-003-771","IAI0000G","0.00","1,500.0","0.0","0.0","鉄 ｱﾝｸﾞﾙ","","4","さび止め 穴加工ｱﾘ","2026/09/10","福山通運　九州発送","2026/09/10","","完成","倉重","2026/09/09","製造"
"山陰ﾊﾟﾅｿﾆｯｸ　出雲★","九州工場","九州工場","2026/09/02","2026/09/02","26-J0122695-002-771","IIP0000C","1.60","500.0","140.0","0.0","鉄 ﾌﾟﾚｰﾄ 焼付","2.5Y9/1(近似色)","4","穴加工ｱﾘ","2026/09/10","福山通運　九州発送","2026/09/10","","完成","古川","2026/09/07","製造"
"東芝電材　熊本★","九州工場","九州工場","2026/09/02","2026/09/02","26-J0122810-001-771","IIP0000C","1.60","202.0","202.0","0.0","鉄 ﾌﾟﾚｰﾄ 焼付","N9.5 近似色","64","4-φ8 φ125","2026/09/10","佐川急便","2026/09/10","","完成","古川","2026/09/04","製造"
"カンサイ　八幡★","九州工場","九州工場","2026/09/03","2026/09/03","26-J0122827-003-771","SE5040XC","1.50","500.0","500.0","400.0","SUS PB 水切 焼付","2.5Y9/1 近似色","1","ｱｰｽ","2026/09/09","北九州配達","2026/09/10","","完成","古川","2026/09/04","製造"
"カンサイ　八幡★","九州工場","九州工場","2026/09/03","2026/09/03","26-J0122827-002-771","BE2020SC","1.60","200.0","200.0","200.0","国土 PB 平 焼付","2.5Y9/1 近似色","4","ｱｰｽ","2026/09/09","北九州配達","2026/09/10","","完成","古川","","加工"
"カンサイ　八幡★","九州工場","九州工場","2026/09/03","2026/09/03","26-J0122827-001-771","SE1515XC","1.50","150.0","150.0","150.0","SUS PB 水切 焼付","2.5Y9/1 近似色","1","ｱｰｽ","2026/09/09","北九州配達","2026/09/10","","完成","古川","2026/09/04","製造"
"富士商会　大村★","九州工場","九州工場","2026/09/03","2026/09/03","26-J0122898-001-771","DKW0000N","1.60","300.0","200.0","170.0","Sﾀﾞｲﾏ 貫通枠","","8","L3x30補強　ﾂﾊﾞ有り　","2026/09/10","佐川急便","2026/09/10","","完成","古川","2026/09/10","製造"
"ナミデン　福岡★","九州工場","九州工場","2026/09/03","2026/09/03","26-J0123021-001-771","IG0000G","0.00","935.0","1,325.0","0.0","鉄 架台","","1","さび止め C125x65x6x8 1階 CR/BD用架台 CR-A-1-2","2026/09/09","ヤマックス　ｽﾎﾟｯﾄ便","2026/09/10","","ｷｬﾝｾﾙ","ルアン","2026/09/08","製造"
"ナミデン　福岡★","九州工場","九州工場","2026/09/03","2026/09/03","26-J0123021-002-771","IG0000G","0.00","2,645.0","2,155.0","0.0","鉄 架台","","1","さび止め L75x75x9 1階 CR/BD用架台 CR-A-2","2026/09/09","ヤマックス　ｽﾎﾟｯﾄ便","2026/09/10","","ｷｬﾝｾﾙ","ルアン","2026/09/08","製造"
"ナミデン　福岡★","九州工場","九州工場","2026/09/03","2026/09/03","26-J0123021-003-771","IG0000G","0.00","750.0","835.0","0.0","鉄 架台","","1","さび止め L50x50x6 1階 CR/BD用架台 CR-G-5-4","2026/09/09","ヤマックス　ｽﾎﾟｯﾄ便","2026/09/10","","ｷｬﾝｾﾙ","ルアン","2026/09/08","製造"
"ナミデン　福岡★","九州工場","九州工場","2026/09/03","2026/09/03","26-J0123021-004-771","IG0000G","0.00","1,900.0","565.0","0.0","鉄 架台","","1","さび止め L50x50x6 1階 CR/BD用架台 CR-G-5-7","2026/09/09","ヤマックス　ｽﾎﾟｯﾄ便","2026/09/10","","ｷｬﾝｾﾙ","ルアン","2026/09/08","製造"
"中国機材設備　本社★","九州工場","九州工場","2026/09/03","2026/09/03","26-J0123093-001-771","IMK0000C","1.60","230.0","50.0","155.0","鉄 曲金物 焼付","N1 近似色","1","ﾊｯﾄ型 φ12 2-φ5","2026/09/10","佐川急便","2026/09/10","","完成","古川","2026/09/07","製造"
"かごしま電工　南★","九州工場","九州工場","2026/09/03","2026/09/03","26-J0123364-001-771","BE0000SCW","1.60","450.0","450.0","50.0","国土 PBﾄｸ 平 焼付","2.5Y9/1 近似色","1","ｱｰｽ  内ﾜﾆｽ","2026/09/10","佐川急便","2026/09/10","","完成","古川","2026/09/04","製造"
"大洋電材　本社★","九州工場","九州工場","2026/09/03","2026/09/03","26-J0123420-001-771","BIP0000C","1.60","880.0","700.0","0.0","処理鋼板 ﾌﾟﾚｰﾄ 焼付","21-90B","1","φ7x8","2026/09/09","北九州配達","2026/09/10","","完成","古川","2026/09/04","製造"
"ナンリツ　本社営業部★","九州工場","九州工場","2026/09/03","2026/09/03","26-J0123609-001-771","SE0000XN","2.00","850.0","850.0","400.0","SUS PBﾄｸ 水切","","1","ｱｰｽ","2026/09/10","福山通運　九州発送","2026/09/10","","完成","古川","2026/09/10","製造"
"山電　八幡","九州工場","九州工場","2026/09/03","2026/09/03","26-J0123738-001-771","BIP0000C","1.60","430.0","140.0","0.0","処理鋼板 ﾌﾟﾚｰﾄ 焼付","2.5Y9/1 近似色","2","φ5x4","2026/09/09","北九州配達","2026/09/10","","完成","古川","2026/09/04","製造"
"中西電機　丸亀★","九州工場","九州工場","2026/09/03","2026/09/03","26-J0123884-001-771","IIP0000C","1.60","450.0","300.0","0.0","鉄 ﾌﾟﾚｰﾄ 焼付","2.5Y7/1(近似色)","8","穴加工ｱﾘ","2026/09/10","福山通運　九州発送","2026/09/10","","完成","古川","2026/09/07","製造"
"アサヒ　宜野湾","九州工場","九州工場","2026/09/04","2026/09/04","26-J0124335-006-771","BE0000SC","1.60","500.0","400.0","300.0","国土 PBﾄｸ 平 焼付","2.5Y9/1","1","ｱｰｽ　　/Ｔ１７　通信","2026/09/10","沖縄直送","2026/09/10","","完成","古川","2026/09/07","製造"
"アサヒ　宜野湾","九州工場","九州工場","2026/09/04","2026/09/04","26-J0124335-005-771","BE0000SC","1.60","500.0","300.0","300.0","国土 PBﾄｸ 平 焼付","2.5Y9/1","1","ｱｰｽ　　/Ｔ１８　通信","2026/09/10","沖縄直送","2026/09/10","","完成","古川","2026/09/07","製造"
"アサヒ　宜野湾","九州工場","九州工場","2026/09/04","2026/09/04","26-J0124335-001-771","BE0000SC","1.60","500.0","400.0","400.0","国土 PBﾄｸ 平 焼付","2.5Y9/1","1","ｱｰｽ　　/Ｔ１３　通信","2026/09/10","沖縄直送","2026/09/10","","完成","古川","2026/09/07","製造"
"アサヒ　宜野湾","九州工場","九州工場","2026/09/04","2026/09/04","26-J0124335-002-771","BE0000SC","1.60","500.0","400.0","400.0","国土 PBﾄｸ 平 焼付","2.5Y9/1","1","ｱｰｽ　　/Ｔ１４　通信","2026/09/10","沖縄直送","2026/09/10","","完成","古川","2026/09/07","製造"
"アサヒ　宜野湾","九州工場","九州工場","2026/09/04","2026/09/04","26-J0124335-003-771","BE0000SC","1.60","500.0","300.0","300.0","国土 PBﾄｸ 平 焼付","2.5Y9/1","1","ｱｰｽ　　/Ｔ１５　通信","2026/09/10","沖縄直送","2026/09/10","","完成","古川","2026/09/07","製造"
"アサヒ　宜野湾","九州工場","九州工場","2026/09/04","2026/09/04","26-J0124335-004-771","BE0000SC","1.60","500.0","300.0","300.0","国土 PBﾄｸ 平 焼付","2.5Y9/1","1","ｱｰｽ　　/Ｔ１６　通信","2026/09/10","沖縄直送","2026/09/10","","完成","古川","2026/09/07","製造"
"アサヒ　宜野湾","九州工場","九州工場","2026/09/04","2026/09/04","26-J0124335-007-771","BE3020SC","1.60","300.0","300.0","200.0","国土 PB 平 焼付","2.5Y9/1","1","ｱｰｽ　　/Ｔ１９　通信","2026/09/10","沖縄直送","2026/09/10","","完成","古川","2026/09/07","製造"
"三親電材　松江★","九州工場","九州工場","2026/09/04","2026/09/04","26-J0124560-002-771","BE0000SG","1.60","200.0","150.0","50.0","国土 PBﾄｸ 平","","1","ｱｰｽ さび止め","2026/09/10","福山通運　九州発送","2026/09/10","","完成","倉重","2026/09/09","製造"
"三親電材　松江★","九州工場","九州工場","2026/09/04","2026/09/04","26-J0124560-001-771","BE0000SG","1.60","150.0","150.0","100.0","国土 PBﾄｸ 平","","30","側面ｱｰｽ さび止め 穴加工ｱﾘ","2026/09/10","福山通運　九州発送","2026/09/10","","完成","森田","2026/09/09","製造"
"宮地電機　徳島","九州工場","九州工場","2026/09/04","2026/09/04","26-J0124702-001-771","BE0000SG","1.60","400.0","400.0","250.0","国土 PBﾄｸ 平","","2","ｱｰｽ さび止め","2026/09/10","福山通運　九州発送","2026/09/10","","完成","倉重","2026/09/09","製造"
"さくら電機　志布志★","九州工場","九州工場","2026/09/04","2026/09/04","26-J0124711-001-771","IKM0000C","1.60","140.0","100.0","120.0","鉄 金物 焼付","5Y7/1 近似色","1","ｺ形 開口 φ5x4","2026/09/10","佐川急便","2026/09/10","","完成","古川","2026/09/07","製造"
"ミツヤ電機　本社★","九州工場","九州工場","2026/09/04","2026/09/04","26-J0124738-001-771","IG0000G","0.00","100.0","100.0","0.0","鉄 架台","","16","さび止め L3x30x30","2026/09/10","福山通運　九州発送","2026/09/10","","完成","服部","2026/09/10","製造"
"ナミデン　岡山★","九州工場","九州工場","2026/09/04","2026/09/04","26-J0124792-001-771","IP0000SG","1.60","200.0","180.0","45.0","鉄 PBﾄｸ 平","","1","さび止め 2面蓋付","2026/09/10","福山通運　九州発送","2026/09/10","","完成","倉重","2026/09/09","製造"
"東芝電材　川内★","九州工場","九州工場","2026/09/04","2026/09/04","26-J0124892-001-771","IIP0000C","1.60","250.0","200.0","0.0","鉄 ﾌﾟﾚｰﾄ 焼付","2.5Y9/1 近似色","1","φ6x4","2026/09/10","佐川急便","2026/09/10","","完成","森田","2026/09/07","製造"
"日本電設資材　福岡★","九州工場","九州工場","2026/09/07","2026/09/07","26-J0125054-001-771","IP0000SGA","1.60","600.0","600.0","300.0","鉄 PBﾄｸ 平","","2","分割式　足付 さび止め","2026/09/09","ヤマックス　ｽﾎﾟｯﾄ便","2026/09/10","","完成","倉重","2026/09/09","製造"
"Q-mast　電気グル－プ★","九州工場","九州工場","2026/09/07","2026/09/07","26-J0125086-003-771","ZG0000","0.00","500.0","0.0","0.0","ZN 架台","","2","[100x50x5x7.5  ﾛｰﾊﾞﾙ補修    C","2026/09/09","ヤマックス　ｽﾎﾟｯﾄ便","2026/09/10","","完成","金光","2026/09/09","製造"
"Q-mast　電気グル－プ★","九州工場","九州工場","2026/09/07","2026/09/07","26-J0125086-002-771","ZG0000","0.00","500.0","0.0","0.0","ZN 架台","","2","[100x50x5x7.5  ﾛｰﾊﾞﾙ補修    B","2026/09/09","ヤマックス　ｽﾎﾟｯﾄ便","2026/09/10","","完成","金光","2026/09/09","製造"
"Q-mast　電気グル－プ★","九州工場","九州工場","2026/09/07","2026/09/07","26-J0125086-001-771","ZG0000","0.00","500.0","0.0","0.0","ZN 架台","","2","[100x50x5x7.5  ﾛｰﾊﾞﾙ補修    A","2026/09/09","ヤマックス　ｽﾎﾟｯﾄ便","2026/09/10","","完成","金光","2026/09/09","製造"
"Q-mast　空調管グル－プ★","九州工場","九州工場","2026/09/07","2026/09/07","26-J0125127-001-771","AAI0000N","3.00","30.0","30.0","4,000.0","ｱﾙﾐ ｱﾝｸﾞﾙ","","4","アルミ-L-30x30x3t　","2026/09/10","佐川急便","2026/09/10","","完成","倉重","2026/09/10","製造"
"カンサイ　大牟田★","九州工場","九州工場","2026/09/07","2026/09/07","26-J0125129-001-771","SIP0000N","2.00","1,395.0","640.0","0.0","SUS ﾌﾟﾚｰﾄ","","1","ﾊﾟﾝﾁﾝｸﾞ加工φ10x50P　　6-φ6","2026/09/10","佐川急便","2026/09/10","","完成","森田","2026/09/10","製造"
"カンサイ　大牟田★","九州工場","九州工場","2026/09/07","2026/09/07","26-J0125129-002-771","SIP0000N","2.00","1,395.0","640.0","0.0","SUS ﾌﾟﾚｰﾄ","","1","ﾊﾟﾝﾁﾝｸﾞ加工φ10x50P　　6-φ6 切欠あり","2026/09/10","佐川急便","2026/09/10","","完成","森田","2026/09/10","製造"
"カンサイ　福岡西★","九州工場","九州工場","2026/09/07","2026/09/07","26-J0125533-001-771","SKM0000N","2.00","120.0","60.0","1,300.0","SUS 金物","","1","角ﾎﾟｰﾙ 1-φ50 2-M4ﾀｯﾌﾟ 上部塞ぎ","2026/09/10","ヤマックス福岡","2026/09/10","","完成","森田","2026/09/10","製造"
"平岡電気　久留米★","九州工場","九州工場","2026/09/07","2026/09/07","26-J0125545-002-771","BE1515SC","1.60","150.0","150.0","150.0","国土 PB 平 焼付","2.5Y9/1 近似色","1","ｱｰｽ","2026/09/10","佐川急便","2026/09/10","","完成","古川","2026/09/08","製造"
"平岡電気　久留米★","九州工場","九州工場","2026/09/07","2026/09/07","26-J0125545-001-771","SE1515XC","1.50","150.0","150.0","150.0","SUS PB 水切 焼付","2.5Y9/1 近似色","3","ｱｰｽ","2026/09/10","佐川急便","2026/09/10","","完成","古川","2026/09/08","製造"
"カンサイ　苅田★","九州工場","九州工場","2026/09/07","2026/09/07","26-J0125701-001-771","DP3020WN","1.60","300.0","300.0","200.0","Sﾀﾞｲﾏ PB 被せ","","2","","2026/09/09","北九州配達","2026/09/10","","完成","古川","2026/09/09","製造"
"宮地電機　高松","九州工場","九州工場","2026/09/07","2026/09/07","26-J0125933-001-771","DP6030WN","1.60","600.0","600.0","300.0","Sﾀﾞｲﾏ PB 被せ","","1","","2026/09/10","福山通運　九州発送","2026/09/10","","完成","古川","2026/09/09","製造"
"カンサイHD　電設★","九州工場","九州工場","2026/09/07","2026/09/07","26-J0126162-001-771","IG0000G","3.20","360.0","225.0","35.0","鉄 架台","","1","M12x60BT溶接　穴加工　さび止め","2026/09/10","佐川急便","2026/09/10","","完成","倉重","2026/09/09","製造"
"山電　八幡","九州工場","九州工場","2026/09/08","2026/09/08","26-J0126311-001-771","IP0000WG","1.60","250.0","200.0","150.0","鉄 PBﾄｸ 被せ","","2","さび止め","2026/09/09","北九州配達","2026/09/10","","完成","倉重","2026/09/08","製造"
"Q-mast　電気グル－プ★","九州工場","九州工場","2026/09/08","2026/09/08","26-J0126373-001-771","IG0000G","0.00","1,083.0","283.0","0.0","鉄 架台","","1","/311  L65x65x6t さび止め　精錬棟2階ﾗｯｸ架台","2026/09/09","ヤマックス　ｽﾎﾟｯﾄ便","2026/09/10","","完成","樋口","2026/09/08","製造"
"岡本電機　広島★","九州工場","九州工場","2026/09/08","2026/09/08","26-J0126510-002-771","BE0000SG","1.60","250.0","250.0","80.0","国土 PBﾄｸ 平","","5","ｱｰｽ さび止め","2026/09/10","佐川急便","2026/09/10","","完成","倉重","2026/09/09","製造"
"岡本電機　広島★","九州工場","九州工場","2026/09/08","2026/09/08","26-J0126510-003-771","BE0000SG","1.60","300.0","300.0","80.0","国土 PBﾄｸ 平","","3","ｱｰｽ さび止め","2026/09/10","佐川急便","2026/09/10","","完成","倉重","2026/09/09","製造"
"岡本電機　広島★","九州工場","九州工場","2026/09/08","2026/09/08","26-J0126510-001-771","BE0000SG","1.60","200.0","200.0","80.0","国土 PBﾄｸ 平","","2","ｱｰｽ さび止め","2026/09/10","佐川急便","2026/09/10","","完成","古川","2026/09/09","製造"
"興陽電機　小倉★","九州工場","九州工場","2026/09/08","2026/09/08","26-J0126752-001-771","DE2015WN","1.60","200.0","200.0","150.0","Sﾀﾞｲﾏ PB 被せ","","3","ｱｰｽ","2026/09/09","北九州配達","2026/09/10","","完成","古川","2026/09/09","製造"
"栗田電機　松山★","九州工場","九州工場","2026/09/08","2026/09/08","26-J0126796-001-771","SP0000SN","1.50","300.0","200.0","150.0","SUS PBﾄｸ 平","","5","","2026/09/10","福山通運　九州発送","2026/09/10","","完成","倉重","2026/09/10","製造"
"山陰ﾊﾟﾅｿﾆｯｸ　出雲★","九州工場","九州工場","2026/09/08","2026/09/08","26-J0126884-002-771","BE2020SGA","1.60","200.0","200.0","200.0","国土 PB 平","","2","ｱｰｽ さび止め 足付4-L3x30.12φ","2026/09/10","福山通運　九州発送","2026/09/10","","完成","倉重","2026/09/09","製造"
"山陰ﾊﾟﾅｿﾆｯｸ　出雲★","九州工場","九州工場","2026/09/08","2026/09/08","26-J0126884-001-771","BE4020SGA","1.60","400.0","400.0","200.0","国土 PB 平","","2","ｱｰｽ さび止め 足付4-L4x50.12φ","2026/09/10","福山通運　九州発送","2026/09/10","","完成","倉重","2026/09/09","製造"
"中国機材設備　中央★","九州工場","九州工場","2026/09/08","2026/09/08","26-J0127186-001-771","SI0000N","1.50","300.0","200.0","0.0","SUS 切板","","8","","2026/09/10","佐川急便","2026/09/10","","完成","倉重","2026/09/10","製造"
"ナンリツ　徳島★","九州工場","九州工場","2026/09/08","2026/09/08","26-J0127242-001-771","BE0000SG","1.60","250.0","200.0","200.0","国土 PBﾄｸ 平","","1","ｱｰｽ さび止め","2026/09/10","福山通運　九州発送","2026/09/10","","完成","倉重","2026/09/09","製造"
"カンサイ　日進商会★","九州工場","九州工場","2026/09/08","2026/09/08","26-J0127276-001-771","SP4040XN","1.50","400.0","400.0","400.0","SUS PB 水切","","1","","2026/09/09","北九州配達","2026/09/10","","完成","倉重","2026/09/09","製造"
"三親電材　津山★","九州工場","九州工場","2026/09/08","2026/09/08","26-J0127278-001-771","SE0000WN","1.50","400.0","200.0","200.0","SUS PBﾄｸ 被せ","","1","ｱｰｽ","2026/09/10","福山通運　九州発送","2026/09/10","","完成","倉重","2026/09/10","製造"
"岡本電機　三原★","九州工場","九州工場","2026/09/09","2026/09/09","26-J0127745-001-771","DP2015SN","1.60","200.0","200.0","150.0","Sﾀﾞｲﾏ PB 平","","1","","2026/09/10","福山通運　九州発送","2026/09/10","","完成","服部","2026/09/10","製造"
"興陽電機　山口★","九州工場","九州工場","2026/09/09","2026/09/09","26-J0127778-001-771","IIP0000G","3.20","685.0","150.0","0.0","鉄 ﾌﾟﾚｰﾄ","","1","さび止め 10-φ12","2026/09/10","佐川急便","2026/09/10","","完成","倉重","2026/09/09","製造"
"シンセイ　倉敷★","九州工場","九州工場","2026/09/09","2026/09/09","26-J0127845-001-771","SE0000XN","1.50","400.0","300.0","300.0","SUS PBﾄｸ 水切","","1","ｱｰｽ","2026/09/10","福山通運　九州発送","2026/09/10","","完成","倉重","2026/09/10","製造"
"三親電材　米子★","九州工場","九州工場","2026/09/09","2026/09/09","26-J0127879-002-771","S02000SN","1.50","300.0","200.0","0.0","SUS ふたﾄｸ","","4","平ふたｺﾞﾑﾊﾟｯｷﾝ付 国土ｼｰﾙ付","2026/09/10","福山通運　九州発送","2026/09/10","","完成","倉重","2026/09/10","製造"
"三親電材　米子★","九州工場","九州工場","2026/09/09","2026/09/09","26-J0127879-001-771","S02000SN","1.50","500.0","200.0","0.0","SUS ふたﾄｸ","","2","平ふたｺﾞﾑﾊﾟｯｷﾝ付 国土ｼｰﾙ付","2026/09/10","福山通運　九州発送","2026/09/10","","完成","倉重","2026/09/10","製造"
"シンセイ　倉敷★","九州工場","九州工場","2026/09/09","2026/09/09","26-J0128005-001-771","SE5020XN","1.50","500.0","500.0","200.0","SUS PB 水切","","2","ｱｰｽ","2026/09/10","福山通運　九州発送","2026/09/10","","完成","倉重","2026/09/10","製造"
"くまもと電設　人吉★","九州工場","九州工場","2026/09/09","2026/09/09","26-J0128054-001-771","SE5020XN","1.50","500.0","500.0","200.0","SUS PB 水切","","2","ｱｰｽ","2026/09/10","福山通運　九州発送","2026/09/10","","完成","古川","2026/09/10","製造"
"中西電機　丸亀★","九州工場","九州工場","2026/09/09","2026/09/09","26-J0128084-001-771","IP3530SG","1.60","350.0","350.0","300.0","鉄 PB 平","","2","さび止め","2026/09/10","福山通運　九州発送","2026/09/10","","完成","倉重","2026/09/09","製造"
"三親電材　広島★","九州工場","九州工場","2026/09/09","2026/09/09","26-J0128139-001-771","DE0000WN","1.60","500.0","500.0","350.0","Sﾀﾞｲﾏ PBﾄｸ 被せ","","1","ｱｰｽ","2026/09/10","福山通運　九州発送","2026/09/10","","完成","古川","2026/09/10","製造"
"三親電材　広島★","九州工場","九州工場","2026/09/09","2026/09/09","26-J0128142-001-771","SE0000WN","1.50","600.0","300.0","250.0","SUS PBﾄｸ 被せ","","1","ｱｰｽ","2026/09/10","福山通運　九州発送","2026/09/10","","完成","倉重","2026/09/10","製造"
"シンセイ　広島第二★","九州工場","九州工場","2026/09/09","2026/09/09","26-J0128320-002-771","SE0000XN","1.50","500.0","300.0","300.0","SUS PBﾄｸ 水切","","1","ｱｰｽ","2026/09/10","福山通運　九州発送","2026/09/10","","完成","倉重","2026/09/10","製造"
"シンセイ　広島第二★","九州工場","九州工場","2026/09/09","2026/09/09","26-J0128320-001-771","SE0000XN","1.50","300.0","200.0","150.0","SUS PBﾄｸ 水切","","1","ｱｰｽ","2026/09/10","福山通運　九州発送","2026/09/10","","完成","井上","2026/09/10","製造"
"興陽電機　福岡★","九州工場","九州工場","2026/09/09","2026/09/09","26-J0128436-001-771","IP4040WG","1.60","400.0","400.0","400.0","鉄 PB 被せ","","1","さび止め","2026/09/10","佐川急便","2026/09/10","","完成","倉重","2026/09/09","製造"
"Q-mast　南九州★","九州工場","九州工場","2026/09/09","2026/09/09","26-J0128518-001-771","SKM0000N","2.00","770.0","100.0","50.0","SUS 金物","","1","穴加工","2026/09/10","福山通運　九州発送","2026/09/10","","完成","倉重","2026/09/10","製造"
"三親電材　東広島★","九州工場","九州工場","2026/09/09","2026/09/09","26-J0128711-001-771","I02050SG","1.60","500.0","500.0","0.0","鉄 ふた","","2","平ふた さび止め","2026/09/10","福山通運　九州発送","2026/09/10","","完成","倉重","2026/09/10","製造"
"カンサイ　電設★","九州工場","九州工場","2026/09/10","2026/09/10","26-J0129034-001-771","ICI0000G","0.00","1,150.0","0.0","0.0","鉄 ﾁｬﾝﾈﾙ","","2","[100x50x5x7.5  さび止め","2026/09/10","福山通運　九州発送","2026/09/10","","完成","倉重","2026/09/10","製造"
"カンサイ　電設★","九州工場","九州工場","2026/09/10","2026/09/10","26-J0129034-002-771","ICI0000G","0.00","900.0","0.0","0.0","鉄 ﾁｬﾝﾈﾙ","","2","[100x50x5x7.5  さび止め","2026/09/10","福山通運　九州発送","2026/09/10","","完成","倉重","2026/09/10","製造"
"新光産業　本社","九州工場","九州工場","2026/08/13","2026/08/13","26-J0106130-005-771","BE5050SC","1.60","500.0","500.0","500.0","国土 PB 平 焼付","2.5Y9/1","4","ｱｰｽ","2026/09/11","沖縄直送","2026/09/11","","完成","古川","2026/09/08","製造"
"新光産業　本社","九州工場","九州工場","2026/08/13","2026/08/13","26-J0106130-001-771","BE3030SC","1.60","300.0","300.0","300.0","国土 PB 平 焼付","2.5Y9/1","10","ｱｰｽ","2026/09/09","沖縄直送","2026/09/11","","完成","古川","2026/09/04","製造"
"新光産業　本社","九州工場","九州工場","2026/08/13","2026/08/13","26-J0106130-008-771","BE4030SC","1.60","400.0","400.0","300.0","国土 PB 平 焼付","2.5Y9/1","3","ｱｰｽ","2026/09/10","沖縄直送","2026/09/11","","完成","古川","2026/09/07","製造"
"新光産業　本社","九州工場","九州工場","2026/08/13","2026/08/13","26-J0106130-007-771","BE3020SC","1.60","300.0","300.0","200.0","国土 PB 平 焼付","2.5Y9/1","2","ｱｰｽ","2026/09/09","沖縄直送","2026/09/11","","完成","古川","2026/09/04","製造"
"新光産業　本社","九州工場","九州工場","2026/08/13","2026/08/13","26-J0106130-006-771","BE6050SC","1.60","600.0","600.0","500.0","国土 PB 平 焼付","2.5Y9/1","1","ｱｰｽ","2026/09/11","沖縄直送","2026/09/11","","完成","古川","2026/09/08","製造"
"新光産業　本社","九州工場","九州工場","2026/08/13","2026/08/13","26-J0106130-004-771","BE5040SC","1.60","500.0","500.0","400.0","国土 PB 平 焼付","2.5Y9/1","2","ｱｰｽ","2026/09/10","沖縄直送","2026/09/11","","完成","古川","2026/09/07","製造"
"新光産業　本社","九州工場","九州工場","2026/08/13","2026/08/13","26-J0106130-002-771","BE3030SC","1.60","300.0","300.0","300.0","国土 PB 平 焼付","2.5Y9/1","4","ｱｰｽ","2026/09/10","沖縄直送","2026/09/11","","完成","古川","2026/09/07","製造"
"日本電設資材　福岡★","九州工場","九州工場","2026/08/20","2026/08/20","26-J0111797-001-771","IKW0000G","1.60","860.0","130.0","230.0","鉄 貫通枠","","1","さび止め C125x65x6x8  EPS1","2026/09/11","福山通運　九州発送","2026/09/11","","完成","倉重","2026/09/08","製造"
"日本電設資材　福岡★","九州工場","九州工場","2026/08/20","2026/08/20","26-J0111797-002-771","IKW0000G","1.60","860.0","130.0","230.0","鉄 貫通枠","","1","さび止め C125x65x6x8  EPS2","2026/09/11","福山通運　九州発送","2026/09/11","","完成","倉重","2026/09/08","製造"
"日本電設資材　福岡★","九州工場","九州工場","2026/08/20","2026/08/20","26-J0111797-003-771","IKW0000G","1.60","310.0","130.0","230.0","鉄 貫通枠","","1","さび止め C125x65x6x8  EPS3","2026/09/11","福山通運　九州発送","2026/09/11","","完成","倉重","2026/09/08","製造"
"日本電設資材　福岡★","九州工場","九州工場","2026/08/20","2026/08/20","26-J0111797-004-771","IKW0000G","1.60","310.0","130.0","230.0","鉄 貫通枠","","1","さび止め C125x65x6x8  EPS4","2026/09/11","福山通運　九州発送","2026/09/11","","完成","倉重","2026/09/08","製造"
"米良電機　西★","九州工場","九州工場","2026/08/21","2026/08/21","26-J0112377-002-771","IIP0000C","2.30","510.0","510.0","0.0","鉄 ﾌﾟﾚｰﾄ 焼付","N9.5 近似色","42","開口有り","2026/09/09","佐川急便","2026/09/11","","完成","古川","2026/09/02","製造"
"因幡電機　営業２－２(314)","九州工場","九州工場","2026/08/24","2026/08/24","26-J0113392-001-771","ZST0000","0.00","300.0","300.0","4,000.0","ZN ｽﾀﾝｼｮﾝ","","8","SGP100A･65A ﾍﾞｰｽt6.0","2026/09/10","チャーター便","2026/09/11","","完成","金光","2026/09/04","製造"
"Q-mast　電気グル－プ★","九州工場","九州工場","2026/08/26","2026/08/26","26-J0116285-001-771","IG0000G","0.00","300.0","1,190.0","0.0","鉄 架台","","22","L50x50x6 さび止め  精錬棟1Fﾚｰｽｳｪｲ架台 No171-174","2026/09/10","ヤマックス　ｽﾎﾟｯﾄ便","2026/09/11","","完成","樋口","2026/09/09","製造"
"Q-mast　電気グル－プ★","九州工場","九州工場","2026/08/26","2026/08/26","26-J0116285-004-771","IG0000G","0.00","700.0","1,900.0","0.0","鉄 架台","","2","L50x50x6 さび止め  精錬棟1Fﾚｰｽｳｪｲ架台 No272.273","2026/09/10","ヤマックス　ｽﾎﾟｯﾄ便","2026/09/11","","完成","樋口","2026/09/09","製造"
"Q-mast　電気グル－プ★","九州工場","九州工場","2026/08/26","2026/08/26","26-J0116285-003-771","IG0000G","0.00","700.0","1,500.0","0.0","鉄 架台","","3","L50x50x6 さび止め  精錬棟1Fﾚｰｽｳｪｲ架台 No208-274","2026/09/10","ヤマックス　ｽﾎﾟｯﾄ便","2026/09/11","","完成","樋口","2026/09/09","製造"
"Q-mast　電気グル－プ★","九州工場","九州工場","2026/08/26","2026/08/26","26-J0116285-005-771","IG0000G","0.00","300.0","1,890.0","0.0","鉄 架台","","7","L50x50x6 さび止め  精錬棟1Fﾚｰｽｳｪｲ架台 No162-177","2026/09/10","ヤマックス　ｽﾎﾟｯﾄ便","2026/09/11","","完成","樋口","2026/09/09","製造"
"Q-mast　電気グル－プ★","九州工場","九州工場","2026/08/26","2026/08/26","26-J0116285-002-771","IG0000G","0.00","1,740.0","0.0","0.0","鉄 架台","","31","L50x50x6 さび止め  精錬棟1Fﾚｰｽｳｪｲ架台 No70-186","2026/09/10","ヤマックス　ｽﾎﾟｯﾄ便","2026/09/11","","完成","樋口","2026/09/09","製造"
"カンサイ　八代★","九州工場","九州工場","2026/08/26","2026/08/26","26-J0117023-006-771","DKM0000N","1.60","125.0","71.6","180.0","Sﾀﾞｲﾏ 金物","","51","ﾀﾞｸﾄ120x80 外巻き接続用金物　長穴","2026/09/11","福山通運　九州発送","2026/09/11","","完成","服部","2026/09/11","製造"
"カンサイ　八代★","九州工場","九州工場","2026/08/26","2026/08/26","26-J0117023-008-771","DD0000N","1.60","120.0","80.0","2,000.0","Sﾀﾞｲﾏ ﾀﾞｸﾄ","","52","平ふた 両端開口 φ10x8","2026/09/11","福山通運　九州発送","2026/09/11","","完成","森田","2026/09/11","製造"
"カンサイ　八代★","九州工場","九州工場","2026/08/28","2026/08/28","26-J0118756-001-771","DP0000WN","1.60","500.0","250.0","200.0","Sﾀﾞｲﾏ PBﾄｸ 被せ","","4","","2026/09/10","福山通運　九州発送","2026/09/11","","完成","古川","2026/09/10","製造"
"カンサイ　電設★","九州工場","九州工場","2026/08/31","2026/08/31","26-J0120107-001-771","IG0000G","0.00","480.0","300.0","1,825.0","鉄 架台","","2","さび止め SS-C-5x40x75　D15溶接","2026/09/10","ヤマックス　ｽﾎﾟｯﾄ便","2026/09/11","","完成","樋口","2026/09/09","製造"
"カンサイ　電設★","九州工場","九州工場","2026/08/31","2026/08/31","26-J0120107-002-771","IG0000G","0.00","400.0","300.0","1,825.0","鉄 架台","","7","さび止め SS-C-5x40x75　D15溶接","2026/09/10","ヤマックス　ｽﾎﾟｯﾄ便","2026/09/11","","完成","樋口","2026/09/09","製造"
"シンセイ　呉★","九州工場","九州工場","2026/08/31","2026/08/31","26-J0120408-001-771","ZABR350","0.00","350.0","350.0","0.0","ZN ｱﾝｸﾞﾙ引き込み架台","","1","HDZT-77  三角ﾀｲﾌﾟ  L50x50x6t","2026/09/11","福山通運　九州発送","2026/09/11","","完成","倉重","2026/09/04","製造"
"イシグロ　福岡★","九州工場","九州工場","2026/09/01","2026/09/01","26-J0120477-001-771","ZG0000","6.00","325.0","50.0","1,500.0","ZN 架台","","3","SS-L-50x50x6t　PL-6t　","2026/09/11","福山通運　九州発送","2026/09/11","","完成","倉重","2026/09/04","製造"
"イシグロ　福岡★","九州工場","九州工場","2026/09/01","2026/09/01","26-J0120477-002-771","ZKM0000","6.00","50.0","50.0","2,500.0","ZN 金物","","10","SS-L-50x50x6t","2026/09/11","福山通運　九州発送","2026/09/11","","完成","倉重","2026/09/04","製造"
"ナミデン　福岡★","九州工場","九州工場","2026/09/01","2026/09/01","26-J0120510-001-771","ZP0000S","3.20","700.0","500.0","500.0","ZN PBﾄｸ 平","","2","","2026/09/10","ヤマックス福岡","2026/09/11","","完成","金光","2026/09/04","製造"
"イシグロ　鹿児島★","九州工場","九州工場","2026/09/01","2026/09/01","26-J0120977-010-771","ZG0000","6.00","50.0","285.0","305.0","ZN 架台","","1","16工場西側横引き管　10　L-50X50X6t","2026/09/11","福山通運　九州発送","2026/09/11","","完成","倉重","2026/09/04","製造"
"イシグロ　鹿児島★","九州工場","九州工場","2026/09/01","2026/09/01","26-J0120977-001-771","ZG0000","6.00","50.0","180.0","320.0","ZN 架台","","1","16工場西側立て管　1　L-50X50X6t","2026/09/11","福山通運　九州発送","2026/09/11","","完成","倉重","2026/09/04","製造"
"イシグロ　鹿児島★","九州工場","九州工場","2026/09/01","2026/09/01","26-J0120977-002-771","ZG0000","6.00","50.0","180.0","305.0","ZN 架台","","1","16工場西側立て管　2　L-50X50X6t","2026/09/11","福山通運　九州発送","2026/09/11","","完成","倉重","2026/09/04","製造"
"イシグロ　鹿児島★","九州工場","九州工場","2026/09/01","2026/09/01","26-J0120977-003-771","ZG0000","6.00","50.0","233.0","265.0","ZN 架台","","1","16工場西側横引き管　3　L-50X50X6t","2026/09/11","福山通運　九州発送","2026/09/11","","完成","倉重","2026/09/04","製造"
"イシグロ　鹿児島★","九州工場","九州工場","2026/09/01","2026/09/01","26-J0120977-004-771","ZG0000","6.00","50.0","215.0","305.0","ZN 架台","","1","16工場西側横引き管　4　L-50X50X6t","2026/09/11","福山通運　九州発送","2026/09/11","","完成","倉重","2026/09/04","製造"
"イシグロ　鹿児島★","九州工場","九州工場","2026/09/01","2026/09/01","26-J0120977-005-771","ZG0000","6.00","50.0","183.0","300.0","ZN 架台","","1","16工場西側横引き管　5　L-50X50X6t","2026/09/11","福山通運　九州発送","2026/09/11","","完成","倉重","2026/09/04","製造"
"イシグロ　鹿児島★","九州工場","九州工場","2026/09/01","2026/09/01","26-J0120977-006-771","ZG0000","6.00","50.0","215.0","305.0","ZN 架台","","1","16工場西側横引き管　6　L-50X50X6t","2026/09/11","福山通運　九州発送","2026/09/11","","完成","倉重","2026/09/04","製造"
"イシグロ　鹿児島★","九州工場","九州工場","2026/09/01","2026/09/01","26-J0120977-007-771","ZG0000","6.00","50.0","233.0","302.0","ZN 架台","","1","16工場西側横引き管　7　L-50X50X6t","2026/09/11","福山通運　九州発送","2026/09/11","","完成","倉重","2026/09/04","製造"
"イシグロ　鹿児島★","九州工場","九州工場","2026/09/01","2026/09/01","26-J0120977-008-771","ZG0000","6.00","50.0","235.0","305.0","ZN 架台","","1","16工場西側横引き管　8　L-50X50X6t","2026/09/11","福山通運　九州発送","2026/09/11","","完成","倉重","2026/09/04","製造"
"イシグロ　鹿児島★","九州工場","九州工場","2026/09/01","2026/09/01","26-J0120977-009-771","ZG0000","6.00","50.0","288.0","305.0","ZN 架台","","1","16工場西側横引き管　9　L-50X50X6t","2026/09/11","福山通運　九州発送","2026/09/11","","完成","倉重","2026/09/04","製造"
"イシグロ　鹿児島★","九州工場","九州工場","2026/09/01","2026/09/01","26-J0120977-011-771","ZG0000","6.00","50.0","260.0","305.0","ZN 架台","","1","16工場西側横引き管　11　L-50X50X6t","2026/09/11","福山通運　九州発送","2026/09/11","","完成","倉重","2026/09/04","製造"
"イシグロ　鹿児島★","九州工場","九州工場","2026/09/01","2026/09/01","26-J0120977-012-771","ZG0000","6.00","50.0","310.0","260.0","ZN 架台","","1","16工場西側横引き管　12　L-50X50X6t","2026/09/11","福山通運　九州発送","2026/09/11","","完成","倉重","2026/09/04","製造"
"イシグロ　鹿児島★","九州工場","九州工場","2026/09/01","2026/09/01","26-J0120977-013-771","ZG0000","6.00","50.0","215.0","305.0","ZN 架台","","1","16工場西側横引き管　13　L-50X50X6t","2026/09/11","福山通運　九州発送","2026/09/11","","完成","倉重","2026/09/04","製造"
"イシグロ　鹿児島★","九州工場","九州工場","2026/09/01","2026/09/01","26-J0120977-014-771","ZG0000","6.00","50.0","215.0","303.0","ZN 架台","","1","16工場西側横引き管　14　L-50X50X6t","2026/09/11","福山通運　九州発送","2026/09/11","","完成","倉重","2026/09/04","製造"
"イシグロ　鹿児島★","九州工場","九州工場","2026/09/01","2026/09/01","26-J0120977-015-771","ZG0000","6.00","50.0","215.0","325.0","ZN 架台","","1","16工場西側横引き管　15　L-50X50X6t","2026/09/11","福山通運　九州発送","2026/09/11","","完成","倉重","2026/09/04","製造"
"イシグロ　鹿児島★","九州工場","九州工場","2026/09/01","2026/09/01","26-J0120977-016-771","ZG0000","6.00","50.0","212.0","320.0","ZN 架台","","1","16工場西側横引き管　16　L-50X50X6t","2026/09/11","福山通運　九州発送","2026/09/11","","完成","倉重","2026/09/04","製造"
"イシグロ　鹿児島★","九州工場","九州工場","2026/09/01","2026/09/01","26-J0120977-017-771","ZG0000","6.00","50.0","215.0","320.0","ZN 架台","","1","16工場西側横引き管　17　L-50X50X6t","2026/09/11","福山通運　九州発送","2026/09/11","","完成","倉重","2026/09/04","製造"
"イシグロ　鹿児島★","九州工場","九州工場","2026/09/01","2026/09/01","26-J0120977-018-771","ZG0000","6.00","50.0","215.0","320.0","ZN 架台","","1","16工場西側横引き管　18　L-50X50X6t","2026/09/11","福山通運　九州発送","2026/09/11","","完成","倉重","2026/09/04","製造"
"三親電材　水島★","九州工場","九州工場","2026/09/01","2026/09/01","26-J0121293-001-771","ZE2020X2","2.30","200.0","200.0","200.0","ZN PB 水切","","2","ｱｰｽ　HDZT56","2026/09/11","福山通運　九州発送","2026/09/11","","完成","倉重","2026/09/07","製造"
"ｹｲ･ｴｽ･ﾃﾞｰ　鹿児島★","九州工場","九州工場","2026/09/02","2026/09/02","26-J0122151-001-771","IIP0000C","6.00","700.0","700.0","0.0","鉄 ﾌﾟﾚｰﾄ 焼付","2.5Y9/1 近似色","1","8-φ16","2026/09/11","福山通運　九州発送","2026/09/11","","完成","古川","2026/09/08","製造"
"ｹｲ･ｴｽ･ﾃﾞｰ　鹿児島★","九州工場","九州工場","2026/09/02","2026/09/02","26-J0122151-004-771","IG0000C","0.00","450.0","0.0","0.0","鉄 架台 焼付","2.5Y9/1 近似色","1","[5x50x100 4-φ16","2026/09/11","福山通運　九州発送","2026/09/11","","完成","古川","2026/09/08","製造"
"ｹｲ･ｴｽ･ﾃﾞｰ　鹿児島★","九州工場","九州工場","2026/09/02","2026/09/02","26-J0122151-003-771","IIP0000C","6.00","650.0","500.0","0.0","鉄 ﾌﾟﾚｰﾄ 焼付","2.5Y9/1 近似色","1","8-φ16","2026/09/11","福山通運　九州発送","2026/09/11","","完成","古川","2026/09/08","製造"
"ｹｲ･ｴｽ･ﾃﾞｰ　鹿児島★","九州工場","九州工場","2026/09/02","2026/09/02","26-J0122151-005-771","IG0000C","0.00","1,185.0","0.0","0.0","鉄 架台 焼付","2.5Y9/1 近似色","2","[5x50x100","2026/09/11","福山通運　九州発送","2026/09/11","","完成","古川","2026/09/08","製造"
"ｹｲ･ｴｽ･ﾃﾞｰ　鹿児島★","九州工場","九州工場","2026/09/02","2026/09/02","26-J0122151-006-771","IG0000C","0.00","1,085.0","0.0","0.0","鉄 架台 焼付","2.5Y9/1 近似色","1","[5x50x100","2026/09/11","福山通運　九州発送","2026/09/11","","完成","古川","2026/09/08","製造"
"ｹｲ･ｴｽ･ﾃﾞｰ　鹿児島★","九州工場","九州工場","2026/09/02","2026/09/02","26-J0122151-002-771","IIP0000C","6.00","700.0","700.0","0.0","鉄 ﾌﾟﾚｰﾄ 焼付","2.5Y9/1 近似色","1","8-φ16","2026/09/11","福山通運　九州発送","2026/09/11","","完成","ナム","2026/09/08","製造"
"ｹｲ･ｴｽ･ﾃﾞｰ　鹿児島★","九州工場","九州工場","2026/09/02","2026/09/02","26-J0122151-008-771","IG0000C","0.00","450.0","0.0","0.0","鉄 架台 焼付","2.5Y9/1 近似色","1","[5x50x100 4-φ16","2026/09/11","福山通運　九州発送","2026/09/11","","完成","古川","2026/09/08","製造"
"宮地電機　南予","九州工場","九州工場","2026/09/02","2026/09/02","26-J0122245-001-771","SD0000N","1.50","300.0","200.0","2,600.0","SUS ﾀﾞｸﾄ","","1","/1500 WP 3分割･ｱｰｽ･ｾﾊﾟﾚｰﾀ･耳20指定･支持棒付","2026/09/11","福山通運　九州発送","2026/09/11","","完成","倉重","2026/09/11","製造"
"富士商会★","九州工場","九州工場","2026/09/02","2026/09/02","26-J0122686-002-771","ZP0000W","3.20","600.0","600.0","700.0","ZN PBﾄｸ 被せ","","1","","2026/09/11","福山通運　九州発送","2026/09/11","","完成","倉重","2026/09/04","製造"
"富士商会★","九州工場","九州工場","2026/09/02","2026/09/02","26-J0122686-001-771","ZP6060W3","3.20","600.0","600.0","600.0","ZN PB 被せ","","1","","2026/09/11","福山通運　九州発送","2026/09/11","","完成","倉重","2026/09/04","製造"
"カンサイ　福岡南★","九州工場","九州工場","2026/09/03","2026/09/03","26-J0123194-001-771","SE0000WC","1.50","300.0","300.0","200.0","SUS PBﾄｸ 被せ 焼付","10YR7.5/2 近似色","1","ｱｰｽ ｾﾊﾟﾚｰﾀ付 200/100","2026/09/10","ヤマックス福岡","2026/09/11","","完成","古川","2026/09/07","製造"
"ナミデン　福岡★","九州工場","九州工場","2026/09/03","2026/09/03","26-J0123268-003-771","ITG0000G","0.00","1,400.0","1,135.0","0.0","鉄 耐震架台","","5","L90x90x7 さび止め W-C","2026/09/10","ヤマックス　ｽﾎﾟｯﾄ便","2026/09/11","","完成","樋口","2026/09/09","製造"
"ナミデン　福岡★","九州工場","九州工場","2026/09/03","2026/09/03","26-J0123268-005-771","ITG0000G","0.00","1,030.0","710.0","0.0","鉄 耐震架台","","1","L50x50x6 さび止め W-E","2026/09/10","ヤマックス　ｽﾎﾟｯﾄ便","2026/09/11","","完成","樋口","2026/09/09","製造"
"ナミデン　福岡★","九州工場","九州工場","2026/09/03","2026/09/03","26-J0123268-006-771","ITG0000G","0.00","1,030.0","810.0","0.0","鉄 耐震架台","","4","L50x50x6 さび止め W-F","2026/09/10","ヤマックス　ｽﾎﾟｯﾄ便","2026/09/11","","完成","樋口","2026/09/09","製造"
"ナミデン　福岡★","九州工場","九州工場","2026/09/03","2026/09/03","26-J0123268-001-771","ITG0000G","0.00","1,030.0","1,135.0","0.0","鉄 耐震架台","","5","L90x90x7 さび止め W-A","2026/09/10","ヤマックス　ｽﾎﾟｯﾄ便","2026/09/11","","完成","樋口","2026/09/09","製造"
"ナミデン　福岡★","九州工場","九州工場","2026/09/03","2026/09/03","26-J0123268-002-771","ITG0000G","0.00","1,200.0","1,135.0","0.0","鉄 耐震架台","","3","L90x90x7 さび止め W-B","2026/09/10","ヤマックス　ｽﾎﾟｯﾄ便","2026/09/11","","完成","樋口","2026/09/09","製造"
"ナミデン　福岡★","九州工場","九州工場","2026/09/03","2026/09/03","26-J0123268-004-771","ITG0000G","0.00","1,600.0","1,095.0","0.0","鉄 耐震架台","","2","L50x50x6 さび止め W-D","2026/09/10","ヤマックス　ｽﾎﾟｯﾄ便","2026/09/11","","完成","樋口","2026/09/09","製造"
"東芝電材　福岡★","九州工場","九州工場","2026/09/03","2026/09/03","26-J0123323-003-771","BE3020SC","1.60","300.0","300.0","200.0","国土 PB 平 焼付","2.5Y9/1 近似色","2","ｱｰｽ","2026/09/09","ヤマックス福岡","2026/09/11","","完成","古川","","加工"
"東芝電材　福岡★","九州工場","九州工場","2026/09/03","2026/09/03","26-J0123323-002-771","BE2020SC","1.60","200.0","200.0","200.0","国土 PB 平 焼付","2.5Y9/1 近似色","6","ｱｰｽ","2026/09/10","ヤマックス福岡","2026/09/11","","完成","古川","","加工"
"東芝電材　福岡★","九州工場","九州工場","2026/09/03","2026/09/03","26-J0123323-001-771","BE1510SC","1.60","150.0","150.0","100.0","国土 PB 平 焼付","2.5Y9/1 近似色","2","ｱｰｽ","2026/09/09","ヤマックス福岡","2026/09/11","","完成","古川","","加工"
"東芝電材　福岡★","九州工場","九州工場","2026/09/03","2026/09/03","26-J0123323-004-771","BE3030SC","1.60","300.0","300.0","300.0","国土 PB 平 焼付","2.5Y9/1 近似色","2","ｱｰｽ","2026/09/09","ヤマックス福岡","2026/09/11","","完成","古川","2026/09/04","製造"
"ウチダ★","九州工場","九州工場","2026/09/03","2026/09/03","26-J0123499-001-771","ZE2510X2","2.30","250.0","250.0","100.0","ZN PB 水切","","1","ｱｰｽ","2026/09/11","福山通運　九州発送","2026/09/11","","完成","倉重","2026/09/04","製造"
"かごしま電工　川内★","九州工場","九州工場","2026/09/04","2026/09/04","26-J0124048-003-771","BE3015SCW","1.60","300.0","300.0","150.0","国土 PB 平 焼付","2.5Y9/1 近似色","2","ｱｰｽ  内ﾜﾆｽ","2026/09/11","佐川急便","2026/09/11","","完成","岡","2026/09/07","製造"
"かごしま電工　川内★","九州工場","九州工場","2026/09/04","2026/09/04","26-J0124048-002-771","BE2015SCW","1.60","200.0","200.0","150.0","国土 PB 平 焼付","2.5Y9/1 近似色","3","ｱｰｽ  内ﾜﾆｽ","2026/09/11","佐川急便","2026/09/11","","完成","岡","2026/09/07","製造"
"かごしま電工　川内★","九州工場","九州工場","2026/09/04","2026/09/04","26-J0124048-001-771","BE1510SCW","1.60","150.0","150.0","100.0","国土 PB 平 焼付","2.5Y9/1 近似色","3","ｱｰｽ  内ﾜﾆｽ","2026/09/11","佐川急便","2026/09/11","","完成","岡","2026/09/07","製造"
"米良電機　都城★","九州工場","九州工場","2026/09/04","2026/09/04","26-J0124097-001-771","SE0000XN","1.50","300.0","300.0","200.0","SUS PBﾄｸ 水切","","1","ｱｰｽ 落下防止用化粧ねじ 落下防止チェーン付き","2026/09/11","福山通運　九州発送","2026/09/11","","完成","井上","2026/09/11","製造"
"米良電機　都城★","九州工場","九州工場","2026/09/04","2026/09/04","26-J0124097-002-771","SE0000XN","1.50","400.0","400.0","200.0","SUS PBﾄｸ 水切","","1","ｱｰｽ 落下防止用化粧ねじ 落下防止チェーン付き","2026/09/11","福山通運　九州発送","2026/09/11","","完成","井上","2026/09/11","製造"
"東芝電材　鹿児島★","九州工場","九州工場","2026/09/04","2026/09/04","26-J0124109-001-771","SE1010XCW","1.50","100.0","100.0","100.0","SUS PB 水切 焼付","5Y7/1 近似色","5","ｱｰｽ 内ﾜﾆｽ","2026/09/11","佐川急便","2026/09/11","","完成","岡","2026/09/07","製造"
"かごしま電工　南★","九州工場","九州工場","2026/09/04","2026/09/04","26-J0124501-001-771","SE0000XC","1.50","300.0","300.0","300.0","SUS PBﾄｸ 水切 焼付","2.5Y9/1 近似色","2","ｱｰｽ 足付FB50x3t(φ14)x4 水抜穴x2","2026/09/11","佐川急便","2026/09/11","","完成","岡","2026/09/08","製造"
"栗田電機　松山★","九州工場","九州工場","2026/09/04","2026/09/04","26-J0124883-001-771","IIP0000C","1.60","1,300.0","270.0","0.0","鉄 ﾌﾟﾚｰﾄ 焼付","N9.5(近似色)","8","開口ｱﾘ","2026/09/11","福山通運　九州発送","2026/09/11","","完成","柴﨑","2026/09/08","製造"
"シンセイ　広島第一★","九州工場","九州工場","2026/09/04","2026/09/04","26-J0124897-001-771","SC0000N","1.50","229.0","140.0","210.0","SUS ｶﾊﾞｰ","","20","ｺﾝｾﾝﾄｶﾊﾞｰ　加工","2026/09/11","福山通運　九州発送","2026/09/11","","完成","倉重","2026/09/11","製造"
"木村電機　熊本北★","九州工場","九州工場","2026/09/07","2026/09/07","26-J0125013-001-771","SE1510WC","1.50","150.0","150.0","100.0","SUS PB 被せ 焼付","N-15 近似色","2","ｱｰｽ","2026/09/11","佐川急便","2026/09/11","","完成","岡","2026/09/08","製造"
"木村電機　熊本北★","九州工場","九州工場","2026/09/07","2026/09/07","26-J0125013-002-771","SE3015WC","1.50","300.0","300.0","150.0","SUS PB 被せ 焼付","N-15 近似色","1","ｱｰｽ","2026/09/11","佐川急便","2026/09/11","","完成","岡","2026/09/08","製造"
"東芝電材　熊本★","九州工場","九州工場","2026/09/07","2026/09/07","26-J0125038-001-771","SE5050XC","1.50","500.0","500.0","500.0","SUS PB 水切 焼付","2.5Y9/1 近似色","1","ｱｰｽ","2026/09/11","佐川急便","2026/09/11","","完成","古川","2026/09/08","製造"
"東芝電材　鹿児島★","九州工場","九州工場","2026/09/07","2026/09/07","26-J0125130-001-771","SE2010XC","1.50","200.0","200.0","100.0","SUS PB 水切 焼付","5Y7/1 近似色","2","ｱｰｽ","2026/09/11","佐川急便","2026/09/11","","完成","岡","","加工"
"東芝電材　鹿児島★","九州工場","九州工場","2026/09/07","2026/09/07","26-J0125130-002-771","SE1510XC","1.50","150.0","150.0","100.0","SUS PB 水切 焼付","5Y7/1 近似色","1","ｱｰｽ","2026/09/11","佐川急便","2026/09/11","","完成","岡","","加工"
"東芝電材　大牟田★","九州工場","九州工場","2026/09/07","2026/09/07","26-J0125204-001-771","BE3015SC","1.60","300.0","300.0","150.0","国土 PB 平 焼付","2.5Y9/1 近似色","2","ｱｰｽ","2026/09/11","佐川急便","2026/09/11","","完成","岡","2026/09/08","製造"
"東芝電材　鹿児島★","九州工場","九州工場","2026/09/07","2026/09/07","26-J0125289-003-771","SP0000XC","1.50","250.0","250.0","200.0","SUS PBﾄｸ 水切 焼付","5Y7/1 近似色","2","1-φ150　","2026/09/11","佐川急便","2026/09/11","","完成","岡","2026/09/08","製造"
"東芝電材　鹿児島★","九州工場","九州工場","2026/09/07","2026/09/07","26-J0125289-001-771","SE0000XC","1.50","300.0","300.0","200.0","SUS PBﾄｸ 水切 焼付","5Y7/1 近似色","2","ｱｰｽ 底面開口","2026/09/11","佐川急便","2026/09/11","","完成","岡","2026/09/08","製造"
"東芝電材　鹿児島★","九州工場","九州工場","2026/09/07","2026/09/07","26-J0125289-002-771","SE2520XC","1.50","250.0","250.0","200.0","SUS PB 水切 焼付","5Y7/1 近似色","1","ｱｰｽ","2026/09/11","佐川急便","2026/09/11","","完成","岡","2026/09/08","製造"
"かごしま電工　城南★","九州工場","九州工場","2026/09/07","2026/09/07","26-J0125384-003-771","IIP0000C","1.60","840.0","655.0","0.0","鉄 ﾌﾟﾚｰﾄ 焼付","2.5Y9/1 近似色","1","φ6x4 ｺｰﾅｰR3","2026/09/11","佐川急便","2026/09/11","","完成","岡","2026/09/08","製造"
"かごしま電工　城南★","九州工場","九州工場","2026/09/07","2026/09/07","26-J0125384-004-771","IIP0000C","1.60","570.0","270.0","0.0","鉄 ﾌﾟﾚｰﾄ 焼付","2.5Y9/1 近似色","1","φ6x4 ｺｰﾅｰR3","2026/09/11","佐川急便","2026/09/11","","完成","岡","2026/09/08","製造"
"かごしま電工　城南★","九州工場","九州工場","2026/09/07","2026/09/07","26-J0125384-001-771","IIP0000C","1.60","860.0","655.0","0.0","鉄 ﾌﾟﾚｰﾄ 焼付","2.5Y9/1 近似色","1","φ6x4 ｺｰﾅｰR3","2026/09/11","佐川急便","2026/09/11","","完成","岡","2026/09/08","製造"
"かごしま電工　城南★","九州工場","九州工場","2026/09/07","2026/09/07","26-J0125384-002-771","IIP0000C","1.60","570.0","500.0","0.0","鉄 ﾌﾟﾚｰﾄ 焼付","2.5Y9/1 近似色","1","φ6x4 ｺｰﾅｰR3","2026/09/11","佐川急便","2026/09/11","","完成","岡","2026/09/08","製造"
"日本電設資材　福岡★","九州工場","九州工場","2026/09/07","2026/09/07","26-J0125562-002-771","DP0000WN","1.60","350.0","200.0","200.0","Sﾀﾞｲﾏ PBﾄｸ 被せ","","1","","2026/09/10","ヤマックス福岡","2026/09/11","","完成","服部","2026/09/10","製造"
"日本電設資材　福岡★","九州工場","九州工場","2026/09/07","2026/09/07","26-J0125562-001-771","DP2020WN","1.60","200.0","200.0","200.0","Sﾀﾞｲﾏ PB 被せ","","1","","2026/09/10","ヤマックス福岡","2026/09/11","","完成","古川","2026/09/10","製造"
"ナミデン　福岡★","九州工場","九州工場","2026/09/07","2026/09/07","26-J0125608-003-771","DP1515WN","1.60","150.0","150.0","150.0","Sﾀﾞｲﾏ PB 被せ","","5","","2026/09/10","ヤマックス福岡","2026/09/11","","完成","古川","2026/09/10","製造"
"ナミデン　福岡★","九州工場","九州工場","2026/09/07","2026/09/07","26-J0125608-002-771","DP1515WN","1.60","150.0","150.0","150.0","Sﾀﾞｲﾏ PB 被せ","","10","","2026/09/09","ヤマックス福岡","2026/09/11","","完成","古川","2026/09/09","製造"
"さくら電機　志布志★","九州工場","九州工場","2026/09/07","2026/09/07","26-J0125838-001-771","IIP0000C","1.60","80.0","80.0","0.0","鉄 ﾌﾟﾚｰﾄ 焼付","5Y7/1 近似色","1","M4x15ｽﾀｯﾄﾎﾞﾙﾄx4","2026/09/11","佐川急便","2026/09/11","","完成","岡","2026/09/08","製造"
"丸井産業　佐世保","九州工場","九州工場","2026/09/07","2026/09/07","26-J0126104-001-771","SE0000XNA","1.50","900.0","600.0","605.0","SUS PBﾄｸ 水切","","1","ｱｰｽ  足付  ｾﾊﾟﾚｰﾀ　開口　穴加工","2026/09/11","福山通運　九州発送","2026/09/11","","完成","樋口","2026/09/11","製造"
"カンサイ　久留米★","九州工場","九州工場","2026/09/08","2026/09/08","26-J0126574-001-771","SIP0000C","1.50","600.0","150.0","0.0","SUS ﾌﾟﾚｰﾄ 焼付","N1 近似色","1","φ25x2 φ6x4","2026/09/11","佐川急便","2026/09/11","","完成","岡","2026/09/08","製造"
"カンサイ　久留米★","九州工場","九州工場","2026/09/08","2026/09/08","26-J0126574-002-771","SIP0000C","1.50","700.0","150.0","0.0","SUS ﾌﾟﾚｰﾄ 焼付","N1 近似色","1","φ20 φ6x4","2026/09/11","佐川急便","2026/09/11","","完成","岡","2026/09/08","製造"
"岡田電機　福岡★","九州工場","九州工場","2026/09/08","2026/09/08","26-J0126593-001-771","IP0000WG","1.60","200.0","200.0","100.0","鉄 PBﾄｸ 被せ","","10","内耳15  さび止め","2026/09/11","佐川急便","2026/09/11","","完成","倉重","2026/09/10","製造"
"ナミデン　福岡★","九州工場","九州工場","2026/09/08","2026/09/08","26-J0126715-002-771","DP1010SN","1.60","100.0","100.0","100.0","Sﾀﾞｲﾏ PB 平","","10","","2026/09/10","ヤマックス福岡","2026/09/11","","完成","古川","2026/09/10","製造"
"ナミデン　福岡★","九州工場","九州工場","2026/09/08","2026/09/08","26-J0126715-001-771","DP1010SN","1.60","100.0","100.0","100.0","Sﾀﾞｲﾏ PB 平","","6","","2026/09/09","ヤマックス福岡","2026/09/11","","完成","古川","2026/09/09","製造"
"菱栄電材★","九州工場","九州工場","2026/09/08","2026/09/08","26-J0126854-001-771","IP0000SG","2.30","1,000.0","500.0","500.0","鉄 PBﾄｸ 平","","1","さび止め","2026/09/11","福山通運　九州発送","2026/09/11","","完成","倉重","2026/09/10","製造"
"宮地電機　高松","九州工場","九州工場","2026/09/08","2026/09/08","26-J0126861-001-771","IP0000WG","1.60","600.0","600.0","250.0","鉄 PBﾄｸ 被せ","","2","さび止め","2026/09/11","福山通運　九州発送","2026/09/11","","完成","倉重","2026/09/10","製造"
"東芝電材　八代★","九州工場","九州工場","2026/09/08","2026/09/08","26-J0127082-002-771","SE0000XNA","1.50","400.0","400.0","200.0","SUS PBﾄｸ 水切","","6","ｱｰｽ 足付L4x50(φ16)x4","2026/09/11","佐川急便","2026/09/11","","完成","井上","2026/09/11","製造"
"東芝電材　八代★","九州工場","九州工場","2026/09/08","2026/09/08","26-J0127082-001-771","SE0000XNA","1.50","300.0","200.0","200.0","SUS PBﾄｸ 水切","","2","ｱｰｽ 足付L4x50(φ16)x4","2026/09/11","佐川急便","2026/09/11","","完成","服部","2026/09/11","製造"
"中西電機　丸亀★","九州工場","九州工場","2026/09/08","2026/09/08","26-J0127332-001-771","SE0000XNA","1.50","600.0","300.0","400.0","SUS PBﾄｸ 水切","","1","側面ｱｰｽ 長足付L6x50Φ14 開口ｱﾘ","2026/09/11","福山通運　九州発送","2026/09/11","","完成","井上","2026/09/11","製造"
"丸井産業　高知★","九州工場","九州工場","2026/09/08","2026/09/08","26-J0127493-001-771","SG0000N","0.00","400.0","600.0","1,153.0","SUS 架台","","1","ｱﾝｸﾞﾙ PLt3.0","2026/09/11","福山通運　九州発送","2026/09/11","","完成","倉重","2026/09/11","製造"
"カンサイ九州昭和　北九州★","九州工場","九州工場","2026/09/09","2026/09/09","26-J0127703-002-771","DP2015WN","1.60","200.0","200.0","150.0","Sﾀﾞｲﾏ PB 被せ","","3","","2026/09/10","北九州配達","2026/09/11","","完成","古川","2026/09/10","製造"
"カンサイ九州昭和　北九州★","九州工場","九州工場","2026/09/09","2026/09/09","26-J0127703-001-771","DP1510WN","1.60","150.0","150.0","100.0","Sﾀﾞｲﾏ PB 被せ","","1","","2026/09/10","北九州配達","2026/09/11","","完成","服部","2026/09/10","製造"
"東芝電材　松江★","九州工場","九州工場","2026/09/09","2026/09/09","26-J0127763-001-771","SE0000XN","1.50","400.0","200.0","200.0","SUS PBﾄｸ 水切","","1","ｱｰｽ","2026/09/11","福山通運　九州発送","2026/09/11","","完成","倉重","2026/09/11","製造"
"さくら電機　鹿児島★","九州工場","九州工場","2026/09/09","2026/09/09","26-J0127866-001-771","BF0000G","1.60","150.0","150.0","100.0","国土 裏BOX","","2","ｱｰｽ さび止め 内ﾜﾆｽ","2026/09/11","佐川急便","2026/09/11","","完成","服部","2026/09/10","製造"
"東芝電材　八幡★","九州工場","九州工場","2026/09/09","2026/09/09","26-J0127915-001-771","SP0000XN","1.50","600.0","350.0","200.0","SUS PBﾄｸ 水切","","1","","2026/09/10","北九州配達","2026/09/11","","完成","倉重","2026/09/10","製造"
"東芝電材　城南★","九州工場","九州工場","2026/09/09","2026/09/09","26-J0128069-001-771","BP2020SG","1.60","200.0","200.0","200.0","国土 PB 平","","6","ｱｰｽ無 さび止め","2026/09/10","ヤマックス福岡","2026/09/11","","完成","倉重","2026/09/09","製造"
"カンサイ　福岡西★","九州工場","九州工場","2026/09/09","2026/09/09","26-J0128261-001-771","SE3530SN","1.50","350.0","350.0","300.0","SUS PB 平","","1","ｱｰｽ","2026/09/10","ヤマックス福岡","2026/09/11","","完成","倉重","2026/09/10","製造"
"カンサイ南九州社★","九州工場","九州工場","2026/09/09","2026/09/09","26-J0128309-001-771","IP4040WG","1.60","400.0","400.0","400.0","鉄 PB 被せ","","1","さび止め","2026/09/11","佐川急便","2026/09/11","","完成","倉重","2026/09/10","製造"
"三親電材　岡山★","九州工場","九州工場","2026/09/09","2026/09/09","26-J0128515-001-771","SE3530WN","1.50","350.0","350.0","300.0","SUS PB 被せ","","2","ｱｰｽ","2026/09/11","福山通運　九州発送","2026/09/11","","完成","倉重","2026/09/11","製造"
"暁電業　岡山本社★","九州工場","九州工場","2026/09/09","2026/09/09","26-J0128626-001-771","SP0000WN","1.50","600.0","270.0","200.0","SUS PBﾄｸ 被せ","","1","","2026/09/11","福山通運　九州発送","2026/09/11","","完成","倉重","2026/09/11","製造"
"カンサイ　大牟田★","九州工場","九州工場","2026/09/09","2026/09/09","26-J0128628-001-771","SP0000WN","1.50","700.0","700.0","400.0","SUS PBﾄｸ 被せ","","1","","2026/09/11","佐川急便","2026/09/11","","完成","樋口","2026/09/11","製造"
"山電　佐賀★","九州工場","九州工場","2026/09/09","2026/09/09","26-J0128663-001-771","SE0000XN","1.50","500.0","500.0","450.0","SUS PBﾄｸ 水切","","1","ｱｰｽ","2026/09/11","佐川急便","2026/09/11","","完成","樋口","2026/09/11","製造"
"平和テクノ　防府★","九州工場","九州工場","2026/09/10","2026/09/10","26-J0128722-001-771","SE0000XN","1.50","400.0","200.0","200.0","SUS PBﾄｸ 水切","","3","ｱｰｽ","2026/09/11","福山通運　九州発送","2026/09/11","","完成","倉重","2026/09/11","製造"
"岡本電機　三原★","九州工場","九州工場","2026/09/10","2026/09/10","26-J0128760-003-771","SE6060WN","1.50","600.0","600.0","600.0","SUS PB 被せ","","1","ｱｰｽ","2026/09/11","福山通運　九州発送","2026/09/11","","完成","倉重","2026/09/11","製造"
"中国機材設備　北★","九州工場","九州工場","2026/09/10","2026/09/10","26-J0128888-001-771","IP0000SG","1.60","400.0","400.0","350.0","鉄 PBﾄｸ 平","","1","さび止め","2026/09/11","佐川急便","2026/09/11","","完成","倉重","2026/09/10","製造"
"中国機材設備　北★","九州工場","九州工場","2026/09/10","2026/09/10","26-J0128888-002-771","IP0000SG","1.60","400.0","400.0","150.0","鉄 PBﾄｸ 平","","1","さび止め","2026/09/11","佐川急便","2026/09/11","","完成","倉重","2026/09/10","製造"
"かごしま電工　城南★","九州工場","九州工場","2026/09/10","2026/09/10","26-J0128928-001-771","SE0000XN","1.50","400.0","400.0","250.0","SUS PBﾄｸ 水切","","1","ｱｰｽ","2026/09/11","佐川急便","2026/09/11","","完成","倉重","2026/09/11","製造"
"カンサイ　甘木★","九州工場","九州工場","2026/09/10","2026/09/10","26-J0128999-001-771","SAI0000N","0.00","2,000.0","0.0","0.0","SUS ｱﾝｸﾞﾙ","","10","L50x50x5t","2026/09/11","佐川急便","2026/09/11","","完成","森田","2026/09/11","製造"
"丸井産業　佐世保","九州工場","九州工場","2026/09/10","2026/09/10","26-J0129001-001-771","SE6060WN","1.50","600.0","600.0","600.0","SUS PB 被せ","","1","ｱｰｽ","2026/09/11","福山通運　九州発送","2026/09/11","","完成","樋口","2026/09/11","製造"
"宮地電機　西讃","九州工場","九州工場","2026/09/10","2026/09/10","26-J0129016-002-771","SP0000XN","1.50","600.0","400.0","400.0","SUS PBﾄｸ 水切","","1","","2026/09/11","福山通運　九州発送","2026/09/11","","完成","樋口","2026/09/11","製造"
"東芝電材　南福岡★","九州工場","九州工場","2026/09/10","2026/09/10","26-J0129028-001-771","BE3520SG","1.60","350.0","350.0","200.0","国土 PB 平","","1","ｱｰｽ さび止め","2026/09/11","佐川急便","2026/09/11","","完成","倉重","2026/09/10","製造"
"東芝電材　南福岡★","九州工場","九州工場","2026/09/10","2026/09/10","26-J0129028-002-771","BE3520WG","1.60","350.0","350.0","200.0","国土 PB 被せ","","3","ｱｰｽ さび止め","2026/09/11","佐川急便","2026/09/11","","完成","倉重","2026/09/10","製造"
"八州電気工業　岡山★","九州工場","九州工場","2026/09/10","2026/09/10","26-J0129066-001-771","SE0000XN","1.50","250.0","200.0","100.0","SUS PBﾄｸ 水切","","1","ｱｰｽ","2026/09/11","福山通運　九州発送","2026/09/11","","完成","樋口","2026/09/11","製造"
"岡本電機　広島★","九州工場","九州工場","2026/09/10","2026/09/10","26-J0129096-001-771","SE6040WN","1.50","600.0","600.0","400.0","SUS PB 被せ","","1","ｱｰｽ","2026/09/11","佐川急便","2026/09/11","","完成","倉重","2026/09/11","製造"
"富士商会★","九州工場","九州工場","2026/09/10","2026/09/10","26-J0129259-001-771","SI0000N","3.00","700.0","200.0","0.0","SUS 切板","","2","2B","2026/09/11","福山通運　九州発送","2026/09/11","","完成","井上","2026/09/11","製造"
"中国機材設備　中央★","九州工場","九州工場","2026/09/10","2026/09/10","26-J0129335-001-771","SI0000N","1.50","300.0","200.0","0.0","SUS 切板","","4","","2026/09/11","佐川急便","2026/09/11","","完成","井上","2026/09/11","製造"
"岡本電機　福山★","九州工場","九州工場","2026/09/10","2026/09/10","26-J0129350-001-771","SP5020XN","1.50","500.0","500.0","200.0","SUS PB 水切","","1","","2026/09/11","福山通運　九州発送","2026/09/11","","完成","倉重","2026/09/11","製造"
"岡本電機　安佐★","九州工場","九州工場","2026/09/10","2026/09/10","26-J0129382-001-771","SE0000XN","1.50","500.0","300.0","200.0","SUS PBﾄｸ 水切","","1","ｱｰｽ","2026/09/11","佐川急便","2026/09/11","","完成","樋口","2026/09/11","製造"
"シンセイ　広島第一★","九州工場","九州工場","2026/09/10","2026/09/10","26-J0129559-001-771","SE0000WN","1.50","400.0","400.0","250.0","SUS PBﾄｸ 被せ","","2","ｱｰｽ","2026/09/11","福山通運　九州発送","2026/09/11","","完成","井上","2026/09/11","製造"
"木村電機　本社★","九州工場","九州工場","2026/09/10","2026/09/10","26-J0129735-001-771","D02060WN","1.60","600.0","600.0","0.0","Sﾀﾞｲﾏ ふた","","1","被せふた","2026/09/11","佐川急便","2026/09/11","","完成","服部","2026/09/11","製造"
"イシグロ　広島★","九州工場","九州工場","2026/08/24","2026/08/24","26-J0113310-017-771","ZG0000","0.00","1,200.0","890.0","764.0","ZN 架台","","1","HDZT-77 L-50X50X6t PL6.0t XG-21　一式   受水槽17　","2026/09/11","福山通運　九州発送","2026/09/14","","完成","倉重","2026/09/04","製造"
"イシグロ　広島★","九州工場","九州工場","2026/08/24","2026/08/24","26-J0113310-016-771","ZG0000","0.00","1,000.0","400.0","679.0","ZN 架台","","1","HDZT-77 L-50X50X6t PL6.0t XG-21　一式   受水槽3","2026/09/11","福山通運　九州発送","2026/09/14","","完成","倉重","2026/09/04","製造"
"イシグロ　広島★","九州工場","九州工場","2026/08/24","2026/08/24","26-J0113310-024-771","ZG0000","0.00","1,000.0","800.0","594.0","ZN 架台","","1","HDZT-77 L-50X50X6t PL6.0t XG-21　一式   受水槽16　","2026/09/11","福山通運　九州発送","2026/09/14","","完成","倉重","2026/09/04","製造"
"イシグロ　福岡★","九州工場","九州工場","2026/09/01","2026/09/01","26-J0120893-004-771","ZKM0000","5.00","300.0","50.0","100.0","ZN 金物","","5","SS-C-5x50x100　穴加工","2026/09/14","佐川急便","2026/09/14","","完成","倉重","2026/09/04","製造"
"イシグロ　福岡★","九州工場","九州工場","2026/09/01","2026/09/01","26-J0120893-005-771","ZG0000","6.00","350.0","50.0","325.0","ZN 架台","","1","SS-L-50x50x6t　SPHC-4.5t　穴加工","2026/09/14","佐川急便","2026/09/14","","完成","倉重","2026/09/07","製造"
"イシグロ　福岡★","九州工場","九州工場","2026/09/01","2026/09/01","26-J0120893-003-771","ZKM0000","5.00","200.0","40.0","75.0","ZN 金物","","1","SS-C-5x40x75　穴加工","2026/09/14","佐川急便","2026/09/14","","完成","倉重","2026/09/04","製造"
"イシグロ　福岡★","九州工場","九州工場","2026/09/01","2026/09/01","26-J0120893-002-771","ZG0000","6.00","984.0","154.0","250.0","ZN 架台","","1","SS-L-50x50x6t　穴加工","2026/09/14","佐川急便","2026/09/14","","完成","倉重","2026/09/07","製造"
"イシグロ　福岡★","九州工場","九州工場","2026/09/01","2026/09/01","26-J0120893-001-771","ZG0000","6.00","150.0","370.0","200.0","ZN 架台","","1","SS-L-50x50x6t　穴加工","2026/09/14","佐川急便","2026/09/14","","完成","倉重","2026/09/07","製造"
"東芝電材　宮崎★","九州工場","九州工場","2026/09/01","2026/09/01","26-J0121568-001-771","ZCPL0000","4.50","720.0","610.0","40.0","ZN 縞鋼板","","1","縞鋼板 L-40x40x3.0t補強 ドブ漬け用吊穴","2026/09/14","福山通運　九州発送","2026/09/14","","完成","倉重","2026/09/04","製造"
"三親電材　米子★","九州工場","九州工場","2026/09/01","2026/09/01","26-J0121579-001-771","ZG0000","0.00","400.0","375.0","1,000.0","ZN 架台","","1","ｱﾝｸﾞﾙ","2026/09/14","福山通運　九州発送","2026/09/14","","完成","倉重","2026/09/07","製造"
"東芝電材　唐津★","九州工場","九州工場","2026/09/01","2026/09/01","26-J0121598-003-771","IG0000C","0.00","1,600.0","370.0","200.0","鉄 架台 焼付","5Y7/1 近似色","2","穴加工 L75x75x6t 　【3.リレー回路盤】","2026/09/11","ヤマックス　ｽﾎﾟｯﾄ便","2026/09/14","","完成","古川","2026/09/08","製造"
"東芝電材　唐津★","九州工場","九州工場","2026/09/01","2026/09/01","26-J0121598-001-771","IG0000C","0.00","1,400.0","370.0","210.0","鉄 架台 焼付","5Y7/1 近似色","1","穴加工 L75x75x6t 　【1.電灯盤】","2026/09/11","ヤマックス　ｽﾎﾟｯﾄ便","2026/09/14","","完成","古川","2026/09/08","製造"
"東芝電材　唐津★","九州工場","九州工場","2026/09/01","2026/09/01","26-J0121598-002-771","IG0000C","0.00","1,100.0","370.0","200.0","鉄 架台 焼付","5Y7/1 近似色","1","穴加工 L75x75x6t 　【2.変換器盤】","2026/09/11","ヤマックス　ｽﾎﾟｯﾄ便","2026/09/14","","完成","古川","2026/09/08","製造"
"東芝電材　唐津★","九州工場","九州工場","2026/09/01","2026/09/01","26-J0121598-007-771","SIP0000N","1.50","50.0","50.0","0.0","SUS ﾌﾟﾚｰﾄ","","50","穴加工　ライナー","2026/09/11","ヤマックス　ｽﾎﾟｯﾄ便","2026/09/14","","完成","倉重","2026/09/11","製造"
"宮地電機　南予","九州工場","九州工場","2026/09/01","2026/09/01","26-J0121620-002-771","IE4030SC","1.60","400.0","400.0","300.0","鉄 PB 平 焼付","2.5Y9/1(近似色)","1","ｱｰｽ","2026/09/14","福山通運　九州発送","2026/09/14","","完成","古川","2026/09/09","製造"
"宮地電機　南予","九州工場","九州工場","2026/09/01","2026/09/01","26-J0121620-001-771","IE0000SC","1.60","500.0","400.0","300.0","鉄 PBﾄｸ 平 焼付","2.5Y9/1(近似色)","2","ｱｰｽ","2026/09/14","福山通運　九州発送","2026/09/14","","完成","古川","2026/09/09","製造"
"宮地電機　南予","九州工場","九州工場","2026/09/01","2026/09/01","26-J0121620-005-771","ID0000C","1.60","400.0","200.0","300.0","鉄 ﾀﾞｸﾄ 焼付","2.5Y9/1(近似色)","1","ｱﾝｸﾞﾙ補強","2026/09/14","福山通運　九州発送","2026/09/14","","完成","岡","2026/09/09","製造"
"宮地電機　南予","九州工場","九州工場","2026/09/01","2026/09/01","26-J0121620-003-771","ID0000C","1.60","500.0","200.0","300.0","鉄 ﾀﾞｸﾄ 焼付","2.5Y9/1(近似色)","1","ｱﾝｸﾞﾙ補強","2026/09/14","福山通運　九州発送","2026/09/14","","完成","岡","2026/09/09","製造"
"宮地電機　南予","九州工場","九州工場","2026/09/01","2026/09/01","26-J0121620-004-771","ID0000C","1.60","500.0","200.0","300.0","鉄 ﾀﾞｸﾄ 焼付","2.5Y9/1(近似色)","1","ｱﾝｸﾞﾙ補強","2026/09/14","福山通運　九州発送","2026/09/14","","完成","岡","2026/09/09","製造"
"富士商会★","九州工場","九州工場","2026/09/02","2026/09/02","26-J0122687-001-771","ZP6060W3","3.20","600.0","600.0","600.0","ZN PB 被せ","","3","","2026/09/14","福山通運　九州発送","2026/09/14","","完成","倉重","2026/09/07","製造"
"三親電材　米子★","九州工場","九州工場","2026/09/02","2026/09/02","26-J0122705-001-771","ZP0000XA","3.20","650.0","450.0","250.0","ZN PBﾄｸ 水切","","1","足付450側L6x50Φ12","2026/09/14","福山通運　九州発送","2026/09/14","","完成","倉重","2026/09/07","製造"
"興陽電機　福岡★","九州工場","九州工場","2026/09/03","2026/09/03","26-J0123129-003-771","BE1510SC","1.60","150.0","150.0","100.0","国土 PB 平 焼付","2.5Y9/1 近似色","2","ｱｰｽ","2026/09/10","ヤマックス福岡","2026/09/14","","完成","古川","","加工"
"興陽電機　福岡★","九州工場","九州工場","2026/09/03","2026/09/03","26-J0123129-001-771","BP3020SC","1.60","300.0","300.0","200.0","国土 PB 平 焼付","2.5Y9/1 近似色","8","ｱｰｽ無","2026/09/09","ヤマックス福岡","2026/09/14","","完成","古川","2026/09/04","製造"
"興陽電機　福岡★","九州工場","九州工場","2026/09/03","2026/09/03","26-J0123129-002-771","BP2010SC","1.60","200.0","200.0","100.0","国土 PB 平 焼付","2.5Y9/1 近似色","2","ｱｰｽ無","2026/09/10","ヤマックス福岡","2026/09/14","","完成","古川","2026/09/07","製造"
"興陽電機　福岡★","九州工場","九州工場","2026/09/03","2026/09/03","26-J0123129-004-771","BE2020SC","1.60","200.0","200.0","200.0","国土 PB 平 焼付","2.5Y9/1 近似色","8","ｱｰｽ","2026/09/11","ヤマックス福岡","2026/09/14","","完成","岡","","加工"
"興陽電機　福岡★","九州工場","九州工場","2026/09/03","2026/09/03","26-J0123129-005-771","SE3020XC","1.50","300.0","300.0","200.0","SUS PB 水切 焼付","2.5Y9/1 近似色","1","ｱｰｽ","2026/09/10","ヤマックス福岡","2026/09/14","","完成","古川","","加工"
"興陽電機　福岡★","九州工場","九州工場","2026/09/03","2026/09/03","26-J0123129-006-771","SP3020XC","1.50","300.0","300.0","200.0","SUS PB 水切 焼付","2.5Y9/1 近似色","1","座無しｼｰﾙ付","2026/09/10","ヤマックス福岡","2026/09/14","","完成","古川","2026/09/07","製造"
"平岡電気　城南★","九州工場","九州工場","2026/09/03","2026/09/03","26-J0123257-001-771","IDC0000C","2.30","400.0","350.0","213.0","鉄 ﾀﾞｸﾄｶﾊﾞｰ 焼付","5Y7/1 近似色","1","正面平蓋　コ型ｶﾊﾞｰ 側面開口　背面穴加工","2026/09/14","ヤマックス福岡","2026/09/14","","完成","森田","2026/09/09","製造"
"平岡電気　城南★","九州工場","九州工場","2026/09/03","2026/09/03","26-J0123257-002-771","IDC0000C","2.30","1,600.0","350.0","213.0","鉄 ﾀﾞｸﾄｶﾊﾞｰ 焼付","5Y7/1 近似色","1","正面平蓋　コ型ｶﾊﾞｰ 側面開口　背面穴加工","2026/09/14","ヤマックス福岡","2026/09/14","","完成","森田","2026/09/09","製造"
"正和電材　佐世保★","九州工場","九州工場","2026/09/03","2026/09/03","26-J0123754-001-771","SDC0000C","1.50","600.0","250.0","100.0","SUS ﾀﾞｸﾄｶﾊﾞｰ 焼付","5Y7/1 近似色","1","12-φ12 上下ﾊﾟｯｷﾝ貼付 40x3t","2026/09/14","佐川急便","2026/09/14","","完成","森田","2026/09/09","製造"
"正和電材　佐世保★","九州工場","九州工場","2026/09/03","2026/09/03","26-J0123754-003-771","SD0000C","1.50","800.0","250.0","100.0","SUS ﾀﾞｸﾄ 焼付","5Y7/1 近似色","1","12-φ12 上下ﾊﾟｯｷﾝ貼付 40x3t","2026/09/14","佐川急便","2026/09/14","","完成","森田","2026/09/09","製造"
"三永興産★","九州工場","九州工場","2026/09/03","2026/09/03","26-J0123937-001-771","ZE0000S","2.30","400.0","400.0","100.0","ZN PBﾄｸ 平","","1","ｱｰｽ","2026/09/14","福山通運　九州発送","2026/09/14","","完成","倉重","2026/09/07","製造"
"かごしま電工　川内★","九州工場","九州工場","2026/09/04","2026/09/04","26-J0124059-005-771","SE1510XCW","1.50","150.0","150.0","100.0","SUS PB 水切 焼付","5Y7/1 近似色","1","ｱｰｽ 内ﾜﾆｽ","2026/09/14","佐川急便","2026/09/14","","完成","岡","2026/09/08","製造"
"かごしま電工　川内★","九州工場","九州工場","2026/09/04","2026/09/04","26-J0124059-006-771","SE2020XCW","1.50","200.0","200.0","200.0","SUS PB 水切 焼付","5Y7/1 近似色","1","ｱｰｽ 内ﾜﾆｽ","2026/09/14","佐川急便","2026/09/14","","完成","岡","2026/09/08","製造"
"かごしま電工　川内★","九州工場","九州工場","2026/09/04","2026/09/04","26-J0124059-007-771","SE3020XCW","1.50","300.0","300.0","200.0","SUS PB 水切 焼付","5Y7/1 近似色","5","ｱｰｽ 内ﾜﾆｽ","2026/09/14","佐川急便","2026/09/14","","完成","岡","2026/09/08","製造"
"かごしま電工　川内★","九州工場","九州工場","2026/09/04","2026/09/04","26-J0124070-010-771","SE2020XCW","1.50","200.0","200.0","200.0","SUS PB 水切 焼付","2.5Y9/1 近似色","1","ｱｰｽ 内ﾜﾆｽ","2026/09/14","佐川急便","2026/09/14","","完成","岡","2026/09/08","製造"
"かごしま電工　川内★","九州工場","九州工場","2026/09/04","2026/09/04","26-J0124070-011-771","SE4030XCW","1.50","400.0","400.0","300.0","SUS PB 水切 焼付","2.5Y9/1 近似色","1","ｱｰｽ 内ﾜﾆｽ","2026/09/14","佐川急便","2026/09/14","","完成","岡","2026/09/08","製造"
"宮地電機　南予","九州工場","九州工場","2026/09/04","2026/09/04","26-J0124356-001-771","IP0000SC","1.60","350.0","350.0","150.0","鉄 PBﾄｸ 平 焼付","2.5Y9/1(近似色)","1","","2026/09/14","福山通運　九州発送","2026/09/14","","完成","岡","2026/09/09","製造"
"正和電材　佐世保★","九州工場","九州工場","2026/09/07","2026/09/07","26-J0125037-001-771","IC0000C","1.60","600.0","100.0","300.0","鉄 ｶﾊﾞｰ 焼付","2.5Y9/1 近似色","1","開口2-200ｘ100","2026/09/14","佐川急便","2026/09/14","","完成","森田","2026/09/09","製造"
"かごしま電工　南★","九州工場","九州工場","2026/09/07","2026/09/07","26-J0125140-001-771","SE2020WCW","1.50","200.0","200.0","200.0","SUS PB 被せ 焼付","2.5Y9/1 近似色","2","ｱｰｽ 内ﾜﾆｽ","2026/09/14","佐川急便","2026/09/14","","完成","岡","2026/09/08","製造"
"金城電気商会","九州工場","九州工場","2026/09/07","2026/09/07","26-J0125525-001-771","S02015XC","1.50","150.0","150.0","0.0","SUS ふた 焼付","2.5Y9/1","1","水切ふた","2026/09/11","イトカツ","2026/09/14","2026/09/11","完成","古川","2026/09/08","製造"
"かごしま電工　南★","九州工場","九州工場","2026/09/07","2026/09/07","26-J0125567-001-771","SE2020WCW","1.50","200.0","200.0","200.0","SUS PB 被せ 焼付","2.5Y9/1 近似色","6","ｱｰｽ 内ﾜﾆｽ","2026/09/14","佐川急便","2026/09/14","","完成","岡","2026/09/08","製造"
"東芝電材　鹿児島★","九州工場","九州工場","2026/09/07","2026/09/07","26-J0125578-001-771","SE2525XCW","1.50","250.0","250.0","250.0","SUS PB 水切 焼付","5Y7/1 近似色","3","ｱｰｽ 内ﾜﾆｽ","2026/09/14","佐川急便","2026/09/14","","完成","岡","2026/09/08","製造"
"かごしま電工　国分★","九州工場","九州工場","2026/09/07","2026/09/07","26-J0125722-001-771","BP2020SCW","1.60","200.0","200.0","200.0","国土 PB 平 焼付","2.5Y9/1 近似色","1","ｱｰｽ無  内ﾜﾆｽ","2026/09/14","佐川急便","2026/09/14","","完成","岡","2026/09/08","製造"
"カンサイ　熊本北★","九州工場","九州工場","2026/09/07","2026/09/07","26-J0126115-001-771","IP2020SC","1.60","200.0","200.0","200.0","鉄 PB 平 焼付","N9.5 近似色","5","","2026/09/14","佐川急便","2026/09/14","","完成","森田","2026/09/09","製造"
"山電　佐賀★","九州工場","九州工場","2026/09/07","2026/09/07","26-J0126134-001-771","IIP0000C","1.60","450.0","220.0","0.0","鉄 ﾌﾟﾚｰﾄ 焼付","N-90 近似色","2","枠形 M4ﾀｯﾌﾟx4 長穴x4","2026/09/14","佐川急便","2026/09/14","","完成","古川","2026/09/09","製造"
"ｹｲ･ｴｽ･ﾃﾞｰ　熊本★","九州工場","九州工場","2026/09/08","2026/09/08","26-J0126507-002-771","IE0000SC","1.60","700.0","700.0","400.0","鉄 PBﾄｸ 平 焼付","5Y7/1 近似色","1","ｱｰｽ","2026/09/14","福山通運　九州発送","2026/09/14","","完成","古川","2026/09/09","製造"
"ｹｲ･ｴｽ･ﾃﾞｰ　熊本★","九州工場","九州工場","2026/09/08","2026/09/08","26-J0126507-001-771","IE5030SC","1.60","500.0","500.0","300.0","鉄 PB 平 焼付","5Y7/1 近似色","1","ｱｰｽ","2026/09/14","福山通運　九州発送","2026/09/14","","完成","古川","2026/09/09","製造"
"ナミデン　福岡★","九州工場","九州工場","2026/09/08","2026/09/08","26-J0126720-001-771","DP1010SN","1.60","100.0","100.0","100.0","Sﾀﾞｲﾏ PB 平","","10","","2026/09/11","店頭渡し","2026/09/14","","完成","服部","2026/09/11","製造"
"南四国ﾅｼｮﾅﾙ　本社★","九州工場","九州工場","2026/09/08","2026/09/08","26-J0127031-001-771","IMK0000C","1.60","340.0","260.0","50.0","鉄 曲金物 焼付","N9.5(近似色)","4","穴加工ｱﾘ","2026/09/14","福山通運　九州発送","2026/09/14","","完成","古川","2026/09/10","製造"
"ｹｲ･ｴｽ･ﾃﾞｰ　鹿児島★","九州工場","九州工場","2026/09/08","2026/09/08","26-J0127125-001-771","BIP0000C","1.60","200.0","200.0","15.0","処理鋼板 ﾌﾟﾚｰﾄ 焼付","5Y7/1 近似色","2","WP蓋形状 穴加工","2026/09/14","佐川急便","2026/09/14","","完成","岡","2026/09/09","製造"
"カンサイ　甘木★","九州工場","九州工場","2026/09/08","2026/09/08","26-J0127251-002-771","IMK0000N","3.20","36.0","400.0","0.0","鉄 曲金物","","2","FB 曲げ加工","2026/09/14","佐川急便","2026/09/14","","完成","倉重","2026/09/14","製造"
"誠新産業　長崎★","九州工場","九州工場","2026/09/08","2026/09/08","26-J0127279-001-771","SC0000N","2.00","930.0","200.0","600.0","SUS ｶﾊﾞｰ","","1","平蓋穴加工　ツバ付き","2026/09/14","佐川急便","2026/09/14","","完成","服部","2026/09/14","製造"
"シンセイ　福山★","九州工場","九州工場","2026/09/08","2026/09/08","26-J0127306-001-771","DDC0000N","1.60","300.0","250.0","475.0","Sﾀﾞｲﾏ ﾀﾞｸﾄｶﾊﾞｰ","","1","平蓋 φ10x4","2026/09/14","福山通運　九州発送","2026/09/14","","完成","服部","2026/09/14","製造"
"三共電気　本社★","九州工場","九州工場","2026/09/08","2026/09/08","26-J0127343-001-771","SE3030XC","1.50","300.0","300.0","300.0","SUS PB 水切 焼付","2.5Y9/1 近似色","1","ｱｰｽ","2026/09/14","佐川急便","2026/09/14","","完成","岡","2026/09/10","製造"
"大洋電材　本社★","九州工場","九州工場","2026/09/09","2026/09/09","26-J0127652-001-771","SE0000XN","2.00","800.0","700.0","500.0","SUS PBﾄｸ 水切","","1","ｱｰｽ","2026/09/11","北九州配達","2026/09/14","","完成","樋口","2026/09/11","製造"
"ｹｲ･ｴｽ･ﾃﾞｰ　鹿児島★","九州工場","九州工場","2026/09/09","2026/09/09","26-J0127690-001-771","SE0000XNW","2.00","800.0","600.0","500.0","SUS PBﾄｸ 水切","","1","ｱｰｽ 内ﾜﾆｽ","2026/09/14","福山通運　九州発送","2026/09/14","","完成","倉重","2026/09/11","製造"
"ｹｲ･ｴｽ･ﾃﾞｰ　鹿児島★","九州工場","九州工場","2026/09/09","2026/09/09","26-J0127690-002-771","SE0000XNW","1.50","600.0","400.0","400.0","SUS PBﾄｸ 水切","","1","ｱｰｽ 内ﾜﾆｽ","2026/09/11","福山通運　九州発送","2026/09/14","","完成","倉重","2026/09/10","製造"
"ｹｲ･ｴｽ･ﾃﾞｰ　鹿児島★","九州工場","九州工場","2026/09/09","2026/09/09","26-J0127690-003-771","SE6040XNW","1.50","600.0","600.0","400.0","SUS PB 水切","","1","ｱｰｽ 内ﾜﾆｽ","2026/09/11","福山通運　九州発送","2026/09/14","","完成","倉重","2026/09/10","製造"
"カンサイ　福岡南★","九州工場","九州工場","2026/09/09","2026/09/09","26-J0127798-001-771","SP0000SN","1.50","300.0","200.0","300.0","SUS PBﾄｸ 平","","3","平蓋ｺﾞﾑﾊﾟｯｷﾝ付(両面蓋) 蓋面ﾌﾞﾗﾝｸ有り φ12x4","2026/09/11","ヤマックス福岡","2026/09/14","","ｷｬﾝｾﾙ","道上","2026/09/11","製造"
"米良電機　宮崎★","九州工場","九州工場","2026/09/09","2026/09/09","26-J0127854-001-771","IP0000SG","2.30","800.0","800.0","800.0","鉄 PBﾄｸ 平","","1","さび止め","2026/09/14","福山通運　九州発送","2026/09/14","","完成","倉重","2026/09/11","製造"
"山電　八幡","九州工場","九州工場","2026/09/09","2026/09/09","26-J0128156-001-771","SKM0000N","2.00","310.0","310.0","40.0","SUS 金物","","1","開口 穴加工","2026/09/11","北九州配達","2026/09/14","","完成","井上","2026/09/11","製造"
"カンサイ　福岡西★","九州工場","九州工場","2026/09/09","2026/09/09","26-J0128250-001-771","BE3530SG","1.60","350.0","350.0","300.0","国土 PB 平","","4","ｱｰｽ さび止め","2026/09/11","ヤマックス福岡","2026/09/14","","完成","倉重","2026/09/10","製造"
"ナミデン　山口★","九州工場","九州工場","2026/09/09","2026/09/09","26-J0128469-001-771","SP0000SN","1.60","480.0","340.0","50.0","SUS PBﾄｸ 平","","1","蓋無し穴加工","2026/09/14","福山通運　九州発送","2026/09/14","","ｷｬﾝｾﾙ","林(秀)","2026/09/14","製造"
"ナミデン　山口★","九州工場","九州工場","2026/09/09","2026/09/09","26-J0128469-003-771","IP0000SN","1.60","480.0","340.0","50.0","鉄 PBﾄｸ 平","","1","生地 蓋無し穴加工","2026/09/14","福山通運　九州発送","2026/09/14","","完成","倉重","2026/09/14","製造"
"カンサイ　筑豊★","九州工場","九州工場","2026/09/09","2026/09/09","26-J0128580-001-771","SP0000XN","1.50","300.0","300.0","200.0","SUS PBﾄｸ 水切","","4","ｱｰｽなし　底面ｾﾝﾀｰΦ175","2026/09/14","佐川急便","2026/09/14","","ｷｬﾝｾﾙ","ルアン","2026/09/14","製造"
"大洋電材　本社★","九州工場","九州工場","2026/09/09","2026/09/09","26-J0128634-001-771","SE0000XN","1.50","500.0","400.0","300.0","SUS PBﾄｸ 水切","","1","ｱｰｽ","2026/09/11","北九州配達","2026/09/14","","完成","樋口","2026/09/11","製造"
"山電　八幡","九州工場","九州工場","2026/09/10","2026/09/10","26-J0128720-001-771","II0000G","2.30","910.0","970.0","0.0","鉄 切板","","2","さび止め 穴無し","2026/09/11","北九州配達","2026/09/14","","完成","倉重","2026/09/10","製造"
"Q-mast　電気グル－プ★","九州工場","九州工場","2026/09/10","2026/09/10","26-J0128797-001-771","IG0000G","0.00","510.0","590.0","200.0","鉄 架台","","1","[100x50x5x7.5  さび止め  1階ﾊﾞｽﾀﾞｸﾄ EPS2","2026/09/11","ヤマックス　ｽﾎﾟｯﾄ便","2026/09/14","","完成","倉重","2026/09/10","製造"
"日本電設資材　福岡★","九州工場","九州工場","2026/09/10","2026/09/10","26-J0128850-001-771","IG0000G","0.00","2,500.0","700.0","0.0","鉄 架台","","1","L50x50x6 さび止め  ｹｰﾌﾞﾙﾗｯｸ用架台 1F高圧配管用","2026/09/11","ヤマックス　ｽﾎﾟｯﾄ便","2026/09/14","","完成","倉重","2026/09/10","製造"
"ナミデン　山口★","九州工場","九州工場","2026/09/10","2026/09/10","26-J0128893-001-771","SAI0000N","4.00","40.0","40.0","3,000.0","SUS ｱﾝｸﾞﾙ","","4","L40x40x4t","2026/09/14","福山通運　九州発送","2026/09/14","","完成","倉重","2026/09/14","製造"
"シンセイ　広島第一★","九州工場","九州工場","2026/09/10","2026/09/10","26-J0129010-001-771","BE6050WG","1.60","600.0","600.0","500.0","国土 PB 被せ","","1","ｱｰｽ さび止め","2026/09/14","福山通運　九州発送","2026/09/14","","完成","倉重","2026/09/11","製造"
"中西電機　観音寺★","九州工場","九州工場","2026/09/10","2026/09/10","26-J0129173-001-771","SC0000N","1.50","300.0","170.0","50.0","SUS ｶﾊﾞｰ","","1","R50x2","2026/09/14","福山通運　九州発送","2026/09/14","","完成","服部","2026/09/14","製造"
"中西電機　観音寺★","九州工場","九州工場","2026/09/10","2026/09/10","26-J0129173-002-771","SIP0000N","1.50","360.0","30.0","0.0","SUS ﾌﾟﾚｰﾄ","","1","穴加工ｱﾘ","2026/09/14","福山通運　九州発送","2026/09/14","","完成","倉重","2026/09/14","製造"
"かごしま電工　鹿屋★","九州工場","九州工場","2026/09/10","2026/09/10","26-J0129205-001-771","BF0000G","1.60","250.0","250.0","300.0","国土 裏BOX","","1","ｱｰｽ無し さび止め","2026/09/14","佐川急便","2026/09/14","","完成","服部","2026/09/11","製造"
"平岡電気　久留米★","九州工場","九州工場","2026/09/10","2026/09/10","26-J0129227-001-771","IP0000SG","1.60","300.0","300.0","300.0","鉄 PBﾄｸ 平","","1","開口x6 さび止め","2026/09/14","佐川急便","2026/09/14","","完成","倉重","2026/09/11","製造"
"日本電設資材　福岡★","九州工場","九州工場","2026/09/10","2026/09/10","26-J0129732-002-771","SAI0000N","0.00","50.0","50.0","250.0","SUS ｱﾝｸﾞﾙ","","3","穴加工　L50x50x6t　ピット耐震架台","2026/09/14","福山通運　九州発送","2026/09/14","","完成","服部","2026/09/14","製造"
"平岡電気　八女★","九州工場","九州工場","2026/09/10","2026/09/10","26-J0129750-001-771","SP0000XN","1.50","300.0","200.0","200.0","SUS PBﾄｸ 水切","","3","","2026/09/14","佐川急便","2026/09/14","","完成","服部","2026/09/14","製造"
"三和電気商会★","九州工場","九州工場","2026/09/10","2026/09/10","26-J0129809-001-771","IP0000SG","1.60","450.0","450.0","450.0","鉄 PBﾄｸ 平","","2","さび止め 蝶ﾋﾞｽ","2026/09/14","福山通運　九州発送","2026/09/14","","完成","倉重","2026/09/11","製造"
"ナミデン　広島★","九州工場","九州工場","2026/09/10","2026/09/10","26-J0129866-001-771","IP0000SG","1.60","250.0","150.0","150.0","鉄 PBﾄｸ 平","","2","さび止め","2026/09/14","佐川急便","2026/09/14","","完成","服部","2026/09/11","製造"
"かごしま電工　城南★","九州工場","九州工場","2026/09/11","2026/09/11","26-J0130136-002-771","DE6060WN","1.60","600.0","600.0","600.0","Sﾀﾞｲﾏ PB 被せ","","1","ｱｰｽ","2026/09/14","佐川急便","2026/09/14","","完成","服部","2026/09/14","製造"
"かごしま電工　城南★","九州工場","九州工場","2026/09/11","2026/09/11","26-J0130136-001-771","DE6050WN","1.60","600.0","600.0","500.0","Sﾀﾞｲﾏ PB 被せ","","1","ｱｰｽ","2026/09/14","佐川急便","2026/09/14","","完成","服部","2026/09/14","製造"
"三親電材　山口★","九州工場","九州工場","2026/09/11","2026/09/11","26-J0130218-001-771","BE3535SG","1.60","350.0","350.0","350.0","国土 PB 平","","1","ｱｰｽ さび止め","2026/09/14","佐川急便","2026/09/14","","完成","服部","2026/09/11","製造"
"宮地電機　高知","九州工場","九州工場","2026/09/11","2026/09/11","26-J0130230-001-771","SE0000XN","1.50","500.0","350.0","250.0","SUS PBﾄｸ 水切","","1","ｱｰｽ","2026/09/14","福山通運　九州発送","2026/09/14","","完成","服部","2026/09/14","製造"
"宮地電機　高知","九州工場","九州工場","2026/09/11","2026/09/11","26-J0130230-002-771","SE0000XN","1.50","300.0","200.0","200.0","SUS PBﾄｸ 水切","","1","ｱｰｽ","2026/09/14","福山通運　九州発送","2026/09/14","","完成","服部","2026/09/14","製造"
"木村電機　本社★","九州工場","九州工場","2026/09/11","2026/09/11","26-J0130260-001-771","IP0000SG","1.60","300.0","150.0","100.0","鉄 PBﾄｸ 平","","1","さび止め","2026/09/14","佐川急便","2026/09/14","","完成","服部","2026/09/11","製造"
"東芝電材　唐津★","九州工場","九州工場","2026/09/11","2026/09/11","26-J0130314-001-771","SE5020WN","1.50","500.0","500.0","200.0","SUS PB 被せ","","1","ｱｰｽ","2026/09/14","佐川急便","2026/09/14","","完成","服部","2026/09/14","製造"
"宮地電機　徳島","九州工場","九州工場","2026/09/11","2026/09/11","26-J0130368-001-771","SE0000WN","1.50","600.0","300.0","500.0","SUS PBﾄｸ 被せ","","1","ｱｰｽ","2026/09/14","福山通運　九州発送","2026/09/14","","完成","倉重","2026/09/14","製造"
"東芝電材　岡山★","九州工場","九州工場","2026/09/11","2026/09/11","26-J0130383-001-771","IF0000G","1.60","200.0","200.0","100.0","鉄 裏BOX","","1","さび止め　折り曲げなし(切りっぱなし)","2026/09/14","福山通運　九州発送","2026/09/14","","完成","倉重","2026/09/11","製造"
"平岡電気　久留米★","九州工場","九州工場","2026/09/11","2026/09/11","26-J0130497-001-771","DP2015SN","1.60","200.0","200.0","150.0","Sﾀﾞｲﾏ PB 平","","1","","2026/09/14","佐川急便","2026/09/14","","完成","服部","2026/09/14","製造"
"ｹｲ･ｴｽ･ﾃﾞｰ　鹿児島★","九州工場","九州工場","2026/09/11","2026/09/11","26-J0130630-001-771","IG0000N","4.00","390.0","150.0","150.0","鉄 架台","","1","門型L4x50 φ16 φ14x2 塗装用生地","2026/09/14","佐川急便","2026/09/14","","完成","倉重","2026/09/14","製造"
"東芝電材　大分★","九州工場","九州工場","2026/09/14","2026/09/14","26-J0131067-001-771","SE0000XN","1.50","100.0","80.0","100.0","SUS PBﾄｸ 水切","","2","ｱｰｽ","2026/09/14","佐川急便","2026/09/14","","完成","倉重","2026/09/14","製造"
"日本電設資材　久留米★","九州工場","九州工場","2026/09/14","2026/09/14","26-J0131592-001-771","S02015XN","1.50","150.0","150.0","0.0","SUS ふた","","2","水切ふた 国土ｼｰﾙ付","2026/09/14","佐川急便","2026/09/14","","ｷｬﾝｾﾙ","林(秀)","2026/09/14","製造"
"ナミデン　福岡★","九州工場","九州工場","2026/08/31","2026/08/31","26-J0120284-009-771","ZTG0000","0.00","800.0","450.0","0.0","ZN 耐震架台","","1","/250 L65x65x6　ﾀﾞｸﾄ取付用 F","2026/09/14","チャーター便","2026/09/15","","完成","倉重","2026/09/04","製造"
"ナミデン　福岡★","九州工場","九州工場","2026/08/31","2026/08/31","26-J0120284-004-771","ZTG0000","0.00","800.0","380.0","0.0","ZN 耐震架台","","3","L65x65x6　ﾀﾞｸﾄ取付用 A","2026/09/14","チャーター便","2026/09/15","","完成","倉重","2026/09/04","製造"
"ナミデン　福岡★","九州工場","九州工場","2026/08/31","2026/08/31","26-J0120284-005-771","ZTG0000","0.00","800.0","210.0","0.0","ZN 耐震架台","","2","L65x65x6　ﾀﾞｸﾄ取付用 B","2026/09/14","チャーター便","2026/09/15","","完成","倉重","2026/09/04","製造"
"ナミデン　福岡★","九州工場","九州工場","2026/08/31","2026/08/31","26-J0120284-006-771","ZTG0000","0.00","800.0","280.0","0.0","ZN 耐震架台","","2","L65x65x6　ﾀﾞｸﾄ取付用 C","2026/09/14","チャーター便","2026/09/15","","完成","倉重","2026/09/04","製造"
"ナミデン　福岡★","九州工場","九州工場","2026/08/31","2026/08/31","26-J0120284-003-771","ZC0000","3.20","1,320.0","850.0","900.0","ZN ｶﾊﾞｰ","","1","ﾌｰﾄﾞｶﾊﾞｰ","2026/09/14","チャーター便","2026/09/15","","完成","倉重","2026/09/04","製造"
"ナミデン　福岡★","九州工場","九州工場","2026/08/31","2026/08/31","26-J0120284-002-771","ZC0000","3.20","890.0","1,300.0","500.0","ZN ｶﾊﾞｰ","","1","止水ｶﾊﾞｰ","2026/09/14","チャーター便","2026/09/15","","完成","倉重","2026/09/08","製造"
"ナミデン　福岡★","九州工場","九州工場","2026/08/31","2026/08/31","26-J0120284-007-771","ZTG0000","0.00","800.0","250.0","0.0","ZN 耐震架台","","1","L65x65x6　ﾀﾞｸﾄ取付用 D","2026/09/14","チャーター便","2026/09/15","","完成","倉重","2026/09/04","製造"
"ナミデン　福岡★","九州工場","九州工場","2026/08/31","2026/08/31","26-J0120284-008-771","ZTG0000","0.00","900.0","450.0","0.0","ZN 耐震架台","","1","/250 L65x65x6　ﾀﾞｸﾄ取付用 E","2026/09/14","チャーター便","2026/09/15","","完成","倉重","2026/09/04","製造"
"ナミデン　福岡★","九州工場","九州工場","2026/08/31","2026/08/31","26-J0120284-001-771","ZD0000","3.20","600.0","350.0","26,520.0","ZN ﾀﾞｸﾄ","","1","/3280　被せ防水型","2026/09/14","チャーター便","2026/09/15","","完成","倉重","2026/09/04","製造"
"平岡電気　久留米★","九州工場","九州工場","2026/09/01","2026/09/01","26-J0121673-001-771","ZG0000","0.00","500.0","300.0","300.0","ZN 架台","","1","L-50X50X6t　FB6.0t 50W","2026/09/15","佐川急便","2026/09/15","","完成","倉重","2026/09/07","製造"
"アサヒ　宜野湾","九州工場","九州工場","2026/09/03","2026/09/03","26-J0122840-001-771","SE0000XC","2.00","700.0","700.0","500.0","SUS PBﾄｸ 水切 焼付","2.5Y9/1","1","ｱｰｽ","2026/09/09","イトカツ","2026/09/15","2026/09/09","完成","古川","2026/09/04","製造"
"新光産業　中部","九州工場","九州工場","2026/09/03","2026/09/03","26-J0122996-001-771","SE0000XC","1.50","600.0","600.0","350.0","SUS PBﾄｸ 水切 焼付","2.5Y9/1","1","ｱｰｽ","2026/09/09","イトカツ","2026/09/15","2026/09/09","完成","古川","2026/09/04","製造"
"イシグロ　福岡★","九州工場","九州工場","2026/09/03","2026/09/03","26-J0123318-003-771","IG0000C","0.00","1,050.0","920.0","850.0","鉄 架台 焼付","N7.0 近似色","6","BF架台","2026/09/15","チャーター便","2026/09/15","","完成","古川","2026/09/07","製造"
"アサヒ　中部","九州工場","九州工場","2026/09/03","2026/09/03","26-J0123888-001-771","IE1510SC","1.60","150.0","150.0","100.0","鉄 PB 平 焼付","N5.5","5","ｱｰｽ","2026/09/10","イトカツ","2026/09/15","2026/09/10","完成","古川","2026/09/07","製造"
"アサヒ　中部","九州工場","九州工場","2026/09/03","2026/09/03","26-J0123888-002-771","IE3020SC","1.60","300.0","300.0","200.0","鉄 PB 平 焼付","N5.5","1","ｱｰｽ","2026/09/10","イトカツ","2026/09/15","2026/09/10","完成","古川","2026/09/07","製造"
"日新電器産業　南部","九州工場","九州工場","2026/09/03","2026/09/03","26-J0123965-001-771","SE0000XC","2.00","700.0","400.0","400.0","SUS PBﾄｸ 水切 焼付","2.5Y9/1","1","ｱｰｽ","2026/09/09","イトカツ","2026/09/15","2026/09/09","完成","古川","2026/09/07","製造"
"アサヒ　中部","九州工場","九州工場","2026/09/03","2026/09/03","26-J0123980-001-771","SE1510WC","1.50","150.0","150.0","100.0","SUS PB 被せ 焼付","2.5Y9/1","10","ｱｰｽ","2026/09/10","イトカツ","2026/09/15","2026/09/10","完成","古川","2026/09/07","製造"
"アサヒ　中部","九州工場","九州工場","2026/09/03","2026/09/03","26-J0123981-001-771","SE1510WC","1.50","150.0","150.0","100.0","SUS PB 被せ 焼付","2.5Y9/1","10","ｱｰｽ","2026/09/11","イトカツ","2026/09/15","2026/09/11","完成","岡","2026/09/08","製造"
"カンサイ九州昭和　北九州★","九州工場","九州工場","2026/09/03","2026/09/03","26-J0123982-001-771","SDC0000C","1.50","1,000.0","200.0","870.0","SUS ﾀﾞｸﾄｶﾊﾞｰ 焼付","2.5Y9/1 近似色","1","平蓋","2026/09/14","北九州配達","2026/09/15","","完成","古川","2026/09/09","製造"
"かごしま電工　川内★","九州工場","九州工場","2026/09/04","2026/09/04","26-J0124079-008-771","SE5050XCW","1.50","500.0","500.0","500.0","SUS PB 水切 焼付","5Y7/1 近似色","1","ｱｰｽ 内ﾜﾆｽ","2026/09/15","福山通運　九州発送","2026/09/15","","完成","古川","2026/09/09","製造"
"かごしま電工　川内★","九州工場","九州工場","2026/09/04","2026/09/04","26-J0124079-009-771","SE6050XCW","1.50","600.0","600.0","500.0","SUS PB 水切 焼付","5Y7/1 近似色","3","ｱｰｽ 内ﾜﾆｽ","2026/09/15","福山通運　九州発送","2026/09/15","","完成","岡","2026/09/09","製造"
"三親電材　山口★","九州工場","九州工場","2026/09/04","2026/09/04","26-J0124790-001-771","ZP3030X2","2.30","300.0","300.0","300.0","ZN PB 水切","","2","","2026/09/15","福山通運　九州発送","2026/09/15","","完成","倉重","2026/09/08","製造"
"宮地電機　高松","九州工場","九州工場","2026/09/07","2026/09/07","26-J0125457-001-771","IKM0000C","1.60","190.0","30.0","100.0","鉄 金物 焼付","N9.3(近似色)","10","2分割･穴加工ｱﾘ","2026/09/15","福山通運　九州発送","2026/09/15","","完成","古川","2026/09/10","製造"
"アサヒ　中部","九州工場","九州工場","2026/09/07","2026/09/07","26-J0125565-001-771","SE0000XC","1.50","500.0","200.0","200.0","SUS PBﾄｸ 水切 焼付","2.5Y9/1","1","ｱｰｽ","2026/09/11","イトカツ","2026/09/15","2026/09/11","完成","古川","2026/09/08","製造"
"かごしま電工　川内★","九州工場","九州工場","2026/09/07","2026/09/07","26-J0125825-001-771","ZP3015X2","2.30","300.0","300.0","150.0","ZN PB 水切","","2","","2026/09/15","佐川急便","2026/09/15","","完成","倉重","2026/09/08","製造"
"東芝電材　小倉★","九州工場","九州工場","2026/09/07","2026/09/07","26-J0125883-001-771","DC0000N","2.30","1,500.0","710.0","600.0","Sﾀﾞｲﾏ ｶﾊﾞｰ","","2","ﾌｰﾄﾞﾎﾞｯｸｽ","2026/09/14","営業配達","2026/09/15","","完成","森田","2026/09/14","製造"
"アサヒ　宜野湾","九州工場","九州工場","2026/09/07","2026/09/07","26-J0126310-001-771","BE6040SC","1.60","600.0","600.0","400.0","国土 PB 平 焼付","2.5Y9/1","1","ｱｰｽ","2026/09/11","イトカツ","2026/09/15","2026/09/11","完成","古川","2026/09/09","製造"
"山電　八幡","九州工場","九州工場","2026/09/08","2026/09/08","26-J0126569-001-771","BE4040SC","1.60","400.0","400.0","400.0","国土 PB 平 焼付","5Y7/1 近似色","1","ｱｰｽ","2026/09/14","北九州配達","2026/09/15","","完成","古川","2026/09/09","製造"
"ナミデン　福岡★","九州工場","九州工場","2026/09/08","2026/09/08","26-J0126780-001-771","DP1010SN","1.60","100.0","100.0","100.0","Sﾀﾞｲﾏ PB 平","","10","","2026/09/14","ヤマックス福岡","2026/09/15","","完成","服部","2026/09/14","製造"
"シンセイ　広島第二★","九州工場","九州工場","2026/09/08","2026/09/08","26-J0126885-001-771","IE0000SG","2.30","1,000.0","450.0","400.0","鉄 PBﾄｸ 平","","1","ｱｰｽ 蓋2分割 丸鋼溶接 さび止め","2026/09/14","福山通運　九州発送","2026/09/15","","完成","古川","2026/09/11","製造"
"三親電材　水島★","九州工場","九州工場","2026/09/08","2026/09/08","26-J0126997-001-771","IP0000SC","1.60","500.0","400.0","272.0","鉄 PBﾄｸ 平 焼付","5Y7/1(近似色)","1","ｱﾝｸﾞﾙ補強･開口･穴加工ｱﾘ","2026/09/15","福山通運　九州発送","2026/09/15","","完成","岡","2026/09/11","製造"
"宮地電機　徳島","九州工場","九州工場","2026/09/08","2026/09/08","26-J0127216-004-771","BE3030SC","1.60","300.0","300.0","300.0","国土 PB 平 焼付","2.5Y9/1(近似色)","1","ｱｰｽ","2026/09/15","福山通運　九州発送","2026/09/15","","完成","岡","2026/09/10","製造"
"佐野電機工業","九州工場","九州工場","2026/09/08","2026/09/08","26-J0127254-001-771","IDC0000C","1.60","500.0","160.0","615.0","鉄 ﾀﾞｸﾄｶﾊﾞｰ 焼付","ｶﾜﾑﾗ2.5Y9/1(近似色)","1","","2026/09/15","福山通運　九州発送","2026/09/15","","完成","古川","2026/09/11","製造"
"宮地電機　高松","九州工場","九州工場","2026/09/08","2026/09/08","26-J0127348-001-771","DD0000N","1.60","600.0","600.0","650.0","Sﾀﾞｲﾏ ﾀﾞｸﾄ","","1","SUSﾒｯｼｭ付","2026/09/15","福山通運　九州発送","2026/09/15","","完成","服部","2026/09/14","製造"
"平岡電気　城南★","九州工場","九州工場","2026/09/08","2026/09/08","26-J0127465-001-771","IIP0000C","1.60","380.0","150.0","0.0","鉄 ﾌﾟﾚｰﾄ 焼付","2.5Y9/1 近似色","2","φ5x4","2026/09/14","ヤマックス福岡","2026/09/15","","完成","樋口","2026/09/09","製造"
"ナミデン　岡山★","九州工場","九州工場","2026/09/09","2026/09/09","26-J0127683-001-771","SP0000XN","2.00","900.0","500.0","250.0","SUS PBﾄｸ 水切","","2","","2026/09/15","福山通運　九州発送","2026/09/15","","完成","倉重","2026/09/15","製造"
"カンサイ　八幡★","九州工場","九州工場","2026/09/09","2026/09/09","26-J0127830-001-771","SG0000N","6.00","650.0","480.0","220.0","SUS 架台","","1","SUS-L50x50x6t 縞鋼板t4.5-BTNT止 足PL5t溶接 4-φ12","2026/09/14","北九州配達","2026/09/15","","完成","倉重","2026/09/14","製造"
"東芝電材　都城★","九州工場","九州工場","2026/09/09","2026/09/09","26-J0127885-001-771","SMK0000N","1.50","150.0","30.0","20.0","SUS 曲金物","","20","L型金具 2-φ9","2026/09/15","佐川急便","2026/09/15","","完成","倉重","2026/09/15","製造"
"佐野電機工業","九州工場","九州工場","2026/09/09","2026/09/09","26-J0127943-001-771","BE3030SC","1.60","300.0","300.0","300.0","国土 PB 平 焼付","2.5Y9/1(近似色)","2","ｱｰｽ","2026/09/15","福山通運　九州発送","2026/09/15","","完成","岡","2026/09/10","製造"
"米良電機　延岡★","九州工場","九州工場","2026/09/09","2026/09/09","26-J0128048-001-771","SE4040XC","1.50","400.0","400.0","400.0","SUS PB 水切 焼付","2.5Y9/1 近似色","1","ｱｰｽ","2026/09/15","佐川急便","2026/09/15","","完成","岡","2026/09/10","製造"
"ｹｲ･ｴｽ･ﾃﾞｰ　鹿児島★","九州工場","九州工場","2026/09/09","2026/09/09","26-J0128064-001-771","SKM0000C","1.50","40.0","30.0","2,500.0","SUS 金物 焼付","N1 近似色","2","SHLD1","2026/09/15","佐川急便","2026/09/15","","完成","古川","2026/09/10","製造"
"三永興産★","九州工場","九州工場","2026/09/09","2026/09/09","26-J0128277-001-771","SPS1500","6.00","250.0","250.0","1,500.0","SUS ﾊﾟｲﾌﾟｽﾀﾝｼｮﾝ","","1","H=1500 SUS304","2026/09/15","福山通運　九州発送","2026/09/15","","完成","倉重","2026/09/15","製造"
"東芝電材　川内★","九州工場","九州工場","2026/09/09","2026/09/09","26-J0128602-001-771","IIP0000C","1.60","300.0","200.0","0.0","鉄 ﾌﾟﾚｰﾄ 焼付","2.5Y9/1 近似色","2","φ10x4 φ8x4","2026/09/15","佐川急便","2026/09/15","","完成","古川","2026/09/10","製造"
"東芝電材　唐津★","九州工場","九州工場","2026/09/10","2026/09/10","26-J0128771-001-771","IKM0000C","1.60","30.0","45.0","520.0","鉄 金物 焼付","2.5Y9/1 近似色","1","曲げ金物","2026/09/15","佐川急便","2026/09/15","","完成","古川","2026/09/10","製造"
"平岡電気　福岡東★","九州工場","九州工場","2026/09/10","2026/09/10","26-J0128776-001-771","DC0000N","1.60","850.0","420.0","505.0","Sﾀﾞｲﾏ ｶﾊﾞｰ","","1","平蓋ﾊﾟｯｷﾝ付　背面ﾊﾟｯｷﾝ付","2026/09/15","佐川急便","2026/09/15","","ｷｬﾝｾﾙ","林(秀)","2026/09/15","製造"
"イシグロ　佐世保★","九州工場","九州工場","2026/09/10","2026/09/10","26-J0128967-001-771","IG0000N","0.00","1,100.0","900.0","1,800.0","鉄 架台","","1","生地 バラ L75x75x6t FB6t PL6t","2026/09/15","福山通運　九州発送","2026/09/15","","完成","倉重","2026/09/15","製造"
"ナミデン　岡山★","九州工場","九州工場","2026/09/10","2026/09/10","26-J0129082-001-771","SE0000XN","1.50","300.0","200.0","300.0","SUS PBﾄｸ 水切","","1","ｱｰｽ(位置指定)","2026/09/15","福山通運　九州発送","2026/09/15","","完成","服部","2026/09/15","製造"
"古西電機　本社★","九州工場","九州工場","2026/09/10","2026/09/10","26-J0129086-003-771","IAI0000G","0.00","0.0","0.0","2,750.0","鉄 ｱﾝｸﾞﾙ","","2","さび止め 5txL40","2026/09/15","福山通運　九州発送","2026/09/15","","完成","樋口","2026/09/14","製造"
"古西電機　本社★","九州工場","九州工場","2026/09/10","2026/09/10","26-J0129086-006-771","ICI0000G","0.00","0.0","0.0","2,750.0","鉄 ﾁｬﾝﾈﾙ","","2","さび止め [100x50","2026/09/15","福山通運　九州発送","2026/09/15","","完成","樋口","2026/09/14","製造"
"古西電機　本社★","九州工場","九州工場","2026/09/10","2026/09/10","26-J0129086-002-771","ICI0000G","0.00","0.0","0.0","2,750.0","鉄 ﾁｬﾝﾈﾙ","","2","さび止め [75x40","2026/09/15","福山通運　九州発送","2026/09/15","","完成","樋口","2026/09/14","製造"
"古西電機　本社★","九州工場","九州工場","2026/09/10","2026/09/10","26-J0129086-004-771","IAI0000G","0.00","0.0","0.0","2,750.0","鉄 ｱﾝｸﾞﾙ","","2","さび止め 6txL50","2026/09/15","福山通運　九州発送","2026/09/15","","完成","樋口","2026/09/14","製造"
"カンサイ　熊本北★","九州工場","九州工場","2026/09/10","2026/09/10","26-J0129112-001-771","SE0000XN","1.50","500.0","600.0","250.0","SUS PBﾄｸ 水切","","1","ｱｰｽ　脱落防止化粧ねじ  PB-9","2026/09/15","佐川急便","2026/09/15","","完成","倉重","2026/09/15","製造"
"富士商会★","九州工場","九州工場","2026/09/10","2026/09/10","26-J0129138-001-771","II0000G","1.60","1,500.0","750.0","0.0","鉄 切板","","2","さび止め","2026/09/15","福山通運　九州発送","2026/09/15","","完成","倉重","2026/09/14","製造"
"かごしま電工　鹿屋★","九州工場","九州工場","2026/09/10","2026/09/10","26-J0129195-001-771","BP3535SC","1.60","350.0","350.0","350.0","国土 PB 平 焼付","2.5Y9/1 近似色","1","ｱｰｽ無","2026/09/15","佐川急便","2026/09/15","","完成","岡","2026/09/11","製造"
"かごしま電工　鹿屋★","九州工場","九州工場","2026/09/10","2026/09/10","26-J0129220-002-771","BP3020SC","1.60","300.0","300.0","200.0","国土 PB 平 焼付","2.5Y9/1 近似色","1","ｱｰｽ無","2026/09/15","佐川急便","2026/09/15","","完成","岡","2026/09/11","製造"
"かごしま電工　鹿屋★","九州工場","九州工場","2026/09/10","2026/09/10","26-J0129220-004-771","BP3030SC","1.60","300.0","300.0","300.0","国土 PB 平 焼付","2.5Y9/1 近似色","1","ｱｰｽ無","2026/09/15","佐川急便","2026/09/15","","完成","岡","2026/09/11","製造"
"かごしま電工　鹿屋★","九州工場","九州工場","2026/09/10","2026/09/10","26-J0129220-001-771","BP3535SC","1.60","350.0","350.0","350.0","国土 PB 平 焼付","2.5Y9/1 近似色","3","ｱｰｽ無","2026/09/16","佐川急便","2026/09/15","","ｷｬﾝｾﾙ","フイ","2026/09/11","製造"
"林電材★","九州工場","九州工場","2026/09/10","2026/09/10","26-J0129405-001-771","DE5050WN","1.60","500.0","500.0","500.0","Sﾀﾞｲﾏ PB 被せ","","1","ｱｰｽ","2026/09/14","北九州配達","2026/09/15","","完成","服部","2026/09/14","製造"
"日本電設資材　福岡★","九州工場","九州工場","2026/09/10","2026/09/10","26-J0129508-001-771","DP1515WN","1.60","150.0","150.0","150.0","Sﾀﾞｲﾏ PB 被せ","","1","","2026/09/14","ヤマックス福岡","2026/09/15","","完成","服部","2026/09/14","製造"
"ウチダ★","九州工場","九州工場","2026/09/10","2026/09/10","26-J0129817-001-771","IP4040WG","1.60","400.0","400.0","400.0","鉄 PB 被せ","","2","さび止め","2026/09/15","福山通運　九州発送","2026/09/15","","完成","倉重","2026/09/14","製造"
"シンセイ　広島第二★","九州工場","九州工場","2026/09/10","2026/09/10","26-J0129843-002-771","BE0000SN","1.60","200.0","200.0","200.0","国土 PBﾄｸ 平","","15","ｱｰｽ  焼付用生地  ｴｻﾉﾝ梱包  国土ｼｰﾙ別入れ","2026/09/15","福山通運　九州発送","2026/09/15","","完成","倉重","2026/09/15","製造"
"カンサイ　苅田★","九州工場","九州工場","2026/09/10","2026/09/10","26-J0129869-002-771","BE5020SG","1.60","500.0","500.0","200.0","国土 PB 平","","1","ｱｰｽ さび止め","2026/09/15","佐川急便","2026/09/15","","完成","古川","2026/09/14","製造"
"カンサイ　苅田★","九州工場","九州工場","2026/09/10","2026/09/10","26-J0129869-001-771","BE6060SG","1.60","600.0","600.0","600.0","国土 PB 平","","1","ｱｰｽ さび止め","2026/09/15","佐川急便","2026/09/15","","完成","服部","2026/09/14","製造"
"かごしま電工　鹿屋★","九州工場","九州工場","2026/09/11","2026/09/11","26-J0129920-001-771","BP3530SC","1.60","350.0","350.0","300.0","国土 PB 平 焼付","2.5Y9/1 近似色","3","ｱｰｽ無","2026/09/15","佐川急便","2026/09/15","","完成","岡","2026/09/14","製造"
"ウチダ★","九州工場","九州工場","2026/09/11","2026/09/11","26-J0130119-001-771","IP0000SG","1.60","400.0","400.0","150.0","鉄 PBﾄｸ 平","","2","さび止め","2026/09/15","福山通運　九州発送","2026/09/15","","ｷｬﾝｾﾙ","志田","2026/09/14","製造"
"カンサイ　筑豊★","九州工場","九州工場","2026/09/11","2026/09/11","26-J0130331-001-771","SP0000XN","1.50","300.0","300.0","200.0","SUS PBﾄｸ 水切","","4","ｱｰｽなし　底面ｾﾝﾀｰΦ175","2026/09/15","佐川急便","2026/09/15","","完成","井上","2026/09/15","製造"
"ナミデン　熊本★","九州工場","九州工場","2026/09/11","2026/09/11","26-J0130473-001-771","BIP0000G","1.60","301.0","301.0","0.0","処理鋼板 ﾌﾟﾚｰﾄ","","3","開口 さび止め","2026/09/15","佐川急便","2026/09/15","","完成","服部","2026/09/14","製造"
"かごしま電工　出水★","九州工場","九州工場","2026/09/11","2026/09/11","26-J0130496-001-771","SE2010XNW","1.50","200.0","200.0","100.0","SUS PB 水切","","1","ｱｰｽ 内ﾜﾆｽ","2026/09/15","佐川急便","2026/09/15","","完成","倉重","","加工"
"五光電機　諫早★","九州工場","九州工場","2026/09/11","2026/09/11","26-J0130692-001-771","IP3520SG","1.60","350.0","350.0","200.0","鉄 PB 平","","1","さび止め","2026/09/15","佐川急便","2026/09/15","","完成","坂元","2026/09/14","製造"
"栗田電機　松山★","九州工場","九州工場","2026/09/11","2026/09/11","26-J0130816-001-771","SP0000WN","1.50","300.0","250.0","100.0","SUS PBﾄｸ 被せ","","1","開口･穴加工ｱﾘ","2026/09/15","福山通運　九州発送","2026/09/15","","完成","井上","2026/09/15","製造"
"栗田電機　松山★","九州工場","九州工場","2026/09/11","2026/09/11","26-J0130975-001-771","SMK0000N","1.50","150.0","150.0","100.0","SUS 曲金物","","1","/20 穴加工ｱﾘ","2026/09/15","福山通運　九州発送","2026/09/15","","完成","服部","2026/09/15","製造"
"三親電材　東広島★","九州工場","九州工場","2026/09/14","2026/09/14","26-J0131166-001-771","IP3535SG","1.60","350.0","350.0","350.0","鉄 PB 平","","1","さび止め","2026/09/15","福山通運　九州発送","2026/09/15","","完成","古川","2026/09/14","製造"
"ナミデン　福岡★","九州工場","九州工場","2026/09/14","2026/09/14","26-J0131179-001-771","IE3010SG","1.60","300.0","300.0","100.0","鉄 PB 平","","1","ｱｰｽ さび止め","2026/09/14","ヤマックス福岡","2026/09/15","","完成","服部","","加工"
"栗田電機　松山★","九州工場","九州工場","2026/09/14","2026/09/14","26-J0131300-001-771","BE2010XG","1.60","200.0","200.0","100.0","国土 PB 水切","","3","ｱｰｽ さび止め","2026/09/15","福山通運　九州発送","2026/09/15","","完成","服部","2026/09/14","製造"
"八州電気工業　岡山★","九州工場","九州工場","2026/09/14","2026/09/14","26-J0131388-001-771","SIP0000N","1.50","400.0","300.0","0.0","SUS ﾌﾟﾚｰﾄ","","1","穴加工ｱﾘ","2026/09/15","福山通運　九州発送","2026/09/15","","完成","倉重","2026/09/15","製造"
"三親電材　山口★","九州工場","九州工場","2026/09/14","2026/09/14","26-J0131442-001-771","SP6060SNP","1.50","600.0","600.0","600.0","SUS PB 平","","1","ｺﾞﾑﾊﾟｯｷﾝ付","2026/09/15","佐川急便","2026/09/15","","完成","倉重","2026/09/15","製造"
"栗田電機　今治★","九州工場","九州工場","2026/09/14","2026/09/14","26-J0131452-001-771","SE0000XN","1.50","450.0","450.0","300.0","SUS PBﾄｸ 水切","","1","ｱｰｽ","2026/09/15","福山通運　九州発送","2026/09/15","","完成","井上","2026/09/15","製造"
"ハッピー電気　八代★","九州工場","九州工場","2026/09/14","2026/09/14","26-J0131469-001-771","SE0000XN","1.50","300.0","300.0","200.0","SUS PBﾄｸ 水切","","1","ｱｰｽ セパ付き（センター）","2026/09/15","佐川急便","2026/09/15","","完成","井上","2026/09/15","製造"
"東芝電材　八代★","九州工場","九州工場","2026/09/14","2026/09/14","26-J0131477-001-771","SP0000WN","1.50","180.0","130.0","50.0","SUS PBﾄｸ 被せ","","1","","2026/09/15","佐川急便","2026/09/15","","完成","服部","2026/09/15","製造"
"シンセイ　福山★","九州工場","九州工場","2026/09/14","2026/09/14","26-J0131501-002-771","DIP0000N","2.30","1,490.0","500.0","0.0","Sﾀﾞｲﾏ ﾌﾟﾚｰﾄ","","2","穴無し ｺｰﾅｰR4","2026/09/15","福山通運　九州発送","2026/09/15","","完成","井上","2026/09/15","製造"
"宮地電機　高松","九州工場","九州工場","2026/09/14","2026/09/14","26-J0131571-001-771","BE6050SG","1.60","600.0","600.0","500.0","国土 PB 平","","1","ｱｰｽ さび止め","2026/09/15","福山通運　九州発送","2026/09/15","","完成","倉重","2026/09/14","製造"
"イシグロ　鹿児島★","九州工場","九州工場","2026/09/14","2026/09/14","26-J0131861-001-771","30PLA","0.00","0.0","0.0","0.0","補修塗料 筆付","","1","ﾌﾟﾗ30ml 錆止めｸﾞﾚｰ","2026/09/15","福山通運　九州発送","2026/09/15","","完成","服部","","製造"
"ナミデン　山口★","九州工場","九州工場","2026/09/14","2026/09/14","26-J0131899-001-771","SAI0000N","4.00","50.0","50.0","3,000.0","SUS ｱﾝｸﾞﾙ","","1","L50x50x4t","2026/09/15","福山通運　九州発送","2026/09/15","","完成","井上","2026/09/15","製造"
"中国機材設備　本社★","九州工場","九州工場","2026/09/14","2026/09/14","26-J0131979-001-771","SE4030SN","1.50","400.0","400.0","300.0","SUS PB 平","","2","ｱｰｽ","2026/09/15","佐川急便","2026/09/15","","完成","井上","2026/09/15","製造"
"デンザイ東亜　本社★","九州工場","九州工場","2026/09/15","2026/09/15","26-J0132876-001-771","SP0000WN","1.50","300.0","200.0","100.0","SUS PBﾄｸ 被せ","","1","","2026/09/15","佐川急便","2026/09/15","","完成","井上","2026/09/15","製造"
"かごしま電工　南★","九州工場","九州工場","2026/08/20","2026/08/20","26-J0111380-001-771","IE6050SGW","1.60","600.0","600.0","500.0","鉄 PB 平","","2","ｱｰｽ さび止め 内ﾜﾆｽ","2026/09/11","佐川急便","2026/09/16","","完成","倉重","2026/09/07","製造"
"かごしま電工　南★","九州工場","九州工場","2026/08/20","2026/08/20","26-J0111388-003-771","DE6050WNW","1.60","600.0","600.0","500.0","Sﾀﾞｲﾏ PB 被せ","","1","ｱｰｽ 内ﾜﾆｽ","2026/09/11","佐川急便","2026/09/16","","完成","服部","2026/09/07","製造"
"ナミデン　広島★","九州工場","九州工場","2026/08/24","2026/08/24","26-J0113710-005-771","IG0000G","6.00","580.0","500.0","50.0","鉄 架台","","16","さび止め L50×50×6t　5-長穴加工　ベース部6t","2026/09/16","福山通運　九州発送","2026/09/16","","完成","倉重","2026/09/09","製造"
"ナミデン　広島★","九州工場","九州工場","2026/08/24","2026/08/24","26-J0113710-006-771","IG0000G","6.00","440.0","500.0","50.0","鉄 架台","","6","さび止め L50×50×6t　5-長穴加工　ベース部6t","2026/09/16","福山通運　九州発送","2026/09/16","","完成","倉重","2026/09/09","製造"
"ナミデン　広島★","九州工場","九州工場","2026/08/24","2026/08/24","26-J0113710-007-771","IG0000G","6.00","440.0","500.0","50.0","鉄 架台","","6","さび止め L50×50×6t　9-長穴加工　ベース部6t","2026/09/16","福山通運　九州発送","2026/09/16","","完成","倉重","2026/09/09","製造"
"Q-mast　電気グル－プ★","九州工場","九州工場","2026/08/24","2026/08/24","26-J0114463-001-771","SP0000SN","1.50","325.0","325.0","50.0","SUS PBﾄｸ 平","N9.5 近似色","18","誘導灯取付ﾎﾞｯｸｽ　穴加工　重耐塩塗装","2026/09/15","ヤマックス　ｽﾎﾟｯﾄ便","2026/09/16","","完成","岡","2026/08/28","製造"
"日本電設資材　福岡★","九州工場","九州工場","2026/08/27","2026/08/27","26-J0118131-001-771","IKW0000G","0.00","800.0","200.0","350.0","鉄 貫通枠","","2","さび止め 穴加工　平蓋　C100x50溶接","2026/09/15","ヤマックス福岡","2026/09/16","","完成","倉重","2026/09/10","製造"
"東芝電材　佐賀★","九州工場","九州工場","2026/09/01","2026/09/01","26-J0121310-001-771","SD0000N","2.00","1,030.0","300.0","3,220.0","SUS ﾀﾞｸﾄ","","1","/900 被せ蓋３分割　ケーブル支持セパ","2026/09/16","福山通運　九州発送","2026/09/16","","完成","坂元","2026/09/16","製造"
"平岡電気　久留米★","九州工場","九州工場","2026/09/02","2026/09/02","26-J0121987-002-771","ZG0000","0.00","300.0","250.0","250.0","ZN 架台","","8","L40x40x3t 穴加工","2026/09/16","福山通運　九州発送","2026/09/16","","完成","金光","2026/09/08","製造"
"平岡電気　久留米★","九州工場","九州工場","2026/09/02","2026/09/02","26-J0121987-001-771","ZG0000","0.00","300.0","300.0","850.0","ZN 架台","","4","L40x40x3t 穴加工","2026/09/16","福山通運　九州発送","2026/09/16","","完成","金光","2026/09/08","製造"
"イシグロ　鹿児島★","九州工場","九州工場","2026/09/02","2026/09/02","26-J0122447-001-771","ZG0000","0.00","990.0","81.0","2,940.0","ZN 架台","","1","SS-C-5x40x75　SPHC-6t","2026/09/16","福山通運　九州発送","2026/09/16","","完成","金光","2026/09/09","製造"
"Q-mast　電気グル－プ★","九州工場","九州工場","2026/09/03","2026/09/03","26-J0123040-001-771","ZE2020W2C","2.30","200.0","200.0","200.0","ZN PB 被せ 焼付","N-85 近似色","1","ｱｰｽ","2026/09/16","福山通運　九州発送","2026/09/16","","完成","岡","2026/09/04","製造"
"ｹｲ･ｴｽ･ﾃﾞｰ　鹿児島★","九州工場","九州工場","2026/09/03","2026/09/03","26-J0123359-001-771","DE0000WC","1.60","550.0","400.0","300.0","Sﾀﾞｲﾏ PBﾄｸ 被せ 焼付","LN-72 近似色","1","ｱｰｽ 水勾配 内ﾜﾆｽ","2026/09/15","佐川急便","2026/09/16","","完成","服部","2026/09/08","製造"
"デンザイ東亜　本社★","九州工場","九州工場","2026/09/04","2026/09/04","26-J0124055-001-771","IG0000C","0.00","600.0","200.0","850.0","鉄 架台 焼付","5Y7/1 近似色","1","2面平蓋・PLｔ1.6　L-50x504t　8-Φ12","2026/09/16","福山通運　九州発送","2026/09/16","","完成","柴﨑","2026/09/14","製造"
"デンザイ東亜　本社★","九州工場","九州工場","2026/09/04","2026/09/04","26-J0124055-002-771","IG0000C","0.00","500.0","200.0","1,000.0","鉄 架台 焼付","5Y7/1 近似色","5","2面平蓋・PLｔ1.6　L-50x504t　8-Φ12","2026/09/16","福山通運　九州発送","2026/09/16","","完成","柴﨑","2026/09/14","製造"
"かごしま電工　奄美★","九州工場","九州工場","2026/09/04","2026/09/04","26-J0124175-005-771","ZE0000X","2.30","150.0","150.0","100.0","ZN PBﾄｸ 水切","","2","ｱｰｽ 足付 L3x30(φ12)x4　内ﾜﾆｽ","2026/09/16","佐川急便","2026/09/16","","完成","倉重","2026/09/08","製造"
"かごしま電工　奄美★","九州工場","九州工場","2026/09/04","2026/09/04","26-J0124175-006-771","ZE1507X2W","2.30","150.0","150.0","75.0","ZN PB 水切","","3","ｱｰｽ 内ﾜﾆｽ","2026/09/16","佐川急便","2026/09/16","","完成","倉重","2026/09/08","製造"
"かごしま電工　奄美★","九州工場","九州工場","2026/09/04","2026/09/04","26-J0124175-004-771","ZE0000X","2.30","200.0","200.0","100.0","ZN PBﾄｸ 水切","","2","ｱｰｽ 足付 L3x30(φ12)x4 内ﾜﾆｽ","2026/09/16","佐川急便","2026/09/16","","完成","倉重","2026/09/08","製造"
"カンサイ　福岡東★","九州工場","九州工場","2026/09/04","2026/09/04","26-J0124678-001-771","IDC0000C","1.60","700.0","250.0","641.0","鉄 ﾀﾞｸﾄｶﾊﾞｰ 焼付","2.5Y9/1 近似色","1","コ型ｶﾊﾞｰ　正面平蓋","2026/09/15","佐川急便","2026/09/16","","完成","古川","2026/09/10","製造"
"三親電材　山口★","九州工場","九州工場","2026/09/04","2026/09/04","26-J0124794-003-771","ZE0000WA","2.30","300.0","300.0","300.0","ZN PBﾄｸ 被せ","","1","ｱｰｽ 足付L3x40-φ12 背面穴加工 下面穴加工","2026/09/16","福山通運　九州発送","2026/09/16","","完成","金光","2026/09/09","製造"
"三親電材　山口★","九州工場","九州工場","2026/09/04","2026/09/04","26-J0124794-004-771","ZE0000WA","2.30","200.0","200.0","200.0","ZN PBﾄｸ 被せ","","1","ｱｰｽ 足付L3x30-φ12 背面穴加工 下面穴加工","2026/09/16","福山通運　九州発送","2026/09/16","","完成","金光","2026/09/09","製造"
"三親電材　山口★","九州工場","九州工場","2026/09/04","2026/09/04","26-J0124794-002-771","ZE0000WA","2.30","200.0","200.0","200.0","ZN PBﾄｸ 被せ","","1","ｱｰｽ 足付L3x30-φ12 背面穴加工 下面穴加工","2026/09/16","福山通運　九州発送","2026/09/16","","完成","金光","2026/09/09","製造"
"三親電材　山口★","九州工場","九州工場","2026/09/04","2026/09/04","26-J0124794-001-771","ZE0000WA","2.30","350.0","350.0","250.0","ZN PBﾄｸ 被せ","","1","ｱｰｽ 足付L4x50-φ12 背面穴加工 下面穴加工","2026/09/16","福山通運　九州発送","2026/09/16","","完成","金光","2026/09/09","製造"
"日本電設資材　福岡★","九州工場","九州工場","2026/09/04","2026/09/04","26-J0124877-001-771","ZP0000SP","2.30","100.0","100.0","50.0","ZN PBﾄｸ 平","","1","ｺﾞﾑﾊﾟｯｷﾝ付","2026/09/15","ヤマックス福岡","2026/09/16","","完成","倉重","2026/09/08","製造"
"正和電材　佐世保★","九州工場","九州工場","2026/09/07","2026/09/07","26-J0125474-002-771","ZE0000W","2.30","200.0","200.0","100.0","ZN PBﾄｸ 被せ","","1","ｱｰｽ 2-φ27　2-φ14　1-φ6","2026/09/16","佐川急便","2026/09/16","","完成","倉重","2026/09/09","製造"
"正和電材　佐世保★","九州工場","九州工場","2026/09/07","2026/09/07","26-J0125474-001-771","ZE0000W","2.30","200.0","200.0","100.0","ZN PBﾄｸ 被せ","","1","ｱｰｽ 2-φ27　2-φ14","2026/09/16","佐川急便","2026/09/16","","完成","倉重","2026/09/09","製造"
"梶電機工業★","九州工場","九州工場","2026/09/07","2026/09/07","26-J0125622-002-771","ZE2020X2","2.30","200.0","200.0","200.0","ZN PB 水切","","1","HDZT56 ｱｰｽ","2026/09/16","福山通運　九州発送","2026/09/16","","完成","金光","2026/09/09","製造"
"梶電機工業★","九州工場","九州工場","2026/09/07","2026/09/07","26-J0125622-001-771","ZE5030X2","2.30","500.0","500.0","300.0","ZN PB 水切","","1","HDZT56 ｱｰｽ","2026/09/16","福山通運　九州発送","2026/09/16","","完成","金光","2026/09/09","製造"
"ナミデン　福岡★","九州工場","九州工場","2026/09/08","2026/09/08","26-J0126785-001-771","DP1010SN","1.60","100.0","100.0","100.0","Sﾀﾞｲﾏ PB 平","","10","","2026/09/15","店頭渡し","2026/09/16","","完成","服部","2026/09/15","製造"
"中国機材設備　本社★","九州工場","九州工場","2026/09/08","2026/09/08","26-J0126804-004-771","IMK0000C","1.60","88.0","445.0","10.0","鉄 曲金物 焼付","N10 艶消し 近似色","3","穴加工","2026/09/16","佐川急便","2026/09/16","","完成","岡","2026/09/11","製造"
"中国機材設備　本社★","九州工場","九州工場","2026/09/08","2026/09/08","26-J0126804-003-771","IMK0000C","1.60","295.0","445.0","10.0","鉄 曲金物 焼付","N10 艶消し 近似色","1","穴加工","2026/09/16","佐川急便","2026/09/16","","完成","岡","2026/09/11","製造"
"中国機材設備　本社★","九州工場","九州工場","2026/09/08","2026/09/08","26-J0126804-001-771","IMK0000C","1.60","850.0","550.0","50.0","鉄 曲金物 焼付","N9.0 近似色","1","外曲げ50　開口  穴加工","2026/09/16","佐川急便","2026/09/16","","完成","岡","2026/09/11","製造"
"ユゲデンキ　電材部★","九州工場","九州工場","2026/09/08","2026/09/08","26-J0126858-001-771","ZE3020X2","2.30","300.0","300.0","200.0","ZN PB 水切","","1","ｱｰｽ","2026/09/16","佐川急便","2026/09/16","","完成","倉重","2026/09/09","製造"
"ナンリツ　松山★","九州工場","九州工場","2026/09/08","2026/09/08","26-J0127045-001-771","SE3020XC","1.50","300.0","300.0","200.0","SUS PB 水切 焼付","22-90A","5","ｱｰｽ","2026/09/16","福山通運　九州発送","2026/09/16","","完成","岡","","加工"
"ナンリツ　松山★","九州工場","九州工場","2026/09/08","2026/09/08","26-J0127045-002-771","SE3015XC","1.50","300.0","300.0","150.0","SUS PB 水切 焼付","22-90A","1","ｱｰｽ","2026/09/16","福山通運　九州発送","2026/09/16","","完成","岡","2026/09/11","製造"
"カワショウ★","九州工場","九州工場","2026/09/08","2026/09/08","26-J0127090-001-771","IP0000SC","2.30","800.0","900.0","500.0","鉄 PBﾄｸ 平 焼付","2.5Y9/1 近似色","1","開口　穴加工  落下防止金物付","2026/09/16","福山通運　九州発送","2026/09/16","","完成","岡","2026/09/11","製造"
"平岡電気　福岡南★","九州工場","九州工場","2026/09/08","2026/09/08","26-J0127208-001-771","BE3030SC","1.60","300.0","300.0","300.0","国土 PB 平 焼付","2.5Y9/1 近似色","13","ｱｰｽ","2026/09/15","ヤマックス福岡","2026/09/16","","完成","岡","2026/09/10","製造"
"Q-mast　空調管グル－プ★","九州工場","九州工場","2026/09/09","2026/09/09","26-J0127629-001-771","IG0000G","0.00","1,700.0","1,800.0","0.0","鉄 架台","","1","さび止め  2-P01","2026/09/15","ヤマックス　ｽﾎﾟｯﾄ便","2026/09/16","","完成","樋口","2026/09/14","製造"
"Q-mast　空調管グル－プ★","九州工場","九州工場","2026/09/09","2026/09/09","26-J0127631-001-771","IG0000G","0.00","480.0","1,800.0","0.0","鉄 架台","","1","さび止め  2-P02-1","2026/09/15","ヤマックス　ｽﾎﾟｯﾄ便","2026/09/16","","完成","樋口","2026/09/14","製造"
"Q-mast　空調管グル－プ★","九州工場","九州工場","2026/09/09","2026/09/09","26-J0127631-002-771","IG0000G","0.00","1,300.0","1,800.0","0.0","鉄 架台","","1","さび止め  2-P02-2","2026/09/15","ヤマックス　ｽﾎﾟｯﾄ便","2026/09/16","","完成","樋口","2026/09/14","製造"
"Q-mast　空調管グル－プ★","九州工場","九州工場","2026/09/09","2026/09/09","26-J0127639-001-771","IG0000G","0.00","725.0","1,650.0","450.0","鉄 架台","","5","さび止め  2-寮01","2026/09/15","ヤマックス　ｽﾎﾟｯﾄ便","2026/09/16","","完成","樋口","2026/09/14","製造"
"Q-mast　空調管グル－プ★","九州工場","九州工場","2026/09/09","2026/09/09","26-J0127643-001-771","IG0000G","0.00","725.0","1,650.0","450.0","鉄 架台","","5","さび止め  2-寮02","2026/09/15","ヤマックス　ｽﾎﾟｯﾄ便","2026/09/16","","完成","樋口","2026/09/14","製造"
"平岡電気　福岡中央★","九州工場","九州工場","2026/09/09","2026/09/09","26-J0127766-001-771","ZG0000","0.00","1,100.0","200.0","0.0","ZN 架台","","1","L65x65x6t","2026/09/16","ヤマックス福岡","2026/09/16","","完成","倉重","2026/09/10","製造"
"ムトウ電材　富士見★","九州工場","九州工場","2026/09/09","2026/09/09","26-J0128173-001-771","IKM0000C","1.60","240.0","90.0","50.0","鉄 金物 焼付","N1 艶消し 近似色","1","φ240ﾌﾟﾚｰﾄ 穴加工 M4ﾀｯﾌﾟx8 傾斜付金物溶接","2026/09/16","佐川急便","2026/09/16","","完成","岡","2026/09/11","製造"
"岡本電機　福山★","九州工場","九州工場","2026/09/09","2026/09/09","26-J0128274-001-771","IDC0000C","1.60","1,390.0","240.0","142.0","鉄 ﾀﾞｸﾄｶﾊﾞｰ 焼付","日東工業2.5Y9/1近似色","1","平蓋2分割","2026/09/16","福山通運　九州発送","2026/09/16","","完成","古川","2026/09/14","製造"
"日本電設資材　福岡★","九州工場","九州工場","2026/09/09","2026/09/09","26-J0128295-001-771","DKW0000N","1.60","800.0","200.0","230.0","Sﾀﾞｲﾏ 貫通枠","","2","ツバ付　","2026/09/15","ヤマックス福岡","2026/09/16","","ｷｬﾝｾﾙ","道上","2026/09/15","製造"
"八州電気工業　津山★","九州工場","九州工場","2026/09/09","2026/09/09","26-J0128373-002-771","SMK0000C","0.00","0.0","0.0","0.0","SUS 曲金物 焼付","N9.3(近似色)","1","蓋帯","2026/09/16","福山通運　九州発送","2026/09/16","","完成","岡","2026/09/14","製造"
"八州電気工業　津山★","九州工場","九州工場","2026/09/09","2026/09/09","26-J0128373-001-771","SDC0000C","1.50","500.0","200.0","2,800.0","SUS ﾀﾞｸﾄｶﾊﾞｰ 焼付","N9.3(近似色)","1","WP 2分割･ﾒｸﾗ付","2026/09/16","福山通運　九州発送","2026/09/16","","完成","岡","2026/09/14","製造"
"カンサイ　宮崎★","九州工場","九州工場","2026/09/09","2026/09/09","26-J0128611-001-771","BE3020SC","1.60","300.0","300.0","200.0","国土 PB 平 焼付","5Y7/1 近似色","5","ｱｰｽ","2026/09/15","佐川急便","2026/09/16","","完成","古川","","加工"
"カンサイ　宮崎★","九州工場","九州工場","2026/09/09","2026/09/09","26-J0128611-002-771","BE3020SC","1.60","300.0","300.0","200.0","国土 PB 平 焼付","5Y7/1 近似色","8","ｱｰｽ","2026/09/16","佐川急便","2026/09/16","","完成","岡","","加工"
"平和テクノ　防府★","九州工場","九州工場","2026/09/10","2026/09/10","26-J0128835-001-771","S02020WC","1.50","200.0","200.0","0.0","SUS ふた 焼付","2.5Y9/1 近似色","1","被せふた　φ8x4ヶ所　弊社仕様","2026/09/16","福山通運　九州発送","2026/09/16","","完成","岡","2026/09/11","製造"
"平岡電気　久留米★","九州工場","九州工場","2026/09/10","2026/09/10","26-J0129088-001-771","BE1510SC","1.60","150.0","150.0","100.0","国土 PB 平 焼付","2.5Y9/1 近似色","5","ｱｰｽ","2026/09/16","佐川急便","2026/09/16","","完成","岡","","加工"
"シンセイ　広島第二★","九州工場","九州工場","2026/09/10","2026/09/10","26-J0129100-002-771","SG0000N","0.00","800.0","300.0","200.0","SUS 架台","","1","SUS-L-50X50X6t","2026/09/16","福山通運　九州発送","2026/09/16","","完成","倉重","2026/09/16","製造"
"ナミデン　福岡★","九州工場","九州工場","2026/09/10","2026/09/10","26-J0129312-001-771","IKS0000G","1.60","1,100.0","200.0","250.0","鉄 貫通ｽﾘｰﾌﾞ","","1","平蓋  さび止め","2026/09/15","営業配達","2026/09/16","","完成","倉重","2026/09/14","製造"
"東芝電材　下関★","九州工場","九州工場","2026/09/10","2026/09/10","26-J0129543-001-771","IIP0000C","1.60","700.0","500.0","0.0","鉄 ﾌﾟﾚｰﾄ 焼付","N9.5 近似色","1","開口450x450","2026/09/16","福山通運　九州発送","2026/09/16","","完成","岡","2026/09/11","製造"
"カンサイ　福岡城南★","九州工場","九州工場","2026/09/10","2026/09/10","26-J0129765-001-771","SD0000N","2.00","700.0","700.0","1,000.0","SUS ﾀﾞｸﾄ","","1","被せ蓋  ｱｰｽ  ｹｰﾌﾞﾙ支持10A","2026/09/16","福山通運　九州発送","2026/09/16","","完成","坂元","2026/09/16","製造"
"カンサイ　福岡南★","九州工場","九州工場","2026/09/11","2026/09/11","26-J0130018-001-771","SP0000SN","1.50","300.0","200.0","300.0","SUS PBﾄｸ 平","","2","平蓋ｺﾞﾑﾊﾟｯｷﾝ付(両面蓋) 蓋面ﾌﾞﾗﾝｸ有り φ12x4 φ38","2026/09/15","ヤマックス福岡","2026/09/16","","ｷｬﾝｾﾙ","林(秀)","2026/09/15","製造"
"カンサイ　福岡南★","九州工場","九州工場","2026/09/11","2026/09/11","26-J0130018-002-771","SP0000SN","1.50","200.0","200.0","200.0","SUS PBﾄｸ 平","","1","平蓋ｺﾞﾑﾊﾟｯｷﾝ付(両面蓋) 蓋面ﾌﾞﾗﾝｸ有り φ12x4 φ38","2026/09/15","ヤマックス福岡","2026/09/16","","ｷｬﾝｾﾙ","林(秀)","2026/09/15","製造"
"かごしま電工　鹿屋★","九州工場","九州工場","2026/09/11","2026/09/11","26-J0130031-001-771","BP0000SC","1.60","700.0","600.0","100.0","国土 PBﾄｸ 平 焼付","2.5Y9/1 近似色","1","ｱｰｽ無","2026/09/16","佐川急便","2026/09/16","","完成","岡","2026/09/14","製造"
"東芝電材　南福岡★","九州工場","九州工場","2026/09/11","2026/09/11","26-J0130188-001-771","SP0000XN","1.50","250.0","250.0","100.0","SUS PBﾄｸ 水切","","1","背面開口200x200 4-φ5","2026/09/16","佐川急便","2026/09/16","","完成","井上","2026/09/16","製造"
"ミューハウス　熊本★","九州工場","九州工場","2026/09/11","2026/09/11","26-J0130427-001-771","SP0000XN","1.50","700.0","700.0","700.0","SUS PBﾄｸ 水切","","1","蓋面700x600　底面開口600x350","2026/09/16","佐川急便","2026/09/16","","完成","倉重","2026/09/16","製造"
"平岡電気　大牟田★","九州工場","九州工場","2026/09/11","2026/09/11","26-J0130796-001-771","DDC0000N","1.60","600.0","200.0","600.0","Sﾀﾞｲﾏ ﾀﾞｸﾄｶﾊﾞｰ","","1","正面平蓋　背面取付穴4-φ12","2026/09/16","佐川急便","2026/09/16","","完成","森田","2026/09/16","製造"
"米良電機　高鍋★","九州工場","九州工場","2026/09/11","2026/09/11","26-J0130951-001-771","SG0000N","3.00","500.0","40.0","400.0","SUS 架台","","18","SUS-L-40x40x3t　穴加工","2026/09/16","福山通運　九州発送","2026/09/16","","完成","倉重","2026/09/16","製造"
"米良電機　高鍋★","九州工場","九州工場","2026/09/11","2026/09/11","26-J0130951-002-771","SG0000N","3.00","300.0","40.0","400.0","SUS 架台","","2","SUS-L-40x40x3t　穴加工","2026/09/16","福山通運　九州発送","2026/09/16","","完成","倉重","2026/09/16","製造"
"カンサイ　熊本北★","九州工場","九州工場","2026/09/11","2026/09/11","26-J0130957-003-771","SE0000XN","1.50","500.0","500.0","600.0","SUS PBﾄｸ 水切","","1","ｱｰｽ  開口　脱落防止化粧ねじ　穴加工   PB-14","2026/09/16","佐川急便","2026/09/16","","完成","倉重","2026/09/16","製造"
"カンサイ　熊本北★","九州工場","九州工場","2026/09/11","2026/09/11","26-J0130957-004-771","SE0000XN","1.50","500.0","500.0","600.0","SUS PBﾄｸ 水切","","1","ｱｰｽ  開口  脱落防止化粧ねじ　穴加工 　PB-12","2026/09/16","佐川急便","2026/09/16","","完成","倉重","2026/09/16","製造"
"林電材★","九州工場","九州工場","2026/09/14","2026/09/14","26-J0131009-001-771","IP0000SG","1.60","250.0","200.0","100.0","鉄 PBﾄｸ 平","","1","さび止め","2026/09/15","北九州配達","2026/09/16","","完成","服部","2026/09/14","製造"
"ナミデン　福岡★","九州工場","九州工場","2026/09/14","2026/09/14","26-J0131050-003-771","IC0000G","1.60","1,725.2","360.0","800.0","鉄 ｶﾊﾞｰ","","1","さび止め ﾗｯｸ架台ｶﾊﾞｰ","2026/09/16","福山通運　九州発送","2026/09/16","","完成","倉重","2026/09/15","製造"
"ナミデン　福岡★","九州工場","九州工場","2026/09/14","2026/09/14","26-J0131050-004-771","IC0000G","1.60","2,481.6","230.0","800.0","鉄 ｶﾊﾞｰ","","1","さび止め ﾗｯｸ架台ｶﾊﾞｰ","2026/09/16","福山通運　九州発送","2026/09/16","","完成","倉重","2026/09/15","製造"
"シンセイ　福山★","九州工場","九州工場","2026/09/14","2026/09/14","26-J0131089-001-771","DC0000N","1.60","500.0","450.0","300.0","Sﾀﾞｲﾏ ｶﾊﾞｰ","","1","正面平蓋　背面外耳30　取付穴7-Φ5","2026/09/16","福山通運　九州発送","2026/09/16","","完成","森田","2026/09/16","製造"
"栗田電機　四国中央★","九州工場","九州工場","2026/09/14","2026/09/14","26-J0131308-001-771","ZCPL0000","4.50","450.0","250.0","0.0","ZN 縞鋼板","","1","HDZT63 穴加工ｱﾘ","2026/09/16","福山通運　九州発送","2026/09/16","","完成","倉重","2026/09/14","製造"
"三親電材　津山★","九州工場","九州工場","2026/09/14","2026/09/14","26-J0131427-001-771","SE0000SNP","1.50","700.0","400.0","300.0","SUS PBﾄｸ 平","","1","ｱｰｽ ｺﾞﾑﾊﾟｯｷﾝ付","2026/09/16","福山通運　九州発送","2026/09/16","","完成","倉重","2026/09/16","製造"
"シンセイ　広島第一★","九州工場","九州工場","2026/09/14","2026/09/14","26-J0131500-001-771","IP1515XG","1.60","150.0","150.0","150.0","鉄 PB 水切","","1","さび止め","2026/09/16","福山通運　九州発送","2026/09/16","","完成","服部","2026/09/15","製造"
"三親電材　山口★","九州工場","九州工場","2026/09/14","2026/09/14","26-J0131521-001-771","BE3520SG","1.60","350.0","350.0","200.0","国土 PB 平","","1","ｱｰｽ さび止め","2026/09/16","佐川急便","2026/09/16","","完成","倉重","2026/09/15","製造"
"ナミデン　福岡★","九州工場","九州工場","2026/09/14","2026/09/14","26-J0131632-001-771","BE0000SG","1.60","300.0","250.0","300.0","国土 PBﾄｸ 平","","1","ｱｰｽ さび止め","2026/09/15","ヤマックス福岡","2026/09/16","","完成","倉重","2026/09/14","製造"
"岡本電機　安佐★","九州工場","九州工場","2026/09/14","2026/09/14","26-J0131680-001-771","IP0000SG","1.60","250.0","150.0","100.0","鉄 PBﾄｸ 平","","1","さび止め","2026/09/16","佐川急便","2026/09/16","","完成","服部","2026/09/15","製造"
"東芝電材　南福岡★","九州工場","九州工場","2026/09/14","2026/09/14","26-J0131730-001-771","BE3520WG","1.60","350.0","350.0","200.0","国土 PB 被せ","","1","ｱｰｽ さび止め","2026/09/16","佐川急便","2026/09/16","","完成","倉重","2026/09/15","製造"
"宮地電機　高松","九州工場","九州工場","2026/09/14","2026/09/14","26-J0131767-001-771","DF0000N","1.60","650.0","600.0","100.0","Sﾀﾞｲﾏ 裏BOX","","1","蓋無･開口･穴加工ｱﾘ","2026/09/16","福山通運　九州発送","2026/09/16","","完成","古川","2026/09/15","製造"
"東芝電材　松江★","九州工場","九州工場","2026/09/14","2026/09/14","26-J0131889-002-771","BKM0000C","1.60","195.0","95.0","50.0","処理鋼板 金物 焼付","N1(近似色)","1","接続金物","2026/09/16","福山通運　九州発送","2026/09/16","","完成","柴﨑","2026/09/15","製造"
"三親電材　福山★","九州工場","九州工場","2026/09/14","2026/09/14","26-J0131909-001-771","DP4020WN","1.60","400.0","400.0","200.0","Sﾀﾞｲﾏ PB 被せ","","1","","2026/09/16","福山通運　九州発送","2026/09/16","","完成","服部","2026/09/16","製造"
"ナミデン　山口★","九州工場","九州工場","2026/09/14","2026/09/14","26-J0131918-001-771","II0000G","6.00","0.0","50.0","3,000.0","鉄 切板","","4","さび止め FB50x6t","2026/09/16","福山通運　九州発送","2026/09/16","","完成","倉重","2026/09/15","製造"
"東芝電材　松江★","九州工場","九州工場","2026/09/14","2026/09/14","26-J0132020-001-771","BE0000SG","1.60","520.0","250.0","160.0","国土 PBﾄｸ 平","","1","ｱｰｽ さび止め","2026/09/16","福山通運　九州発送","2026/09/16","","完成","倉重","2026/09/15","製造"
"三永興産★","九州工場","九州工場","2026/09/14","2026/09/14","26-J0132081-001-771","IP0000SG","1.60","700.0","500.0","500.0","鉄 PBﾄｸ 平","","1","さび止め","2026/09/15","福山通運　九州発送","2026/09/16","","完成","服部","2026/09/15","製造"
"興陽電機　八幡★","九州工場","九州工場","2026/09/14","2026/09/14","26-J0132084-001-771","IG0000G","3.20","80.0","175.0","40.0","鉄 架台","","2","さび止め 4-M8ﾅｯﾄ溶接　長孔2-φ10x16　切欠き有","2026/09/15","北九州配達","2026/09/16","","完成","倉重","2026/09/14","製造"
"四国ミツヤマ電気★","九州工場","九州工場","2026/09/14","2026/09/14","26-J0132148-001-771","BE6040SG","1.60","600.0","600.0","400.0","国土 PB 平","","1","ｱｰｽ さび止め","2026/09/16","福山通運　九州発送","2026/09/16","","完成","倉重","2026/09/15","製造"
"イシグロ　佐世保★","九州工場","九州工場","2026/09/14","2026/09/14","26-J0132251-001-771","II0000N","2.30","915.0","940.0","0.0","鉄 切板","","2","生地","2026/09/16","福山通運　九州発送","2026/09/16","","完成","倉重","2026/09/16","製造"
"三親電材　水島★","九州工場","九州工場","2026/09/14","2026/09/14","26-J0132253-001-771","SIP0000N","2.00","600.0","100.0","0.0","SUS ﾌﾟﾚｰﾄ","","2","穴加工ｱﾘ","2026/09/16","福山通運　九州発送","2026/09/16","","完成","井上","2026/09/16","製造"
"ナンリツ　徳島★","九州工場","九州工場","2026/09/14","2026/09/14","26-J0132270-001-771","BMK0000G","1.60","180.0","180.0","20.0","処理鋼板 曲金物","","2","さび止め ｾﾊﾟﾚｰﾀ","2026/09/16","福山通運　九州発送","2026/09/16","","完成","服部","2026/09/15","製造"
"ナミデン　広島★","九州工場","九州工場","2026/09/15","2026/09/15","26-J0132423-001-771","IE4040SG","1.60","400.0","400.0","400.0","鉄 PB 平","","1","ｱｰｽ さび止め","2026/09/16","佐川急便","2026/09/16","","完成","倉重","2026/09/15","製造"
"巴電業　広島★","九州工場","九州工場","2026/09/15","2026/09/15","26-J0132439-001-771","SP0000WN","1.50","600.0","600.0","200.0","SUS PBﾄｸ 被せ","","1","","2026/09/16","福山通運　九州発送","2026/09/16","","完成","倉重","2026/09/16","製造"
"東芝電材　八幡★","九州工場","九州工場","2026/09/15","2026/09/15","26-J0132450-001-771","SP0000WN","1.50","600.0","300.0","300.0","SUS PBﾄｸ 被せ","","1","","2026/09/15","北九州配達","2026/09/16","","完成","服部","2026/09/15","製造"
"三和電気商会★","九州工場","九州工場","2026/09/15","2026/09/15","26-J0132463-001-771","SE0000XN","1.50","600.0","400.0","400.0","SUS PBﾄｸ 水切","","1","ｱｰｽ","2026/09/16","福山通運　九州発送","2026/09/16","","完成","倉重","2026/09/16","製造"
"三和電気商会★","九州工場","九州工場","2026/09/15","2026/09/15","26-J0132463-002-771","SE0000XN","1.50","600.0","400.0","200.0","SUS PBﾄｸ 水切","","1","ｱｰｽ","2026/09/16","福山通運　九州発送","2026/09/16","","完成","倉重","2026/09/16","製造"
"中国機材設備　北★","九州工場","九州工場","2026/09/15","2026/09/15","26-J0132581-001-771","IP0000SG","1.60","100.0","100.0","150.0","鉄 PBﾄｸ 平","","3","さび止め","2026/09/16","佐川急便","2026/09/16","","完成","倉重","2026/09/15","製造"
"正二電気　岡山本社","九州工場","九州工場","2026/09/15","2026/09/15","26-J0132669-001-771","IIP0000G","1.60","200.0","150.0","0.0","鉄 ﾌﾟﾚｰﾄ","","1","さび止め 穴加工ｱﾘ","2026/09/16","福山通運　九州発送","2026/09/16","","完成","倉重","2026/09/15","製造"
"宮地電機　南予","九州工場","九州工場","2026/09/15","2026/09/15","26-J0132746-001-771","SE5020XN","1.50","500.0","500.0","200.0","SUS PB 水切","","1","ｱｰｽ","2026/09/16","福山通運　九州発送","2026/09/16","","完成","倉重","2026/09/16","製造"
"中国機材設備　中央★","九州工場","九州工場","2026/09/15","2026/09/15","26-J0132757-001-771","SI0000N","1.50","300.0","200.0","0.0","SUS 切板","","10","","2026/09/16","佐川急便","2026/09/16","","完成","井上","2026/09/16","製造"
"九州電業社　佐世保★","九州工場","九州工場","2026/09/15","2026/09/15","26-J0132887-001-771","IP0000SG","1.60","200.0","150.0","100.0","鉄 PBﾄｸ 平","","1","さび止め","2026/09/16","佐川急便","2026/09/16","","完成","倉重","2026/09/15","製造"
"ウチダ★","九州工場","九州工場","2026/09/15","2026/09/15","26-J0132899-001-771","I02040SG","1.60","400.0","400.0","0.0","鉄 ふた","","2","平ふた さび止め","2026/09/16","福山通運　九州発送","2026/09/16","","ｷｬﾝｾﾙ","林(秀)","2026/09/15","製造"
"小林電工　岡山★","九州工場","九州工場","2026/09/15","2026/09/15","26-J0133027-001-771","IP0000SG","1.60","400.0","400.0","100.0","鉄 PBﾄｸ 平","","2","さび止め","2026/09/16","福山通運　九州発送","2026/09/16","","完成","倉重","2026/09/15","製造"
"ナミデン　広島★","九州工場","九州工場","2026/09/15","2026/09/15","26-J0133056-001-771","IE4040SG","1.60","400.0","400.0","400.0","鉄 PB 平","","1","ｱｰｽ さび止め","2026/09/16","佐川急便","2026/09/16","","完成","倉重","2026/09/15","製造"
"日本電設資材　福岡★","九州工場","九州工場","2026/08/20","2026/08/20","26-J0111657-004-771","IG0000G","0.00","215.0","210.0","900.0","鉄 架台","","1","さび止め [150x75x6.5t L65x65x6t QR50用(EPS4)","2026/09/16","ヤマックス福岡","2026/09/17","","完成","樋口","2026/09/14","製造"
"日本電設資材　福岡★","九州工場","九州工場","2026/08/20","2026/08/20","26-J0111657-002-771","IG0000G","0.00","215.0","210.0","1,100.0","鉄 架台","","1","さび止め [150×75×6.5t　L65×65×6t QR70用(EPS3)","2026/09/16","ヤマックス福岡","2026/09/17","","完成","樋口","2026/09/14","製造"
"日本電設資材　福岡★","九州工場","九州工場","2026/08/20","2026/08/20","26-J0111657-001-771","IG0000G","0.00","215.0","210.0","1,100.0","鉄 架台","","1","さび止め [150×75×6.5t　L65×65×6t QR70用(EPS1)","2026/09/16","ヤマックス福岡","2026/09/17","","完成","樋口","2026/09/14","製造"
"日本電設資材　福岡★","九州工場","九州工場","2026/08/20","2026/08/20","26-J0111657-003-771","IG0000G","0.00","215.0","210.0","900.0","鉄 架台","","1","さび止め [150x75x6.5t L65x65x6t QR50用(EPS2)","2026/09/16","ヤマックス福岡","2026/09/17","","完成","樋口","2026/09/14","製造"
"日本電設資材　福岡★","九州工場","九州工場","2026/08/20","2026/08/20","26-J0111746-004-771","IMK0000G","4.50","900.0","100.0","40.0","鉄 曲金物","","1","さび止め　穴加工　EPS4","2026/09/16","ヤマックス福岡","2026/09/17","","完成","樋口","2026/09/14","製造"
"日本電設資材　福岡★","九州工場","九州工場","2026/08/20","2026/08/20","26-J0111746-003-771","IMK0000G","4.50","1,100.0","100.0","40.0","鉄 曲金物","","1","さび止め　穴加工　EPS3","2026/09/16","ヤマックス福岡","2026/09/17","","完成","樋口","2026/09/14","製造"
"日本電設資材　福岡★","九州工場","九州工場","2026/08/20","2026/08/20","26-J0111746-001-771","IMK0000G","4.50","1,100.0","100.0","40.0","鉄 曲金物","","1","さび止め　穴加工　EPS1","2026/09/16","ヤマックス福岡","2026/09/17","","完成","樋口","2026/09/14","製造"
"日本電設資材　福岡★","九州工場","九州工場","2026/08/20","2026/08/20","26-J0111746-002-771","IMK0000G","4.50","900.0","100.0","40.0","鉄 曲金物","","1","さび止め　穴加工　EPS2","2026/09/16","ヤマックス福岡","2026/09/17","","完成","樋口","2026/09/14","製造"
"日本電設資材　福岡★","九州工場","九州工場","2026/08/20","2026/08/20","26-J0111806-003-771","IKW0000G","1.60","310.0","130.0","230.0","鉄 貫通枠","","1","さび止め C125x65x6x8  EPS3","2026/09/16","ヤマックス福岡","2026/09/17","","完成","倉重","2026/09/11","製造"
"日本電設資材　福岡★","九州工場","九州工場","2026/08/20","2026/08/20","26-J0111806-004-771","IKW0000G","1.60","310.0","130.0","230.0","鉄 貫通枠","","1","さび止め C125x65x6x8  EPS4","2026/09/16","ヤマックス福岡","2026/09/17","","完成","倉重","2026/09/11","製造"
"日本電設資材　福岡★","九州工場","九州工場","2026/08/20","2026/08/20","26-J0111806-002-771","IKW0000G","1.60","860.0","130.0","230.0","鉄 貫通枠","","1","さび止め C125x65x6x8  EPS2","2026/09/16","ヤマックス福岡","2026/09/17","","完成","服部","2026/09/11","製造"
"日本電設資材　福岡★","九州工場","九州工場","2026/08/20","2026/08/20","26-J0111806-001-771","IKW0000G","1.60","860.0","130.0","230.0","鉄 貫通枠","","1","さび止め C125x65x6x8  EPS1","2026/09/16","ヤマックス福岡","2026/09/17","","完成","倉重","2026/09/11","製造"
"アイキ工業　南工場","九州工場","九州工場","2026/08/24","2026/08/24","26-J0113807-003-771","ZD0000N","3.20","800.0","300.0","8,750.0","ZN ﾀﾞｸﾄ","","1","/1000/370 生地 6分割･足付･WP･支持棒･ｱﾝｸﾞﾙ･ｾﾊﾟ","2026/09/11","店頭渡し","2026/09/17","","完成","倉重","2026/09/09","製造"
"アイキ工業　南工場","九州工場","九州工場","2026/08/24","2026/08/24","26-J0113807-005-771","ZD0000N","3.20","500.0","300.0","7,175.0","ZN ﾀﾞｸﾄ","","1","/500/2875 生地 5分割･足付･WP･支持棒･ﾒｸﾗ･ｱﾝｸﾞﾙ付","2026/09/15","店頭渡し","2026/09/17","","完成","坂元","2026/09/14","製造"
"アイキ工業　南工場","九州工場","九州工場","2026/08/24","2026/08/24","26-J0113807-004-771","ZD0000N","3.20","400.0","300.0","700.0","ZN ﾀﾞｸﾄ","","1","生地 足付･WP･支持棒･ﾒｸﾗ･ｱﾝｸﾞﾙ付","2026/09/11","店頭渡し","2026/09/17","","完成","倉重","2026/09/10","製造"
"ハマダヤ電機★","九州工場","九州工場","2026/08/25","2026/08/25","26-J0115579-001-771","BE2010SC","1.60","200.0","200.0","100.0","国土 PB 平 焼付","2.5Y9/1(近似色)","4","ｱｰｽ","2026/09/16","福山通運　九州発送","2026/09/17","","完成","岡","","加工"
"ハマダヤ電機★","九州工場","九州工場","2026/08/25","2026/08/25","26-J0115579-002-771","BE4020SC","1.60","400.0","400.0","200.0","国土 PB 平 焼付","2.5Y9/1(近似色)","4","ｱｰｽ","2026/09/16","福山通運　九州発送","2026/09/17","","完成","倉重","2026/09/09","製造"
"平岡電気　久留米★","九州工場","九州工場","2026/08/26","2026/08/26","26-J0116874-001-771","ZE0000X","3.20","800.0","600.0","600.0","ZN PBﾄｸ 水切","","2","ｱｰｽ","2026/09/17","福山通運　九州発送","2026/09/17","","完成","金光","2026/09/10","製造"
"正和電材　佐世保★","九州工場","九州工場","2026/08/28","2026/08/28","26-J0118895-001-771","ZG0000","6.00","895.0","970.0","500.0","ZN 架台","","5","L50x50x6t 4面平蓋3.2t","2026/09/17","チャーター便","2026/09/17","","完成","古川","2026/09/11","製造"
"誠新産業　長崎★","九州工場","九州工場","2026/09/01","2026/09/01","26-J0121685-006-771","IG0000C","0.00","895.0","800.0","292.0","鉄 架台 焼付","2.5Y9/1 近似色","2","/243 穴加工　L50x50x6t　L40x40x5t　FB4.5ｔ","2026/09/17","チャーター便","2026/09/17","","完成","森田","2026/09/11","製造"
"誠新産業　長崎★","九州工場","九州工場","2026/09/01","2026/09/01","26-J0121685-001-771","IG0000C","0.00","895.0","800.0","292.0","鉄 架台 焼付","2.5Y9/1 近似色","8","/250 穴加工　L40x40x5t","2026/09/17","チャーター便","2026/09/17","","完成","森田","2026/09/11","製造"
"誠新産業　長崎★","九州工場","九州工場","2026/09/01","2026/09/01","26-J0121685-002-771","IG0000C","0.00","895.0","800.0","292.0","鉄 架台 焼付","2.5Y9/1 近似色","1","穴加工　L50x50x6t","2026/09/17","チャーター便","2026/09/17","","完成","森田","2026/09/11","製造"
"誠新産業　長崎★","九州工場","九州工場","2026/09/01","2026/09/01","26-J0121685-003-771","IG0000C","0.00","895.0","800.0","292.0","鉄 架台 焼付","2.5Y9/1 近似色","2","/175 穴加工　L50x50x6t","2026/09/17","チャーター便","2026/09/17","","完成","森田","2026/09/11","製造"
"興陽電機　山口★","九州工場","九州工場","2026/09/03","2026/09/03","26-J0122865-003-771","ZMK0000","3.20","1,800.0","600.0","110.0","ZN 曲金物","","1","勾配600→595 6-φ10 切かき有","2026/09/17","福山通運　九州発送","2026/09/17","","完成","金光","2026/09/09","製造"
"興陽電機　山口★","九州工場","九州工場","2026/09/03","2026/09/03","26-J0122865-004-771","ZMK0000","3.20","1,800.0","600.0","105.0","ZN 曲金物","","1","6-φ10","2026/09/17","福山通運　九州発送","2026/09/17","","完成","金光","2026/09/09","製造"
"三共電気　本社★","九州工場","九州工場","2026/09/03","2026/09/03","26-J0123311-001-771","ZG0000","0.00","500.0","500.0","500.0","ZN 架台","","1","穴加工","2026/09/16","ヤマックス福岡","2026/09/17","","ｷｬﾝｾﾙ","林(秀)","2026/09/09","製造"
"三親電材　広島★","九州工場","九州工場","2026/09/04","2026/09/04","26-J0124083-013-771","IKW0000G","1.60","1,250.0","300.0","170.0","鉄 貫通枠","","2","さび止め SS-C-5x50x100溶接","2026/09/17","福山通運　九州発送","2026/09/17","","完成","倉重","2026/09/16","製造"
"三親電材　広島★","九州工場","九州工場","2026/09/04","2026/09/04","26-J0124083-014-771","IKW0000G","1.60","700.0","250.0","170.0","鉄 貫通枠","","2","さび止め SS-C-5x50x100溶接","2026/09/17","福山通運　九州発送","2026/09/17","","完成","服部","2026/09/16","製造"
"かごしま電工　奄美★","九州工場","九州工場","2026/09/04","2026/09/04","26-J0124193-003-771","ZE0000X","2.30","250.0","250.0","100.0","ZN PBﾄｸ 水切","","4","ｱｰｽ 足付 L3x40(φ12)x4 内ﾜﾆｽ","2026/09/17","佐川急便","2026/09/17","","完成","金光","2026/09/09","製造"
"かごしま電工　奄美★","九州工場","九州工場","2026/09/04","2026/09/04","26-J0124193-002-771","ZE0000X","3.20","400.0","400.0","100.0","ZN PBﾄｸ 水切","","2","ｱｰｽ 足付 L4x50(φ12)x4 内ﾜﾆｽ","2026/09/17","佐川急便","2026/09/17","","完成","金光","2026/09/09","製造"
"かごしま電工　奄美★","九州工場","九州工場","2026/09/04","2026/09/04","26-J0124204-001-771","ZE0000X","3.20","600.0","600.0","300.0","ZN PBﾄｸ 水切","","4","ｱｰｽ 足付 L4x50(φ12)x4 内ﾜﾆｽ","2026/09/17","福山通運　九州発送","2026/09/17","","完成","倉重","2026/09/10","製造"
"かごしま電工　奄美★","九州工場","九州工場","2026/09/04","2026/09/04","26-J0124226-007-771","ZE0000X","3.20","700.0","500.0","300.0","ZN PBﾄｸ 水切","","2","ｱｰｽ　内ﾜﾆｽ","2026/09/17","福山通運　九州発送","2026/09/17","","完成","金光","2026/09/11","製造"
"東芝電材　広島★","九州工場","九州工場","2026/09/04","2026/09/04","26-J0124515-001-771","ID0000C","1.60","100.0","150.0","2,990.0","鉄 ﾀﾞｸﾄ 焼付","5Y7/1 近似色","2","ｱｰｽ ｹｰﾌﾞﾙ支持材付","2026/09/17","福山通運　九州発送","2026/09/17","","完成","森田","2026/09/14","製造"
"東芝電材　松江★","九州工場","九州工場","2026/09/04","2026/09/04","26-J0124518-001-771","BE2020SC","1.60","200.0","200.0","200.0","国土 PB 平 焼付","25-80A","1","ｱｰｽ","2026/09/17","福山通運　九州発送","2026/09/17","","完成","岡","","加工"
"東芝電材　松江★","九州工場","九州工場","2026/09/04","2026/09/04","26-J0124518-003-771","BE2520SC","1.60","250.0","250.0","200.0","国土 PB 平 焼付","25-75C","2","ｱｰｽ","2026/09/17","福山通運　九州発送","2026/09/17","","完成","岡","2026/09/11","製造"
"東芝電材　松江★","九州工場","九州工場","2026/09/04","2026/09/04","26-J0124518-002-771","BE2520SC","1.60","250.0","250.0","200.0","国土 PB 平 焼付","25-70A","3","ｱｰｽ","2026/09/17","福山通運　九州発送","2026/09/17","","完成","岡","2026/09/11","製造"
"宮地電機　松山","九州工場","九州工場","2026/09/04","2026/09/04","26-J0124903-001-771","IG0000C","0.00","600.0","250.0","200.0","鉄 架台 焼付","日東5Y7/1(近似色)","2","ｱﾝｸﾞﾙ FB PLt1.6","2026/09/17","福山通運　九州発送","2026/09/17","","完成","岡","2026/09/14","製造"
"宮地電機　松山","九州工場","九州工場","2026/09/04","2026/09/04","26-J0124903-002-771","IG0000C","0.00","500.0","200.0","300.0","鉄 架台 焼付","日東5Y7/1(近似色)","5","ｱﾝｸﾞﾙ FB PLt1.6","2026/09/17","福山通運　九州発送","2026/09/17","","完成","古川","2026/09/14","製造"
"宮地電機　松山","九州工場","九州工場","2026/09/04","2026/09/04","26-J0124903-003-771","IG0000C","0.00","500.0","250.0","200.0","鉄 架台 焼付","日東5Y7/1(近似色)","1","ｱﾝｸﾞﾙ FB PLt1.6","2026/09/17","福山通運　九州発送","2026/09/17","","完成","古川","2026/09/14","製造"
"興陽電機　福岡西★","九州工場","九州工場","2026/09/07","2026/09/07","26-J0125025-001-771","IG0000C","0.00","1,300.0","200.0","400.0","鉄 架台 焼付","2.5Y9/1 近似色","1","L-40x40x3t t1.6平蓋2面蓋 取付穴16-φ12 側面PL溶接","2026/09/16","ヤマックス福岡","2026/09/17","","完成","森田","2026/09/11","製造"
"トリスタン★","九州工場","九州工場","2026/09/07","2026/09/07","26-J0125036-001-771","ZG0000","3.20","439.0","125.0","110.0","ZN 架台","","1","HDZT56　開口穴　","2026/09/17","佐川急便","2026/09/17","","完成","金光","2026/09/10","製造"
"イシグロ　福岡★","九州工場","九州工場","2026/09/07","2026/09/07","26-J0125542-002-771","ZG0000","6.00","360.0","1,500.0","150.0","ZN 架台","","1","SS-L-50x50x6t　SPHC-6t　吊穴任意 ｺﾝﾌﾟ室用圧空架台","2026/09/17","福山通運　九州発送","2026/09/17","","完成","金光","2026/09/10","製造"
"イシグロ　福岡★","九州工場","九州工場","2026/09/07","2026/09/07","26-J0125542-001-771","ZG0000","6.00","325.0","1,500.0","150.0","ZN 架台","","1","SS-L-50x50x6t　SPHC-6t　吊穴任意  ｺﾝﾌﾟ室ﾄﾞﾚﾝ架台","2026/09/17","福山通運　九州発送","2026/09/17","","完成","金光","2026/09/10","製造"
"梶電機工業★","九州工場","九州工場","2026/09/07","2026/09/07","26-J0125682-001-771","ZE4030X2","2.30","400.0","400.0","300.0","ZN PB 水切","","3","HDZT56 ｱｰｽ","2026/09/17","福山通運　九州発送","2026/09/17","","完成","金光","2026/09/10","製造"
"梶電機工業★","九州工場","九州工場","2026/09/07","2026/09/07","26-J0125682-002-771","ZE2010X2","2.30","200.0","200.0","100.0","ZN PB 水切","","2","HDZT56 ｱｰｽ","2026/09/17","福山通運　九州発送","2026/09/17","","完成","金光","2026/09/09","製造"
"梶電機工業★","九州工場","九州工場","2026/09/07","2026/09/07","26-J0125682-003-771","ZE4020X2","2.30","400.0","400.0","200.0","ZN PB 水切","","3","HDZT56 ｱｰｽ","2026/09/17","福山通運　九州発送","2026/09/17","","完成","金光","2026/09/10","製造"
"宮地電機　松山","九州工場","九州工場","2026/09/07","2026/09/07","26-J0126173-008-771","ZE1010W2","2.30","100.0","100.0","100.0","ZN PB 被せ","","2","HDZT56 ｱｰｽ","2026/09/17","福山通運　九州発送","2026/09/17","","完成","金光","2026/09/09","製造"
"宮地電機　松山","九州工場","九州工場","2026/09/07","2026/09/07","26-J0126173-002-771","ZE1010S2","2.30","100.0","100.0","100.0","ZN PB 平","","2","HDZT56 ｱｰｽ","2026/09/17","福山通運　九州発送","2026/09/17","","ｷｬﾝｾﾙ","フイ","2026/09/09","製造"
"宮地電機　松山","九州工場","九州工場","2026/09/07","2026/09/07","26-J0126173-004-771","ZE2010S2","2.30","200.0","200.0","100.0","ZN PB 平","","7","HDZT56 ｱｰｽ","2026/09/17","福山通運　九州発送","2026/09/17","","ｷｬﾝｾﾙ","フイ","2026/09/09","製造"
"宮地電機　松山","九州工場","九州工場","2026/09/07","2026/09/07","26-J0126173-006-771","ZE2010S2","2.30","200.0","200.0","100.0","ZN PB 平","","10","HDZT56 ｱｰｽ","2026/09/17","福山通運　九州発送","2026/09/17","","ｷｬﾝｾﾙ","ルアン","2026/09/10","製造"
"宮地電機　松山","九州工場","九州工場","2026/09/07","2026/09/07","26-J0126173-007-771","ZE2010W2","2.30","200.0","200.0","100.0","ZN PB 被せ","","7","HDZT56 ｱｰｽ","2026/09/17","福山通運　九州発送","2026/09/17","","完成","金光","2026/09/09","製造"
"平岡電気　福岡西","九州工場","九州工場","2026/09/08","2026/09/08","26-J0126959-003-771","SE3020XC","1.50","300.0","300.0","200.0","SUS PB 水切 焼付","2.5Y9/1 近似色","2","ｱｰｽ","2026/09/16","ヤマックス福岡","2026/09/17","","完成","岡","","加工"
"平岡電気　福岡西","九州工場","九州工場","2026/09/08","2026/09/08","26-J0126959-001-771","BE6040SC","1.60","600.0","600.0","400.0","国土 PB 平 焼付","2.5Y9/1 近似色","1","ｱｰｽ","2026/09/15","ヤマックス福岡","2026/09/17","","完成","岡","2026/09/10","製造"
"平岡電気　福岡西","九州工場","九州工場","2026/09/08","2026/09/08","26-J0126959-002-771","SE6040XC","1.50","600.0","600.0","400.0","SUS PB 水切 焼付","2.5Y9/1 近似色","3","ｱｰｽ","2026/09/16","ヤマックス福岡","2026/09/17","","完成","倉重","2026/09/11","製造"
"東芝電材　都城★","九州工場","九州工場","2026/09/08","2026/09/08","26-J0126964-002-771","ID0000C","1.60","650.0","200.0","1,135.0","鉄 ﾀﾞｸﾄ 焼付","2.5Y9/1 近似色","1","平蓋 側面、背面開口 背面取付穴","2026/09/17","佐川急便","2026/09/17","","完成","古川","2026/09/14","製造"
"東芝電材　都城★","九州工場","九州工場","2026/09/08","2026/09/08","26-J0126964-001-771","ID0000C","1.60","1,000.0","200.0","535.0","鉄 ﾀﾞｸﾄ 焼付","2.5Y9/1 近似色","1","平蓋 側面、背面開口 背面取付穴","2026/09/17","佐川急便","2026/09/17","","完成","ナム","2026/09/14","製造"
"平岡電気　福岡西","九州工場","九州工場","2026/09/08","2026/09/08","26-J0126977-004-771","BF0000G","1.60","600.0","600.0","400.0","国土 裏BOX","","1","ｱｰｽ  M5ﾀｯﾌﾟ　さび止め","2026/09/16","ヤマックス福岡","2026/09/17","","完成","倉重","2026/09/15","製造"
"平岡電気　福岡西","九州工場","九州工場","2026/09/08","2026/09/08","26-J0126977-006-771","BF0000G","1.60","200.0","200.0","100.0","国土 裏BOX","","1","ｱｰｽ  M5ﾀｯﾌﾟ　さび止め","2026/09/16","ヤマックス福岡","2026/09/17","","完成","倉重","2026/09/15","製造"
"平岡電気　福岡西","九州工場","九州工場","2026/09/08","2026/09/08","26-J0127042-005-771","BIP0000C","1.60","630.0","630.0","0.0","処理鋼板 ﾌﾟﾚｰﾄ 焼付","2.5Y9/1 近似色","1","600x600x400用平蓋(張出蓋)","2026/09/16","ヤマックス福岡","2026/09/17","","完成","服部","2026/09/11","製造"
"平岡電気　福岡西","九州工場","九州工場","2026/09/08","2026/09/08","26-J0127042-007-771","BIP0000C","1.60","230.0","230.0","0.0","処理鋼板 ﾌﾟﾚｰﾄ 焼付","2.5Y9/1 近似色","1","200x200x100用平蓋(張出蓋)","2026/09/16","ヤマックス福岡","2026/09/17","","完成","倉重","2026/09/11","製造"
"シンセイ　広島第二★","九州工場","九州工場","2026/09/08","2026/09/08","26-J0127233-001-771","ZG0000","0.00","1,100.0","500.0","250.0","ZN 架台","","1","L-65X65X6t","2026/09/17","福山通運　九州発送","2026/09/17","","完成","金光","2026/09/10","製造"
"テンマワークス","九州工場","九州工場","2026/09/08","2026/09/08","26-J0127245-003-771","DDC0000N","2.30","800.0","600.0","1,000.0","Sﾀﾞｲﾏ ﾀﾞｸﾄｶﾊﾞｰ","","1","/1060","2026/09/16","チャーター便","2026/09/17","","完成","森田","2026/09/15","製造"
"テンマワークス","九州工場","九州工場","2026/09/08","2026/09/08","26-J0127245-004-771","DDC0000N","2.30","1,000.0","1,500.0","950.0","Sﾀﾞｲﾏ ﾀﾞｸﾄｶﾊﾞｰ","","1","/400/1010 2分割","2026/09/16","チャーター便","2026/09/17","","完成","森田","2026/09/15","製造"
"テンマワークス","九州工場","九州工場","2026/09/08","2026/09/08","26-J0127245-002-771","DDC0000N","2.30","720.0","400.0","600.0","Sﾀﾞｲﾏ ﾀﾞｸﾄｶﾊﾞｰ","","1","/820/660","2026/09/16","チャーター便","2026/09/17","","完成","服部","2026/09/15","製造"
"テンマワークス","九州工場","九州工場","2026/09/08","2026/09/08","26-J0127245-001-771","DDC0000N","2.30","1,200.0","800.0","1,000.0","Sﾀﾞｲﾏ ﾀﾞｸﾄｶﾊﾞｰ","","1","/1400/1060","2026/09/16","チャーター便","2026/09/17","","完成","森田","2026/09/15","製造"
"山電　八幡","九州工場","九州工場","2026/09/08","2026/09/08","26-J0127363-001-771","SIP0000C","1.50","197.0","153.0","42.0","SUS ﾌﾟﾚｰﾄ 焼付","2.5Y9/1 近似色","1","3-M6ナット（下穴有り）溶接　","2026/09/16","北九州配達","2026/09/17","","完成","岡","2026/09/11","製造"
"イシグロ　宮崎★","九州工場","九州工場","2026/09/08","2026/09/08","26-J0127385-003-771","SG0000N","6.00","250.0","250.0","0.0","SUS 架台","","14","三角ブラケット 穴加工　L50x50x6t","2026/09/17","福山通運　九州発送","2026/09/17","","完成","森田","2026/09/17","製造"
"イシグロ　宮崎★","九州工場","九州工場","2026/09/08","2026/09/08","26-J0127385-004-771","SG0000N","5.00","550.0","150.0","0.0","SUS 架台","","42","ブラケット穴加工　L40x40x5t","2026/09/17","福山通運　九州発送","2026/09/17","","完成","森田","2026/09/17","製造"
"イシグロ　宮崎★","九州工場","九州工場","2026/09/08","2026/09/08","26-J0127385-008-771","SG0000N","5.00","750.0","200.0","0.0","SUS 架台","","1","ブラケット穴加工　L40x40x5t","2026/09/17","福山通運　九州発送","2026/09/17","","完成","森田","2026/09/17","製造"
"八州電気工業　津山★","九州工場","九州工場","2026/09/08","2026/09/08","26-J0127398-001-771","IP0000SC","1.60","200.0","200.0","80.0","鉄 PBﾄｸ 平 焼付","2.5Y9/1(近似色)","10","","2026/09/17","福山通運　九州発送","2026/09/17","","完成","岡","2026/09/14","製造"
"興陽電機　下関★","九州工場","九州工場","2026/09/08","2026/09/08","26-J0127470-001-771","SP0000WN","1.50","1,020.0","300.0","200.0","SUS PBﾄｸ 被せ","","1","被せ蓋開口足付き","2026/09/17","福山通運　九州発送","2026/09/17","","完成","服部","2026/09/17","製造"
"興陽電機　下関★","九州工場","九州工場","2026/09/08","2026/09/08","26-J0127470-003-771","SD0000N","1.50","150.0","150.0","1,100.0","SUS ﾀﾞｸﾄ","","8","被せ蓋穴加工足付きケーブル支持(接続PL込み)","2026/09/17","福山通運　九州発送","2026/09/17","","完成","森田","2026/09/17","製造"
"興陽電機　下関★","九州工場","九州工場","2026/09/08","2026/09/08","26-J0127470-002-771","SP0000WN","1.50","800.0","300.0","200.0","SUS PBﾄｸ 被せ","","1","被せ蓋開口足付き","2026/09/17","福山通運　九州発送","2026/09/17","","完成","倉重","2026/09/17","製造"
"興陽電機　下関★","九州工場","九州工場","2026/09/08","2026/09/08","26-J0127470-004-771","SD0000N","1.50","150.0","150.0","840.0","SUS ﾀﾞｸﾄ","","1","被せ蓋穴加工足付きケーブル支持(接続PL込み)","2026/09/17","福山通運　九州発送","2026/09/17","","完成","井上","2026/09/17","製造"
"興陽電機　下関★","九州工場","九州工場","2026/09/08","2026/09/08","26-J0127470-005-771","SD0000N","1.50","150.0","150.0","700.0","SUS ﾀﾞｸﾄ","","1","/250 L型　被せ蓋開口ケーブル支持","2026/09/17","福山通運　九州発送","2026/09/17","","完成","服部","2026/09/17","製造"
"カンサイ南九州社★","九州工場","九州工場","2026/09/09","2026/09/09","26-J0128187-002-771","SE1510WCW","1.50","150.0","150.0","100.0","SUS PB 被せ 焼付","2.5Y9/1 近似色","6","ｱｰｽ 内ﾜﾆｽ","2026/09/17","佐川急便","2026/09/17","","完成","岡","2026/09/11","製造"
"カンサイ南九州社★","九州工場","九州工場","2026/09/09","2026/09/09","26-J0128187-001-771","SE1510WCW","1.50","150.0","150.0","100.0","SUS PB 被せ 焼付","2.5Y9/1 近似色","5","ｱｰｽ 内ﾜﾆｽ","2026/09/16","佐川急便","2026/09/17","","完成","森田","2026/09/10","製造"
"カンサイ　福岡西★","九州工場","九州工場","2026/09/09","2026/09/09","26-J0128255-001-771","ZE3530S2","2.30","350.0","350.0","300.0","ZN PB 平","","2","ｱｰｽ","2026/09/16","ヤマックス福岡","2026/09/17","","完成","金光","2026/09/10","製造"
"カンサイ　福岡城南★","九州工場","九州工場","2026/09/09","2026/09/09","26-J0128424-003-771","IDC0000C","2.30","1,200.0","350.0","340.0","鉄 ﾀﾞｸﾄｶﾊﾞｰ 焼付","日東工業2.5Y9/1近似色","1","平蓋 取付穴","2026/09/16","ヤマックス福岡","2026/09/17","","完成","森田","2026/09/11","製造"
"カンサイ　福岡城南★","九州工場","九州工場","2026/09/09","2026/09/09","26-J0128424-001-771","IDC0000C","1.60","600.0","160.0","390.0","鉄 ﾀﾞｸﾄｶﾊﾞｰ 焼付","日東工業2.5Y9/1近似色","1","平蓋 取付穴","2026/09/16","ヤマックス福岡","2026/09/17","","完成","森田","2026/09/11","製造"
"カンサイ　福岡城南★","九州工場","九州工場","2026/09/09","2026/09/09","26-J0128424-002-771","IDC0000C","1.60","600.0","160.0","1,100.0","鉄 ﾀﾞｸﾄｶﾊﾞｰ 焼付","日東工業2.5Y9/1近似色","1","平蓋 取付穴","2026/09/16","ヤマックス福岡","2026/09/17","","完成","森田","2026/09/11","製造"
"Q-mast　電気グル－プ★","九州工場","九州工場","2026/09/09","2026/09/09","26-J0128519-001-771","ZE0000W","3.20","600.0","300.0","200.0","ZN PBﾄｸ 被せ","","1","ｱｰｽ 600x300蓋面","2026/09/17","佐川急便","2026/09/17","","完成","金光","2026/09/10","製造"
"カンサイ　宮崎★","九州工場","九州工場","2026/09/09","2026/09/09","26-J0128614-004-771","BE2020SC","1.60","200.0","200.0","200.0","国土 PB 平 焼付","5Y7/1 近似色","2","ｱｰｽ","2026/09/16","佐川急便","2026/09/17","","完成","森田","","加工"
"カンサイ　宮崎★","九州工場","九州工場","2026/09/09","2026/09/09","26-J0128614-002-771","BE2010SC","1.60","200.0","200.0","100.0","国土 PB 平 焼付","5Y7/1 近似色","9","ｱｰｽ","2026/09/17","佐川急便","2026/09/17","","完成","岡","","加工"
"東芝電材　鹿児島★","九州工場","九州工場","2026/09/09","2026/09/09","26-J0128675-001-771","SE1515XCW","1.50","150.0","150.0","150.0","SUS PB 水切 焼付","5Y7/1 近似色","2","ｱｰｽ 内ﾜﾆｽ","2026/09/17","佐川急便","2026/09/17","","完成","岡","2026/09/11","製造"
"東芝電材　鹿児島★","九州工場","九州工場","2026/09/09","2026/09/09","26-J0128675-003-771","SE3020XCW","1.50","300.0","300.0","200.0","SUS PB 水切 焼付","5Y7/1 近似色","1","ｱｰｽ 内ﾜﾆｽ","2026/09/17","佐川急便","2026/09/17","","完成","岡","2026/09/11","製造"
"東芝電材　鹿児島★","九州工場","九州工場","2026/09/09","2026/09/09","26-J0128675-002-771","SE2515XCW","1.50","250.0","250.0","150.0","SUS PB 水切 焼付","5Y7/1 近似色","1","ｱｰｽ 内ﾜﾆｽ","2026/09/17","佐川急便","2026/09/17","","完成","白濵","2026/09/11","製造"
"東芝電材　鹿児島★","九州工場","九州工場","2026/09/09","2026/09/09","26-J0128675-004-771","SE4030XCW","1.50","400.0","400.0","300.0","SUS PB 水切 焼付","5Y7/1 近似色","1","ｱｰｽ 内ﾜﾆｽ","2026/09/17","佐川急便","2026/09/17","","完成","服部","2026/09/11","製造"
"ナミデン　広島★","九州工場","九州工場","2026/09/10","2026/09/10","26-J0128741-001-771","IG0000G","0.00","1,270.0","2,100.0","0.0","鉄 架台","","1","さび止め L50x50x6t ベース6ｔ","2026/09/17","福山通運　九州発送","2026/09/17","","完成","森田","2026/09/16","製造"
"カンサイ　福岡西★","九州工場","九州工場","2026/09/10","2026/09/10","26-J0128746-001-771","BE2010SC","1.60","200.0","200.0","100.0","国土 PB 平 焼付","2.5Y9/1 近似色","1","ｱｰｽ","2026/09/16","ヤマックス福岡","2026/09/17","","完成","森田","","加工"
"東芝電材　鹿児島★","九州工場","九州工場","2026/09/10","2026/09/10","26-J0128914-001-771","SE3015SCW","1.50","300.0","300.0","150.0","SUS PB 平 焼付","5Y7/1 近似色","1","ｱｰｽ 内ﾜﾆｽ ｺﾞﾑﾊﾟｯｷﾝ付き","2026/09/17","佐川急便","2026/09/17","","完成","服部","2026/09/11","製造"
"東芝電材　鹿児島★","九州工場","九州工場","2026/09/10","2026/09/10","26-J0128914-002-771","SE2515SCW","1.50","250.0","250.0","150.0","SUS PB 平 焼付","5Y7/1 近似色","1","ｱｰｽ 内ﾜﾆｽ ｺﾞﾑﾊﾟｯｷﾝ付き","2026/09/17","佐川急便","2026/09/17","","完成","服部","2026/09/11","製造"
"かごしま電工　南★","九州工場","九州工場","2026/09/10","2026/09/10","26-J0129091-006-771","BF0000C","1.60","500.0","300.0","300.0","国土 裏BOX 焼付","2.5Y9/1 近似色","1","ｱｰｽ  内ﾜﾆｽ","2026/09/17","福山通運　九州発送","2026/09/17","","完成","岡","2026/09/11","製造"
"かごしま電工　南★","九州工場","九州工場","2026/09/10","2026/09/10","26-J0129091-004-771","BE3535SCW","1.60","350.0","350.0","350.0","国土 PB 平 焼付","2.5Y9/1 近似色","4","ｱｰｽ  内ﾜﾆｽ","2026/09/17","福山通運　九州発送","2026/09/17","","完成","服部","2026/09/11","製造"
"かごしま電工　南★","九州工場","九州工場","2026/09/10","2026/09/10","26-J0129091-001-771","SE0000SCW","1.50","300.0","300.0","100.0","SUS PBﾄｸ 平 焼付","2.5Y9/1 近似色","1","ｱｰｽ 張出蓋(330x330)  内ﾜﾆｽ","2026/09/17","福山通運　九州発送","2026/09/17","","完成","服部","2026/09/11","製造"
"かごしま電工　南★","九州工場","九州工場","2026/09/10","2026/09/10","26-J0129091-002-771","SP0000SCW","1.50","400.0","400.0","100.0","SUS PBﾄｸ 平 焼付","2.5Y9/1 近似色","1","張出蓋(430x430)  内ﾜﾆｽ","2026/09/17","福山通運　九州発送","2026/09/17","","完成","服部","2026/09/11","製造"
"かごしま電工　南★","九州工場","九州工場","2026/09/10","2026/09/10","26-J0129091-003-771","BE3030SCW","1.60","300.0","300.0","300.0","国土 PB 平 焼付","2.5Y9/1 近似色","2","ｱｰｽ  内ﾜﾆｽ","2026/09/17","福山通運　九州発送","2026/09/17","","完成","古川","2026/09/11","製造"
"かごしま電工　南★","九州工場","九州工場","2026/09/10","2026/09/10","26-J0129091-005-771","BF0000C","1.60","300.0","300.0","300.0","国土 裏BOX 焼付","2.5Y9/1 近似色","1","ｱｰｽ  内ﾜﾆｽ","2026/09/17","福山通運　九州発送","2026/09/17","","完成","岡","2026/09/11","製造"
"中国機材設備　呉★","九州工場","九州工場","2026/09/10","2026/09/10","26-J0129480-006-771","SE0000XC","1.50","400.0","400.0","400.0","SUS PBﾄｸ 水切 焼付","2.5Y9/1 近似色","1","ｱｰｽ ｾﾝﾀｰｾﾊﾟﾚｰﾀ","2026/09/17","福山通運　九州発送","2026/09/17","","完成","岡","2026/09/14","製造"
"中国機材設備　呉★","九州工場","九州工場","2026/09/10","2026/09/10","26-J0129480-007-771","BE3030SC","1.60","300.0","300.0","300.0","国土 PB 平 焼付","2.5Y9/1 近似色","1","ｱｰｽ","2026/09/17","福山通運　九州発送","2026/09/17","","完成","岡","2026/09/14","製造"
"中国機材設備　呉★","九州工場","九州工場","2026/09/10","2026/09/10","26-J0129480-001-771","SE5050XC","1.50","500.0","500.0","500.0","SUS PB 水切 焼付","2.5Y9/1 近似色","5","ｱｰｽ","2026/09/16","福山通運　九州発送","2026/09/17","","完成","倉重","2026/09/11","製造"
"中国機材設備　呉★","九州工場","九州工場","2026/09/10","2026/09/10","26-J0129480-002-771","SE5040XC","1.50","500.0","500.0","400.0","SUS PB 水切 焼付","2.5Y9/1 近似色","2","ｱｰｽ","2026/09/16","福山通運　九州発送","2026/09/17","","完成","倉重","2026/09/11","製造"
"中国機材設備　呉★","九州工場","九州工場","2026/09/10","2026/09/10","26-J0129480-003-771","SE2010XC","1.50","200.0","200.0","100.0","SUS PB 水切 焼付","2.5Y9/1 近似色","5","ｱｰｽ","2026/09/16","福山通運　九州発送","2026/09/17","","完成","岡","","加工"
"中国機材設備　呉★","九州工場","九州工場","2026/09/10","2026/09/10","26-J0129480-005-771","BE2010SC","1.60","200.0","200.0","100.0","国土 PB 平 焼付","2.5Y9/1 近似色","6","ｱｰｽ","2026/09/16","福山通運　九州発送","2026/09/17","","完成","岡","","加工"
"中国機材設備　呉★","九州工場","九州工場","2026/09/10","2026/09/10","26-J0129480-004-771","SE4030XC","1.50","400.0","400.0","300.0","SUS PB 水切 焼付","2.5Y9/1 近似色","2","ｱｰｽ","2026/09/17","福山通運　九州発送","2026/09/17","","完成","岡","2026/09/14","製造"
"三和電気商会★","九州工場","九州工場","2026/09/10","2026/09/10","26-J0129802-002-771","IDC0000C","1.60","150.0","100.0","250.0","鉄 ﾀﾞｸﾄｶﾊﾞｰ 焼付","N9.5全ﾂﾔ(近似色)","4","/88/150 化粧ﾋﾞｽ付","2026/09/17","福山通運　九州発送","2026/09/17","","完成","岡","2026/09/15","製造"
"三和電気商会★","九州工場","九州工場","2026/09/10","2026/09/10","26-J0129802-001-771","IDC0000C","1.60","400.0","100.0","250.0","鉄 ﾀﾞｸﾄｶﾊﾞｰ 焼付","N9.5全ﾂﾔ(近似色)","1","/88/150 化粧ﾋﾞｽ付","2026/09/17","福山通運　九州発送","2026/09/17","","完成","岡","2026/09/15","製造"
"シンセイ　広島第一★","九州工場","九州工場","2026/09/10","2026/09/10","26-J0129828-003-771","SD0000N","1.50","700.0","500.0","1,500.0","SUS ﾀﾞｸﾄ","","1","平蓋ｺﾞﾑﾊﾟｯｷﾝ付  ｱｰｽ  支持棒付  開口","2026/09/17","福山通運　九州発送","2026/09/17","","完成","服部","2026/09/17","製造"
"シンセイ　広島第一★","九州工場","九州工場","2026/09/10","2026/09/10","26-J0129828-002-771","SD0000N","1.50","250.0","300.0","1,000.0","SUS ﾀﾞｸﾄ","","1","平蓋  ｱｰｽ  支持棒付  上下面閉口","2026/09/17","福山通運　九州発送","2026/09/17","","完成","井上","2026/09/17","製造"
"シンセイ　広島第一★","九州工場","九州工場","2026/09/10","2026/09/10","26-J0129833-005-771","SG0000N","3.00","450.0","200.0","40.0","SUS 架台","","1","三角引込架台  L-40x40x3t　2-φ15  右","2026/09/17","福山通運　九州発送","2026/09/17","","完成","倉重","2026/09/17","製造"
"シンセイ　広島第一★","九州工場","九州工場","2026/09/10","2026/09/10","26-J0129833-004-771","SG0000N","3.00","450.0","200.0","40.0","SUS 架台","","1","三角引込架台  L-40x40x3t　2-φ15  左","2026/09/17","福山通運　九州発送","2026/09/17","","完成","倉重","2026/09/17","製造"
"三和電気商会　加古川★","九州工場","九州工場","2026/09/10","2026/09/10","26-J0129834-001-771","DE0000SNP","2.30","1,000.0","600.0","500.0","Sﾀﾞｲﾏ PBﾄｸ 平","","4","ｱｰｽ ｺﾞﾑﾊﾟｯｷﾝ付","2026/09/17","福山通運　九州発送","2026/09/17","","完成","森田","2026/09/15","製造"
"平岡電気　福岡東★","九州工場","九州工場","2026/09/10","2026/09/10","26-J0129849-003-771","DC0000N","1.60","1,240.0","530.0","450.0","Sﾀﾞｲﾏ ｶﾊﾞｰ","","1","平蓋（パッキン付）L金物溶接  背面パッキン付","2026/09/16","ヤマックス福岡","2026/09/17","","完成","道上","2026/09/16","製造"
"平岡電気　福岡東★","九州工場","九州工場","2026/09/10","2026/09/10","26-J0129849-002-771","DC0000N","1.60","1,320.0","540.0","550.0","Sﾀﾞｲﾏ ｶﾊﾞｰ","","1","平蓋（パッキン付）L金物溶接  背面パッキン付","2026/09/16","ヤマックス福岡","2026/09/17","","完成","森田","2026/09/16","製造"
"平岡電気　福岡東★","九州工場","九州工場","2026/09/10","2026/09/10","26-J0129849-001-771","DC0000N","1.60","1,300.0","540.0","550.0","Sﾀﾞｲﾏ ｶﾊﾞｰ","","1","平蓋（パッキン付）L金物溶接  背面パッキン付","2026/09/16","ヤマックス福岡","2026/09/17","","完成","森田","2026/09/16","製造"
"カンサイ　日進商会★","九州工場","九州工場","2026/09/10","2026/09/10","26-J0129864-001-771","IIP0000C","2.30","117.0","196.0","0.0","鉄 ﾌﾟﾚｰﾄ 焼付","5Y7/1 近似色","1","M5ｽﾀｯﾄﾎﾞﾙﾄ溶接　開口　穴加工","2026/09/16","北九州配達","2026/09/17","","完成","岡","2026/09/14","製造"
"ムトウ電材　富士見★","九州工場","九州工場","2026/09/11","2026/09/11","26-J0129899-001-771","IKM0000C","1.60","160.0","80.0","50.0","鉄 金物 焼付","N1 艶消し 近似色","1","φ160ﾌﾟﾚｰﾄ 穴加工 M4ﾀｯﾌﾟx4 傾斜付金物溶接","2026/09/17","佐川急便","2026/09/17","","完成","岡","2026/09/14","製造"
"東芝電材　鹿児島★","九州工場","九州工場","2026/09/11","2026/09/11","26-J0129941-001-771","SE1515XCW","1.50","150.0","150.0","150.0","SUS PB 水切 焼付","5Y7/1 近似色","1","ｱｰｽ 内ﾜﾆｽ","2026/09/17","佐川急便","2026/09/17","","完成","岡","2026/09/14","製造"
"平岡電気　福岡東★","九州工場","九州工場","2026/09/11","2026/09/11","26-J0129947-001-771","DC0000N","1.60","850.0","440.0","505.0","Sﾀﾞｲﾏ ｶﾊﾞｰ","","1","平蓋（パッキン付）L金物溶接 背面パッキン","2026/09/16","ヤマックス福岡","2026/09/17","","完成","森田","2026/09/16","製造"
"カンサイ　福岡南★","九州工場","九州工場","2026/09/11","2026/09/11","26-J0130266-001-771","SE3030XC","1.50","300.0","300.0","300.0","SUS PB 水切 焼付","19-20B 近似色","1","ｱｰｽ","2026/09/16","ヤマックス福岡","2026/09/17","","完成","岡","2026/09/14","製造"
"ｹｲ･ｴｽ･ﾃﾞｰ　鹿児島★","九州工場","九州工場","2026/09/11","2026/09/11","26-J0130448-001-771","BE3020SCW","1.60","300.0","300.0","200.0","国土 PB 平 焼付","5Y7/1 近似色","1","ｱｰｽ  内ﾜﾆｽ","2026/09/17","佐川急便","2026/09/17","","完成","古川","2026/09/14","製造"
"ｹｲ･ｴｽ･ﾃﾞｰ　鹿児島★","九州工場","九州工場","2026/09/11","2026/09/11","26-J0130448-002-771","SE3020XCW","1.50","300.0","300.0","200.0","SUS PB 水切 焼付","5Y7/1 近似色","2","ｱｰｽ 内ﾜﾆｽ","2026/09/17","佐川急便","2026/09/17","","完成","岡","2026/09/14","製造"
"啓電社★","九州工場","九州工場","2026/09/11","2026/09/11","26-J0130453-002-771","SP0000WC","1.50","350.0","150.0","150.0","SUS PBﾄｸ 被せ 焼付","N-80 近似色","1","","2026/09/17","佐川急便","2026/09/17","","完成","岡","2026/09/14","製造"
"かごしま電工　鹿屋★","九州工場","九州工場","2026/09/11","2026/09/11","26-J0130613-001-771","BP3020SC","1.60","300.0","300.0","200.0","国土 PB 平 焼付","2.5Y9/1 近似色","1","ｱｰｽ無","2026/09/17","佐川急便","2026/09/17","","完成","岡","2026/09/14","製造"
"かごしま電工　鹿屋★","九州工場","九州工場","2026/09/11","2026/09/11","26-J0130613-002-771","BE3025SC","1.60","300.0","300.0","250.0","国土 PB 平 焼付","2.5Y9/1 近似色","1","ｱｰｽ","2026/09/17","佐川急便","2026/09/17","","完成","岡","2026/09/14","製造"
"ナミデン　山口★","九州工場","九州工場","2026/09/11","2026/09/11","26-J0130724-001-771","ID0000C","1.60","400.0","300.0","2,480.0","鉄 ﾀﾞｸﾄ 焼付","2.5Y9/1 近似色","2","平蓋・本体3分割　ケーブル支持","2026/09/17","福山通運　九州発送","2026/09/17","","完成","古川","2026/09/15","製造"
"ナミデン　山口★","九州工場","九州工場","2026/09/11","2026/09/11","26-J0130733-002-771","SD0000N","2.00","1,000.0","250.0","690.0","SUS ﾀﾞｸﾄ","","1","平蓋　取付足","2026/09/17","福山通運　九州発送","2026/09/17","","完成","坂元","2026/09/17","製造"
"啓電社★","九州工場","九州工場","2026/09/11","2026/09/11","26-J0130978-002-771","DE0000WN","2.30","1,200.0","800.0","400.0","Sﾀﾞｲﾏ PBﾄｸ 被せ","","1","ｱｰｽ ｺﾞﾑﾊﾟｯｷﾝ付 ｾﾊﾟ付き　A棟外部　","2026/09/16","ヤマックス　ｽﾎﾟｯﾄ便","2026/09/17","","完成","古川","2026/09/16","製造"
"啓電社★","九州工場","九州工場","2026/09/11","2026/09/11","26-J0130980-004-771","IE0000SG","2.30","990.0","600.0","500.0","鉄 PBﾄｸ 平","","1","ｱｰｽ さび止め　ｾﾊﾟﾚｰﾀ付き　A棟内部　","2026/09/16","ヤマックス　ｽﾎﾟｯﾄ便","2026/09/17","","完成","服部","2026/09/15","製造"
"Q-mast　南九州★","九州工場","九州工場","2026/09/14","2026/09/14","26-J0131007-001-771","SC0000N","2.00","1,340.0","500.0","600.0","SUS ｶﾊﾞｰ","","1","","2026/09/17","福山通運　九州発送","2026/09/17","","完成","坂元","2026/09/17","製造"
"カンサイ　福岡南★","九州工場","九州工場","2026/09/14","2026/09/14","26-J0131243-001-771","SP0000SN","1.50","300.0","200.0","300.0","SUS PBﾄｸ 平","","2","平蓋ｺﾞﾑﾊﾟｯｷﾝ付(両面蓋) 蓋面ﾌﾞﾗﾝｸ有り φ12x4 φ38","2026/09/16","ヤマックス福岡","2026/09/17","","完成","井上","2026/09/16","製造"
"カンサイ　福岡南★","九州工場","九州工場","2026/09/14","2026/09/14","26-J0131243-002-771","SP0000SN","1.50","250.0","250.0","250.0","SUS PBﾄｸ 平","","1","平蓋ｺﾞﾑﾊﾟｯｷﾝ付(両面蓋) 蓋面ﾌﾞﾗﾝｸ有り φ12x4 φ38","2026/09/16","ヤマックス福岡","2026/09/17","","完成","井上","2026/09/16","製造"
"三親電材　東広島★","九州工場","九州工場","2026/09/14","2026/09/14","26-J0131261-001-771","BIP0000C","1.60","340.0","170.0","0.0","処理鋼板 ﾌﾟﾚｰﾄ 焼付","5Y7/1 近似色","4","φ6x6","2026/09/17","福山通運　九州発送","2026/09/17","","完成","岡","2026/09/15","製造"
"東芝電材　福岡★","九州工場","九州工場","2026/09/14","2026/09/14","26-J0131311-001-771","DE0000XN","1.60","250.0","200.0","200.0","Sﾀﾞｲﾏ PBﾄｸ 水切","","2","ｱｰｽ","2026/09/16","ヤマックス福岡","2026/09/17","","完成","服部","2026/09/16","製造"
"平和テクノ　行橋★","九州工場","九州工場","2026/09/14","2026/09/14","26-J0131395-001-771","88801","1.50","200.0","200.0","100.0","その他・製","2.5Y9/1 近似色","1","SUS　被せ　支給品塗装","2026/09/17","店頭渡し","2026/09/17","","完成","岡","2026/09/14","製造"
"デンザイ東亜　本社★","九州工場","九州工場","2026/09/14","2026/09/14","26-J0131624-002-771","BKM0000G","2.30","80.0","50.0","55.0","処理鋼板 金物","","20","ｺ形 穴加工 さび止め","2026/09/17","佐川急便","2026/09/17","","完成","服部","2026/09/16","製造"
"テンマワークス","九州工場","九州工場","2026/09/14","2026/09/14","26-J0131692-001-771","DI0000N","2.30","840.0","195.0","0.0","Sﾀﾞｲﾏ 切板","","2","","2026/09/16","チャーター便","2026/09/17","","完成","井上","2026/09/16","製造"
"カンサイ　電設★","九州工場","九州工場","2026/09/14","2026/09/14","26-J0131699-001-771","IG0000G","6.00","50.0","200.0","170.0","鉄 架台","","1","さび止め SS-L-50x50x6t　左右＝各1台","2026/09/16","ヤマックス福岡","2026/09/17","","完成","服部","2026/09/15","製造"
"山陰ﾊﾟﾅｿﾆｯｸ　出雲★","九州工場","九州工場","2026/09/14","2026/09/14","26-J0131753-001-771","BIP0000C","1.60","240.0","145.0","0.0","処理鋼板 ﾌﾟﾚｰﾄ 焼付","N9.5(近似色)","1","開口･穴加工ｱﾘ","2026/09/17","福山通運　九州発送","2026/09/17","","完成","岡","2026/09/15","製造"
"栗田電機　松山★","九州工場","九州工場","2026/09/14","2026/09/14","26-J0132354-001-771","IP0000WN","1.60","200.0","200.0","150.0","鉄 PBﾄｸ 被せ","","1","ｻﾋﾞ止用生地 穴加工ｱﾘ","2026/09/17","福山通運　九州発送","2026/09/17","","完成","服部","2026/09/17","製造"
"三親電材　松江★","九州工場","九州工場","2026/09/14","2026/09/14","26-J0132404-001-771","SMK0000N","2.00","86.0","50.0","45.0","SUS 曲金物","","4","穴加工ｱﾘ","2026/09/17","福山通運　九州発送","2026/09/17","","完成","井上","2026/09/17","製造"
"カンサイHD　電設★","九州工場","九州工場","2026/09/15","2026/09/15","26-J0132523-001-771","IG0000G","3.20","360.0","225.0","35.0","鉄 架台","","11","M12x60BT溶接　穴加工　さび止め","2026/09/17","佐川急便","2026/09/17","","完成","服部","2026/09/16","製造"
"平和テクノ　福岡南★","九州工場","九州工場","2026/09/15","2026/09/15","26-J0132660-001-771","IP0000SG","1.60","150.0","150.0","150.0","鉄 PBﾄｸ 平","","1","ｾﾝﾀｰｾﾊﾟﾚｰﾀ  さび止め","2026/09/16","ヤマックス福岡","2026/09/17","","完成","倉重","2026/09/15","製造"
"宮地電機　高松","九州工場","九州工場","2026/09/15","2026/09/15","26-J0132759-001-771","SP0000SN","1.50","180.0","160.0","50.0","SUS PBﾄｸ 平","","5","","2026/09/17","福山通運　九州発送","2026/09/17","","完成","樋口","2026/09/17","製造"
"日本電設資材　大阪★","九州工場","九州工場","2026/09/15","2026/09/15","26-J0132975-001-771","SP0000WN","1.50","500.0","500.0","200.0","SUS PBﾄｸ 被せ","","2","開口･穴加工ｱﾘ","2026/09/17","佐川急便","2026/09/17","","完成","森田","2026/09/17","製造"
"因幡電機　南九州(235)","九州工場","九州工場","2026/09/15","2026/09/15","26-J0133068-001-771","IG0000G","0.00","600.0","250.0","400.0","鉄 架台","","1","さび止め　L-40X40X3t","2026/09/17","佐川急便","2026/09/17","","完成","服部","2026/09/16","製造"
"三親電材　津山★","九州工場","九州工場","2026/09/15","2026/09/15","26-J0133274-001-771","SP0000WN","1.50","300.0","300.0","350.0","SUS PBﾄｸ 被せ","","1","","2026/09/17","福山通運　九州発送","2026/09/17","","完成","井上","2026/09/17","製造"
"正二電気　岡山本社","九州工場","九州工場","2026/09/15","2026/09/15","26-J0133376-001-771","SG0000N","0.00","600.0","500.0","400.0","SUS 架台","","1","ｱﾝｸﾞﾙ FB","2026/09/17","福山通運　九州発送","2026/09/17","","完成","森田","2026/09/17","製造"
"カンサイ　福岡南★","九州工場","九州工場","2026/09/15","2026/09/15","26-J0133413-001-771","SE0000XN","1.50","200.0","200.0","250.0","SUS PBﾄｸ 水切","","1","ｱｰｽ","2026/09/16","ヤマックス福岡","2026/09/17","","完成","井上","2026/09/16","製造"
"暁電業　岡山本社★","九州工場","九州工場","2026/09/15","2026/09/15","26-J0133687-001-771","SE0000WN","1.50","400.0","400.0","250.0","SUS PBﾄｸ 被せ","","1","ｱｰｽ","2026/09/17","福山通運　九州発送","2026/09/17","","完成","井上","2026/09/17","製造"
"三親電材　鳥取★","九州工場","九州工場","2026/09/15","2026/09/15","26-J0133691-001-771","IP0000SG","1.60","200.0","200.0","90.0","鉄 PBﾄｸ 平","","2","さび止め","2026/09/17","福山通運　九州発送","2026/09/17","","完成","服部","2026/09/16","製造"
"三和電気商会★","九州工場","九州工場","2026/09/15","2026/09/15","26-J0133699-001-771","SP0000SNP","1.50","400.0","300.0","200.0","SUS PBﾄｸ 平","","2","ｺﾞﾑﾊﾟｯｷﾝ付","2026/09/17","福山通運　九州発送","2026/09/17","","完成","井上","2026/09/17","製造"
"カンサイ　電設★","九州工場","九州工場","2026/09/15","2026/09/15","26-J0133790-001-771","IAI0000G","0.00","5,500.0","0.0","0.0","鉄 ｱﾝｸﾞﾙ","","10","L75x75x6  さび止め","2026/09/16","ヤマックス　ｽﾎﾟｯﾄ便","2026/09/17","","完成","坂元","2026/09/16","製造"
"シンセイ　広島第一★","九州工場","九州工場","2026/09/16","2026/09/16","26-J0133806-001-771","BE0000SG","1.60","250.0","150.0","75.0","国土 PBﾄｸ 平","","2","ｱｰｽ さび止め","2026/09/17","福山通運　九州発送","2026/09/17","","完成","服部","2026/09/16","製造"
"中西電機　高松本社★","九州工場","九州工場","2026/09/16","2026/09/16","26-J0134063-001-771","SE6040WN","1.50","600.0","600.0","400.0","SUS PB 被せ","","2","ｱｰｽ","2026/09/17","福山通運　九州発送","2026/09/17","","完成","服部","2026/09/17","製造"
"中西電機　高松本社★","九州工場","九州工場","2026/09/16","2026/09/16","26-J0134063-002-771","SE5020WN","1.50","500.0","500.0","200.0","SUS PB 被せ","","2","ｱｰｽ","2026/09/17","福山通運　九州発送","2026/09/17","","完成","井上","2026/09/17","製造"
"宮地電機　高知","九州工場","九州工場","2026/09/16","2026/09/16","26-J0134489-002-771","BE0000SG","1.60","600.0","600.0","100.0","国土 PBﾄｸ 平","","1","ｱｰｽ さび止め","2026/09/17","福山通運　九州発送","2026/09/17","","完成","服部","2026/09/16","製造"
"平岡電気　久留米★","九州工場","九州工場","2026/09/16","2026/09/16","26-J0134569-001-771","BE0000SG","1.60","400.0","400.0","250.0","国土 PBﾄｸ 平","","1","ｱｰｽ さび止め","2026/09/17","佐川急便","2026/09/17","","完成","服部","2026/09/17","製造"
"三星商会　福山★","九州工場","九州工場","2026/09/16","2026/09/16","26-J0134708-001-771","SE0000WN","1.50","100.0","100.0","50.0","SUS PBﾄｸ 被せ","","1","ｱｰｽ","2026/09/17","福山通運　九州発送","2026/09/17","","完成","樋口","2026/09/17","製造"
"かごしま電工　鹿屋★","九州工場","九州工場","2026/09/16","2026/09/16","26-J0134793-001-771","BP0000SG","1.60","250.0","250.0","300.0","国土 PBﾄｸ 平","","1","ｱｰｽ無 さび止め","2026/09/17","佐川急便","2026/09/17","","完成","服部","2026/09/16","製造"
"興陽電機　下関★","九州工場","九州工場","2026/09/16","2026/09/16","26-J0134959-001-771","SMK0000N","1.50","0.0","0.0","300.0","SUS 曲金物","","1","W300用の蓋帯","2026/09/17","福山通運　九州発送","2026/09/17","","完成","服部","2026/09/17","製造"
"かごしま電工　川内★","九州工場","九州工場","2026/09/17","2026/09/17","26-J0135749-001-771","999011","0.00","350.0","300.0","0.0","その他","","1","ｺﾞﾑﾊﾟｯｷﾝ 3tx50W  穴加工","2026/09/17","佐川急便","2026/09/17","","完成","森田","","製造"
"小林電工　岡山★","九州工場","九州工場","2026/08/05","2026/08/05","26-J0103166-005-771","IP0000SG","1.60","400.0","200.0","200.0","鉄 PBﾄｸ 平","","3","さび止め","2026/09/18","福山通運　九州発送","2026/09/18","","完成","倉重","2026/08/19","製造"
"小林電工　岡山★","九州工場","九州工場","2026/08/05","2026/08/05","26-J0103166-004-771","IP0000SG","1.60","300.0","200.0","200.0","鉄 PBﾄｸ 平","","1","さび止め","2026/09/18","福山通運　九州発送","2026/09/18","","完成","倉重","2026/08/19","製造"
"小林電工　岡山★","九州工場","九州工場","2026/08/05","2026/08/05","26-J0103173-008-771","SP0000WN","1.50","300.0","200.0","200.0","SUS PBﾄｸ 被せ","","1","","2026/09/18","福山通運　九州発送","2026/09/18","","完成","服部","2026/08/20","製造"
"小林電工　岡山★","九州工場","九州工場","2026/08/05","2026/08/05","26-J0103173-009-771","SP0000WN","1.50","400.0","200.0","200.0","SUS PBﾄｸ 被せ","","3","","2026/09/18","福山通運　九州発送","2026/09/18","","完成","倉重","2026/08/20","製造"
"小林電工　岡山★","九州工場","九州工場","2026/08/27","2026/08/27","26-J0117665-001-771","IIMP0000N","1.60","400.0","0.0","0.0","鉄 丸ﾌﾟﾚｰﾄ","","23","ｻﾋﾞ止用生地 Φ400 金物･穴加工ｱﾘ","2026/09/18","福山通運　九州発送","2026/09/18","","完成","服部","2026/09/18","製造"
"啓電社★","九州工場","九州工場","2026/08/28","2026/08/28","26-J0118742-001-771","DC0000N","1.60","600.0","400.0","2,550.0","Sﾀﾞｲﾏ ｶﾊﾞｰ","","1","ﾌｰﾄﾞｶﾊﾞｰ/ﾀﾞｸﾄｶﾊﾞｰ","2026/09/17","ヤマックス福岡","2026/09/18","","完成","森田","2026/09/17","製造"
"カンサイ西九州社　佐世保★","九州工場","九州工場","2026/08/28","2026/08/28","26-J0119066-010-771","ZE0000X","2.30","200.0","200.0","100.0","ZN PBﾄｸ 水切","","1","HDZT-49 ｱｰｽ 穴加工　　PB-H","2026/09/16","福山通運　九州発送","2026/09/18","","完成","倉重","2026/09/03","製造"
"カンサイ西九州社　佐世保★","九州工場","九州工場","2026/08/28","2026/08/28","26-J0119066-001-771","ZE0000X","3.20","600.0","600.0","600.0","ZN PBﾄｸ 水切","","1","◆HDZT-49  ｱｰｽ 穴加工　　PB-A","2026/09/16","福山通運　九州発送","2026/09/18","","完成","倉重","2026/09/03","製造"
"カンサイ西九州社　佐世保★","九州工場","九州工場","2026/08/28","2026/08/28","26-J0119066-011-771","ZE0000X","2.30","200.0","200.0","100.0","ZN PBﾄｸ 水切","","1","HDZT-49 ｱｰｽ 穴加工　　PB-I","2026/09/16","福山通運　九州発送","2026/09/18","","完成","倉重","2026/09/03","製造"
"カンサイ西九州社　佐世保★","九州工場","九州工場","2026/08/28","2026/08/28","26-J0119087-015-771","ZE0000X","2.30","200.0","200.0","200.0","ZN PBﾄｸ 水切","","1","HDZT-49  ｱｰｽ 穴加工   PB-M","2026/09/17","福山通運　九州発送","2026/09/18","","完成","倉重","2026/09/04","製造"
"カンサイ西九州社　佐世保★","九州工場","九州工場","2026/08/28","2026/08/28","26-J0119087-016-771","ZE0000X","2.30","200.0","200.0","200.0","ZN PBﾄｸ 水切","","1","HDZT-49  ｱｰｽ 穴加工   PB-N","2026/09/17","福山通運　九州発送","2026/09/18","","完成","倉重","2026/09/04","製造"
"カンサイ西九州社　佐世保★","九州工場","九州工場","2026/08/28","2026/08/28","26-J0119087-017-771","ZE0000X","2.30","200.0","200.0","200.0","ZN PBﾄｸ 水切","","1","HDZT-49  ｱｰｽ 穴加工   PB-O","2026/09/17","福山通運　九州発送","2026/09/18","","完成","倉重","2026/09/04","製造"
"カンサイ西九州社　佐世保★","九州工場","九州工場","2026/08/28","2026/08/28","26-J0119087-018-771","ZE0000X","2.30","200.0","200.0","100.0","ZN PBﾄｸ 水切","","1","HDZT-49　ｱｰｽ 穴加工　 PB-P","2026/09/17","福山通運　九州発送","2026/09/18","","完成","倉重","2026/09/04","製造"
"カンサイ西九州社　佐世保★","九州工場","九州工場","2026/08/28","2026/08/28","26-J0119087-019-771","ZE0000X","2.30","200.0","200.0","100.0","ZN PBﾄｸ 水切","","1","HDZT-49 ｱｰｽ 穴加工    PB-Q","2026/09/17","福山通運　九州発送","2026/09/18","","完成","倉重","2026/09/04","製造"
"カンサイ西九州社　佐世保★","九州工場","九州工場","2026/08/28","2026/08/28","26-J0119087-020-771","ZE0000X","2.30","200.0","200.0","200.0","ZN PBﾄｸ 水切","","1","HDZT-49 ｱｰｽ 穴加工    PB-R","2026/09/17","福山通運　九州発送","2026/09/18","","完成","倉重","2026/09/04","製造"
"カンサイ西九州社　佐世保★","九州工場","九州工場","2026/08/28","2026/08/28","26-J0119087-002-771","ZE0000X","3.20","400.0","400.0","400.0","ZN PBﾄｸ 水切","","1","◆ HDZT-49  ｱｰｽ 穴加工   PB-B","2026/09/17","福山通運　九州発送","2026/09/18","","完成","倉重","2026/09/04","製造"
"カンサイ西九州社　佐世保★","九州工場","九州工場","2026/08/28","2026/08/28","26-J0119087-007-771","ZE0000X","3.20","450.0","450.0","200.0","ZN PBﾄｸ 水切","","1","◆ HDZT-49  ｱｰｽ 穴加工   PB-F","2026/09/17","福山通運　九州発送","2026/09/18","","完成","倉重","2026/09/04","製造"
"カンサイ西九州社　佐世保★","九州工場","九州工場","2026/08/28","2026/08/28","26-J0119087-008-771","ZE0000X","3.20","500.0","500.0","200.0","ZN PBﾄｸ 水切","","1","◆ HDZT-49  ｱｰｽ 穴加工   PB-G","2026/09/17","福山通運　九州発送","2026/09/18","","完成","倉重","2026/09/04","製造"
"カンサイ西九州社　佐世保★","九州工場","九州工場","2026/08/28","2026/08/28","26-J0119087-003-771","ZE0000X","3.20","400.0","400.0","400.0","ZN PBﾄｸ 水切","","1","◆ HDZT-49  ｱｰｽ 穴加工   PB-C","2026/09/17","福山通運　九州発送","2026/09/18","","完成","倉重","2026/09/04","製造"
"東芝電材　唐津★","九州工場","九州工場","2026/09/01","2026/09/01","26-J0121603-006-771","IG0000C","0.00","900.0","765.0","210.0","鉄 架台 焼付","5Y7/1 近似色","1","穴加工 C75x40x5x7 　【10.ガス感知警報盤】","2026/09/17","ヤマックス　ｽﾎﾟｯﾄ便","2026/09/18","","ｷｬﾝｾﾙ","林(秀)","2026/09/14","製造"
"東芝電材　唐津★","九州工場","九州工場","2026/09/01","2026/09/01","26-J0121603-004-771","IG0000C","0.00","700.0","367.0","200.0","鉄 架台 焼付","5Y7/1 近似色","2","穴加工 L65x65x6t 　【4.RS盤1】【5.RS盤2】","2026/09/17","ヤマックス　ｽﾎﾟｯﾄ便","2026/09/18","","完成","古川","2026/09/14","製造"
"東芝電材　唐津★","九州工場","九州工場","2026/09/01","2026/09/01","26-J0121603-005-771","IG0000C","0.00","1,600.0","920.0","210.0","鉄 架台 焼付","5Y7/1 近似色","1","穴加工 L75x75x6t 　【7.ローリー出荷制御】","2026/09/17","ヤマックス　ｽﾎﾟｯﾄ便","2026/09/18","","完成","古川","2026/09/14","製造"
"興陽電機　中津★","九州工場","九州工場","2026/09/02","2026/09/02","26-J0121759-002-771","IIP0000C","2.30","360.0","285.0","0.0","鉄 ﾌﾟﾚｰﾄ 焼付","5Y7/1 近似色","1","開口268x159 8-φ7","2026/09/18","福山通運　九州発送","2026/09/18","","完成","古川","2026/09/15","製造"
"興陽電機　中津★","九州工場","九州工場","2026/09/02","2026/09/02","26-J0121759-001-771","IIP0000C","2.30","360.0","240.0","0.0","鉄 ﾌﾟﾚｰﾄ 焼付","5Y7/1 近似色","4","開口268x159 8-φ7","2026/09/18","福山通運　九州発送","2026/09/18","","完成","古川","2026/09/15","製造"
"アサヒ電機","九州工場","九州工場","2026/09/03","2026/09/03","26-J0123502-002-771","30PLA","0.00","0.0","0.0","0.0","補修塗料 筆付","2.5Y9/1","1","ﾌﾟﾗ30ml","2026/09/14","沖縄直送","2026/09/18","","完成","岡","","製造"
"アサヒ電機","九州工場","九州工場","2026/09/03","2026/09/03","26-J0123502-001-771","SD0000C","2.00","1,500.0","600.0","2,450.0","SUS ﾀﾞｸﾄ 焼付","2.5Y9/1","1","被せ蓋６ 本体３分割 ｱｰｽ 支持棒 開口","2026/09/18","沖縄直送","2026/09/18","","完成","古川","2026/09/15","製造"
"梶電機工業★","九州工場","九州工場","2026/09/07","2026/09/07","26-J0125688-001-771","ZE4030X2","2.30","400.0","400.0","300.0","ZN PB 水切","","6","HDZT56 ｱｰｽ","2026/09/18","福山通運　九州発送","2026/09/18","","完成","倉重","2026/09/11","製造"
"宮地電機　松山","九州工場","九州工場","2026/09/07","2026/09/07","26-J0126190-003-771","ZE2010W2","2.30","200.0","200.0","100.0","ZN PB 被せ","","10","HDZT56 ｱｰｽ","2026/09/18","福山通運　九州発送","2026/09/18","","完成","倉重","2026/09/11","製造"
"宮地電機　松山","九州工場","九州工場","2026/09/07","2026/09/07","26-J0126190-002-771","ZE2010S2","2.30","200.0","200.0","100.0","ZN PB 平","","10","HDZT56 ｱｰｽ","2026/09/18","福山通運　九州発送","2026/09/18","","ｷｬﾝｾﾙ","林(秀)","2026/09/11","製造"
"シンセイ　広島第一★","九州工場","九州工場","2026/09/08","2026/09/08","26-J0126611-001-771","ZG0000","4.00","600.0","300.0","0.0","ZN 架台","","1","L形ﾌﾞﾗｹｯﾄ L4x50 φ15x3","2026/09/17","福山通運　九州発送","2026/09/18","","完成","森田","2026/09/10","製造"
"徳島電材★","九州工場","九州工場","2026/09/08","2026/09/08","26-J0126976-002-771","ZX0000","3.20","500.0","350.0","170.0","ZN その他","","1","HDZT63 ﾊﾝﾄﾞﾎｰﾙ 金具t2.3･穴加工ｱﾘ","2026/09/18","福山通運　九州発送","2026/09/18","","完成","倉重","2026/09/11","製造"
"徳島電材★","九州工場","九州工場","2026/09/08","2026/09/08","26-J0126976-001-771","ZX0000","3.20","500.0","350.0","170.0","ZN その他","","1","HDZT63 ﾊﾝﾄﾞﾎｰﾙ 金具t2.3･穴加工ｱﾘ","2026/09/18","福山通運　九州発送","2026/09/18","","完成","倉重","2026/09/11","製造"
"徳島電材★","九州工場","九州工場","2026/09/08","2026/09/08","26-J0126976-004-771","ZE0000X","3.20","450.0","450.0","200.0","ZN PBﾄｸ 水切","","1","HDZT63 側面ｱｰｽ 開口･穴加工ｱﾘ","2026/09/18","福山通運　九州発送","2026/09/18","","完成","倉重","2026/09/11","製造"
"徳島電材★","九州工場","九州工場","2026/09/08","2026/09/08","26-J0126976-005-771","ZX0000","3.20","500.0","350.0","170.0","ZN その他","","1","HDZT63 ﾊﾝﾄﾞﾎｰﾙ 金具t2.3･穴加工ｱﾘ","2026/09/18","福山通運　九州発送","2026/09/18","","完成","倉重","2026/09/11","製造"
"徳島電材★","九州工場","九州工場","2026/09/08","2026/09/08","26-J0126976-003-771","ZE0000X","3.20","450.0","450.0","200.0","ZN PBﾄｸ 水切","","1","HDZT63 側面ｱｰｽ 開口･穴加工ｱﾘ","2026/09/18","福山通運　九州発送","2026/09/18","","完成","倉重","2026/09/11","製造"
"徳島電材★","九州工場","九州工場","2026/09/08","2026/09/08","26-J0126976-006-771","ZX0000","3.20","500.0","350.0","170.0","ZN その他","","1","HDZT63 ﾊﾝﾄﾞﾎｰﾙ 金具t2.3･穴加工ｱﾘ","2026/09/18","福山通運　九州発送","2026/09/18","","完成","倉重","2026/09/11","製造"
"佐野電機工業","九州工場","九州工場","2026/09/08","2026/09/08","26-J0127240-004-771","SE0000SNP","2.00","1,400.0","500.0","400.0","SUS PBﾄｸ 平","","1","ｱｰｽ ｺﾞﾑﾊﾟｯｷﾝ付","2026/09/18","福山通運　九州発送","2026/09/18","","完成","坂元","2026/09/18","製造"
"佐野電機工業","九州工場","九州工場","2026/09/08","2026/09/08","26-J0127240-003-771","SE0000XN","2.00","1,400.0","500.0","400.0","SUS PBﾄｸ 水切","","1","ｱｰｽ","2026/09/18","福山通運　九州発送","2026/09/18","","完成","坂元","2026/09/18","製造"
"カンサイ　福岡西★","九州工場","九州工場","2026/09/09","2026/09/09","26-J0127696-005-771","IIP0000C","2.30","600.0","600.0","0.0","鉄 ﾌﾟﾚｰﾄ 焼付","N9.5 近似色","15","4-φ6（塗装用の吊り穴）","2026/09/17","ヤマックス福岡","2026/09/18","","完成","森田","2026/09/14","製造"
"カンサイ　福岡西★","九州工場","九州工場","2026/09/09","2026/09/09","26-J0127696-001-771","IIP0000C","2.30","220.0","220.0","0.0","鉄 ﾌﾟﾚｰﾄ 焼付","N9.5 近似色","30","4-φ6（塗装用の吊り穴）","2026/09/17","ヤマックス福岡","2026/09/18","","完成","森田","2026/09/14","製造"
"Q-mast　空調管グル－プ★","九州工場","九州工場","2026/09/09","2026/09/09","26-J0127815-003-771","ZG0000","0.00","325.0","1,500.0","0.0","ZN 架台","","1","L50x50x6　MCｼｮｯﾌﾟ1F2F 空調配管 3","2026/09/17","ヤマックス　ｽﾎﾟｯﾄ便","2026/09/18","","完成","倉重","2026/09/11","製造"
"Q-mast　空調管グル－プ★","九州工場","九州工場","2026/09/09","2026/09/09","26-J0127815-002-771","ZG0000","0.00","250.0","1,500.0","0.0","ZN 架台","","1","L50x50x6　MCｼｮｯﾌﾟ1F2F 空調配管 2","2026/09/17","ヤマックス　ｽﾎﾟｯﾄ便","2026/09/18","","完成","倉重","2026/09/11","製造"
"Q-mast　空調管グル－プ★","九州工場","九州工場","2026/09/09","2026/09/09","26-J0127815-001-771","ZG0000","0.00","250.0","1,000.0","0.0","ZN 架台","","1","L50x50x6　MCｼｮｯﾌﾟ1F2F 空調配管 7","2026/09/17","ヤマックス　ｽﾎﾟｯﾄ便","2026/09/18","","完成","倉重","2026/09/11","製造"
"カンサイ　福岡西★","九州工場","九州工場","2026/09/09","2026/09/09","26-J0128231-001-771","IIP0000C","2.30","600.0","600.0","0.0","鉄 ﾌﾟﾚｰﾄ 焼付","N9.5 近似色","3","4-φ6（塗装用の吊り穴）","2026/09/17","ヤマックス福岡","2026/09/18","","完成","森田","2026/09/14","製造"
"Q-mast　空調管グル－プ★","九州工場","九州工場","2026/09/09","2026/09/09","26-J0128502-001-771","ZG0000","0.00","1,150.0","1,000.0","0.0","ZN 架台","","1","L50x50x6t   精錬棟2F 排気ﾀﾞｸﾄ 2","2026/09/17","ヤマックス　ｽﾎﾟｯﾄ便","2026/09/18","","完成","倉重","2026/09/11","製造"
"ナミデン　福岡★","九州工場","九州工場","2026/09/09","2026/09/09","26-J0128591-001-771","ZG0000","0.00","800.0","300.0","0.0","ZN 架台","","1","L40x40x5t  屋上 床ﾗｯｸ架台　ｻﾝﾌﾟﾙ","2026/09/18","福山通運　九州発送","2026/09/18","","完成","倉重","2026/09/11","製造"
"山電　小倉","九州工場","九州工場","2026/09/10","2026/09/10","26-J0128759-001-771","IDC0000C","1.60","600.0","150.0","420.0","鉄 ﾀﾞｸﾄｶﾊﾞｰ 焼付","2.5Y9/1 近似色","1","/400 平蓋 3点ﾊﾞﾗ式 φ12x4","2026/09/17","北九州配達","2026/09/18","","完成","岡","2026/09/14","製造"
"山電　小倉","九州工場","九州工場","2026/09/10","2026/09/10","26-J0128759-002-771","IDC0000C","1.60","1,200.0","220.0","440.0","鉄 ﾀﾞｸﾄｶﾊﾞｰ 焼付","2.5Y9/1 近似色","1","/420 本体1.6t 平蓋2.3t 3点ﾊﾞﾗ式 φ12x4","2026/09/17","北九州配達","2026/09/18","","完成","岡","2026/09/14","製造"
"Q-mast　空調管グル－プ★","九州工場","九州工場","2026/09/10","2026/09/10","26-J0128821-002-771","ZG0000","0.00","880.0","875.0","0.0","ZN 架台","","1","[100x50x5  精錬棟1階原動棟架台　消火・衛生配管 1","2026/09/17","ヤマックス　ｽﾎﾟｯﾄ便","2026/09/18","","完成","倉重","2026/09/11","製造"
"Q-mast　空調管グル－プ★","九州工場","九州工場","2026/09/10","2026/09/10","26-J0128821-003-771","ZG0000","0.00","300.0","565.0","0.0","ZN 架台","","1","L50x50x6  精錬棟1階原動棟架台　消火配管 1","2026/09/17","ヤマックス　ｽﾎﾟｯﾄ便","2026/09/18","","完成","倉重","2026/09/11","製造"
"Q-mast　空調管グル－プ★","九州工場","九州工場","2026/09/10","2026/09/10","26-J0128821-001-771","ZG0000","0.00","565.0","1,566.0","0.0","ZN 架台","","1","[100x50x5  精錬棟1階原動棟架台　消火配管 2","2026/09/17","ヤマックス　ｽﾎﾟｯﾄ便","2026/09/18","","完成","倉重","2026/09/11","製造"
"エーテック","九州工場","九州工場","2026/09/10","2026/09/10","26-J0128862-001-771","SE0000SC","2.00","1,200.0","800.0","800.0","SUS PBﾄｸ 平 焼付","2.5Y9/1","1","ｱｰｽ 平蓋ｺﾞﾑP 蓋2分割 開口 取付穴","2026/09/18","沖縄直送","2026/09/18","","完成","古川","2026/09/15","製造"
"エーテック","九州工場","九州工場","2026/09/10","2026/09/10","26-J0128862-002-771","30PLA","0.00","0.0","0.0","0.0","補修塗料 筆付","2.5Y9/1","1","●ﾌﾟﾗ30ml","2026/09/18","沖縄直送","2026/09/18","","完成","","","製造"
"三親電材　山口★","九州工場","九州工場","2026/09/10","2026/09/10","26-J0129375-001-771","ZP0000W","2.30","450.0","450.0","300.0","ZN PBﾄｸ 被せ","","1","","2026/09/18","福山通運　九州発送","2026/09/18","","完成","倉重","2026/09/11","製造"
"カンサイ　八幡★","九州工場","九州工場","2026/09/11","2026/09/11","26-J0129875-001-771","BE2020SC","1.60","200.0","200.0","200.0","国土 PB 平 焼付","2.5Y9/1 近似色","2","ｱｰｽ","2026/09/17","北九州配達","2026/09/18","","完成","岡","","加工"
"カンサイ　八幡★","九州工場","九州工場","2026/09/11","2026/09/11","26-J0129875-002-771","BE2525SC","1.60","250.0","250.0","250.0","国土 PB 平 焼付","2.5Y9/1 近似色","8","ｱｰｽ","2026/09/17","北九州配達","2026/09/18","","完成","岡","2026/09/14","製造"
"大洋電材　本社★","九州工場","九州工場","2026/09/11","2026/09/11","26-J0129891-001-771","SE0000XC","1.50","250.0","200.0","150.0","SUS PBﾄｸ 水切 焼付","2.5Y9/1 近似色","6","ｱｰｽ","2026/09/17","北九州配達","2026/09/18","","完成","岡","2026/09/14","製造"
"米良電機　高千穂★","九州工場","九州工場","2026/09/11","2026/09/11","26-J0130178-001-771","BE2010SC","1.60","200.0","200.0","100.0","国土 PB 平 焼付","2.5Y9/1 近似色","10","ｱｰｽ","2026/09/17","佐川急便","2026/09/18","","完成","岡","","加工"
"米良電機　高千穂★","九州工場","九州工場","2026/09/11","2026/09/11","26-J0130178-002-771","SE2010XC","1.50","200.0","200.0","100.0","SUS PB 水切 焼付","2.5Y9/1 近似色","2","ｱｰｽ","2026/09/18","佐川急便","2026/09/18","","完成","古川","","加工"
"米良電機　高千穂★","九州工場","九州工場","2026/09/11","2026/09/11","26-J0130178-003-771","BE1510SC","1.60","150.0","150.0","100.0","国土 PB 平 焼付","2.5Y9/1 近似色","4","ｱｰｽ","2026/09/18","佐川急便","2026/09/18","","完成","古川","","加工"
"三親電材　水島★","九州工場","九州工場","2026/09/11","2026/09/11","26-J0130275-001-771","IIP0000C","1.60","620.0","430.0","0.0","鉄 ﾌﾟﾚｰﾄ 焼付","7.5BG6/1.5(近似色)","1","R3x4 開口･穴加工ｱﾘ","2026/09/18","福山通運　九州発送","2026/09/18","","完成","古川","2026/09/16","製造"
"三親電材　水島★","九州工場","九州工場","2026/09/11","2026/09/11","26-J0130275-004-771","IIP0000C","1.60","310.0","290.0","0.0","鉄 ﾌﾟﾚｰﾄ 焼付","7.5BG6/1.5(近似色)","1","R3x4 穴加工ｱﾘ","2026/09/18","福山通運　九州発送","2026/09/18","","完成","古川","2026/09/16","製造"
"三親電材　水島★","九州工場","九州工場","2026/09/11","2026/09/11","26-J0130275-003-771","IIP0000C","1.60","204.0","164.0","0.0","鉄 ﾌﾟﾚｰﾄ 焼付","7.5BG6/1.5(近似色)","1","ｽﾀｯﾄﾎﾞﾙﾄ付･開口ｱﾘ","2026/09/18","福山通運　九州発送","2026/09/18","","完成","古川","2026/09/16","製造"
"三親電材　水島★","九州工場","九州工場","2026/09/11","2026/09/11","26-J0130275-002-771","IC0000C","1.60","450.0","400.0","15.0","鉄 ｶﾊﾞｰ 焼付","7.5BG6/1.5(近似色)","1","","2026/09/18","福山通運　九州発送","2026/09/18","","完成","古川","2026/09/16","製造"
"山電　八幡","九州工場","九州工場","2026/09/11","2026/09/11","26-J0130503-001-771","SE1510XC","1.50","150.0","150.0","100.0","SUS PB 水切 焼付","5Y7/1 近似色","1","ｱｰｽ","2026/09/17","北九州配達","2026/09/18","","完成","岡","","加工"
"山電　八幡","九州工場","九州工場","2026/09/11","2026/09/11","26-J0130503-002-771","S02015SC","1.50","150.0","150.0","0.0","SUS ふた 焼付","5Y7/1 近似色","2","平ふた ｺﾞﾑﾊﾟｯｷﾝ付き","2026/09/17","北九州配達","2026/09/18","","完成","岡","2026/09/14","製造"
"三共電気　本社★","九州工場","九州工場","2026/09/14","2026/09/14","26-J0131156-001-771","SE4030XC","1.50","400.0","400.0","300.0","SUS PB 水切 焼付","2.5Y9/1 近似色","4","ｱｰｽ","2026/09/18","店頭渡し","2026/09/18","","完成","古川","2026/09/15","製造"
"三共電気　本社★","九州工場","九州工場","2026/09/14","2026/09/14","26-J0131156-002-771","SE3030XC","1.50","300.0","300.0","300.0","SUS PB 水切 焼付","2.5Y9/1 近似色","1","ｱｰｽ","2026/09/18","店頭渡し","2026/09/18","","完成","古川","2026/09/15","製造"
"早川電機商会★","九州工場","九州工場","2026/09/14","2026/09/14","26-J0131209-001-771","BE0000SC","1.60","350.0","300.0","200.0","国土 PBﾄｸ 平 焼付","5Y7/1 近似色","1","ｱｰｽ","2026/09/18","佐川急便","2026/09/18","","完成","古川","2026/09/15","製造"
"木村電機　熊本北★","九州工場","九州工場","2026/09/14","2026/09/14","26-J0131372-001-771","SE1510XC","1.50","150.0","150.0","100.0","SUS PB 水切 焼付","2.5Y9/1 近似色","1","ｱｰｽ","2026/09/18","佐川急便","2026/09/18","","完成","古川","","加工"
"三星商会　岡山★","九州工場","九州工場","2026/09/14","2026/09/14","26-J0131547-001-771","I02010SC","1.60","100.0","100.0","0.0","鉄 ふた 焼付","2.5Y9/1(近似色)","1","平ふた","2026/09/18","福山通運　九州発送","2026/09/18","","完成","古川","2026/09/15","製造"
"東芝電材　鹿児島★","九州工場","九州工場","2026/09/14","2026/09/14","26-J0131585-001-771","SP4030XC","1.50","400.0","400.0","300.0","SUS PB 水切 焼付","5Y7/1 近似色","1","座無しｼｰﾙ付","2026/09/18","佐川急便","2026/09/18","","完成","古川","2026/09/15","製造"
"四国ミツヤマ電気★","九州工場","九州工場","2026/09/14","2026/09/14","26-J0131917-001-771","BE0000SC","2.30","850.0","300.0","175.0","国土 PBﾄｸ 平 焼付","N9.5(近似色)","1","ｱｰｽ","2026/09/18","福山通運　九州発送","2026/09/18","","完成","古川","2026/09/16","製造"
"平岡電気　福岡東★","九州工場","九州工場","2026/09/14","2026/09/14","26-J0132368-002-771","DC0000N","1.60","380.0","200.0","390.0","Sﾀﾞｲﾏ ｶﾊﾞｰ","","1","平蓋（パッキン付）　L金物溶接","2026/09/18","福山通運　九州発送","2026/09/18","","完成","古川","2026/09/18","製造"
"平岡電気　福岡東★","九州工場","九州工場","2026/09/14","2026/09/14","26-J0132368-001-771","DC0000N","1.60","1,000.0","655.0","770.0","Sﾀﾞｲﾏ ｶﾊﾞｰ","","1","平蓋（パッキン付）　L金物溶接","2026/09/18","福山通運　九州発送","2026/09/18","","完成","古川","2026/09/18","製造"
"平岡電気　福岡東★","九州工場","九州工場","2026/09/14","2026/09/14","26-J0132371-003-771","SC0000N","2.00","80.0","80.0","215.0","SUS ｶﾊﾞｰ","","2","2-φ12","2026/09/18","福山通運　九州発送","2026/09/18","","完成","井上","2026/09/18","製造"
"さくら電機　鹿児島★","九州工場","九州工場","2026/09/15","2026/09/15","26-J0132498-001-771","BF0000G","1.60","350.0","200.0","150.0","国土 裏BOX","","4","ｱｰｽ さび止め  内ﾜﾆｽ","2026/09/18","佐川急便","2026/09/18","","完成","服部","2026/09/16","製造"
"正和電材　佐世保★","九州工場","九州工場","2026/09/15","2026/09/15","26-J0132770-002-771","DP0000XN","2.30","400.0","400.0","400.0","Sﾀﾞｲﾏ PBﾄｸ 水切","","3","足付L4x50(φ12)x4  六角ｱﾌﾟｾｯﾄﾎﾞﾙﾄ止","2026/09/18","福山通運　九州発送","2026/09/18","","完成","古川","2026/09/17","製造"
"中西電機　高松本社★","九州工場","九州工場","2026/09/15","2026/09/15","26-J0133384-001-771","SE0000WN","2.00","800.0","800.0","400.0","SUS PBﾄｸ 被せ","","1","ｱｰｽ","2026/09/18","福山通運　九州発送","2026/09/18","","完成","古川","2026/09/18","製造"
"三親電材　鳥取★","九州工場","九州工場","2026/09/15","2026/09/15","26-J0133488-001-771","SE0000XN","1.50","200.0","200.0","200.0","SUS PBﾄｸ 水切","","1","ｱｰｽ ｾﾝﾀｰｾﾊﾟﾚｰﾀ付","2026/09/18","福山通運　九州発送","2026/09/18","","完成","井上","2026/09/18","製造"
"メイク機材★","九州工場","九州工場","2026/09/15","2026/09/15","26-J0133536-002-771","IG0000G","0.00","2,900.0","1,088.0","3,220.0","鉄 架台","","1","さび止め [100x50x5　L-50x50x6t　穴加工","2026/09/18","店頭渡し","2026/09/18","","完成","森田","2026/09/17","製造"
"メイク機材★","九州工場","九州工場","2026/09/15","2026/09/15","26-J0133536-001-771","IG0000G","0.00","600.0","230.0","2,100.0","鉄 架台","","1","さび止め [75x40x5　穴加工","2026/09/18","店頭渡し","2026/09/18","","完成","森田","2026/09/17","製造"
"かごしま電工　出水★","九州工場","九州工場","2026/09/15","2026/09/15","26-J0133544-001-771","SE2015WNW","1.50","200.0","200.0","150.0","SUS PB 被せ","","1","ｱｰｽ 内ﾜﾆｽ","2026/09/18","佐川急便","2026/09/18","","完成","服部","2026/09/17","製造"
"ナミデン　福岡★","九州工場","九州工場","2026/09/15","2026/09/15","26-J0133792-001-771","ITG0000G","0.00","2,045.0","781.0","0.0","鉄 耐震架台","","1","さび止め L65x65x6","2026/09/17","ヤマックス　ｽﾎﾟｯﾄ便","2026/09/18","","完成","樋口","2026/09/16","製造"
"ナミデン　福岡★","九州工場","九州工場","2026/09/15","2026/09/15","26-J0133792-004-771","ITG0000G","0.00","1,807.0","421.0","0.0","鉄 耐震架台","","1","さび止め L65x65x6","2026/09/17","ヤマックス　ｽﾎﾟｯﾄ便","2026/09/18","","完成","樋口","2026/09/16","製造"
"ナミデン　福岡★","九州工場","九州工場","2026/09/15","2026/09/15","26-J0133792-003-771","ITG0000G","0.00","1,807.0","500.0","0.0","鉄 耐震架台","","1","さび止め L65x65x6","2026/09/17","ヤマックス　ｽﾎﾟｯﾄ便","2026/09/18","","完成","樋口","2026/09/16","製造"
"ナミデン　福岡★","九州工場","九州工場","2026/09/15","2026/09/15","26-J0133792-002-771","ITG0000G","0.00","2,250.0","685.0","0.0","鉄 耐震架台","","1","さび止め L65x65x6","2026/09/17","ヤマックス　ｽﾎﾟｯﾄ便","2026/09/18","","完成","樋口","2026/09/16","製造"
"東芝電材　唐津★","九州工場","九州工場","2026/09/15","2026/09/15","26-J0133801-001-771","IG0000N","0.00","2,700.0","1,120.0","470.0","鉄 架台","","1","生地 4分割　L30x30x3t","2026/09/18","ヤマックス　ｽﾎﾟｯﾄ便","2026/09/18","","完成","倉重","2026/09/18","製造"
"東芝電材　唐津★","九州工場","九州工場","2026/09/15","2026/09/15","26-J0133802-001-771","88801","0.00","0.0","0.0","0.0","その他・製","N8 近似色","1","非常灯用特注ボックス サンプル","2026/09/18","ヤマックス　ｽﾎﾟｯﾄ便","2026/09/18","","完成","古川","2026/09/18","製造"
"ナミデン　熊本★","九州工場","九州工場","2026/09/16","2026/09/16","26-J0133849-001-771","IST0000G","0.00","1,500.0","0.0","0.0","鉄 ｽﾀﾝｼｮﾝ","","2","さび止め φ60.5","2026/09/18","佐川急便","2026/09/18","","完成","倉重","2026/09/17","製造"
"カンサイ　八幡★","九州工場","九州工場","2026/09/16","2026/09/16","26-J0133862-001-771","IKS0000G","0.00","800.0","200.0","200.0","鉄 貫通ｽﾘｰﾌﾞ","","1","さび止め","2026/09/18","佐川急便","2026/09/18","","完成","倉重","2026/09/17","製造"
"Q-mast　空調管グル－プ★","九州工場","九州工場","2026/09/16","2026/09/16","26-J0133880-001-771","ZG0000","0.00","2,280.0","1,900.0","0.0","ZN 架台","","1","/2007 空調ﾀﾞｸﾄ（排煙）19","2026/09/17","ヤマックス　ｽﾎﾟｯﾄ便","2026/09/18","","完成","金光","2026/09/17","製造"
"九州電業社　佐世保★","九州工場","九州工場","2026/09/16","2026/09/16","26-J0134172-001-771","SE2015XNA","1.50","200.0","200.0","150.0","SUS PB 水切","","2","ｱｰｽ 足付L3x30 12ﾊﾟｲx4","2026/09/18","佐川急便","2026/09/18","","完成","井上","2026/09/18","製造"
"九州電業社　佐世保★","九州工場","九州工場","2026/09/16","2026/09/16","26-J0134172-002-771","SE1510XNA","1.50","150.0","150.0","100.0","SUS PB 水切","","1","ｱｰｽ 足付L3x30 12ﾊﾟｲx4","2026/09/18","佐川急便","2026/09/18","","完成","井上","2026/09/18","製造"
"東芝電材　福岡★","九州工場","九州工場","2026/09/16","2026/09/16","26-J0134230-001-771","SE0000XN","1.50","500.0","400.0","400.0","SUS PBﾄｸ 水切","","2","ｱｰｽ","2026/09/17","ヤマックス福岡","2026/09/18","","完成","井上","2026/09/17","製造"
"小林電工　岡山★","九州工場","九州工場","2026/09/16","2026/09/16","26-J0134277-001-771","SE2020XNA","1.50","200.0","200.0","200.0","SUS PB 水切","","4","ｱｰｽ 足付4-L3x30.12φ","2026/09/18","福山通運　九州発送","2026/09/18","","完成","井上","2026/09/18","製造"
"平岡電気　福岡東★","九州工場","九州工場","2026/09/16","2026/09/16","26-J0134377-001-771","SE0000XN","1.50","700.0","500.0","300.0","SUS PBﾄｸ 水切","","1","ｱｰｽ","2026/09/17","ヤマックス福岡","2026/09/18","","完成","井上","2026/09/17","製造"
"山陰ﾊﾟﾅｿﾆｯｸ　米子★","九州工場","九州工場","2026/09/16","2026/09/16","26-J0134417-001-771","SP0000XNA","1.50","500.0","400.0","300.0","SUS PBﾄｸ 水切","","3","500側足付L4x50Φ12　","2026/09/18","福山通運　九州発送","2026/09/18","","完成","井上","2026/09/18","製造"
"シンセイ　福山★","九州工場","九州工場","2026/09/16","2026/09/16","26-J0134529-001-771","SP4020XN","1.50","400.0","400.0","200.0","SUS PB 水切","","1","","2026/09/18","福山通運　九州発送","2026/09/18","","完成","井上","2026/09/18","製造"
"シンセイ　福山★","九州工場","九州工場","2026/09/16","2026/09/16","26-J0134529-002-771","SP0000XN","1.50","400.0","400.0","250.0","SUS PBﾄｸ 水切","","1","","2026/09/18","福山通運　九州発送","2026/09/18","","完成","井上","2026/09/18","製造"
"栗田電機　今治★","九州工場","九州工場","2026/09/16","2026/09/16","26-J0134718-001-771","SE0000XN","1.50","400.0","300.0","200.0","SUS PBﾄｸ 水切","","1","ｱｰｽ","2026/09/18","福山通運　九州発送","2026/09/18","","完成","井上","2026/09/18","製造"
"堀本電機産業★","九州工場","九州工場","2026/09/16","2026/09/16","26-J0134741-001-771","SP5020WN","1.50","500.0","500.0","200.0","SUS PB 被せ","","1","","2026/09/18","福山通運　九州発送","2026/09/18","","完成","井上","2026/09/18","製造"
"新光産業　本社","九州工場","九州工場","2026/09/16","2026/09/16","26-J0134778-006-771","DIP0000N","2.30","1,000.0","870.0","0.0","Sﾀﾞｲﾏ ﾌﾟﾚｰﾄ","","1","取付穴10-φ8　　/ 右下側面","2026/09/17","九州航空","2026/09/18","2026/09/17","完成","古川","2026/09/17","製造"
"新光産業　本社","九州工場","九州工場","2026/09/16","2026/09/16","26-J0134778-001-771","DIP0000N","2.30","750.0","680.0","0.0","Sﾀﾞｲﾏ ﾌﾟﾚｰﾄ","","1","取付穴10-φ8　　/ 左上正面","2026/09/17","九州航空","2026/09/18","2026/09/17","完成","古川","2026/09/17","製造"
"新光産業　本社","九州工場","九州工場","2026/09/16","2026/09/16","26-J0134778-004-771","DIP0000N","2.30","1,000.0","680.0","0.0","Sﾀﾞｲﾏ ﾌﾟﾚｰﾄ","","1","取付穴10-φ8　　/ 右上側面","2026/09/17","九州航空","2026/09/18","2026/09/17","完成","古川","2026/09/17","製造"
"新光産業　本社","九州工場","九州工場","2026/09/16","2026/09/16","26-J0134778-003-771","DIP0000N","2.30","900.0","680.0","0.0","Sﾀﾞｲﾏ ﾌﾟﾚｰﾄ","","1","取付穴10-φ8　　/ 右上正面","2026/09/17","九州航空","2026/09/18","2026/09/17","完成","古川","2026/09/17","製造"
"新光産業　本社","九州工場","九州工場","2026/09/16","2026/09/16","26-J0134778-002-771","DIP0000N","2.30","1,140.0","870.0","0.0","Sﾀﾞｲﾏ ﾌﾟﾚｰﾄ","","1","２分割 取付穴16-φ8　　/ 左下正面","2026/09/17","九州航空","2026/09/18","2026/09/17","完成","古川","2026/09/17","製造"
"新光産業　本社","九州工場","九州工場","2026/09/16","2026/09/16","26-J0134778-005-771","DIP0000N","2.30","900.0","870.0","0.0","Sﾀﾞｲﾏ ﾌﾟﾚｰﾄ","","1","取付穴10-φ8　　/ 右下正面","2026/09/17","九州航空","2026/09/18","2026/09/17","完成","古川","2026/09/17","製造"
"シンセイ　広島第二★","九州工場","九州工場","2026/09/17","2026/09/17","26-J0135061-001-771","SP0000WN","1.50","500.0","200.0","300.0","SUS PBﾄｸ 被せ","","1","","2026/09/18","福山通運　九州発送","2026/09/18","","完成","井上","2026/09/18","製造"
"シンセイ　広島第一★","九州工場","九州工場","2026/09/17","2026/09/17","26-J0135082-001-771","IP0000SG","2.30","800.0","600.0","500.0","鉄 PBﾄｸ 平","","2","さび止め","2026/09/18","福山通運　九州発送","2026/09/18","","完成","服部","2026/09/17","製造"
"中国機材設備　本社★","九州工場","九州工場","2026/09/17","2026/09/17","26-J0135088-002-771","SE1510XNA","1.50","150.0","150.0","100.0","SUS PB 水切","","2","ｱｰｽ 足付 L3x30(φ12)x4","2026/09/18","佐川急便","2026/09/18","","完成","井上","2026/09/18","製造"
"富士商会　佐賀★","九州工場","九州工場","2026/09/17","2026/09/17","26-J0135112-001-771","SP0000WN","1.50","700.0","700.0","300.0","SUS PBﾄｸ 被せ","","1","","2026/09/18","佐川急便","2026/09/18","","完成","坂元","2026/09/18","製造"
"三親電材　福山★","九州工場","九州工場","2026/09/17","2026/09/17","26-J0135155-001-771","DP1510WN","1.60","150.0","150.0","100.0","Sﾀﾞｲﾏ PB 被せ","","4","","2026/09/18","福山通運　九州発送","2026/09/18","","完成","古川","2026/09/18","製造"
"三親電材　尾道★","九州工場","九州工場","2026/09/17","2026/09/17","26-J0135176-001-771","IF0000N","1.60","500.0","300.0","50.0","鉄 裏BOX","","1","内耳無し切りっぱなし 生地","2026/09/18","福山通運　九州発送","2026/09/18","","完成","服部","2026/09/18","製造"
"東芝電材　大分★","九州工場","九州工場","2026/09/17","2026/09/17","26-J0135475-001-771","SE0000XN","1.50","100.0","100.0","80.0","SUS PBﾄｸ 水切","","2","ｱｰｽ","2026/09/18","佐川急便","2026/09/18","","完成","井上","2026/09/18","製造"
"東芝電材　松江★","九州工場","九州工場","2026/09/17","2026/09/17","26-J0135525-002-771","SE0000WN","1.50","250.0","200.0","100.0","SUS PBﾄｸ 被せ","","2","ｱｰｽ","2026/09/18","福山通運　九州発送","2026/09/18","","完成","井上","2026/09/18","製造"
"カンサイ　苅田★","九州工場","九州工場","2026/09/17","2026/09/17","26-J0135726-001-771","BE6040SG","1.60","600.0","600.0","400.0","国土 PB 平","","2","ｱｰｽ さび止め","2026/09/18","佐川急便","2026/09/18","","完成","服部","2026/09/18","製造"
"東芝電材　熊本★","九州工場","九州工場","2026/09/17","2026/09/17","26-J0135971-001-771","SP3520WN","1.50","350.0","350.0","200.0","SUS PB 被せ","","1","","2026/09/18","佐川急便","2026/09/18","","完成","井上","2026/09/18","製造"
"東芝電材　八代★","九州工場","九州工場","2026/09/17","2026/09/17","26-J0136224-001-771","SP5050XN","1.50","500.0","500.0","500.0","SUS PB 水切","","1","","2026/09/18","佐川急便","2026/09/18","","完成","坂元","2026/09/18","製造"
"シンセイ　広島第二★","九州工場","九州工場","2026/09/18","2026/09/18","26-J0136646-001-771","IMK0000N","1.60","120.0","120.0","632.0","鉄 曲金物","","1","生地 L曲げ金物　内寸120ｘ120","2026/09/18","佐川急便","2026/09/18","","完成","服部","2026/09/18","製造"
"宮地電機　南予","九州工場","九州工場","2026/09/18","2026/09/18","26-J0136783-001-771","S02000WN","1.50","2,000.0","300.0","0.0","SUS ふたﾄｸ","","1","ﾀﾞｸﾄ用 2方被せふた","2026/09/18","福山通運　九州発送","2026/09/18","","完成","坂元","2026/09/18","製造"
"シンセイ　岡山★","九州工場","九州工場","2026/08/07","2026/08/07","26-J0105553-001-771","ZCI0000","0.00","250.0","0.0","0.0","ZN ﾁｬﾝﾈﾙ","","20","HDZT70 穴加工ｱﾘ","2026/09/24","福山通運　九州発送","2026/09/24","","完成","金光","2026/09/14","製造"
"宮地電機　南予","九州工場","九州工場","2026/08/18","2026/08/18","26-J0108990-002-771","SD0000N","1.50","250.0","250.0","500.0","SUS ﾀﾞｸﾄ","","1","/80/350 ﾒｸﾗ･ｺﾞﾑﾊﾟｯｷﾝ付","2026/09/24","福山通運　九州発送","2026/09/24","","完成","服部","2026/09/24","製造"
"宮地電機　南予","九州工場","九州工場","2026/08/18","2026/08/18","26-J0108990-001-771","SD0000N","1.50","250.0","100.0","1,300.0","SUS ﾀﾞｸﾄ","","1","ﾒｸﾗ･ｺﾞﾑﾊﾟｯｷﾝ･支持棒付","2026/09/24","福山通運　九州発送","2026/09/24","","完成","坂元","2026/09/24","製造"
"宮地電機　新居浜","九州工場","九州工場","2026/09/01","2026/09/01","26-J0120976-002-771","SP0000XN","1.50","300.0","300.0","160.0","SUS PBﾄｸ 水切","","4","","2026/09/18","福山通運　九州発送","2026/09/24","","完成","倉重","2026/09/18","製造"
"宮地電機　新居浜","九州工場","九州工場","2026/09/01","2026/09/01","26-J0120976-001-771","SP0000XN","1.50","400.0","200.0","160.0","SUS PBﾄｸ 水切","","4","","2026/09/18","福山通運　九州発送","2026/09/24","","完成","井上","2026/09/18","製造"
"宮地電機　新居浜","九州工場","九州工場","2026/09/01","2026/09/01","26-J0120976-003-771","SP0000XN","1.50","250.0","200.0","160.0","SUS PBﾄｸ 水切","","1","","2026/09/18","福山通運　九州発送","2026/09/24","","完成","井上","2026/09/18","製造"
"アサヒ　中部","九州工場","九州工場","2026/09/03","2026/09/03","26-J0123928-002-771","DD0000N","2.30","800.0","400.0","700.0","Sﾀﾞｲﾏ ﾀﾞｸﾄ","","1","平蓋ｺﾞﾑP 開口 取付穴　(A)","2026/09/15","沖縄直送","2026/09/24","","完成","服部","2026/09/14","製造"
"アサヒ　中部","九州工場","九州工場","2026/09/03","2026/09/03","26-J0123928-001-771","DD0000N","2.30","800.0","400.0","700.0","Sﾀﾞｲﾏ ﾀﾞｸﾄ","","1","平蓋ｺﾞﾑP 開口 取付穴　(A)","2026/09/15","沖縄直送","2026/09/24","","完成","服部","2026/09/14","製造"
"アサヒ　中部","九州工場","九州工場","2026/09/03","2026/09/03","26-J0123928-005-771","DD0000N","2.30","900.0","400.0","700.0","Sﾀﾞｲﾏ ﾀﾞｸﾄ","","1","平蓋ｺﾞﾑP 開口 取付穴 (C)","2026/09/16","沖縄直送","2026/09/24","","完成","森田","2026/09/15","製造"
"アサヒ　中部","九州工場","九州工場","2026/09/03","2026/09/03","26-J0123928-004-771","DD0000N","2.30","900.0","400.0","700.0","Sﾀﾞｲﾏ ﾀﾞｸﾄ","","1","平蓋ｺﾞﾑP 開口 取付穴 (C)","2026/09/16","沖縄直送","2026/09/24","","完成","森田","2026/09/15","製造"
"アサヒ　中部","九州工場","九州工場","2026/09/03","2026/09/03","26-J0123928-003-771","DD0000N","2.30","700.0","300.0","3,800.0","Sﾀﾞｲﾏ ﾀﾞｸﾄ","","2","平蓋ｺﾞﾑP 本体蓋4分割 支持棒　(B)","2026/09/18","沖縄直送","2026/09/24","","完成","古川","2026/09/17","製造"
"山一電設★","九州工場","九州工場","2026/09/07","2026/09/07","26-J0125961-001-771","SE0000WN","1.50","150.0","150.0","100.0","SUS PBﾄｸ 被せ","","1","ｱｰｽ ﾍﾞｰｽ付 穴加工ｱﾘ","2026/09/24","福山通運　九州発送","2026/09/24","","完成","倉重","2026/09/24","製造"
"平岡電気　福岡南★","九州工場","九州工場","2026/09/08","2026/09/08","26-J0127528-001-771","IC0000C","1.60","885.0","200.0","15.0","鉄 ｶﾊﾞｰ 焼付","2.5Y9/1 近似色","1","穴加工","2026/09/18","ヤマックス福岡","2026/09/24","","完成","古川","2026/09/15","製造"
"アサヒ　南部","九州工場","九州工場","2026/09/09","2026/09/09","26-J0127905-002-771","BE0000SC","1.60","400.0","200.0","200.0","国土 PBﾄｸ 平 焼付","2.5Y9/1","1","ｱｰｽ　　(3FLAN)1工区x6通","2026/09/15","イトカツ","2026/09/24","2026/09/15","完成","古川","2026/09/10","製造"
"アサヒ　南部","九州工場","九州工場","2026/09/09","2026/09/09","26-J0127905-001-771","BE0000SC","1.60","500.0","200.0","200.0","国土 PBﾄｸ 平 焼付","2.5Y9/1","1","ｱｰｽ　　(3FLAN)1工区x5通","2026/09/15","イトカツ","2026/09/24","2026/09/15","完成","古川","2026/09/10","製造"
"アサヒ　南部","九州工場","九州工場","2026/09/09","2026/09/09","26-J0127905-003-771","BE0000SC","1.60","600.0","300.0","100.0","国土 PBﾄｸ 平 焼付","2.5Y9/1","2","ｱｰｽ　　(3FLAN)2工区337-310事務室","2026/09/15","イトカツ","2026/09/24","2026/09/15","完成","岡","2026/09/10","製造"
"Q-mast　電気グル－プ★","九州工場","九州工場","2026/09/09","2026/09/09","26-J0128488-004-771","IG0000G","6.00","800.0","400.0","1,285.0","鉄 架台","","3","さび止め SS-L-65x65x6t　GP-6t  地下ピット-高圧G104","2026/09/18","ヤマックス　ｽﾎﾟｯﾄ便","2026/09/24","","完成","樋口","2026/09/17","製造"
"Q-mast　電気グル－プ★","九州工場","九州工場","2026/09/09","2026/09/09","26-J0128488-001-771","IG0000G","6.00","810.0","400.0","2,230.0","鉄 架台","","1","さび止め SS-L-65x65x6t　GP-6t   1F-7","2026/09/18","ヤマックス　ｽﾎﾟｯﾄ便","2026/09/24","","完成","樋口","2026/09/17","製造"
"Q-mast　電気グル－プ★","九州工場","九州工場","2026/09/09","2026/09/09","26-J0128488-002-771","IG0000G","6.00","810.0","400.0","2,000.0","鉄 架台","","1","さび止め SS-L-50x50x6t　GP-6t 　1F-8","2026/09/18","ヤマックス　ｽﾎﾟｯﾄ便","2026/09/24","","完成","樋口","2026/09/17","製造"
"Q-mast　電気グル－プ★","九州工場","九州工場","2026/09/09","2026/09/09","26-J0128488-003-771","IG0000G","6.00","610.0","400.0","2,200.0","鉄 架台","","1","さび止め SS-L-50x50x6t　GP-6t   1F-13","2026/09/18","ヤマックス　ｽﾎﾟｯﾄ便","2026/09/24","","完成","樋口","2026/09/17","製造"
"Q-mast　電気グル－プ★","九州工場","九州工場","2026/09/09","2026/09/09","26-J0128488-005-771","IG0000G","6.00","650.0","400.0","1,415.0","鉄 架台","","2","さび止め SS-L-50x50x6t　GP-6t  地下ピット-低圧G54","2026/09/18","ヤマックス　ｽﾎﾟｯﾄ便","2026/09/24","","完成","樋口","2026/09/17","製造"
"大興電機★","九州工場","九州工場","2026/09/09","2026/09/09","26-J0128655-001-771","ZP0000W","3.20","650.0","400.0","400.0","ZN PBﾄｸ 被せ","","1","","2026/09/18","北九州配達","2026/09/24","","完成","倉重","2026/09/11","製造"
"新光産業　北","九州工場","九州工場","2026/09/10","2026/09/10","26-J0129210-002-771","AD0000N","2.00","1,000.0","250.0","2,000.0","ｱﾙﾐ ﾀﾞｸﾄ","","1","本体･平蓋３分割 ｱｰｽ 総ｱﾝｸﾞﾙ補強 支持棒","2026/09/24","沖縄直送","2026/09/24","","完成","倉重","2026/09/18","製造"
"さくら電機　鹿屋★","九州工場","九州工場","2026/09/10","2026/09/10","26-J0129580-001-771","ZE5050X2","2.30","500.0","500.0","500.0","ZN PB 水切","","1","ｱｰｽ","2026/09/24","佐川急便","2026/09/24","","完成","金光","2026/09/14","製造"
"カンサイ西九州社　長崎本社★","九州工場","九州工場","2026/09/10","2026/09/10","26-J0129728-001-771","ZE4030X2","2.30","400.0","400.0","300.0","ZN PB 水切","","1","ｱｰｽ","2026/09/24","佐川急便","2026/09/24","","完成","金光","2026/09/14","製造"
"カンサイ西九州社　長崎本社★","九州工場","九州工場","2026/09/10","2026/09/10","26-J0129728-002-771","ZE1515X2","2.30","150.0","150.0","150.0","ZN PB 水切","","3","ｱｰｽ","2026/09/24","佐川急便","2026/09/24","","完成","金光","2026/09/14","製造"
"さくら電機　鹿屋★","九州工場","九州工場","2026/09/11","2026/09/11","26-J0129911-001-771","ZE3010X2","2.30","300.0","300.0","100.0","ZN PB 水切","","1","ｱｰｽ","2026/09/24","佐川急便","2026/09/24","","完成","金光","2026/09/14","製造"
"Q-mast　空調管グル－プ★","九州工場","九州工場","2026/09/11","2026/09/11","26-J0130004-001-771","ZG0000","0.00","3,783.0","3,254.0","3,310.0","ZN 架台","","1","原動消火ﾎﾟﾝﾌﾟ架台","2026/09/24","ヤマックス　ｽﾎﾟｯﾄ便","2026/09/24","","完成","金光","2026/09/15","製造"
"三共電気　沖縄★","九州工場","九州工場","2026/09/11","2026/09/11","26-J0130346-001-771","IE6050SG","1.60","600.0","600.0","500.0","鉄 PB 平","","1","ｱｰｽ さび止め","2026/09/11","イトカツ","2026/09/24","2026/09/14","完成","服部","2026/09/11","製造"
"デンザイ東亜　本社★","九州工場","九州工場","2026/09/11","2026/09/11","26-J0130382-001-771","ZE4040X2","2.30","400.0","400.0","400.0","ZN PB 水切","","3","ｱｰｽ","2026/09/24","佐川急便","2026/09/24","","完成","金光","2026/09/14","製造"
"宮地電機　徳島","九州工場","九州工場","2026/09/11","2026/09/11","26-J0130413-002-771","IAI0000C","0.00","100.0","0.0","0.0","鉄 ｱﾝｸﾞﾙ 焼付","2.5Y9/1(近似色)","4","穴加工ｱﾘ","2026/09/24","福山通運　九州発送","2026/09/24","","完成","古川","2026/09/16","製造"
"宮地電機　徳島","九州工場","九州工場","2026/09/11","2026/09/11","26-J0130413-001-771","IG0000C","0.00","500.0","250.0","1,000.0","鉄 架台 焼付","2.5Y9/1(近似色)","1","ｱﾝｸﾞﾙ","2026/09/24","福山通運　九州発送","2026/09/24","","完成","古川","2026/09/16","製造"
"平岡電気　久留米★","九州工場","九州工場","2026/09/11","2026/09/11","26-J0130524-001-771","SD0000C","1.50","500.0","248.0","1,210.0","SUS ﾀﾞｸﾄ 焼付","5Y7/1 近似色","1","平蓋パッキン付","2026/09/24","佐川急便","2026/09/24","","完成","古川","2026/09/16","製造"
"ｹｲ･ｴｽ･ﾃﾞｰ　鹿児島★","九州工場","九州工場","2026/09/11","2026/09/11","26-J0130623-001-771","ZG0000","2.30","248.0","134.0","100.0","ZN 架台","","1","開口x2 φ5x5 φ11x2","2026/09/24","佐川急便","2026/09/24","","完成","倉重","2026/09/14","製造"
"日本電設資材　福岡★","九州工場","九州工場","2026/09/11","2026/09/11","26-J0130687-002-771","IG0000G","6.00","450.0","330.0","300.0","鉄 架台","","2","さび止め SS-L-50x50x6t　穴加工　南側","2026/09/18","ヤマックス福岡","2026/09/24","","完成","倉重","2026/09/17","製造"
"日本電設資材　福岡★","九州工場","九州工場","2026/09/11","2026/09/11","26-J0130687-001-771","IG0000G","6.00","500.0","330.0","300.0","鉄 架台","","2","さび止め SS-L-65x65x6t　穴加工  南側","2026/09/18","ヤマックス福岡","2026/09/24","","完成","倉重","2026/09/17","製造"
"日本電設資材　福岡★","九州工場","九州工場","2026/09/11","2026/09/11","26-J0130750-001-771","DKW0000N","1.60","800.0","200.0","280.0","Sﾀﾞｲﾏ 貫通枠","","2","ツバ付　","2026/09/18","ヤマックス福岡","2026/09/24","","完成","古川","2026/09/18","製造"
"ナミデン　福岡★","九州工場","九州工場","2026/09/14","2026/09/14","26-J0131182-003-771","DKM0000N","1.60","1,500.0","205.0","100.0","Sﾀﾞｲﾏ 金物","","2","水切板","2026/09/18","ヤマックス　ｽﾎﾟｯﾄ便","2026/09/24","","完成","古川","2026/09/18","製造"
"ナミデン　福岡★","九州工場","九州工場","2026/09/14","2026/09/14","26-J0131182-001-771","DC0000N","1.60","1,300.0","974.0","635.0","Sﾀﾞｲﾏ ｶﾊﾞｰ","","2","/500 ﾌｰﾄﾞﾎﾞｯｸｽ","2026/09/18","ヤマックス　ｽﾎﾟｯﾄ便","2026/09/24","","完成","古川","2026/09/18","製造"
"ナミデン　福岡★","九州工場","九州工場","2026/09/14","2026/09/14","26-J0131182-004-771","IIP0000G","2.30","1,300.0","473.0","0.0","鉄 ﾌﾟﾚｰﾄ","","2","さび止め 裏鉄板","2026/09/18","ヤマックス　ｽﾎﾟｯﾄ便","2026/09/24","","完成","倉重","2026/09/18","製造"
"ナミデン　福岡★","九州工場","九州工場","2026/09/14","2026/09/14","26-J0131182-005-771","DC0000N","1.60","600.0","635.0","473.0","Sﾀﾞｲﾏ ｶﾊﾞｰ","","1","ﾌｰﾄﾞﾎﾞｯｸｽ","2026/09/18","ヤマックス　ｽﾎﾟｯﾄ便","2026/09/24","","完成","坂元","2026/09/18","製造"
"ナミデン　福岡★","九州工場","九州工場","2026/09/14","2026/09/14","26-J0131182-006-771","DKM0000N","1.60","800.0","205.0","100.0","Sﾀﾞｲﾏ 金物","","1","水切板","2026/09/18","ヤマックス　ｽﾎﾟｯﾄ便","2026/09/24","","完成","古川","2026/09/18","製造"
"ナミデン　福岡★","九州工場","九州工場","2026/09/14","2026/09/14","26-J0131182-007-771","IIP0000G","2.30","600.0","473.0","0.0","鉄 ﾌﾟﾚｰﾄ","","1","さび止め 裏鉄板","2026/09/18","ヤマックス　ｽﾎﾟｯﾄ便","2026/09/24","","完成","倉重","2026/09/18","製造"
"東芝電材　鹿児島★","九州工場","九州工場","2026/09/14","2026/09/14","26-J0131234-001-771","SE5040XCW","1.50","500.0","500.0","400.0","SUS PB 水切 焼付","5Y7/1 近似色","3","ｱｰｽ 内ﾜﾆｽ","2026/09/24","佐川急便","2026/09/24","","完成","古川","2026/09/15","製造"
"ｹｲ･ｴｽ･ﾃﾞｰ　鹿児島★","九州工場","九州工場","2026/09/14","2026/09/14","26-J0131706-004-771","BE3030SCW","1.60","300.0","300.0","300.0","国土 PB 平 焼付","2.5Y9/1 近似色","1","ｱｰｽ  内ﾜﾆｽ","2026/09/24","佐川急便","2026/09/24","","完成","古川","2026/09/15","製造"
"ｹｲ･ｴｽ･ﾃﾞｰ　鹿児島★","九州工場","九州工場","2026/09/14","2026/09/14","26-J0131706-001-771","SE3030XCW","1.50","300.0","300.0","300.0","SUS PB 水切 焼付","5Y7/1 近似色","1","ｱｰｽ 内ﾜﾆｽ","2026/09/24","佐川急便","2026/09/24","","完成","古川","2026/09/15","製造"
"ｹｲ･ｴｽ･ﾃﾞｰ　鹿児島★","九州工場","九州工場","2026/09/14","2026/09/14","26-J0131706-003-771","SE1510XCW","1.50","150.0","150.0","100.0","SUS PB 水切 焼付","5Y7/1 近似色","1","ｱｰｽ 内ﾜﾆｽ","2026/09/24","佐川急便","2026/09/24","","完成","古川","2026/09/15","製造"
"ｹｲ･ｴｽ･ﾃﾞｰ　鹿児島★","九州工場","九州工場","2026/09/14","2026/09/14","26-J0131706-002-771","SE1515XCW","1.50","150.0","150.0","150.0","SUS PB 水切 焼付","5Y7/1 近似色","1","ｱｰｽ 内ﾜﾆｽ","2026/09/24","佐川急便","2026/09/24","","完成","古川","2026/09/15","製造"
"南四国ﾅｼｮﾅﾙ　本社★","九州工場","九州工場","2026/09/14","2026/09/14","26-J0132030-001-771","SP5050WC","1.50","500.0","500.0","500.0","SUS PB 被せ 焼付","N1(近似色)","1","","2026/09/24","福山通運　九州発送","2026/09/24","","完成","古川","2026/09/16","製造"
"三親電材　広島★","九州工場","九州工場","2026/09/14","2026/09/14","26-J0132033-002-771","DKW0000N","1.60","900.0","250.0","130.0","Sﾀﾞｲﾏ 貫通枠","","3","平蓋","2026/09/18","福山通運　九州発送","2026/09/24","","完成","古川","2026/09/18","製造"
"アサヒ　宜野湾","九州工場","九州工場","2026/09/14","2026/09/14","26-J0132317-001-771","SE0000XC","2.00","800.0","800.0","500.0","SUS PBﾄｸ 水切 焼付","2.5Y9/1","1","ｱｰｽ","2026/09/24","沖縄直送","2026/09/24","","完成","柴﨑","2026/09/16","製造"
"米良電機　高千穂★","九州工場","九州工場","2026/09/15","2026/09/15","26-J0132481-001-771","SE2010XC","1.50","200.0","200.0","100.0","SUS PB 水切 焼付","2.5Y9/1 近似色","2","ｱｰｽ","2026/09/24","佐川急便","2026/09/24","","完成","古川","","加工"
"かごしま電工　南★","九州工場","九州工場","2026/09/15","2026/09/15","26-J0132614-001-771","BP4030SC","1.60","400.0","400.0","300.0","国土 PB 平 焼付","2.5Y9/1 近似色","2","ｱｰｽ無","2026/09/24","佐川急便","2026/09/24","","完成","古川","2026/09/16","製造"
"かごしま電工　南★","九州工場","九州工場","2026/09/15","2026/09/15","26-J0132614-002-771","BE2020SC","1.60","200.0","200.0","200.0","国土 PB 平 焼付","2.5Y9/1 近似色","1","ｱｰｽ","2026/09/24","佐川急便","2026/09/24","","完成","古川","","加工"
"正和電材　佐世保★","九州工場","九州工場","2026/09/15","2026/09/15","26-J0132777-001-771","DP0000XN","2.30","700.0","700.0","700.0","Sﾀﾞｲﾏ PBﾄｸ 水切","","2","足付L4x50(φ12)x4  六角ｱﾌﾟｾｯﾄﾎﾞﾙﾄ止","2026/09/24","福山通運　九州発送","2026/09/24","","完成","坂元","2026/09/18","製造"
"佐野電機工業","九州工場","九州工場","2026/09/15","2026/09/15","26-J0133019-001-771","BE3030SC","1.60","300.0","300.0","300.0","国土 PB 平 焼付","2.5Y9/1(近似色)","1","ｱｰｽ","2026/09/24","福山通運　九州発送","2026/09/24","","完成","古川","2026/09/16","製造"
"大洋電材　本社★","九州工場","九州工場","2026/09/15","2026/09/15","26-J0133099-001-771","BIP0000C","1.60","820.0","400.0","0.0","処理鋼板 ﾌﾟﾚｰﾄ 焼付","21-90B","1","φ7x7","2026/09/24","佐川急便","2026/09/24","","完成","古川","2026/09/16","製造"
"中国機材設備　呉★","九州工場","九州工場","2026/09/15","2026/09/15","26-J0133432-001-771","SE3030XC","1.50","300.0","300.0","300.0","SUS PB 水切 焼付","2.5Y9/1 近似色","1","ｱｰｽ","2026/09/24","佐川急便","2026/09/24","","ｷｬﾝｾﾙ","林(秀)","2026/09/16","製造"
"ｹｲ･ｴｽ･ﾃﾞｰ　熊本★","九州工場","九州工場","2026/09/15","2026/09/15","26-J0133523-002-771","IE0000SC","1.60","700.0","700.0","400.0","鉄 PBﾄｸ 平 焼付","5Y7/1 近似色","1","ｱｰｽ","2026/09/24","福山通運　九州発送","2026/09/24","","完成","古川","2026/09/16","製造"
"カンサイ　熊本北★","九州工場","九州工場","2026/09/15","2026/09/15","26-J0133697-006-771","SE0000XN","1.50","500.0","600.0","350.0","SUS PBﾄｸ 水切","","1","ｱｰｽ 脱落防止ねじ　開口　穴加工","2026/09/24","佐川急便","2026/09/24","","完成","樋口","2026/09/24","製造"
"カンサイ　熊本北★","九州工場","九州工場","2026/09/15","2026/09/15","26-J0133697-005-771","SE0000XN","1.50","500.0","600.0","350.0","SUS PBﾄｸ 水切","","1","ｱｰｽ 脱落防止ねじ　開口　穴加工","2026/09/24","佐川急便","2026/09/24","","完成","倉重","2026/09/24","製造"
"カンサイ　久留米★","九州工場","九州工場","2026/09/16","2026/09/16","26-J0133834-001-771","SKM0000N","1.50","1,500.0","500.0","40.0","SUS 金物","","2","ｷｭｰﾋﾞｸﾙ下ｶﾊﾞｰ　15-φ5","2026/09/24","佐川急便","2026/09/24","","完成","坂元","2026/09/24","製造"
"カンサイ　福岡南★","九州工場","九州工場","2026/09/16","2026/09/16","26-J0133855-001-771","IP0000SG","2.30","1,200.0","400.0","450.0","鉄 PBﾄｸ 平","","1","さび止め 蓋２分割","2026/09/24","福山通運　九州発送","2026/09/24","","完成","坂元","2026/09/18","製造"
"三親電材　岡山★","九州工場","九州工場","2026/09/16","2026/09/16","26-J0134422-001-771","IP0000WC","1.60","500.0","300.0","150.0","鉄 PBﾄｸ 被せ 焼付","5Y7/1","2","","2026/09/24","福山通運　九州発送","2026/09/24","","完成","古川","2026/09/17","製造"
"暁電業　岡山本社★","九州工場","九州工場","2026/09/16","2026/09/16","26-J0134459-003-771","IFS0000G","1.60","300.0","300.0","250.0","鉄 張出BOX","","1","さび止め 蓋320x320","2026/09/24","福山通運　九州発送","2026/09/24","","完成","倉重","2026/09/18","製造"
"暁電業　岡山本社★","九州工場","九州工場","2026/09/16","2026/09/16","26-J0134459-001-771","IF0000G","1.60","300.0","300.0","250.0","鉄 裏BOX","","1","さび止め 蓋320x320","2026/09/24","福山通運　九州発送","2026/09/24","","ｷｬﾝｾﾙ","林(秀)","2026/09/18","製造"
"かごしま電工　南★","九州工場","九州工場","2026/09/16","2026/09/16","26-J0134517-001-771","SE1510XNW","1.50","150.0","150.0","100.0","SUS PB 水切","","1","ｱｰｽ 内ﾜﾆｽ","2026/09/24","佐川急便","2026/09/24","","完成","倉重","2026/09/17","製造"
"山陰ﾊﾟﾅｿﾆｯｸ　浜田★","九州工場","九州工場","2026/09/16","2026/09/16","26-J0134604-001-771","BE0000SG","1.60","300.0","200.0","150.0","国土 PBﾄｸ 平","","5","ｱｰｽ さび止め","2026/09/24","福山通運　九州発送","2026/09/24","","完成","服部","2026/09/18","製造"
"シンセイ　広島第二★","九州工場","九州工場","2026/09/16","2026/09/16","26-J0134780-001-771","BE0000SC","1.60","400.0","400.0","250.0","国土 PBﾄｸ 平 焼付","5Y7/1 近似色","1","ｱｰｽ","2026/09/24","福山通運　九州発送","2026/09/24","","完成","古川","2026/09/17","製造"
"山電　小倉","九州工場","九州工場","2026/09/17","2026/09/17","26-J0135063-001-771","SE3535XN","1.50","350.0","350.0","350.0","SUS PB 水切","","4","ｱｰｽ","2026/09/18","北九州配達","2026/09/24","","完成","井上","2026/09/18","製造"
"田中商事　福岡","九州工場","九州工場","2026/09/17","2026/09/17","26-J0135064-001-771","DP2520WN","1.60","250.0","250.0","200.0","Sﾀﾞｲﾏ PB 被せ","","1","","2026/09/18","ヤマックス福岡","2026/09/24","","完成","古川","2026/09/18","製造"
"田中商事　福岡","九州工場","九州工場","2026/09/17","2026/09/17","26-J0135064-003-771","DP3030WN","1.60","300.0","300.0","300.0","Sﾀﾞｲﾏ PB 被せ","","4","","2026/09/18","ヤマックス福岡","2026/09/24","","完成","山口","2026/09/18","製造"
"田中商事　福岡","九州工場","九州工場","2026/09/17","2026/09/17","26-J0135064-002-771","DP1515WN","1.60","150.0","150.0","150.0","Sﾀﾞｲﾏ PB 被せ","","1","","2026/09/18","ヤマックス福岡","2026/09/24","","完成","古川","2026/09/18","製造"
"三共電気　東★","九州工場","九州工場","2026/09/17","2026/09/17","26-J0135122-001-771","SG0000N","0.00","700.0","250.0","350.0","SUS 架台","","2","L50x50x6","2026/09/24","佐川急便","2026/09/24","","完成","坂元","2026/09/24","製造"
"三親電材　福山★","九州工場","九州工場","2026/09/17","2026/09/17","26-J0135145-001-771","IP0000SG","1.60","500.0","300.0","300.0","鉄 PBﾄｸ 平","","1","さび止め","2026/09/24","福山通運　九州発送","2026/09/24","","完成","服部","2026/09/18","製造"
"越智電機産業　今治★","九州工場","九州工場","2026/09/17","2026/09/17","26-J0135233-002-771","BE0000SG","1.60","400.0","300.0","300.0","国土 PBﾄｸ 平","","1","ｱｰｽ さび止め","2026/09/24","福山通運　九州発送","2026/09/24","","完成","倉重","2026/09/18","製造"
"越智電機産業　今治★","九州工場","九州工場","2026/09/17","2026/09/17","26-J0135233-001-771","BE0000SG","1.60","300.0","300.0","300.0","国土 PBﾄｸ 平","","1","ｱｰｽ さび止め ｾﾝﾀｰｾﾊﾟﾚｰﾀ付","2026/09/24","福山通運　九州発送","2026/09/24","","完成","倉重","2026/09/18","製造"
"富士商会★","九州工場","九州工場","2026/09/17","2026/09/17","26-J0135564-001-771","SP0000WN","2.00","800.0","800.0","400.0","SUS PBﾄｸ 被せ","","1","","2026/09/24","福山通運　九州発送","2026/09/24","","完成","坂元","2026/09/24","製造"
"平岡電気　福岡南★","九州工場","九州工場","2026/09/17","2026/09/17","26-J0135689-001-771","IP0000SG","1.60","250.0","150.0","100.0","鉄 PBﾄｸ 平","","1","蓋に開口 さび止め","2026/09/18","ヤマックス福岡","2026/09/24","","完成","服部","2026/09/18","製造"
"平岡電気　福岡中央★","九州工場","九州工場","2026/09/17","2026/09/17","26-J0135835-001-771","IP0000SG","1.60","150.0","100.0","150.0","鉄 PBﾄｸ 平","","1","さび止め","2026/09/18","ヤマックス福岡","2026/09/24","","完成","服部","2026/09/18","製造"
"四国ミツヤマ電気★","九州工場","九州工場","2026/09/17","2026/09/17","26-J0135955-002-771","SE6040WN","1.50","600.0","600.0","400.0","SUS PB 被せ","","1","ｱｰｽ","2026/09/24","福山通運　九州発送","2026/09/24","","完成","服部","2026/09/24","製造"
"興陽電機　岩国★","九州工場","九州工場","2026/09/17","2026/09/17","26-J0135991-001-771","BE1510XG","1.60","150.0","150.0","100.0","国土 PB 水切","","2","ｱｰｽ さび止め","2026/09/24","福山通運　九州発送","2026/09/24","","完成","倉重","2026/09/18","製造"
"岡本電機　三原★","九州工場","九州工場","2026/09/18","2026/09/18","26-J0136378-001-771","SP3520XN","1.50","350.0","350.0","200.0","SUS PB 水切","","1","","2026/09/24","福山通運　九州発送","2026/09/24","","完成","倉重","2026/09/24","製造"
"三永興産★","九州工場","九州工場","2026/09/18","2026/09/18","26-J0136396-001-771","IP0000SG","1.60","350.0","300.0","300.0","鉄 PBﾄｸ 平","","1","さび止め","2026/09/24","福山通運　九州発送","2026/09/24","","完成","倉重","2026/09/18","製造"
"三永興産★","九州工場","九州工場","2026/09/18","2026/09/18","26-J0136396-002-771","IP3530SG","1.60","350.0","350.0","300.0","鉄 PB 平","","2","さび止め","2026/09/24","福山通運　九州発送","2026/09/24","","完成","倉重","2026/09/18","製造"
"カンサイ　苅田★","九州工場","九州工場","2026/09/18","2026/09/18","26-J0136410-001-771","BE0000SG","1.60","200.0","300.0","200.0","国土 PBﾄｸ 平","","1","ｱｰｽ さび止め","2026/09/18","ヤマックス福岡","2026/09/24","","完成","服部","2026/09/18","製造"
"栗田電機　松山★","九州工場","九州工場","2026/09/18","2026/09/18","26-J0136500-001-771","IF0000G","1.60","440.0","170.0","75.0","鉄 裏BOX","","7","さび止め 耳付･ﾋﾞｽ穴有","2026/09/24","福山通運　九州発送","2026/09/24","","完成","倉重","2026/09/18","製造"
"ノーベル★","九州工場","九州工場","2026/09/18","2026/09/18","26-J0136684-003-771","SE0000XN","1.50","400.0","200.0","200.0","SUS PBﾄｸ 水切","","1","ｱｰｽ","2026/09/24","福山通運　九州発送","2026/09/24","","完成","倉重","2026/09/24","製造"
"ｹｲ･ｴｽ･ﾃﾞｰ　大分★","九州工場","九州工場","2026/09/18","2026/09/18","26-J0136719-001-771","SE0000XN","1.50","300.0","250.0","150.0","SUS PBﾄｸ 水切","","1","ｱｰｽ","2026/09/24","佐川急便","2026/09/24","","完成","倉重","2026/09/24","製造"
"ｹｲ･ｴｽ･ﾃﾞｰ　大分★","九州工場","九州工場","2026/09/18","2026/09/18","26-J0136719-002-771","SE0000XN","1.50","200.0","300.0","120.0","SUS PBﾄｸ 水切","","1","ｱｰｽ","2026/09/24","佐川急便","2026/09/24","","完成","倉重","2026/09/24","製造"
"ナミデン　山口★","九州工場","九州工場","2026/09/18","2026/09/18","26-J0136748-001-771","DE2015WN","1.60","200.0","200.0","150.0","Sﾀﾞｲﾏ PB 被せ","","2","ｱｰｽ","2026/09/24","福山通運　九州発送","2026/09/24","","完成","古川","2026/09/24","製造"
"シンセイ　広島第一★","九州工場","九州工場","2026/09/18","2026/09/18","26-J0136907-001-771","SP5030SN","1.50","500.0","500.0","300.0","SUS PB 平","","1","","2026/09/24","福山通運　九州発送","2026/09/24","","完成","倉重","2026/09/24","製造"
"米良電機　都城★","九州工場","九州工場","2026/09/18","2026/09/18","26-J0136933-002-771","SE0000XN","1.50","400.0","400.0","200.0","SUS PBﾄｸ 水切","","1","ｱｰｽ 落下防止用化粧ねじ 落下防止チェーン付き","2026/09/24","福山通運　九州発送","2026/09/24","","完成","倉重","2026/09/24","製造"
"岡本電機　広島★","九州工場","九州工場","2026/09/18","2026/09/18","26-J0137114-001-771","BP2020SG","1.60","200.0","200.0","200.0","国土 PB 平","","2","ｱｰｽ無 さび止め","2026/09/24","佐川急便","2026/09/24","","完成","倉重","2026/09/24","製造"
"Q-mast　電気グル－プ★","九州工場","九州工場","2026/09/24","2026/09/24","26-J0137934-001-771","IKM0000N","0.00","142.7","30.0","0.0","鉄 金物","","1","ﾂﾊﾞ管　φ142.7　SGP32A  生地","2026/09/24","佐川急便","2026/09/24","","完成","倉重","2026/09/24","製造"
"木村電機　本社★","九州工場","九州工場","2026/09/24","2026/09/24","26-J0138721-001-771","30PLA","0.00","0.0","0.0","0.0","補修塗料 筆付","2.5Y9/1 近似色","1","ﾌﾟﾗ30ml","2026/09/24","佐川急便","2026/09/24","","完成","","","製造"
"啓電社★","九州工場","九州工場","2026/07/31","2026/07/31","26-J0098753-005-771","ZG0000","0.00","2,450.0","0.0","0.0","ZN 架台","","1","C100x50x5x7.5 ｷｭｰﾋﾞｸﾙ架台","2026/09/24","ヤマックス福岡","2026/09/25","","完成","金光","2026/08/31","製造"
"啓電社★","九州工場","九州工場","2026/07/31","2026/07/31","26-J0098753-006-771","ZG0000","0.00","1,450.0","0.0","0.0","ZN 架台","","1","C100x50x5x7.5 ｷｭｰﾋﾞｸﾙ架台","2026/09/24","ヤマックス福岡","2026/09/25","","完成","金光","2026/08/31","製造"
"啓電社★","九州工場","九州工場","2026/07/31","2026/07/31","26-J0098753-004-771","ZG0000","0.00","3,800.0","0.0","0.0","ZN 架台","","1","C100x50x5x7.5 ｷｭｰﾋﾞｸﾙ架台","2026/09/24","ヤマックス福岡","2026/09/25","","完成","金光","2026/08/31","製造"
"啓電社★","九州工場","九州工場","2026/07/31","2026/07/31","26-J0098753-003-771","ZG0000","0.00","1,600.0","0.0","0.0","ZN 架台","","1","C100x50x5x7.5 ｷｭｰﾋﾞｸﾙ架台","2026/09/24","ヤマックス福岡","2026/09/25","","完成","金光","2026/08/31","製造"
"啓電社★","九州工場","九州工場","2026/07/31","2026/07/31","26-J0098753-002-771","ZG0000","0.00","2,600.0","0.0","0.0","ZN 架台","","1","C100x50x5x7.5 ｷｭｰﾋﾞｸﾙ架台","2026/09/24","ヤマックス福岡","2026/09/25","","完成","金光","2026/08/31","製造"
"啓電社★","九州工場","九州工場","2026/07/31","2026/07/31","26-J0098753-001-771","ZG0000","0.00","3,500.0","0.0","0.0","ZN 架台","","1","C100x50x5x7.5 ｷｭｰﾋﾞｸﾙ架台","2026/09/24","ヤマックス福岡","2026/09/25","","完成","金光","2026/08/31","製造"
"アサヒ　中部","九州工場","九州工場","2026/09/03","2026/09/03","26-J0123985-001-771","SE0000SC","1.50","150.0","150.0","100.0","SUS PBﾄｸ 平 焼付","02-80H","19","ｱｰｽ ｺﾞﾑP 蓋縞鋼板3.0t 皿ﾋﾞｽ加工","2026/09/17","イトカツ","2026/09/25","2026/09/17","完成","岡","2026/09/14","製造"
"アサヒ　中部","九州工場","九州工場","2026/09/03","2026/09/03","26-J0123985-002-771","30PLA","0.00","0.0","0.0","0.0","補修塗料 筆付","02-80H","1","●ﾌﾟﾗ30ml","2026/09/17","イトカツ","2026/09/25","2026/09/17","完成","古川","","製造"
"興陽電機　八幡★","九州工場","九州工場","2026/09/04","2026/09/04","26-J0124435-001-771","IP0000SG","2.30","850.0","500.0","600.0","鉄 PBﾄｸ 平","","1","さび止め","2026/09/24","北九州配達","2026/09/25","","完成","服部","2026/09/17","製造"
"岡本電機　福山★","九州工場","九州工場","2026/09/08","2026/09/08","26-J0126823-001-771","BE3020SC","1.60","300.0","300.0","200.0","国土 PB 平 焼付","2.5Y9/1 近似色","2","ｱｰｽ","2026/09/18","福山通運　九州発送","2026/09/25","","完成","古川","","加工"
"岡本電機　福山★","九州工場","九州工場","2026/09/08","2026/09/08","26-J0126823-002-771","BE2515SC","1.60","250.0","250.0","150.0","国土 PB 平 焼付","2.5Y9/1 近似色","3","ｱｰｽ","2026/09/18","福山通運　九州発送","2026/09/25","","完成","岡","2026/09/15","製造"
"岡本電機　福山★","九州工場","九州工場","2026/09/08","2026/09/08","26-J0126823-003-771","BE2520SC","1.60","250.0","250.0","200.0","国土 PB 平 焼付","2.5Y9/1 近似色","8","ｱｰｽ","2026/09/18","福山通運　九州発送","2026/09/25","","完成","岡","2026/09/15","製造"
"岡本電機　福山★","九州工場","九州工場","2026/09/08","2026/09/08","26-J0126863-001-771","BE2520SC","1.60","250.0","250.0","200.0","国土 PB 平 焼付","2.5Y9/1 近似色","10","ｱｰｽ","2026/09/24","福山通運　九州発送","2026/09/25","","完成","岡","2026/09/16","製造"
"岡本電機　福山★","九州工場","九州工場","2026/09/08","2026/09/08","26-J0126871-001-771","BE2520SC","1.60","250.0","250.0","200.0","国土 PB 平 焼付","2.5Y9/1 近似色","10","ｱｰｽ","2026/09/25","福山通運　九州発送","2026/09/25","","完成","森田","2026/09/17","製造"
"成和商事","九州工場","九州工場","2026/09/08","2026/09/08","26-J0127121-002-771","ZG0000","6.00","300.0","200.0","50.0","ZN 架台","","16","L50x50x6t 取付穴　　(２","2026/09/17","イトカツ","2026/09/25","2026/09/18","完成","金光","2026/09/11","製造"
"成和商事","九州工場","九州工場","2026/09/08","2026/09/08","26-J0127121-004-771","ZG0000","6.00","350.0","200.0","50.0","ZN 架台","","4","L50x50x6t 取付穴　　(４","2026/09/17","イトカツ","2026/09/25","2026/09/18","完成","金光","2026/09/11","製造"
"成和商事","九州工場","九州工場","2026/09/08","2026/09/08","26-J0127121-005-771","ZG0000","6.00","180.0","200.0","50.0","ZN 架台","","6","L50x50x6t 取付穴　　(５","2026/09/17","イトカツ","2026/09/25","2026/09/18","完成","金光","2026/09/11","製造"
"成和商事","九州工場","九州工場","2026/09/08","2026/09/08","26-J0127121-003-771","ZG0000","6.00","300.0","248.0","50.0","ZN 架台","","4","L50x50x6t 取付穴　　(３","2026/09/17","イトカツ","2026/09/25","2026/09/18","完成","金光","2026/09/11","製造"
"成和商事","九州工場","九州工場","2026/09/08","2026/09/08","26-J0127121-001-771","ZG0000","6.00","450.0","316.0","50.0","ZN 架台","","8","L50x50x6t 取付穴　　(１","2026/09/17","イトカツ","2026/09/25","2026/09/18","完成","金光","2026/09/11","製造"
"丸井産業　沖縄★","九州工場","九州工場","2026/09/08","2026/09/08","26-J0127232-001-771","ZKW0000","2.30","500.0","200.0","210.0","ZN 貫通枠","","4","外耳平蓋[-150x75x6.5 L-20x3t 取付穴","2026/09/16","イトカツ","2026/09/25","2026/09/17","完成","金光","2026/09/10","製造"
"丸井産業　沖縄★","九州工場","九州工場","2026/09/08","2026/09/08","26-J0127232-002-771","ZAI0000","6.00","650.0","50.0","50.0","ZN ｱﾝｸﾞﾙ","","4","L-50x6t 取付穴6-φ15","2026/09/16","イトカツ","2026/09/25","2026/09/17","完成","金光","2026/09/10","製造"
"日本テクロ　広島★","九州工場","九州工場","2026/09/08","2026/09/08","26-J0127335-001-771","ZG0000","0.00","900.0","450.0","150.0","ZN 架台","","2","HDZT-77  SS400-[150x75x6.5x10","2026/09/25","福山通運　九州発送","2026/09/25","","完成","倉重","2026/09/15","製造"
"イシグロ　福岡★","九州工場","九州工場","2026/09/08","2026/09/08","26-J0127412-002-771","ZG0000","6.00","600.0","200.0","1,500.0","ZN 架台","","23","SS-L-65x65x6t　PL-6t 　B-021","2026/09/24","店頭渡し","2026/09/25","","完成","金光","2026/09/14","製造"
"イシグロ　福岡★","九州工場","九州工場","2026/09/08","2026/09/08","26-J0127412-001-771","ZG0000","6.00","400.0","230.0","1,500.0","ZN 架台","","23","SS-L-65x65x6t　PL-6t　 B-020","2026/09/24","店頭渡し","2026/09/25","","完成","古川","2026/09/11","製造"
"日新電機システム","九州工場","九州工場","2026/09/08","2026/09/08","26-J0127539-001-771","SD0000C","2.00","1,100.0","450.0","400.0","SUS ﾀﾞｸﾄ 焼付","5Y7/1","1","蓋のみ1.5t ｺﾞﾑP2分割 取付穴","2026/09/17","イトカツ","2026/09/25","2026/09/17","完成","古川","2026/09/14","製造"
"新光産業　本社","九州工場","九州工場","2026/09/09","2026/09/09","26-J0128003-001-771","BE0000SC","2.30","700.0","500.0","400.0","国土 PBﾄｸ 平 焼付","2.5Y9/1","1","ｱｰｽ 脱着支持棒10A","2026/09/16","イトカツ","2026/09/25","2026/09/16","完成","岡","2026/09/11","製造"
"アサヒ　本社","九州工場","九州工場","2026/09/09","2026/09/09","26-J0128462-001-771","BE0000SC","1.60","300.0","200.0","50.0","国土 PBﾄｸ 平 焼付","2.5Y9/1","5","ｱｰｽ","2026/09/16","イトカツ","2026/09/25","2026/09/16","完成","岡","2026/09/11","製造"
"日新電器産業　南部","九州工場","九州工場","2026/09/09","2026/09/09","26-J0128546-002-771","S02000WN","1.50","293.0","199.0","10.0","SUS ふたﾄｸ","","1","被せふた","2026/09/16","イトカツ","2026/09/25","2026/09/16","完成","倉重","2026/09/11","製造"
"日新電器産業　南部","九州工場","九州工場","2026/09/09","2026/09/09","26-J0128546-001-771","S02000WC","1.50","293.0","199.0","10.0","SUS ふたﾄｸ 焼付","","1","被せふた","2026/09/16","イトカツ","2026/09/25","2026/09/16","ｷｬﾝｾﾙ","林(秀)","2026/09/11","製造"
"アサヒ　南部","九州工場","九州工場","2026/09/09","2026/09/09","26-J0128592-001-771","SP0000SC","1.50","600.0","150.0","40.0","SUS PBﾄｸ 平 焼付","5Y7/1","1","平蓋ｺﾞﾑP 開口(350x60)(350x20)","2026/09/16","イトカツ","2026/09/25","2026/09/16","完成","岡","2026/09/11","製造"
"アサヒ　本社","九州工場","九州工場","2026/09/10","2026/09/10","26-J0128953-001-771","SE3520XC","1.50","350.0","350.0","200.0","SUS PB 水切 焼付","2.5Y9/1","2","ｱｰｽ","2026/09/16","イトカツ","2026/09/25","2026/09/16","完成","岡","2026/09/11","製造"
"大成　（沖縄）","九州工場","九州工場","2026/09/10","2026/09/10","26-J0129681-001-771","BD0000C","1.60","465.0","500.0","800.0","国土 ﾀﾞｸﾄ 焼付","5Y7/1","1","平蓋ﾌﾞﾗﾝｸ ｹｰﾌﾞﾙ支持棒x3  穴加工","2026/09/17","イトカツ","2026/09/25","2026/09/17","完成","岡","2026/09/14","製造"
"光電気産業","九州工場","九州工場","2026/09/10","2026/09/10","26-J0129716-003-771","30PLA","0.00","0.0","0.0","0.0","補修塗料 筆付","19-70B 3分ﾂﾔ","2","●ﾌﾟﾗ30ml","2026/09/18","イトカツ","2026/09/25","2026/09/18","完成","","","製造"
"光電気産業","九州工場","九州工場","2026/09/10","2026/09/10","26-J0129716-001-771","IDC0000C","1.60","70.0","40.0","200.0","鉄 ﾀﾞｸﾄｶﾊﾞｰ 焼付","19-70B 3分ﾂﾔ","14","平蓋 取付穴4-φ5","2026/09/18","イトカツ","2026/09/25","2026/09/18","完成","古川","2026/09/15","製造"
"イシグロ　福岡★","九州工場","九州工場","2026/09/11","2026/09/11","26-J0129976-001-771","ZG0000","6.00","1,635.0","600.0","1,600.0","ZN 架台","","1","SS-L-50x50x6t　PL-6t　BS1-1","2026/09/25","福山通運　九州発送","2026/09/25","","完成","倉重","2026/09/15","製造"
"イシグロ　福岡★","九州工場","九州工場","2026/09/11","2026/09/11","26-J0129976-003-771","ZG0000","6.00","242.0","200.0","800.0","ZN 架台","","1","SS-L-50x50x6t　PL-6t　BS2-2","2026/09/25","福山通運　九州発送","2026/09/25","","完成","倉重","2026/09/15","製造"
"イシグロ　福岡★","九州工場","九州工場","2026/09/11","2026/09/11","26-J0129976-002-771","ZG0000","6.00","1,650.0","150.0","800.0","ZN 架台","","1","SS-L-50x50x6t　PL-6t　BS2-1","2026/09/25","福山通運　九州発送","2026/09/25","","完成","倉重","2026/09/15","製造"
"東芝電材　小倉★","九州工場","九州工場","2026/09/11","2026/09/11","26-J0130215-001-771","ZG0000","0.00","1,400.0","315.0","200.0","ZN 架台","","1","L40x40x5t","2026/09/24","営業配達","2026/09/25","","完成","金光","2026/09/15","製造"
"中西電機　松山★","九州工場","九州工場","2026/09/11","2026/09/11","26-J0130256-001-771","ZE0000X","3.20","250.0","250.0","150.0","ZN PBﾄｸ 水切","","1","HDZT63 ｱｰｽ","2026/09/25","福山通運　九州発送","2026/09/25","","完成","倉重","2026/09/15","製造"
"柳井電機工業　本社★","九州工場","九州工場","2026/09/11","2026/09/11","26-J0130289-001-771","SG0000N","6.00","650.0","335.0","390.0","SUS 架台","","1","L-50x50x6.0t PL5t PL6t 穴加工","2026/09/25","佐川急便","2026/09/25","","完成","坂元","2026/09/25","製造"
"柳井電機工業　本社★","九州工場","九州工場","2026/09/11","2026/09/11","26-J0130289-002-771","SF0000N","2.00","600.0","500.0","400.0","SUS 裏BOX","","1","上面開口500x400 下面開口500x350  穴加工","2026/09/25","佐川急便","2026/09/25","","完成","坂元","2026/09/25","製造"
"シンセイ　呉★","九州工場","九州工場","2026/09/11","2026/09/11","26-J0130437-003-771","ZE0000S","3.20","550.0","500.0","500.0","ZN PBﾄｸ 平","","1","ｱｰｽ  ﾊﾟｯｷﾝ付","2026/09/25","福山通運　九州発送","2026/09/25","","完成","倉重","2026/09/15","製造"
"シンセイ　呉★","九州工場","九州工場","2026/09/11","2026/09/11","26-J0130437-002-771","ZE6050W3","3.20","600.0","600.0","500.0","ZN PB 被せ","","1","ｱｰｽ","2026/09/25","福山通運　九州発送","2026/09/25","","完成","倉重","2026/09/15","製造"
"シンセイ　呉★","九州工場","九州工場","2026/09/11","2026/09/11","26-J0130437-001-771","ZE6040W3","3.20","600.0","600.0","400.0","ZN PB 被せ","","1","ｱｰｽ","2026/09/25","福山通運　九州発送","2026/09/25","","完成","倉重","2026/09/15","製造"
"正和電材　佐世保★","九州工場","九州工場","2026/09/11","2026/09/11","26-J0130802-001-771","ZE6040X3","3.20","600.0","600.0","400.0","ZN PB 水切","","1","ｱｰｽ","2026/09/25","佐川急便","2026/09/25","","完成","倉重","2026/09/15","製造"
"光電商会","九州工場","九州工場","2026/09/14","2026/09/14","26-J0131378-001-771","IE5040SC","1.60","500.0","500.0","400.0","鉄 PB 平 焼付","2.5Y9/1","1","ｱｰｽ","2026/09/18","イトカツ","2026/09/25","2026/09/18","完成","古川","2026/09/15","製造"
"佐川電機★","九州工場","九州工場","2026/09/14","2026/09/14","26-J0132046-001-771","ZDC0000","3.20","700.0","780.0","320.0","ZN ﾀﾞｸﾄｶﾊﾞｰ","","1","HDZT63 /200/120 足付L3x30Φ12","2026/09/25","福山通運　九州発送","2026/09/25","","完成","倉重","2026/09/16","製造"
"カンサイ　福岡西★","九州工場","九州工場","2026/09/15","2026/09/15","26-J0132411-001-771","SE2020XC","1.50","200.0","200.0","200.0","SUS PB 水切 焼付","2.5Y9/1 近似色","4","ｱｰｽ","2026/09/24","ヤマックス福岡","2026/09/25","","完成","古川","","加工"
"山電　八幡","九州工場","九州工場","2026/09/15","2026/09/15","26-J0132458-001-771","SE1510XC","1.50","150.0","150.0","100.0","SUS PB 水切 焼付","2.5Y9/1 近似色","4","ｱｰｽ","2026/09/24","北九州配達","2026/09/25","","完成","古川","","加工"
"山電　八幡","九州工場","九州工場","2026/09/15","2026/09/15","26-J0132458-002-771","SE2520XC","1.50","250.0","250.0","200.0","SUS PB 水切 焼付","2.5Y9/1 近似色","2","ｱｰｽ","2026/09/24","北九州配達","2026/09/25","","完成","古川","2026/09/16","製造"
"かごしま電工　鹿屋★","九州工場","九州工場","2026/09/15","2026/09/15","26-J0132588-001-771","BP0000SC","1.60","280.0","250.0","100.0","国土 PBﾄｸ 平 焼付","2.5Y9/1 近似色","2","ｱｰｽ無 L形BOX 蓋はM4小頭皿ﾋﾞｽ止","2026/09/25","佐川急便","2026/09/25","","完成","古川","2026/09/17","製造"
"正和電材　佐世保★","九州工場","九州工場","2026/09/15","2026/09/15","26-J0132782-001-771","DP0000XN","2.30","700.0","700.0","700.0","Sﾀﾞｲﾏ PBﾄｸ 水切","","1","足付L4x50(φ12)x4  六角ｱﾌﾟｾｯﾄﾎﾞﾙﾄ止","2026/09/25","福山通運　九州発送","2026/09/25","","完成","服部","2026/09/24","製造"
"かごしま電工　南★","九州工場","九州工場","2026/09/15","2026/09/15","26-J0133042-002-771","AKM0000N","0.00","442.0","0.0","0.0","ｱﾙﾐ 金物","","15","L-35X35X3t","2026/09/25","佐川急便","2026/09/25","","完成","倉重","2026/09/25","製造"
"かごしま電工　南★","九州工場","九州工場","2026/09/15","2026/09/15","26-J0133042-001-771","ACKM0000N","2.00","348.0","348.0","75.0","ｱﾙﾏｲﾄｸﾘｱ 金物","","20","アルマイトクリア材","2026/09/25","佐川急便","2026/09/25","","完成","倉重","2026/09/25","製造"
"かごしま電工　南★","九州工場","九州工場","2026/09/15","2026/09/15","26-J0133042-003-771","AKM0000N","0.00","348.0","0.0","0.0","ｱﾙﾐ 金物","","15","L-35X35X3t","2026/09/25","佐川急便","2026/09/25","","完成","倉重","2026/09/25","製造"
"カンサイ　筑豊★","九州工場","九州工場","2026/09/15","2026/09/15","26-J0133157-001-771","ZE2015X2","2.30","200.0","200.0","150.0","ZN PB 水切","","1","ｱｰｽ","2026/09/25","佐川急便","2026/09/25","","完成","倉重","2026/09/16","製造"
"カンサイ　筑豊★","九州工場","九州工場","2026/09/15","2026/09/15","26-J0133157-002-771","ZE3020X2","2.30","300.0","300.0","200.0","ZN PB 水切","","1","ｱｰｽ","2026/09/25","佐川急便","2026/09/25","","完成","倉重","2026/09/16","製造"
"カンサイ　福岡西★","九州工場","九州工場","2026/09/15","2026/09/15","26-J0133186-006-771","IDC0000G","2.30","700.0","250.0","740.0","鉄 ﾀﾞｸﾄｶﾊﾞｰ","","1","さび止め 平蓋　支持棒10A付き 耳30","2026/09/25","福山通運　九州発送","2026/09/25","","完成","坂元","2026/09/18","製造"
"東芝電材　松江★","九州工場","九州工場","2026/09/15","2026/09/15","26-J0133258-001-771","IIP0000G","1.60","520.0","150.0","0.0","鉄 ﾌﾟﾚｰﾄ","","1","さび止め 切欠･穴加工ｱﾘ","2026/09/25","福山通運　九州発送","2026/09/25","","完成","服部","2026/09/24","製造"
"デンザイ東亜　本社★","九州工場","九州工場","2026/09/15","2026/09/15","26-J0133394-001-771","IP1515SC","1.60","150.0","150.0","150.0","鉄 PB 平 焼付","N7 近似色","3","","2026/09/25","佐川急便","2026/09/25","","完成","古川","2026/09/17","製造"
"東芝電材　鹿児島★","九州工場","九州工場","2026/09/15","2026/09/15","26-J0133710-002-771","SMK0000N","1.50","50.0","50.0","30.0","SUS 曲金物","","2","2-M5 2-φ6 φ12.5 φ3.8x23","2026/09/25","佐川急便","2026/09/25","","完成","倉重","2026/09/25","製造"
"東芝電材　鹿児島★","九州工場","九州工場","2026/09/15","2026/09/15","26-J0133717-001-771","SE2015XC","1.50","200.0","200.0","150.0","SUS PB 水切 焼付","5Y7/1 近似色","2","ｱｰｽ","2026/09/25","佐川急便","2026/09/25","","完成","古川","2026/09/17","製造"
"日新電器産業　本社","九州工場","九州工場","2026/09/15","2026/09/15","26-J0133791-001-771","IX0000N","5.00","600.0","100.0","50.0","鉄 その他","","1","生地 [-100x50x5t 取付長穴 M20高ﾅｯﾄ溶接","2026/09/18","イトカツ","2026/09/25","2026/09/18","完成","服部","2026/09/17","製造"
"山電　八幡","九州工場","九州工場","2026/09/16","2026/09/16","26-J0134096-001-771","SC0000N","1.50","300.0","200.0","20.5","SUS ｶﾊﾞｰ","","1","パッキン付　穴加工","2026/09/24","北九州配達","2026/09/25","","完成","森田","2026/09/24","製造"
"中西電機　高松本社★","九州工場","九州工場","2026/09/16","2026/09/16","26-J0134154-001-771","IP0000SC","1.60","250.0","200.0","100.0","鉄 PBﾄｸ 平 焼付","N9.5(近似色)","1","","2026/09/25","福山通運　九州発送","2026/09/25","","完成","古川","2026/09/17","製造"
"三親電材　米子★","九州工場","九州工場","2026/09/16","2026/09/16","26-J0134181-001-771","SE3030XC","1.50","300.0","300.0","300.0","SUS PB 水切 焼付","N-40(3分ﾂﾔ)","2","ｱｰｽ","2026/09/25","福山通運　九州発送","2026/09/25","","完成","古川","2026/09/17","製造"
"ナミデン　福岡★","九州工場","九州工場","2026/09/16","2026/09/16","26-J0134225-007-771","ZKM0000","0.00","300.0","0.0","0.0","ZN 金物","","2","[100x50x5x7.5  　C2棟 屋上","2026/09/24","ヤマックス　ｽﾎﾟｯﾄ便","2026/09/25","","完成","金光","2026/09/24","製造"
"ナミデン　福岡★","九州工場","九州工場","2026/09/16","2026/09/16","26-J0134225-001-771","ZKM0000","0.00","450.0","0.0","0.0","ZN 金物","","2","[100x50x5x7.5  　C1棟 屋上","2026/09/24","ヤマックス　ｽﾎﾟｯﾄ便","2026/09/25","","完成","金光","2026/09/24","製造"
"ナミデン　福岡★","九州工場","九州工場","2026/09/16","2026/09/16","26-J0134225-002-771","ZKM0000","0.00","300.0","0.0","0.0","ZN 金物","","2","[100x50x5x7.5  　C1棟 屋上","2026/09/24","ヤマックス　ｽﾎﾟｯﾄ便","2026/09/25","","完成","倉重","2026/09/24","製造"
"ナミデン　福岡★","九州工場","九州工場","2026/09/16","2026/09/16","26-J0134225-003-771","ZKM0000","0.00","450.0","0.0","0.0","ZN 金物","","2","[100x50x5x7.5  　C2棟 屋上","2026/09/24","ヤマックス　ｽﾎﾟｯﾄ便","2026/09/25","","完成","金光","2026/09/24","製造"
"ナミデン　福岡★","九州工場","九州工場","2026/09/16","2026/09/16","26-J0134225-005-771","ZKM0000","0.00","300.0","0.0","0.0","ZN 金物","","2","[100x50x5x7.5  　C2棟 屋上","2026/09/24","ヤマックス　ｽﾎﾟｯﾄ便","2026/09/25","","完成","金光","2026/09/24","製造"
"ナミデン　福岡★","九州工場","九州工場","2026/09/16","2026/09/16","26-J0134225-006-771","ZKM0000","0.00","450.0","0.0","0.0","ZN 金物","","2","[100x50x5x7.5  　C2棟 屋上","2026/09/24","ヤマックス　ｽﾎﾟｯﾄ便","2026/09/25","","完成","金光","2026/09/24","製造"
"かごしま電工　南★","九州工場","九州工場","2026/09/16","2026/09/16","26-J0134533-003-771","SE1010XNW","1.50","100.0","100.0","100.0","SUS PB 水切","","1","ｱｰｽ位置指定 足付L3x30(φ12)x2 内ﾜﾆｽ","2026/09/25","佐川急便","2026/09/25","","完成","倉重","2026/09/18","製造"
"米良電機　宮崎★","九州工場","九州工場","2026/09/16","2026/09/16","26-J0134583-001-771","SE2520XC","1.50","250.0","250.0","200.0","SUS PB 水切 焼付","2.5Y9/1 近似色","1","ｱｰｽ","2026/09/25","佐川急便","2026/09/25","","完成","古川","2026/09/17","製造"
"メイク機材★","九州工場","九州工場","2026/09/17","2026/09/17","26-J0135246-003-771","IG0000G","0.00","2,800.0","2,300.0","2,900.0","鉄 架台","","1","さび止め [100x50x5 L-50x50x6t L-65x65x6t　穴加工","2026/09/24","店頭渡し","2026/09/25","","完成","倉重","2026/09/18","製造"
"イシグロ　福岡★","九州工場","九州工場","2026/09/17","2026/09/17","26-J0135377-001-771","SG0000N","0.00","480.0","900.0","300.0","SUS 架台","","1","L40x40x5t レベルアジャスター","2026/09/25","福山通運　九州発送","2026/09/25","","完成","坂元","2026/09/25","製造"
"ナミデン　岡山★","九州工場","九州工場","2026/09/17","2026/09/17","26-J0136213-001-771","DE3020WN","1.60","300.0","300.0","200.0","Sﾀﾞｲﾏ PB 被せ","","1","ｱｰｽ","2026/09/25","福山通運　九州発送","2026/09/25","","完成","古川","2026/09/25","製造"
"ナミデン　岡山★","九州工場","九州工場","2026/09/17","2026/09/17","26-J0136213-002-771","DE2020WN","1.60","200.0","200.0","200.0","Sﾀﾞｲﾏ PB 被せ","","1","ｱｰｽ","2026/09/25","福山通運　九州発送","2026/09/25","","完成","古川","2026/09/25","製造"
"ナミデン　福岡★","九州工場","九州工場","2026/09/18","2026/09/18","26-J0136314-001-771","DP2020WN","1.60","200.0","200.0","200.0","Sﾀﾞｲﾏ PB 被せ","","10","","2026/09/24","ヤマックス福岡","2026/09/25","","完成","古川","2026/09/24","製造"
"ナミデン　福岡★","九州工場","九州工場","2026/09/18","2026/09/18","26-J0136633-001-771","BE0000SG","1.60","200.0","200.0","350.0","国土 PBﾄｸ 平","","1","ｱｰｽ側面 さび止め","2026/09/24","ヤマックス福岡","2026/09/25","","完成","倉重","2026/09/18","製造"
"佐川電機★","九州工場","九州工場","2026/09/18","2026/09/18","26-J0136917-001-771","IKM0000G","2.30","565.0","185.0","42.3","鉄 金物","","1","さび止め ｱﾝｸﾞﾙ 穴加工ｱﾘ","2026/09/25","福山通運　九州発送","2026/09/25","","完成","坂元","2026/09/24","製造"
"興陽電機　福岡★","九州工場","九州工場","2026/09/18","2026/09/18","26-J0136988-001-771","88801","1.60","300.0","300.0","200.0","その他・製","2.5Y9/1 近似色","8","国土 鉄 平蓋　支給品ｱｰｽ加工　再塗装","2026/09/25","店頭渡し","2026/09/25","","完成","古川","2026/09/18","製造"
"東芝電材　松江★","九州工場","九州工場","2026/09/18","2026/09/18","26-J0137084-001-771","IP0000SG","1.60","170.0","150.0","100.0","鉄 PBﾄｸ 平","","2","さび止め","2026/09/25","福山通運　九州発送","2026/09/25","","完成","坂元","2026/09/24","製造"
"東芝電材　松江★","九州工場","九州工場","2026/09/18","2026/09/18","26-J0137084-002-771","IP0000SG","1.60","230.0","150.0","100.0","鉄 PBﾄｸ 平","","1","さび止め","2026/09/25","福山通運　九州発送","2026/09/25","","完成","坂元","2026/09/24","製造"
"かごしま電工　城南★","九州工場","九州工場","2026/09/24","2026/09/24","26-J0137355-001-771","DE5040SN","1.60","500.0","500.0","400.0","Sﾀﾞｲﾏ PB 平","","1","ｱｰｽ","2026/09/25","佐川急便","2026/09/25","","完成","古川","2026/09/25","製造"
"Q-mast　電気グル－プ★","九州工場","九州工場","2026/09/24","2026/09/24","26-J0137428-001-771","IIP0000G","1.60","50.0","440.0","0.0","鉄 ﾌﾟﾚｰﾄ","","1","穴加工  さび止め","2026/09/25","佐川急便","2026/09/25","","完成","倉重","2026/09/24","製造"
"シンセイ　広島第一★","九州工場","九州工場","2026/09/24","2026/09/24","26-J0137458-001-771","IP0000SG","1.60","500.0","450.0","300.0","鉄 PBﾄｸ 平","","1","さび止め","2026/09/25","福山通運　九州発送","2026/09/25","","完成","坂元","2026/09/24","製造"
"カンサイ　苅田★","九州工場","九州工場","2026/09/24","2026/09/24","26-J0137634-001-771","BE5020SG","1.60","500.0","500.0","200.0","国土 PB 平","","3","ｱｰｽ さび止め","2026/09/25","佐川急便","2026/09/25","","完成","坂元","2026/09/24","製造"
"平岡電気　久留米★","九州工場","九州工場","2026/09/24","2026/09/24","26-J0137812-001-771","IP0000SG","1.60","600.0","300.0","200.0","鉄 PBﾄｸ 平","","1","さび止め","2026/09/25","佐川急便","2026/09/25","","完成","坂元","2026/09/24","製造"
"平岡電気　久留米★","九州工場","九州工場","2026/09/24","2026/09/24","26-J0137812-002-771","IP0000SG","1.60","400.0","300.0","300.0","鉄 PBﾄｸ 平","","1","さび止め","2026/09/25","佐川急便","2026/09/25","","完成","坂元","2026/09/24","製造"
"木村電機　本社★","九州工場","九州工場","2026/09/24","2026/09/24","26-J0137826-001-771","DE5040WN","1.60","500.0","500.0","400.0","Sﾀﾞｲﾏ PB 被せ","","1","ｱｰｽ","2026/09/25","佐川急便","2026/09/25","","完成","古川","2026/09/25","製造"
"ナミデン　広島★","九州工場","九州工場","2026/09/24","2026/09/24","26-J0137864-001-771","IIP0000G","1.60","350.0","120.0","0.0","鉄 ﾌﾟﾚｰﾄ","","4","φ8x4 さび止め","2026/09/25","佐川急便","2026/09/25","","完成","倉重","2026/09/24","製造"
"平岡電気　福岡東★","九州工場","九州工場","2026/09/24","2026/09/24","26-J0137906-002-771","II0000G","1.60","55.0","300.0","0.0","鉄 切板","","4","さび止め","2026/09/25","福山通運　九州発送","2026/09/25","","完成","坂元","2026/09/24","製造"
"正和電材　佐世保★","九州工場","九州工場","2026/09/24","2026/09/24","26-J0138067-002-771","IP0000WG","1.60","150.0","150.0","125.0","鉄 PBﾄｸ 被せ","","5","さび止め","2026/09/25","佐川急便","2026/09/25","","完成","倉重","2026/09/25","製造"
"正和電材　佐世保★","九州工場","九州工場","2026/09/24","2026/09/24","26-J0138067-001-771","IP0000WG","1.60","250.0","250.0","300.0","鉄 PBﾄｸ 被せ","","3","さび止め","2026/09/25","佐川急便","2026/09/25","","完成","倉重","2026/09/25","製造"
"平岡電気　久留米★","九州工場","九州工場","2026/09/24","2026/09/24","26-J0138069-001-771","BE6060SG","1.60","600.0","600.0","600.0","国土 PB 平","","1","ｱｰｽ さび止め","2026/09/25","佐川急便","2026/09/25","","完成","坂元","2026/09/25","製造"
"中西電機　観音寺★","九州工場","九州工場","2026/09/24","2026/09/24","26-J0138100-001-771","SP0000WN","1.50","600.0","400.0","300.0","SUS PBﾄｸ 被せ","","1","","2026/09/25","福山通運　九州発送","2026/09/25","","完成","樋口","2026/09/25","製造"
"九州電業社　佐世保★","九州工場","九州工場","2026/09/24","2026/09/24","26-J0138201-001-771","SIP0000N","2.00","250.0","250.0","0.0","SUS ﾌﾟﾚｰﾄ","","1","パッキン付　φ6x4ヶ所","2026/09/25","佐川急便","2026/09/25","","完成","樋口","2026/09/25","製造"
"米良電機　延岡★","九州工場","九州工場","2026/09/24","2026/09/24","26-J0138216-001-771","SP0000WN","1.50","400.0","400.0","250.0","SUS PBﾄｸ 被せ","","4","","2026/09/25","佐川急便","2026/09/25","","完成","倉重","2026/09/25","製造"
"デンザイ東亜　本社★","九州工場","九州工場","2026/09/24","2026/09/24","26-J0138239-001-771","IP0000SG","1.60","300.0","250.0","150.0","鉄 PBﾄｸ 平","","4","さび止め","2026/09/25","佐川急便","2026/09/25","","完成","倉重","2026/09/25","製造"
"ナンリツ　徳島★","九州工場","九州工場","2026/09/24","2026/09/24","26-J0138262-001-771","BE0000SG","1.60","650.0","300.0","100.0","国土 PBﾄｸ 平","","1","ｱｰｽ さび止め","2026/09/25","福山通運　九州発送","2026/09/25","","完成","坂元","2026/09/24","製造"
"シンセイ　広島第一★","九州工場","九州工場","2026/09/24","2026/09/24","26-J0138323-001-771","SP4030SN","1.50","400.0","400.0","300.0","SUS PB 平","","1","","2026/09/25","福山通運　九州発送","2026/09/25","","完成","樋口","2026/09/25","製造"
"ナミデン　広島★","九州工場","九州工場","2026/09/24","2026/09/24","26-J0138535-001-771","IAI0000G","0.00","200.0","0.0","0.0","鉄 ｱﾝｸﾞﾙ","","1","さび止め L50x50x6t","2026/09/25","佐川急便","2026/09/25","","完成","倉重","2026/09/25","製造"
"三親電材　広島★","九州工場","九州工場","2026/09/24","2026/09/24","26-J0138956-001-771","SP0000WN","1.50","200.0","200.0","250.0","SUS PBﾄｸ 被せ","","2","","2026/09/25","福山通運　九州発送","2026/09/25","","完成","倉重","2026/09/25","製造"
"ナミデン　広島★","九州工場","九州工場","2026/09/25","2026/09/25","26-J0139174-001-771","SE6040WN","1.50","600.0","600.0","400.0","SUS PB 被せ","","1","ｱｰｽ","2026/09/25","佐川急便","2026/09/25","","完成","坂元","2026/09/25","製造"
"ウチダ★","九州工場","九州工場","2026/08/27","2026/08/27","26-J0118093-003-771","SP0000XN","1.50","300.0","300.0","150.0","SUS PBﾄｸ 水切","","2","酸洗い　取付足、端子台ﾍﾞｰｽ、 ﾈｼﾞ付管筒　溶接","2026/09/28","福山通運　九州発送","2026/09/28","","完成","坂元","2026/09/25","製造"
"ウチダ★","九州工場","九州工場","2026/08/27","2026/08/27","26-J0118093-002-771","SP0000XN","1.50","300.0","300.0","150.0","SUS PBﾄｸ 水切","","1","酸洗い　取付足、端子台ﾍﾞｰｽ、 ﾈｼﾞ付管筒　溶接","2026/09/28","福山通運　九州発送","2026/09/28","","完成","倉重","2026/09/25","製造"
"ウチダ★","九州工場","九州工場","2026/08/27","2026/08/27","26-J0118093-001-771","SP0000XN","1.50","300.0","300.0","150.0","SUS PBﾄｸ 水切","","1","酸洗い　取付足、端子台ﾍﾞｰｽ、 ﾈｼﾞ付管筒　溶接","2026/09/28","福山通運　九州発送","2026/09/28","","完成","坂元","2026/09/25","製造"
"米良電機　西★","九州工場","九州工場","2026/09/07","2026/09/07","26-J0125485-001-771","SG0000N","2.00","400.0","120.0","75.0","SUS 架台","","8","ｺ形 φ30 2-M4ﾀｯﾌﾟ 4-φ10x50","2026/09/28","佐川急便","2026/09/28","","完成","倉重","2026/09/28","製造"
"カンサイ　福岡南★","九州工場","九州工場","2026/09/07","2026/09/07","26-J0126138-002-771","SE0000XN","2.00","800.0","800.0","800.0","SUS PBﾄｸ 水切","","1","ｱｰｽ　ｾﾊﾟ付（L型）左","2026/09/29","福山通運　九州発送","2026/09/28","","完成","樋口","2026/09/11","製造"
"カンサイ　福岡南★","九州工場","九州工場","2026/09/07","2026/09/07","26-J0126138-001-771","SE0000XN","2.00","800.0","800.0","800.0","SUS PBﾄｸ 水切","","1","ｱｰｽ　ｾﾊﾟ付（L型）右","2026/09/29","福山通運　九州発送","2026/09/28","","完成","樋口","2026/09/11","製造"
"東芝電材　松江★","九州工場","九州工場","2026/09/09","2026/09/09","26-J0128532-001-771","ZE0000XA","2.30","300.0","300.0","300.0","ZN PBﾄｸ 水切","","2","HDZT56 ｱｰｽ 足付L3x40Φ12(位置指定)ｶｯﾌﾟﾘﾝｸﾞ･穴有","2026/09/28","福山通運　九州発送","2026/09/28","","完成","倉重","2026/09/15","製造"
"東芝電材　松江★","九州工場","九州工場","2026/09/09","2026/09/09","26-J0128532-002-771","ZE0000XA","3.20","1,056.0","240.0","300.0","ZN PBﾄｸ 水切","","1","HDZT56 ｱｰｽ 足付L3x40Φ12(位置指定)2面蓋･ｶｯﾌﾟﾘﾝｸﾞ","2026/09/28","福山通運　九州発送","2026/09/28","","完成","倉重","2026/09/15","製造"
"宮地電機　松山","九州工場","九州工場","2026/09/10","2026/09/10","26-J0129141-002-771","ZE3020W2","2.30","300.0","300.0","200.0","ZN PB 被せ","","1","ｱｰｽ","2026/09/28","福山通運　九州発送","2026/09/28","","完成","倉重","2026/09/16","製造"
"宮地電機　松山","九州工場","九州工場","2026/09/10","2026/09/10","26-J0129141-001-771","ZE1510W2","2.30","150.0","150.0","100.0","ZN PB 被せ","","7","ｱｰｽ","2026/09/28","福山通運　九州発送","2026/09/28","","完成","倉重","2026/09/16","製造"
"米良電機　宮崎★","九州工場","九州工場","2026/09/10","2026/09/10","26-J0129368-001-771","SE0000XN","1.50","500.0","400.0","200.0","SUS PBﾄｸ 水切","","1","ｱｰｽ","2026/09/28","佐川急便","2026/09/28","","完成","倉重","2026/09/28","製造"
"シンセイ　呉★","九州工場","九州工場","2026/09/11","2026/09/11","26-J0130441-001-771","ZE0000W","3.20","600.0","500.0","400.0","ZN PBﾄｸ 被せ","","3","ｱｰｽ","2026/09/28","福山通運　九州発送","2026/09/28","","完成","古川","2026/09/16","製造"
"ムトウ電材　富士見★","九州工場","九州工場","2026/09/11","2026/09/11","26-J0130730-001-771","ZE0000X","2.30","200.0","200.0","100.0","ZN PBﾄｸ 水切","","1","ｱｰｽ　端子台ﾍﾞｰｽ溶接","2026/09/28","佐川急便","2026/09/28","","完成","倉重","2026/09/16","製造"
"ハッピー電気　人吉★","九州工場","九州工場","2026/09/11","2026/09/11","26-J0130833-001-771","ZP0000W","2.30","500.0","140.0","60.0","ZN PBﾄｸ 被せ","","1","ｱｰｽ 蓋横ﾋﾞｽ止め ﾊﾟｯｷﾝなし 開口70x30 ﾀｯﾌﾟ加工","2026/09/28","佐川急便","2026/09/28","","完成","倉重","2026/09/16","製造"
"啓電社★","九州工場","九州工場","2026/09/11","2026/09/11","26-J0130981-001-771","DE0000WN","2.30","1,200.0","800.0","400.0","Sﾀﾞｲﾏ PBﾄｸ 被せ","","1","ｱｰｽ ｺﾞﾑﾊﾟｯｷﾝ付 ｾﾊﾟ付き　B棟外部　","2026/09/25","ヤマックス　ｽﾎﾟｯﾄ便","2026/09/28","","完成","恒川","2026/09/25","製造"
"啓電社★","九州工場","九州工場","2026/09/11","2026/09/11","26-J0130982-003-771","IE0000SG","2.30","990.0","600.0","500.0","鉄 PBﾄｸ 平","","1","ｱｰｽ さび止め　ｾﾊﾟﾚｰﾀ付き　B棟内部　","2026/09/25","ヤマックス　ｽﾎﾟｯﾄ便","2026/09/28","","完成","坂元","2026/09/24","製造"
"アサヒ　中部","九州工場","九州工場","2026/09/14","2026/09/14","26-J0130989-003-771","BE0000SC","1.60","600.0","600.0","200.0","国土 PBﾄｸ 平 焼付","2.5Y9/1","1","ｱｰｽ","2026/09/18","イトカツ","2026/09/28","2026/09/18","ｷｬﾝｾﾙ","林(秀)","2026/09/15","製造"
"アサヒ　中部","九州工場","九州工場","2026/09/14","2026/09/14","26-J0130989-001-771","BE0000SC","2.30","700.0","700.0","200.0","国土 PBﾄｸ 平 焼付","2.5Y9/1","1","ｱｰｽ","2026/09/18","イトカツ","2026/09/28","2026/09/18","ｷｬﾝｾﾙ","林(秀)","2026/09/15","製造"
"アサヒ　中部","九州工場","九州工場","2026/09/14","2026/09/14","26-J0130989-002-771","BE2520SC","1.60","250.0","250.0","200.0","国土 PB 平 焼付","2.5Y9/1","1","ｱｰｽ","2026/09/18","イトカツ","2026/09/28","2026/09/18","ｷｬﾝｾﾙ","林(秀)","2026/09/15","製造"
"ナミデン　山口★","九州工場","九州工場","2026/09/14","2026/09/14","26-J0132040-002-771","BE5020SG","1.60","500.0","500.0","200.0","国土 PB 平","","1","ｱｰｽ さび止め","2026/09/28","福山通運　九州発送","2026/09/28","","完成","倉重","2026/09/25","製造"
"ナミデン　山口★","九州工場","九州工場","2026/09/14","2026/09/14","26-J0132040-001-771","BE0000SG","1.60","700.0","400.0","400.0","国土 PBﾄｸ 平","","1","ｱｰｽ さび止め","2026/09/28","福山通運　九州発送","2026/09/28","","完成","倉重","2026/09/25","製造"
"宮地電機　高松","九州工場","九州工場","2026/09/14","2026/09/14","26-J0132057-001-771","SE2010WC","1.50","200.0","200.0","100.0","SUS PB 被せ 焼付","N1(近似色)","1","ｱｰｽ","2026/09/24","福山通運　九州発送","2026/09/28","","完成","古川","2026/09/16","製造"
"ナミデン　山口★","九州工場","九州工場","2026/09/14","2026/09/14","26-J0132060-003-771","ZE2020X2A","2.30","200.0","200.0","200.0","ZN PB 水切","","2","ｱｰｽ 足付L3x30(φ12)x4","2026/09/28","福山通運　九州発送","2026/09/28","","完成","倉重","2026/09/16","製造"
"ナミデン　山口★","九州工場","九州工場","2026/09/14","2026/09/14","26-J0132060-002-771","ZE3030X2A","2.30","300.0","300.0","300.0","ZN PB 水切","","1","ｱｰｽ 足付L3x40(φ12)x4","2026/09/28","福山通運　九州発送","2026/09/28","","完成","倉重","2026/09/16","製造"
"ナミデン　山口★","九州工場","九州工場","2026/09/14","2026/09/14","26-J0132060-001-771","ZE6060X3A","3.20","600.0","600.0","600.0","ZN PB 水切","","1","ｱｰｽ 足付L4x50(φ12)x4","2026/09/28","福山通運　九州発送","2026/09/28","","完成","古川","2026/09/16","製造"
"Q-mast　電気グル－プ★","九州工場","九州工場","2026/09/15","2026/09/15","26-J0132680-001-771","DC0000N","1.60","501.0","350.0","310.0","Sﾀﾞｲﾏ ｶﾊﾞｰ","","1","平蓋2面　着脱式サン","2026/09/25","ヤマックス　ｽﾎﾟｯﾄ便","2026/09/28","","完成","古川","2026/09/25","製造"
"Q-mast　電気グル－プ★","九州工場","九州工場","2026/09/15","2026/09/15","26-J0132680-002-771","DC0000N","2.00","1,688.0","500.0","420.0","Sﾀﾞｲﾏ ｶﾊﾞｰ","","1","平蓋2面　着脱式サン","2026/09/25","ヤマックス　ｽﾎﾟｯﾄ便","2026/09/28","","完成","古川","2026/09/25","製造"
"三共電気　本社★","九州工場","九州工場","2026/09/15","2026/09/15","26-J0132957-002-771","30PLA","0.00","0.0","0.0","0.0","補修塗料 筆付","","1","ﾌﾟﾗ30ml さび止め","2026/09/25","ヤマックス　ｽﾎﾟｯﾄ便","2026/09/28","","完成","倉重","","製造"
"三共電気　本社★","九州工場","九州工場","2026/09/15","2026/09/15","26-J0132957-001-771","IG0000G","0.00","2,200.0","250.0","195.0","鉄 架台","","1","さび止め L75x75x6t","2026/09/25","ヤマックス　ｽﾎﾟｯﾄ便","2026/09/28","","完成","倉重","2026/09/18","製造"
"アサヒ　本社","九州工場","九州工場","2026/09/15","2026/09/15","26-J0133061-002-771","DD0000N","1.60","450.0","500.0","830.0","Sﾀﾞｲﾏ ﾀﾞｸﾄ","","1","被せ蓋 ｱｰｽ 支持棒 開口 ｺｰｷﾝｸﾞ代 取付穴","2026/09/28","沖縄直送","2026/09/28","","完成","古川","2026/09/25","製造"
"アサヒ　本社","九州工場","九州工場","2026/09/15","2026/09/15","26-J0133061-001-771","DD0000N","1.60","450.0","500.0","2,350.0","Sﾀﾞｲﾏ ﾀﾞｸﾄ","","1","本体･被せ蓋２ ｱｰｽ 支持棒 開口 ｺｰｷﾝｸﾞ代 取付穴","2026/09/28","沖縄直送","2026/09/28","","完成","古川","2026/09/25","製造"
"三星商会　岡山★","九州工場","九州工場","2026/09/15","2026/09/15","26-J0133143-002-771","30PLA","0.00","0.0","0.0","0.0","補修塗料 筆付","N1(近似色)","1","ﾌﾟﾗ30ml","2026/09/28","福山通運　九州発送","2026/09/28","","完成","古川","","製造"
"三星商会　岡山★","九州工場","九州工場","2026/09/15","2026/09/15","26-J0133143-001-771","SST0000C","0.00","400.0","150.0","2,000.0","SUS ｽﾀﾝｼｮﾝ 焼付","N1(近似色)","1","50A PLt3.0","2026/09/28","福山通運　九州発送","2026/09/28","","完成","柴﨑","2026/09/18","製造"
"東芝電材　岡山★","九州工場","九州工場","2026/09/15","2026/09/15","26-J0133192-001-771","ZATL500","0.00","500.0","500.0","500.0","ZN ｱﾝｸﾞﾙ引き込み架台","","1","三角支え付ﾀｲﾌﾟ","2026/09/28","福山通運　九州発送","2026/09/28","","完成","古川","2026/09/16","製造"
"東芝電材　佐伯★","九州工場","九州工場","2026/09/15","2026/09/15","26-J0133672-001-771","SG0000C","4.00","700.0","400.0","315.0","SUS 架台 焼付","日東工業 5Y7/1 近似色","1","L4x50 FB4x75 穴加工","2026/09/28","佐川急便","2026/09/28","","完成","樫原","2026/09/18","製造"
"カンサイ南九州社★","九州工場","九州工場","2026/09/16","2026/09/16","26-J0133815-001-771","IP0000SC","2.30","1,200.0","300.0","300.0","鉄 PBﾄｸ 平 焼付","2.5Y9/1 近似色","1","","2026/09/28","福山通運　九州発送","2026/09/28","","完成","岡","2026/09/18","製造"
"東芝電材　福岡★","九州工場","九州工場","2026/09/16","2026/09/16","26-J0133905-001-771","BE3020SC","1.60","300.0","300.0","200.0","国土 PB 平 焼付","2.5Y9/1 近似色","3","ｱｰｽ","2026/09/25","ヤマックス福岡","2026/09/28","","完成","古川","","加工"
"東芝電材　福岡★","九州工場","九州工場","2026/09/16","2026/09/16","26-J0133905-002-771","BE1510SC","1.60","150.0","150.0","100.0","国土 PB 平 焼付","2.5Y9/1 近似色","2","ｱｰｽ","2026/09/25","ヤマックス福岡","2026/09/28","","完成","古川","","加工"
"九州電業社　佐世保★","九州工場","九州工場","2026/09/16","2026/09/16","26-J0133977-002-771","SE0000XNA","1.50","700.0","700.0","200.0","SUS PBﾄｸ 水切","","1","ｱｰｽ 足付 落下防止ﾁｪｰﾝ付　脱落防止ビス","2026/09/28","佐川急便","2026/09/28","","完成","倉重","2026/09/28","製造"
"カンサイ　八幡★","九州工場","九州工場","2026/09/16","2026/09/16","26-J0134102-001-771","BE1010WC","1.60","100.0","100.0","100.0","国土 PB 被せ 焼付","5Y7/1 近似色","1","ｱｰｽ","2026/09/25","北九州配達","2026/09/28","","完成","古川","2026/09/17","製造"
"かごしま電工　川内★","九州工場","九州工場","2026/09/16","2026/09/16","26-J0134292-002-771","SE3535XCW","1.50","350.0","350.0","350.0","SUS PB 水切 焼付","5Y7/1 近似色","1","ｱｰｽ 内ﾜﾆｽ","2026/09/28","佐川急便","2026/09/28","","完成","岡","2026/09/17","製造"
"かごしま電工　川内★","九州工場","九州工場","2026/09/16","2026/09/16","26-J0134292-001-771","SE3030XCW","1.50","300.0","300.0","300.0","SUS PB 水切 焼付","5Y7/1 近似色","1","ｱｰｽ 内ﾜﾆｽ","2026/09/28","佐川急便","2026/09/28","","完成","岡","2026/09/17","製造"
"かごしま電工　奄美★","九州工場","九州工場","2026/09/16","2026/09/16","26-J0134457-001-771","SE5050XCW","1.50","500.0","500.0","500.0","SUS PB 水切 焼付","5Y7/1 近似色","1","ｱｰｽ 内ﾜﾆｽ","2026/09/28","佐川急便","2026/09/28","","完成","森田","2026/09/17","製造"
"米良電機　宮崎★","九州工場","九州工場","2026/09/16","2026/09/16","26-J0134599-002-771","SE1515XC","1.50","150.0","150.0","150.0","SUS PB 水切 焼付","2.5Y9/1 近似色","5","ｱｰｽ","2026/09/28","福山通運　九州発送","2026/09/28","","完成","古川","2026/09/18","製造"
"米良電機　宮崎★","九州工場","九州工場","2026/09/16","2026/09/16","26-J0134599-001-771","SE2020XC","1.50","200.0","200.0","200.0","SUS PB 水切 焼付","2.5Y9/1 近似色","3","ｱｰｽ","2026/09/25","福山通運　九州発送","2026/09/28","","完成","古川","","加工"
"宮地電機　高松","九州工場","九州工場","2026/09/16","2026/09/16","26-J0134725-001-771","SE2010WC","1.50","200.0","200.0","100.0","SUS PB 被せ 焼付","N1(近似色)","1","ｱｰｽ","2026/09/28","福山通運　九州発送","2026/09/28","","完成","古川","2026/09/18","製造"
"東芝電材　宮崎★","九州工場","九州工場","2026/09/16","2026/09/16","26-J0134749-001-771","BE1515SC","1.60","150.0","150.0","150.0","国土 PB 平 焼付","2.5Y9/1 近似色","4","ｱｰｽ","2026/09/28","福山通運　九州発送","2026/09/28","","完成","古川","2026/09/18","製造"
"シンセイ　広島第二★","九州工場","九州工場","2026/09/16","2026/09/16","26-J0134788-002-771","BE0000SC","1.60","400.0","400.0","200.0","国土 PBﾄｸ 平 焼付","5Y7/1 近似色","1","ｱｰｽ ｾﾊﾟﾚｰﾀ","2026/09/28","福山通運　九州発送","2026/09/28","","完成","森田","2026/09/18","製造"
"三親電材　出雲★","九州工場","九州工場","2026/09/16","2026/09/16","26-J0134915-001-771","SE2520WC","1.50","250.0","250.0","200.0","SUS PB 被せ 焼付","22-90C 艶無し","2","ｱｰｽ","2026/09/28","福山通運　九州発送","2026/09/28","","完成","古川","2026/09/18","製造"
"三親電材　出雲★","九州工場","九州工場","2026/09/16","2026/09/16","26-J0134915-002-771","SE1510WC","1.50","150.0","150.0","100.0","SUS PB 被せ 焼付","22-90C 艶無し","1","ｱｰｽ","2026/09/28","福山通運　九州発送","2026/09/28","","完成","古川","2026/09/18","製造"
"米良電機　延岡★","九州工場","九州工場","2026/09/17","2026/09/17","26-J0135100-001-771","SE1515XC","1.50","150.0","150.0","150.0","SUS PB 水切 焼付","2.5Y9/1 近似色","1","ｱｰｽ","2026/09/28","佐川急便","2026/09/28","","完成","森田","2026/09/18","製造"
"さくら電機　国分★","九州工場","九州工場","2026/09/17","2026/09/17","26-J0135366-001-771","BE3025SCW","1.60","300.0","300.0","250.0","国土 PB 平 焼付","2.5Y9/1 近似色","1","ｱｰｽ  内ﾜﾆｽ","2026/09/28","佐川急便","2026/09/28","","完成","岡","2026/09/18","製造"
"米良電機　西諸★","九州工場","九州工場","2026/09/17","2026/09/17","26-J0135393-002-771","SE3030XC","1.50","300.0","300.0","300.0","SUS PB 水切 焼付","2.5Y9/1 近似色","5","ｱｰｽ","2026/09/28","佐川急便","2026/09/28","","完成","森田","2026/09/18","製造"
"米良電機　西諸★","九州工場","九州工場","2026/09/17","2026/09/17","26-J0135393-003-771","SE4030XC","1.50","400.0","400.0","300.0","SUS PB 水切 焼付","2.5Y9/1 近似色","4","ｱｰｽ","2026/09/28","佐川急便","2026/09/28","","完成","ナム","2026/09/18","製造"
"米良電機　西諸★","九州工場","九州工場","2026/09/17","2026/09/17","26-J0135393-001-771","SE2020XC","1.50","200.0","200.0","200.0","SUS PB 水切 焼付","2.5Y9/1 近似色","2","ｱｰｽ","2026/09/28","佐川急便","2026/09/28","","完成","森田","2026/09/18","製造"
"平岡電気　久留米★","九州工場","九州工場","2026/09/17","2026/09/17","26-J0135461-001-771","SE3030XC","1.50","300.0","300.0","300.0","SUS PB 水切 焼付","2.5Y9/1 近似色","1","ｱｰｽ","2026/09/28","佐川急便","2026/09/28","","完成","森田","2026/09/18","製造"
"平岡電気　久留米★","九州工場","九州工場","2026/09/17","2026/09/17","26-J0135461-002-771","SE2525XC","1.50","250.0","250.0","250.0","SUS PB 水切 焼付","2.5Y9/1 近似色","3","ｱｰｽ","2026/09/28","佐川急便","2026/09/28","","完成","森田","2026/09/18","製造"
"米良電機　西諸★","九州工場","九州工場","2026/09/17","2026/09/17","26-J0135473-001-771","BE3030SC","1.60","300.0","300.0","300.0","国土 PB 平 焼付","2.5Y9/1 近似色","1","ｱｰｽ","2026/09/28","佐川急便","2026/09/28","","完成","森田","2026/09/18","製造"
"東芝電材　八代★","九州工場","九州工場","2026/09/17","2026/09/17","26-J0135667-001-771","IP1010SC","1.60","100.0","100.0","100.0","鉄 PB 平 焼付","10Y7/8 近似色","1","","2026/09/28","佐川急便","2026/09/28","","完成","森田","2026/09/18","製造"
"平岡電気　城南★","九州工場","九州工場","2026/09/17","2026/09/17","26-J0136217-001-771","IIP0000C","2.30","400.0","350.0","0.0","鉄 ﾌﾟﾚｰﾄ 焼付","5Y7/1 近似色","1","4-φ8","2026/09/28","佐川急便","2026/09/28","","完成","森田","2026/09/24","製造"
"シンセイ　広島第二★","九州工場","九州工場","2026/09/18","2026/09/18","26-J0136268-002-771","SC0000N","2.00","1,490.0","670.0","0.0","SUS ｶﾊﾞｰ","","1","11-φ6 取手2個付き 切欠830x240","2026/09/28","福山通運　九州発送","2026/09/28","","完成","坂元","2026/09/28","製造"
"シンセイ　広島第二★","九州工場","九州工場","2026/09/18","2026/09/18","26-J0136268-001-771","SC0000N","2.00","1,490.0","675.0","0.0","SUS ｶﾊﾞｰ","","1","11-φ6 取手2個付き","2026/09/28","福山通運　九州発送","2026/09/28","","完成","坂元","2026/09/28","製造"
"ハッピー電気　清水★","九州工場","九州工場","2026/09/18","2026/09/18","26-J0136300-001-771","IG0000G","0.00","1,070.0","0.0","0.0","鉄 架台","","3","さび止め [100x50x5t　","2026/09/28","福山通運　九州発送","2026/09/28","","完成","倉重","2026/09/28","製造"
"ナミデン　福岡★","九州工場","九州工場","2026/09/18","2026/09/18","26-J0136321-002-771","DP5050WN","1.60","500.0","500.0","500.0","Sﾀﾞｲﾏ PB 被せ","","1","","2026/09/25","ヤマックス福岡","2026/09/28","","完成","坂元","2026/09/25","製造"
"ナミデン　福岡★","九州工場","九州工場","2026/09/18","2026/09/18","26-J0136321-001-771","DP2020WN","1.60","200.0","200.0","200.0","Sﾀﾞｲﾏ PB 被せ","","10","","2026/09/25","ヤマックス福岡","2026/09/28","","完成","倉重","2026/09/25","製造"
"三親電材　水島★","九州工場","九州工場","2026/09/18","2026/09/18","26-J0136940-002-771","I02000SG","1.60","240.0","240.0","0.0","鉄 ふたﾄｸ","","1","外耳20ﾎﾞｯｸｽ用平ふた ｺﾞﾑﾊﾟｯｷﾝ付 さび止め","2026/09/28","福山通運　九州発送","2026/09/28","","完成","倉重","2026/09/25","製造"
"三親電材　水島★","九州工場","九州工場","2026/09/18","2026/09/18","26-J0136940-001-771","IP0000WG","1.60","200.0","200.0","150.0","鉄 PBﾄｸ 被せ","","2","外耳20 M6BN締め さび止め","2026/09/28","福山通運　九州発送","2026/09/28","","完成","倉重","2026/09/25","製造"
"平岡電気　城南★","九州工場","九州工場","2026/09/18","2026/09/18","26-J0137004-001-771","IDC0000C","1.60","1,700.0","300.0","185.0","鉄 ﾀﾞｸﾄｶﾊﾞｰ 焼付","2.5Y9/1 近似色","1","2分割正面平蓋　下面取付穴8-φ12","2026/09/28","佐川急便","2026/09/28","","完成","岡","2026/09/25","製造"
"ナミデン　福岡★","九州工場","九州工場","2026/09/18","2026/09/18","26-J0137248-001-771","IBC0000G","0.00","350.0","250.0","0.0","鉄 ﾌﾞﾗｹｯﾄ","","9","さび止め L50x50x4","2026/09/25","ヤマックス福岡","2026/09/28","","完成","倉重","2026/09/24","製造"
"興陽電機　岩国★","九州工場","九州工場","2026/09/18","2026/09/18","26-J0137259-001-771","BE0000SG","1.60","250.0","250.0","250.0","国土 PBﾄｸ 平","","1","ｱｰｽ  2-φ160　さび止め","2026/09/28","福山通運　九州発送","2026/09/28","","完成","倉重","2026/09/25","製造"
"カンサイ南九州社★","九州工場","九州工場","2026/09/24","2026/09/24","26-J0137290-002-771","SE2520XNW","1.50","250.0","250.0","200.0","SUS PB 水切","","2","ｱｰｽ 内ﾜﾆｽ","2026/09/28","佐川急便","2026/09/28","","完成","倉重","2026/09/25","製造"
"カンサイ南九州社★","九州工場","九州工場","2026/09/24","2026/09/24","26-J0137290-001-771","SE5050XNW","1.50","500.0","500.0","500.0","SUS PB 水切","","1","ｱｰｽ 内ﾜﾆｽ","2026/09/28","佐川急便","2026/09/28","","完成","倉重","2026/09/25","製造"
"ナミデン　福岡★","九州工場","九州工場","2026/09/24","2026/09/24","26-J0137316-002-771","IKS0000G","1.60","900.0","200.0","250.0","鉄 貫通ｽﾘｰﾌﾞ","","2","平蓋  さび止め","2026/09/28","ヤマックス福岡","2026/09/28","","完成","倉重","2026/09/25","製造"
"ナミデン　福岡★","九州工場","九州工場","2026/09/24","2026/09/24","26-J0137316-003-771","IKS0000G","1.60","1,100.0","200.0","250.0","鉄 貫通ｽﾘｰﾌﾞ","","1","平蓋  さび止め","2026/09/28","ヤマックス福岡","2026/09/28","","完成","倉重","2026/09/25","製造"
"ナミデン　福岡★","九州工場","九州工場","2026/09/24","2026/09/24","26-J0137316-001-771","IKS0000G","1.60","500.0","200.0","250.0","鉄 貫通ｽﾘｰﾌﾞ","","1","平蓋  さび止め","2026/09/28","ヤマックス福岡","2026/09/28","","完成","倉重","2026/09/25","製造"
"ＳＴＥＰ　福岡★","九州工場","九州工場","2026/09/24","2026/09/24","26-J0137326-001-771","SE0000WN","1.50","600.0","200.0","200.0","SUS PBﾄｸ 被せ","","1","ｱｰｽ","2026/09/25","ヤマックス福岡","2026/09/28","","完成","樋口","2026/09/25","製造"
"ＳＴＥＰ　福岡★","九州工場","九州工場","2026/09/24","2026/09/24","26-J0137326-002-771","SE0000WN","1.50","300.0","200.0","200.0","SUS PBﾄｸ 被せ","","1","ｱｰｽ","2026/09/25","ヤマックス福岡","2026/09/28","","完成","樋口","2026/09/25","製造"
"Q-mast　南九州★","九州工場","九州工場","2026/09/24","2026/09/24","26-J0137386-001-771","SC0000N","2.00","1,340.0","500.0","600.0","SUS ｶﾊﾞｰ","","1","上面ﾌﾟﾚｰﾄ付","2026/09/28","福山通運　九州発送","2026/09/28","","完成","坂元","2026/09/28","製造"
"三和電気商会★","九州工場","九州工場","2026/09/24","2026/09/24","26-J0137939-001-771","SP0000WN","2.00","800.0","600.0","400.0","SUS PBﾄｸ 被せ","","1","","2026/09/28","福山通運　九州発送","2026/09/28","","完成","倉重","2026/09/28","製造"
"宮地電機　新居浜","九州工場","九州工場","2026/09/24","2026/09/24","26-J0138023-001-771","DE1510WN","1.60","150.0","150.0","100.0","Sﾀﾞｲﾏ PB 被せ","","1","ｱｰｽ","2026/09/28","福山通運　九州発送","2026/09/28","","完成","服部","2026/09/28","製造"
"宮地電機　新居浜","九州工場","九州工場","2026/09/24","2026/09/24","26-J0138023-002-771","DE2510WN","1.60","250.0","250.0","100.0","Sﾀﾞｲﾏ PB 被せ","","2","ｱｰｽ","2026/09/28","福山通運　九州発送","2026/09/28","","完成","服部","2026/09/28","製造"
"かごしま電工　国分★","九州工場","九州工場","2026/09/24","2026/09/24","26-J0138382-001-771","SE5030XNW","1.50","500.0","500.0","300.0","SUS PB 水切","","1","ｱｰｽ 内ﾜﾆｽ","2026/09/28","佐川急便","2026/09/28","","完成","倉重","2026/09/25","製造"
"三親電材　鳥取★","九州工場","九州工場","2026/09/24","2026/09/24","26-J0138393-001-771","SE0000XN","1.50","600.0","500.0","500.0","SUS PBﾄｸ 水切","","2","ｱｰｽ","2026/09/28","福山通運　九州発送","2026/09/28","","ｷｬﾝｾﾙ","林(秀)","2026/09/28","製造"
"丸井産業　北九州★","九州工場","九州工場","2026/09/24","2026/09/24","26-J0138581-001-771","IP0000SG","1.60","400.0","400.0","150.0","鉄 PBﾄｸ 平","","1","さび止め","2026/09/25","店頭渡し","2026/09/28","","完成","坂元","2026/09/25","製造"
"オリオン商事　福岡★","九州工場","九州工場","2026/09/24","2026/09/24","26-J0138680-001-771","SE0000XN","1.50","250.0","150.0","150.0","SUS PBﾄｸ 水切","","1","ｱｰｽ","2026/09/25","ヤマックス福岡","2026/09/28","","完成","倉重","2026/09/25","製造"
"アサヒ　中部","九州工場","九州工場","2026/09/24","2026/09/24","26-J0138837-002-771","DE0000XN","1.60","700.0","500.0","400.0","Sﾀﾞｲﾏ PBﾄｸ 水切","","1","ｱｰｽ","2026/09/28","沖縄直送","2026/09/28","","完成","倉重","2026/09/25","製造"
"アサヒ　中部","九州工場","九州工場","2026/09/24","2026/09/24","26-J0138837-001-771","DE0000XN","1.60","600.0","600.0","400.0","Sﾀﾞｲﾏ PBﾄｸ 水切","","3","ｱｰｽ","2026/09/28","沖縄直送","2026/09/28","","完成","倉重","2026/09/25","製造"
"カンサイ　福岡西★","九州工場","九州工場","2026/09/24","2026/09/24","26-J0139099-001-771","IF0000C","2.30","720.0","300.0","430.0","鉄 裏BOX 焼付","2.5Y9/1 近似色","2","蓋無しﾎﾞｯｸｽ 開口あり","2026/09/28","店頭渡し","2026/09/28","","完成","岡","2026/09/24","製造"
"ｹｲ･ｴｽ･ﾃﾞｰ　鹿児島★","九州工場","九州工場","2026/09/25","2026/09/25","26-J0139288-001-771","DE5030WN","1.60","500.0","500.0","300.0","Sﾀﾞｲﾏ PB 被せ","","1","ｱｰｽ","2026/09/28","佐川急便","2026/09/28","","完成","服部","2026/09/28","製造"
"ｹｲ･ｴｽ･ﾃﾞｰ　大分★","九州工場","九州工場","2026/09/25","2026/09/25","26-J0139356-001-771","SP0000WN","1.50","500.0","300.0","300.0","SUS PBﾄｸ 被せ","","1","","2026/09/28","佐川急便","2026/09/28","","完成","倉重","2026/09/28","製造"
"三親電材　山口★","九州工場","九州工場","2026/09/25","2026/09/25","26-J0139402-001-771","BE0000SG","1.60","700.0","500.0","300.0","国土 PBﾄｸ 平","","1","ｱｰｽ さび止め","2026/09/28","佐川急便","2026/09/28","","完成","倉重","2026/09/28","製造"
"宮地電機　高知","九州工場","九州工場","2026/09/25","2026/09/25","26-J0139627-001-771","SE0000XN","1.50","500.0","350.0","200.0","SUS PBﾄｸ 水切","","1","ｱｰｽ","2026/09/28","福山通運　九州発送","2026/09/28","","完成","倉重","2026/09/28","製造"
"菱栄電材★","九州工場","九州工場","2026/09/25","2026/09/25","26-J0139649-001-771","BE5020SG","1.60","500.0","500.0","200.0","国土 PB 平","","1","ｱｰｽ さび止め","2026/09/28","福山通運　九州発送","2026/09/28","","完成","倉重","2026/09/28","製造"
"啓電社★","九州工場","九州工場","2026/09/25","2026/09/25","26-J0139682-001-771","II0000N","2.30","200.0","200.0","0.0","鉄 切板","","15","生地","2026/09/28","ヤマックス福岡","2026/09/28","","完成","倉重","2026/09/28","製造"
"ナミデン　福岡★","九州工場","九州工場","2026/09/25","2026/09/25","26-J0139727-001-771","IKM0000G","2.30","100.0","50.0","1,245.0","鉄 金物","","2","さび止め","2026/09/25","ヤマックス　ｽﾎﾟｯﾄ便","2026/09/28","","完成","倉重","2026/09/25","製造"
"カンサイ　福岡中央★","九州工場","九州工場","2026/09/25","2026/09/25","26-J0139789-001-771","SP0000WN","1.50","125.0","150.0","50.0","SUS PBﾄｸ 被せ","","2","","2026/09/28","佐川急便","2026/09/28","","完成","倉重","2026/09/28","製造"
"中国機材設備　本社★","九州工場","九州工場","2026/09/25","2026/09/25","26-J0139976-001-771","SP5050SN","1.50","500.0","500.0","500.0","SUS PB 平","","2","","2026/09/28","佐川急便","2026/09/28","","完成","坂元","2026/09/28","製造"
"三親電材　東広島★","九州工場","九州工場","2026/09/25","2026/09/25","26-J0140012-001-771","SP6060WN","1.50","600.0","600.0","600.0","SUS PB 被せ","","1","","2026/09/28","福山通運　九州発送","2026/09/28","","完成","倉重","2026/09/28","製造"
"ナミデン　広島★","九州工場","九州工場","2026/09/25","2026/09/25","26-J0140114-001-771","IP0000SG","1.60","250.0","150.0","150.0","鉄 PBﾄｸ 平","","4","さび止め","2026/09/28","佐川急便","2026/09/28","","完成","坂元","2026/09/28","製造"
"木村電機　菊陽★","九州工場","九州工場","2026/09/25","2026/09/25","26-J0140150-001-771","IP0000SG","1.60","400.0","300.0","300.0","鉄 PBﾄｸ 平","","1","さび止め","2026/09/28","佐川急便","2026/09/28","","完成","坂元","2026/09/28","製造"
"シンセイ　徳山★","九州工場","九州工場","2026/09/25","2026/09/25","26-J0140361-001-771","I02040WG","1.60","400.0","400.0","0.0","鉄 ふた","","1","被せふた さび止め","2026/09/28","佐川急便","2026/09/28","","完成","倉重","2026/09/28","製造"
"ミツヤ電機　本社★","九州工場","九州工場","2026/09/28","2026/09/28","26-J0140446-001-771","IP4030WG","1.60","400.0","400.0","300.0","鉄 PB 被せ","","1","さび止め","2026/09/28","福山通運　九州発送","2026/09/28","","完成","坂元","2026/09/28","製造"
"三興マテリアルサプライ　大阪★","九州工場","九州工場","2026/05/12","2026/05/12","26-J0036706-001-771","ZP0000W","3.20","1,000.0","300.0","200.0","ZN PBﾄｸ 被せ","","1","◆","2026/09/29","佐川急便","2026/09/29","","完成","倉重","2026/09/16","製造"
"イシグロ　福岡★","九州工場","九州工場","2026/08/04","2026/08/04","26-J0101789-001-771","IG0000C","0.00","340.0","340.0","270.0","鉄 架台 焼付","N7.0 近似色","6","フィーダー取付架台","2026/09/28","チャーター便","2026/09/29","","完成","古川","2026/09/10","製造"
"イシグロ　福岡★","九州工場","九州工場","2026/08/04","2026/08/04","26-J0101789-004-771","IG0000C","0.00","880.0","880.0","910.0","鉄 架台 焼付","N7.0 近似色","3","原料タンク架台","2026/09/28","チャーター便","2026/09/29","","完成","柴﨑","2026/09/10","製造"
"イシグロ　福岡★","九州工場","九州工場","2026/08/04","2026/08/04","26-J0101789-006-771","IST0000C","0.00","150.0","150.0","1,100.0","鉄 ｽﾀﾝｼｮﾝ 焼付","N7.0 近似色","6","伝送器取付スタンドA","2026/09/28","チャーター便","2026/09/29","","完成","古川","2026/09/10","製造"
"イシグロ　福岡★","九州工場","九州工場","2026/08/04","2026/08/04","26-J0101789-003-771","IG0000C","0.00","1,050.0","920.0","850.0","鉄 架台 焼付","N7.0 近似色","6","BF架台","2026/09/28","チャーター便","2026/09/29","","ｷｬﾝｾﾙ","森山","2026/09/10","製造"
"イシグロ　福岡★","九州工場","九州工場","2026/08/04","2026/08/04","26-J0101789-007-771","IST0000C","0.00","150.0","90.0","350.0","鉄 ｽﾀﾝｼｮﾝ 焼付","N7.0 近似色","6","","2026/09/28","チャーター便","2026/09/29","","完成","古川","2026/09/10","製造"
"イシグロ　福岡★","九州工場","九州工場","2026/08/04","2026/08/04","26-J0101789-002-771","IG0000C","0.00","1,043.0","652.5","1,598.0","鉄 架台 焼付","N7.0 近似色","6","分級機架台","2026/09/28","チャーター便","2026/09/29","","完成","森田","2026/09/10","製造"
"イシグロ　福岡★","九州工場","九州工場","2026/08/04","2026/08/04","26-J0101789-005-771","IG0000C","0.00","720.0","720.0","409.0","鉄 架台 焼付","N7.0 近似色","4","TA2架台","2026/09/28","チャーター便","2026/09/29","","完成","古川","2026/09/10","製造"
"ウチダ★","九州工場","九州工場","2026/08/27","2026/08/27","26-J0118099-001-771","SP0000XN","1.50","400.0","400.0","150.0","SUS PBﾄｸ 水切","","2","酸洗い　取付足、2-端子台ﾍﾞｰｽ、 ﾈｼﾞ付管筒　溶接","2026/09/29","福山通運　九州発送","2026/09/29","","完成","坂元","2026/09/28","製造"
"ナミデン　福岡★","九州工場","九州工場","2026/09/08","2026/09/08","26-J0127433-001-771","ZG0000","0.00","800.0","500.0","0.0","ZN 架台","","2","ﾀﾞｸﾄｶﾊﾞｰ支持架台  L50x50x6t","2026/09/29","ヤマックス　ｽﾎﾟｯﾄ便","2026/09/29","","完成","倉重","2026/09/18","製造"
"ナミデン　福岡★","九州工場","九州工場","2026/09/09","2026/09/09","26-J0128471-001-771","SDC0000C","2.00","2,000.0","2,100.0","3,450.0","SUS ﾀﾞｸﾄｶﾊﾞｰ 焼付","N-90 近似色","1","本体7分割 蓋16分割 平蓋ﾊﾟｯｷﾝ付","2026/09/29","ヤマックス　ｽﾎﾟｯﾄ便","2026/09/29","","完成","カイ","2026/09/18","製造"
"ナミデン　福岡★","九州工場","九州工場","2026/09/09","2026/09/09","26-J0128471-004-771","MAMEK","0.00","0.0","0.0","0.0","補修塗料 豆缶","N-90 近似色","2","","2026/09/29","ヤマックス　ｽﾎﾟｯﾄ便","2026/09/29","","完成","","","製造"
"ヤシマ電材 津山","九州工場","九州工場","2026/09/11","2026/09/11","26-J0130566-001-771","ZKM0000","0.00","1,000.0","331.0","272.0","ZN 金物","","4","HDZT63 ﾁｬﾝﾈﾙ ﾍﾞｰｽt12.0","2026/09/29","福山通運　九州発送","2026/09/29","","完成","倉重","2026/09/17","製造"
"ヤシマ電材 津山","九州工場","九州工場","2026/09/11","2026/09/11","26-J0130566-005-771","ZKM0000","0.00","1,000.0","331.0","272.0","ZN 金物","","1","HDZT63 /786 ﾁｬﾝﾈﾙ ﾍﾞｰｽt12.0","2026/09/29","福山通運　九州発送","2026/09/29","","完成","倉重","2026/09/17","製造"
"ヤシマ電材 津山","九州工場","九州工場","2026/09/11","2026/09/11","26-J0130566-004-771","ZKM0000","0.00","1,000.0","331.0","272.0","ZN 金物","","1","HDZT63 /461 ﾁｬﾝﾈﾙ ﾍﾞｰｽt12.0","2026/09/29","福山通運　九州発送","2026/09/29","","完成","倉重","2026/09/17","製造"
"ヤシマ電材 津山","九州工場","九州工場","2026/09/11","2026/09/11","26-J0130566-003-771","ZKM0000","0.00","1,000.0","331.0","272.0","ZN 金物","","1","HDZT63 /461 ﾁｬﾝﾈﾙ ﾍﾞｰｽt12.0","2026/09/29","福山通運　九州発送","2026/09/29","","完成","倉重","2026/09/17","製造"
"ヤシマ電材 津山","九州工場","九州工場","2026/09/11","2026/09/11","26-J0130566-002-771","ZKM0000","0.00","1,000.0","331.0","272.0","ZN 金物","","1","HDZT63 ﾁｬﾝﾈﾙ ﾍﾞｰｽt12.0","2026/09/29","福山通運　九州発送","2026/09/29","","完成","倉重","2026/09/17","製造"
"カンサイ　福岡西★","九州工場","九州工場","2026/09/11","2026/09/11","26-J0130761-001-771","ZG0000","0.00","500.0","400.0","0.0","ZN 架台","","1","L-50X50X6t　左用","2026/09/28","ヤマックス福岡","2026/09/29","","ｷｬﾝｾﾙ","ルアン","2026/09/16","製造"
"カンサイ　福岡西★","九州工場","九州工場","2026/09/11","2026/09/11","26-J0130761-002-771","ZG0000","0.00","500.0","400.0","0.0","ZN 架台","","1","L-50X50X6t　右用","2026/09/28","ヤマックス福岡","2026/09/29","","ｷｬﾝｾﾙ","ルアン","2026/09/16","製造"
"啓電社★","九州工場","九州工場","2026/09/11","2026/09/11","26-J0130766-001-771","SE6060SN","1.50","600.0","600.0","600.0","SUS PB 平","","5","ｱｰｽ","2026/09/28","ヤマックス福岡","2026/09/29","","完成","坂元","2026/09/28","製造"
"日新電機システム","九州工場","九州工場","2026/09/11","2026/09/11","26-J0130973-002-771","IMK0000C","3.00","350.0","50.0","30.0","鉄 曲金物 焼付","色見本(2.5Y9/1)","10","FB3tx30w 取付穴2-φ6 2-M4ﾀｯﾌﾟ","2026/09/24","イトカツ","2026/09/29","2026/09/24","完成","古川","2026/09/16","製造"
"日新電機システム","九州工場","九州工場","2026/09/11","2026/09/11","26-J0130973-001-771","IMK0000C","3.00","350.0","30.0","30.0","鉄 曲金物 焼付","色見本(2.5Y9/1)","10","FB3tx30w 取付穴2-φ6 2-M4ﾀｯﾌﾟ","2026/09/24","イトカツ","2026/09/29","2026/09/24","完成","古川","2026/09/16","製造"
"シンセイ　広島第二★","九州工場","九州工場","2026/09/14","2026/09/14","26-J0131396-001-771","IG0000C","0.00","1,150.0","300.0","125.0","鉄 架台 焼付","N8.2 近似色","5","L3x30x30 4-φ10　4-φ12　4-φ15","2026/09/29","福山通運　九州発送","2026/09/29","","ｷｬﾝｾﾙ","ルアン","2026/09/18","製造"
"ナミデン　福岡★","九州工場","九州工場","2026/09/14","2026/09/14","26-J0131465-004-771","ITG0000G","0.00","1,377.0","526.0","0.0","鉄 耐震架台","","1","さび止め L65x65x6","2026/09/18","ヤマックス　ｽﾎﾟｯﾄ便","2026/09/29","","完成","倉重","2026/09/17","製造"
"ナミデン　福岡★","九州工場","九州工場","2026/09/14","2026/09/14","26-J0131465-001-771","ITG0000G","0.00","1,377.0","450.0","0.0","鉄 耐震架台","","1","さび止め L65x65x6","2026/09/18","ヤマックス　ｽﾎﾟｯﾄ便","2026/09/29","","完成","倉重","2026/09/17","製造"
"ナミデン　福岡★","九州工場","九州工場","2026/09/14","2026/09/14","26-J0131465-003-771","ITG0000G","0.00","1,377.0","450.0","0.0","鉄 耐震架台","","1","さび止め L65x65x6","2026/09/18","ヤマックス　ｽﾎﾟｯﾄ便","2026/09/29","","完成","倉重","2026/09/17","製造"
"ナミデン　福岡★","九州工場","九州工場","2026/09/14","2026/09/14","26-J0131465-002-771","ITG0000G","0.00","1,377.0","495.0","0.0","鉄 耐震架台","","1","さび止め L65x65x6","2026/09/18","ヤマックス　ｽﾎﾟｯﾄ便","2026/09/29","","完成","倉重","2026/09/17","製造"
"ナミデン　福岡★","九州工場","九州工場","2026/09/14","2026/09/14","26-J0131489-001-771","SC0000N","1.50","430.0","430.0","10.0","SUS ｶﾊﾞｰ","","2","","2026/09/18","ヤマックス　ｽﾎﾟｯﾄ便","2026/09/29","","完成","井上","2026/09/18","製造"
"アサヒ　中部","九州工場","九州工場","2026/09/14","2026/09/14","26-J0131850-001-771","ZX0000","3.20","1,000.0","350.0","50.0","ZN その他","","1","□50x50 壁面側PL6t 取付穴4-φ12","2026/09/25","イトカツ","2026/09/29","2026/09/25","完成","倉重","2026/09/16","製造"
"アサヒ　宜野湾","九州工場","九州工場","2026/09/14","2026/09/14","26-J0132394-001-771","SE3520XC","1.50","350.0","350.0","200.0","SUS PB 水切 焼付","2.5Y9/1","1","ｱｰｽ","2026/09/24","イトカツ","2026/09/29","2026/09/24","完成","古川","2026/09/16","製造"
"三親電材　広島★","九州工場","九州工場","2026/09/15","2026/09/15","26-J0132617-013-771","IKW0000G","1.60","1,250.0","300.0","170.0","鉄 貫通枠","","1","さび止め SS-C-5x50x100溶接","2026/09/29","福山通運　九州発送","2026/09/29","","完成","倉重","2026/09/28","製造"
"三親電材　広島★","九州工場","九州工場","2026/09/15","2026/09/15","26-J0132617-014-771","IKW0000G","1.60","700.0","250.0","170.0","鉄 貫通枠","","1","さび止め SS-C-5x50x100溶接","2026/09/29","福山通運　九州発送","2026/09/29","","完成","倉重","2026/09/28","製造"
"岡本電機　三原★","九州工場","九州工場","2026/09/15","2026/09/15","26-J0132703-001-771","SDC0000C","1.50","300.0","300.0","200.0","SUS ﾀﾞｸﾄｶﾊﾞｰ 焼付","09-30D 近似色","1","平蓋ｺﾞﾑﾊﾟｯｷﾝ付　","2026/09/29","福山通運　九州発送","2026/09/29","","完成","古川","2026/09/18","製造"
"岡本電機　三原★","九州工場","九州工場","2026/09/15","2026/09/15","26-J0132703-002-771","SP0000SC","1.50","300.0","300.0","200.0","SUS PBﾄｸ 平 焼付","09-30D 近似色","1","平蓋ｺﾞﾑﾊﾟｯｷﾝ付　","2026/09/29","福山通運　九州発送","2026/09/29","","完成","古川","2026/09/18","製造"
"ナミデン　山口★","九州工場","九州工場","2026/09/15","2026/09/15","26-J0132819-002-771","BE0000SG","1.60","400.0","300.0","300.0","国土 PBﾄｸ 平","","1","ｱｰｽ さび止め","2026/09/29","福山通運　九州発送","2026/09/29","","完成","倉重","2026/09/28","製造"
"ナミデン　山口★","九州工場","九州工場","2026/09/15","2026/09/15","26-J0132819-001-771","BE0000SG","2.30","800.0","800.0","600.0","国土 PBﾄｸ 平","","1","ｱｰｽ さび止め","2026/09/29","福山通運　九州発送","2026/09/29","","完成","坂元","2026/09/28","製造"
"日本電設資材　福岡★","九州工場","九州工場","2026/09/15","2026/09/15","26-J0133130-001-771","ZG0000","3.80","0.0","0.0","1,800.0","ZN 架台","","1","SGP50A　ﾄﾞﾌﾞ漬け後片側塞ぎ3.2tﾛｰﾊﾞﾙ補修","2026/09/29","ヤマックス福岡","2026/09/29","","完成","倉重","2026/09/18","製造"
"アサヒ　本社","九州工場","九州工場","2026/09/15","2026/09/15","26-J0133145-001-771","BE0000SC","1.60","350.0","300.0","200.0","国土 PBﾄｸ 平 焼付","2.5Y9/1","2","ｱｰｽ","2026/09/24","イトカツ","2026/09/29","2026/09/24","完成","古川","2026/09/16","製造"
"カンサイ　福岡西★","九州工場","九州工場","2026/09/15","2026/09/15","26-J0133164-002-771","IF0000C","2.30","720.0","300.0","420.0","鉄 裏BOX 焼付","2.5Y9/1 近似色","1","蓋無しﾎﾞｯｸｽ 開口あり","2026/09/29","福山通運　九州発送","2026/09/29","","完成","古川","2026/09/24","製造"
"カンサイ　福岡西★","九州工場","九州工場","2026/09/15","2026/09/15","26-J0133164-003-771","IF0000C","2.30","720.0","300.0","420.0","鉄 裏BOX 焼付","2.5Y9/1 近似色","1","蓋無しﾎﾞｯｸｽ 開口あり","2026/09/29","福山通運　九州発送","2026/09/29","","完成","古川","2026/09/24","製造"
"カンサイ　福岡西★","九州工場","九州工場","2026/09/15","2026/09/15","26-J0133164-004-771","IDC0000C","2.30","700.0","250.0","740.0","鉄 ﾀﾞｸﾄｶﾊﾞｰ 焼付","2.5Y9/1 近似色","1","平蓋　支持棒10A付き 耳30","2026/09/29","福山通運　九州発送","2026/09/29","","完成","古川","2026/09/24","製造"
"カンサイ　福岡西★","九州工場","九州工場","2026/09/15","2026/09/15","26-J0133164-001-771","IF0000C","2.30","720.0","300.0","430.0","鉄 裏BOX 焼付","2.5Y9/1 近似色","2","蓋無しﾎﾞｯｸｽ 開口あり","2026/09/29","福山通運　九州発送","2026/09/29","","ｷｬﾝｾﾙ","三澄","2026/09/24","製造"
"カンサイ　福岡西★","九州工場","九州工場","2026/09/15","2026/09/15","26-J0133164-005-771","IDC0000C","2.30","700.0","250.0","640.0","鉄 ﾀﾞｸﾄｶﾊﾞｰ 焼付","2.5Y9/1 近似色","1","平蓋　支持棒10A付き 耳30","2026/09/29","福山通運　九州発送","2026/09/29","","完成","古川","2026/09/24","製造"
"光電商会","九州工場","九州工場","2026/09/15","2026/09/15","26-J0133210-001-771","SE0000XC","1.50","350.0","350.0","300.0","SUS PBﾄｸ 水切 焼付","2.5Y9/1","1","ｾﾊﾟ付 ｱｰｽ位置指定","2026/09/25","イトカツ","2026/09/29","2026/09/25","完成","古川","2026/09/17","製造"
"光電商会","九州工場","九州工場","2026/09/15","2026/09/15","26-J0133210-002-771","SE3015XC","1.50","300.0","300.0","150.0","SUS PB 水切 焼付","2.5Y9/1","1","ｱｰｽ","2026/09/25","イトカツ","2026/09/29","2026/09/25","完成","古川","2026/09/17","製造"
"新光産業　南","九州工場","九州工場","2026/09/15","2026/09/15","26-J0133407-001-771","SE0000XC","1.50","200.0","200.0","200.0","SUS PBﾄｸ 水切 焼付","2.5Y9/1","1","ｱｰｽ 足付(L50x50x4tφ12)x4 ｶｯﾌﾟG22x2","2026/09/25","イトカツ","2026/09/29","2026/09/25","完成","古川","2026/09/17","製造"
"イシグロ　福岡★","九州工場","九州工場","2026/09/15","2026/09/15","26-J0133509-001-771","ZG0000","6.00","300.0","75.0","1,000.0","ZN 架台","","1","SS-L-75x75x6t　吊り穴任意","2026/09/29","福山通運　九州発送","2026/09/29","","完成","倉重","2026/09/17","製造"
"イシグロ　福岡★","九州工場","九州工場","2026/09/15","2026/09/15","26-J0133509-003-771","ZG0000","6.00","860.0","75.0","75.0","ZN 架台","","2","SS-L-75x75x6t　吊り穴任意","2026/09/29","福山通運　九州発送","2026/09/29","","完成","倉重","2026/09/17","製造"
"イシグロ　福岡★","九州工場","九州工場","2026/09/15","2026/09/15","26-J0133509-002-771","ZG0000","6.00","300.0","75.0","1,000.0","ZN 架台","","1","SS-L-75x75x6t　吊り穴任意","2026/09/29","福山通運　九州発送","2026/09/29","","完成","倉重","2026/09/17","製造"
"東芝電材　熊本★","九州工場","九州工場","2026/09/15","2026/09/15","26-J0133732-001-771","BE0000SC","1.60","823.0","260.0","100.0","国土 PBﾄｸ 平 焼付","N-93 近似色","1","ｱｰｽ","2026/09/29","佐川急便","2026/09/29","","完成","古川","2026/09/18","製造"
"アサヒ　中部","九州工場","九州工場","2026/09/15","2026/09/15","26-J0133745-002-771","IE2020SC","1.60","200.0","200.0","200.0","鉄 PB 平 焼付","N5.5","1","ｱｰｽ","2026/09/25","イトカツ","2026/09/29","2026/09/25","完成","古川","2026/09/17","製造"
"アサヒ　中部","九州工場","九州工場","2026/09/15","2026/09/15","26-J0133745-001-771","IE3030SC","1.60","300.0","300.0","300.0","鉄 PB 平 焼付","N5.5","1","ｱｰｽ","2026/09/25","イトカツ","2026/09/29","2026/09/25","完成","古川","2026/09/17","製造"
"日本電設資材　福岡★","九州工場","九州工場","2026/09/15","2026/09/15","26-J0133782-009-771","IKS0000G","0.00","150.0","189.1","189.1","鉄 貫通ｽﾘｰﾌﾞ","","1","さび止め SGP-80A　ツバ-3.2ｔ","2026/09/28","ヤマックス　ｽﾎﾟｯﾄ便","2026/09/29","","完成","倉重","2026/09/25","製造"
"日本電設資材　福岡★","九州工場","九州工場","2026/09/15","2026/09/15","26-J0133782-008-771","IG0000G","6.00","50.0","250.0","1,300.0","鉄 架台","","1","さび止め SS-L-50x50x6t　左右＝1台","2026/09/28","ヤマックス　ｽﾎﾟｯﾄ便","2026/09/29","","完成","樋口","2026/09/25","製造"
"日本電設資材　福岡★","九州工場","九州工場","2026/09/15","2026/09/15","26-J0133782-005-771","IG0000G","6.00","1,630.0","65.0","665.0","鉄 架台","","1","さび止め SS-L-65x65x6t　SPHC-6t 廊下分-1","2026/09/28","ヤマックス　ｽﾎﾟｯﾄ便","2026/09/29","","完成","樋口","2026/09/25","製造"
"日本電設資材　福岡★","九州工場","九州工場","2026/09/15","2026/09/15","26-J0133782-004-771","IG0000G","6.00","1,580.0","65.0","765.0","鉄 架台","","1","さび止め SS-L-65x65x6t　SPHC-6t 廊下分-1","2026/09/28","ヤマックス　ｽﾎﾟｯﾄ便","2026/09/29","","完成","樋口","2026/09/25","製造"
"日本電設資材　福岡★","九州工場","九州工場","2026/09/15","2026/09/15","26-J0133782-003-771","IC0000G","1.60","650.0","260.0","50.0","鉄 ｶﾊﾞｰ","","1","さび止め 4-φ5","2026/09/28","ヤマックス　ｽﾎﾟｯﾄ便","2026/09/29","","完成","倉重","2026/09/25","製造"
"日本電設資材　福岡★","九州工場","九州工場","2026/09/15","2026/09/15","26-J0133782-002-771","IG0000G","6.00","1,630.0","65.0","850.0","鉄 架台","","1","さび止め SS-L-65x65x6t　SPHC-6t 電気室-2","2026/09/28","ヤマックス　ｽﾎﾟｯﾄ便","2026/09/29","","完成","樋口","2026/09/25","製造"
"日本電設資材　福岡★","九州工場","九州工場","2026/09/15","2026/09/15","26-J0133782-001-771","IG0000G","6.00","1,630.0","65.0","795.0","鉄 架台","","1","さび止め SS-L-65x65x6t　SPHC-6t 電気室-1","2026/09/28","ヤマックス　ｽﾎﾟｯﾄ便","2026/09/29","","完成","樋口","2026/09/25","製造"
"日本電設資材　福岡★","九州工場","九州工場","2026/09/15","2026/09/15","26-J0133785-001-771","DC0000N","1.60","300.0","160.0","440.0","Sﾀﾞｲﾏ ｶﾊﾞｰ","","1","平蓋（パッキン付き）3方外コーキング代","2026/09/28","ヤマックス　ｽﾎﾟｯﾄ便","2026/09/29","","完成","森田","2026/09/28","製造"
"アサヒ　本社","九州工場","九州工場","2026/09/16","2026/09/16","26-J0133813-001-771","DD0000N","1.60","1,300.0","500.0","2,350.0","Sﾀﾞｲﾏ ﾀﾞｸﾄ","","1","本体･被せ蓋３ ｱｰｽ 支持棒 開口 ｺｰｷﾝｸﾞ代 取付穴","2026/09/29","沖縄直送","2026/09/29","","完成","坂元","2026/09/28","製造"
"ナミデン　福岡★","九州工場","九州工場","2026/09/16","2026/09/16","26-J0134083-001-771","ZKM0000","0.00","350.0","0.0","0.0","ZN 金物","","2","C200x80x7.5x11","2026/09/28","店頭渡し","2026/09/29","","完成","倉重","2026/09/17","製造"
"ナミデン　福岡★","九州工場","九州工場","2026/09/16","2026/09/16","26-J0134083-002-771","ZKM0000","0.00","350.0","0.0","0.0","ZN 金物","","2","C200x80x7.5x11","2026/09/28","店頭渡し","2026/09/29","","完成","倉重","2026/09/17","製造"
"ナミデン　福岡★","九州工場","九州工場","2026/09/16","2026/09/16","26-J0134228-003-771","DKS0000N","2.30","1,215.0","310.0","300.0","Sﾀﾞｲﾏ 貫通ｽﾘｰﾌﾞ","","1","","2026/09/28","ヤマックス　ｽﾎﾟｯﾄ便","2026/09/29","","完成","服部","2026/09/28","製造"
"ナミデン　福岡★","九州工場","九州工場","2026/09/16","2026/09/16","26-J0134228-002-771","DD0000N","2.30","1,300.0","300.0","600.0","Sﾀﾞｲﾏ ﾀﾞｸﾄ","","1","/1312","2026/09/28","ヤマックス　ｽﾎﾟｯﾄ便","2026/09/29","","完成","森田","2026/09/28","製造"
"ナミデン　福岡★","九州工場","九州工場","2026/09/16","2026/09/16","26-J0134228-004-771","DKS0000N","2.30","222.0","1,127.0","25.0","Sﾀﾞｲﾏ 貫通ｽﾘｰﾌﾞ","","1","","2026/09/28","ヤマックス　ｽﾎﾟｯﾄ便","2026/09/29","","完成","服部","2026/09/28","製造"
"ナミデン　福岡★","九州工場","九州工場","2026/09/16","2026/09/16","26-J0134228-001-771","DD0000N","2.30","1,300.0","300.0","600.0","Sﾀﾞｲﾏ ﾀﾞｸﾄ","","1","/1100 /986","2026/09/28","ヤマックス　ｽﾎﾟｯﾄ便","2026/09/29","","完成","坂元","2026/09/28","製造"
"山陰ﾊﾟﾅｿﾆｯｸ　出雲★","九州工場","九州工場","2026/09/16","2026/09/16","26-J0134295-002-771","IP0000SC","1.60","600.0","150.0","200.0","鉄 PBﾄｸ 平 焼付","N8.7(近似色)","5","","2026/09/29","福山通運　九州発送","2026/09/29","","完成","古川","2026/09/18","製造"
"山陰ﾊﾟﾅｿﾆｯｸ　出雲★","九州工場","九州工場","2026/09/16","2026/09/16","26-J0134295-001-771","IP2020SC","1.60","200.0","200.0","200.0","鉄 PB 平 焼付","N8.7(近似色)","2","","2026/09/29","福山通運　九州発送","2026/09/29","","完成","森田","2026/09/18","製造"
"山陰ﾊﾟﾅｿﾆｯｸ　出雲★","九州工場","九州工場","2026/09/16","2026/09/16","26-J0134295-005-771","IP0000SC","1.60","600.0","150.0","200.0","鉄 PBﾄｸ 平 焼付","N1(近似色)","1","","2026/09/29","福山通運　九州発送","2026/09/29","","完成","古川","2026/09/28","製造"
"新光産業　南","九州工場","九州工場","2026/09/16","2026/09/16","26-J0134334-001-771","SE0000XC","1.50","300.0","300.0","100.0","SUS PBﾄｸ 水切 焼付","2.5Y9/1","2","ｱｰｽ 足付(L50x50x4tφ12)x4","2026/09/25","イトカツ","2026/09/29","2026/09/25","完成","古川","2026/09/17","製造"
"米良電機　宮崎★","九州工場","九州工場","2026/09/16","2026/09/16","26-J0134605-004-771","SE3020XC","1.50","300.0","300.0","200.0","SUS PB 水切 焼付","2.5Y9/1 近似色","2","ｱｰｽ","2026/09/29","福山通運　九州発送","2026/09/29","","完成","古川","","加工"
"米良電機　宮崎★","九州工場","九州工場","2026/09/16","2026/09/16","26-J0134605-005-771","BE2020SC","1.60","200.0","200.0","200.0","国土 PB 平 焼付","2.5Y9/1 近似色","4","ｱｰｽ","2026/09/29","福山通運　九州発送","2026/09/29","","完成","古川","","加工"
"米良電機　宮崎★","九州工場","九州工場","2026/09/16","2026/09/16","26-J0134605-003-771","BE3020SC","1.60","300.0","300.0","200.0","国土 PB 平 焼付","2.5Y9/1 近似色","3","ｱｰｽ","2026/09/29","福山通運　九州発送","2026/09/29","","完成","古川","","加工"
"五十嵐電機★","九州工場","九州工場","2026/09/16","2026/09/16","26-J0134863-001-771","ZIP0000","3.20","670.0","610.0","0.0","ZN ﾌﾟﾚｰﾄ","","2","穴加工ｱﾘ","2026/09/29","福山通運　九州発送","2026/09/29","","完成","倉重","2026/09/17","製造"
"東芝電材　熊本★","九州工場","九州工場","2026/09/16","2026/09/16","26-J0134879-008-771","DMK0000N","2.30","1,630.0","395.0","350.0","Sﾀﾞｲﾏ 曲金物","","1","L型","2026/09/29","福山通運　九州発送","2026/09/29","","完成","坂元","2026/09/29","製造"
"東芝電材　熊本★","九州工場","九州工場","2026/09/16","2026/09/16","26-J0134879-004-771","DMK0000N","2.30","1,520.0","250.0","65.0","Sﾀﾞｲﾏ 曲金物","","2","L型","2026/09/29","福山通運　九州発送","2026/09/29","","完成","坂元","2026/09/29","製造"
"東芝電材　熊本★","九州工場","九州工場","2026/09/16","2026/09/16","26-J0134879-005-771","DMK0000N","2.30","1,520.0","250.0","90.0","Sﾀﾞｲﾏ 曲金物","","1","L型","2026/09/29","福山通運　九州発送","2026/09/29","","完成","坂元","2026/09/29","製造"
"東芝電材　熊本★","九州工場","九州工場","2026/09/16","2026/09/16","26-J0134879-006-771","DMK0000N","2.30","1,520.0","250.0","70.0","Sﾀﾞｲﾏ 曲金物","","1","L型","2026/09/29","福山通運　九州発送","2026/09/29","","完成","坂元","2026/09/29","製造"
"東芝電材　熊本★","九州工場","九州工場","2026/09/16","2026/09/16","26-J0134879-007-771","DMK0000N","2.30","1,630.0","450.0","350.0","Sﾀﾞｲﾏ 曲金物","","1","L型","2026/09/29","福山通運　九州発送","2026/09/29","","完成","坂元","2026/09/29","製造"
"東芝電材　熊本★","九州工場","九州工場","2026/09/16","2026/09/16","26-J0134879-001-771","DMK0000N","2.30","1,880.0","450.0","100.0","Sﾀﾞｲﾏ 曲金物","","1","L型","2026/09/29","福山通運　九州発送","2026/09/29","","完成","坂元","2026/09/29","製造"
"東芝電材　熊本★","九州工場","九州工場","2026/09/16","2026/09/16","26-J0134879-002-771","DMK0000N","2.30","2,000.0","450.0","100.0","Sﾀﾞｲﾏ 曲金物","","1","L型","2026/09/29","福山通運　九州発送","2026/09/29","","完成","坂元","2026/09/29","製造"
"東芝電材　熊本★","九州工場","九州工場","2026/09/16","2026/09/16","26-J0134879-003-771","DI0000N","2.30","1,880.0","145.0","0.0","Sﾀﾞｲﾏ 切板","","1","生地","2026/09/29","福山通運　九州発送","2026/09/29","","完成","坂元","2026/09/29","製造"
"平岡電気　福岡東★","九州工場","九州工場","2026/09/16","2026/09/16","26-J0135052-001-771","IG0000C","1.60","440.0","570.0","30.0","鉄 架台 焼付","2.5Y9/1 近似色","3","蓋t2.3","2026/09/29","佐川急便","2026/09/29","","完成","古川","2026/09/24","製造"
"東芝電材　宮崎★","九州工場","九州工場","2026/09/17","2026/09/17","26-J0135367-001-771","SP0000XC","1.50","400.0","400.0","430.0","SUS PBﾄｸ 水切 焼付","2.5Y9/1 近似色","1","L形","2026/09/29","福山通運　九州発送","2026/09/29","","完成","古川","2026/09/24","製造"
"平岡電気　久留米★","九州工場","九州工場","2026/09/17","2026/09/17","26-J0135452-001-771","SE3030XC","1.50","300.0","300.0","300.0","SUS PB 水切 焼付","2.5Y9/1 近似色","8","ｱｰｽ","2026/09/29","佐川急便","2026/09/29","","完成","古川","2026/09/24","製造"
"平岡電気　久留米★","九州工場","九州工場","2026/09/17","2026/09/17","26-J0135452-002-771","SE3020XC","1.50","300.0","300.0","200.0","SUS PB 水切 焼付","2.5Y9/1 近似色","1","ｱｰｽ","2026/09/29","佐川急便","2026/09/29","","完成","古川","","加工"
"新光産業　本社","九州工場","九州工場","2026/09/17","2026/09/17","26-J0135524-002-771","IKW0000G","1.60","300.0","200.0","200.0","鉄 貫通枠","","2","さび止め 外耳 平蓋 ｱｰﾝｸﾞﾙ溶接 取付穴","2026/09/25","イトカツ","2026/09/29","2026/09/25","完成","倉重","2026/09/24","製造"
"新光産業　本社","九州工場","九州工場","2026/09/17","2026/09/17","26-J0135524-001-771","IKW0000G","1.60","400.0","200.0","200.0","鉄 貫通枠","","2","さび止め 外耳 平蓋 ｱｰﾝｸﾞﾙ溶接 取付穴","2026/09/25","イトカツ","2026/09/29","2026/09/25","完成","倉重","2026/09/24","製造"
"小林電工　岡山★","九州工場","九州工場","2026/09/17","2026/09/17","26-J0135559-001-771","BE2020SC","1.60","200.0","200.0","200.0","国土 PB 平 焼付","2.5Y9/1(近似色)","7","ｱｰｽ","2026/09/29","福山通運　九州発送","2026/09/29","","完成","古川","","加工"
"小林電工　岡山★","九州工場","九州工場","2026/09/17","2026/09/17","26-J0135559-002-771","BE0000SC","1.60","250.0","200.0","200.0","国土 PBﾄｸ 平 焼付","2.5Y9/1(近似色)","1","ｱｰｽ","2026/09/29","福山通運　九州発送","2026/09/29","","完成","森田","2026/09/24","製造"
"かごしま電工　城南★","九州工場","九州工場","2026/09/17","2026/09/17","26-J0135594-001-771","BE3030SCW","1.60","300.0","300.0","300.0","国土 PB 平 焼付","2.5Y9/1 近似色","7","ｱｰｽ  内ﾜﾆｽ","2026/09/29","佐川急便","2026/09/29","","完成","古川","2026/09/18","製造"
"山陰ﾊﾟﾅｿﾆｯｸ　出雲★","九州工場","九州工場","2026/09/17","2026/09/17","26-J0135598-004-771","BKM0000C","1.60","194.0","94.0","50.0","処理鋼板 金物 焼付","N1(近似色)","1","ｴﾝﾄﾞﾌﾟﾚｰﾄ","2026/09/29","福山通運　九州発送","2026/09/29","","完成","古川","2026/09/24","製造"
"山陰ﾊﾟﾅｿﾆｯｸ　出雲★","九州工場","九州工場","2026/09/17","2026/09/17","26-J0135598-003-771","BKM0000C","1.60","194.0","100.0","90.0","処理鋼板 金物 焼付","N1(近似色)","1","ｼﾞｮｲﾝﾄ金具","2026/09/29","福山通運　九州発送","2026/09/29","","完成","古川","2026/09/24","製造"
"山陰ﾊﾟﾅｿﾆｯｸ　出雲★","九州工場","九州工場","2026/09/17","2026/09/17","26-J0135598-002-771","BD0000C","1.60","200.0","150.0","1,900.0","国土 ﾀﾞｸﾄ 焼付","N1(近似色)","1","ｱｰｽ 支持棒付","2026/09/29","福山通運　九州発送","2026/09/29","","完成","古川","2026/09/24","製造"
"山陰ﾊﾟﾅｿﾆｯｸ　出雲★","九州工場","九州工場","2026/09/17","2026/09/17","26-J0135598-001-771","BD0000C","1.60","200.0","150.0","450.0","国土 ﾀﾞｸﾄ 焼付","N1(近似色)","1","/450 ｱｰｽ 支持棒付","2026/09/29","福山通運　九州発送","2026/09/29","","完成","古川","2026/09/24","製造"
"イシグロ　鹿児島★","九州工場","九州工場","2026/09/17","2026/09/17","26-J0135608-001-771","ZG0000","6.00","300.0","50.0","150.0","ZN 架台","","1","SS-L-50x50x6t　穴加工","2026/09/29","福山通運　九州発送","2026/09/29","","完成","倉重","2026/09/17","製造"
"興陽電機　小倉★","九州工場","九州工場","2026/09/17","2026/09/17","26-J0135665-001-771","IP0000WC","1.60","500.0","500.0","250.0","鉄 PBﾄｸ 被せ 焼付","2.5Y9/1 近似色","1","","2026/09/28","北九州配達","2026/09/29","","完成","岡","2026/09/18","製造"
"興陽電機　福岡★","九州工場","九州工場","2026/09/17","2026/09/17","26-J0135687-001-771","BE3030SC","1.60","300.0","300.0","300.0","国土 PB 平 焼付","2.5Y9/1 近似色","2","ｱｰｽ","2026/09/28","ヤマックス福岡","2026/09/29","","完成","倉重","2026/09/18","製造"
"興陽電機　福岡★","九州工場","九州工場","2026/09/17","2026/09/17","26-J0135687-002-771","BP3020SC","1.60","300.0","300.0","200.0","国土 PB 平 焼付","2.5Y9/1 近似色","1","ｱｰｽ無","2026/09/28","ヤマックス福岡","2026/09/29","","完成","倉重","2026/09/18","製造"
"興陽電機　下関★","九州工場","九州工場","2026/09/17","2026/09/17","26-J0135958-001-771","ZE5020X2","2.30","500.0","500.0","200.0","ZN PB 水切","","2","ｱｰｽ","2026/09/29","福山通運　九州発送","2026/09/29","","完成","倉重","2026/09/18","製造"
"ムトウ電材　富士見★","九州工場","九州工場","2026/09/17","2026/09/17","26-J0136004-002-771","SC0000N","1.50","700.0","680.0","260.0","SUS ｶﾊﾞｰ","","1","ﾌｰﾄﾞｶﾊﾞｰ","2026/09/29","佐川急便","2026/09/29","","完成","樋口","2026/09/29","製造"
"ムトウ電材　富士見★","九州工場","九州工場","2026/09/17","2026/09/17","26-J0136004-001-771","SC0000N","1.50","880.0","380.0","260.0","SUS ｶﾊﾞｰ","","1","ﾌｰﾄﾞｶﾊﾞｰ","2026/09/29","佐川急便","2026/09/29","","完成","樋口","2026/09/29","製造"
"岡本電機　呉★","九州工場","九州工場","2026/09/18","2026/09/18","26-J0136237-001-771","SE3020XC","1.50","300.0","300.0","200.0","SUS PB 水切 焼付","2.5Y9/1 近似色","1","ｱｰｽ","2026/09/29","佐川急便","2026/09/29","","完成","古川","","加工"
"岡本電機　呉★","九州工場","九州工場","2026/09/18","2026/09/18","26-J0136237-002-771","SE2020XC","1.50","200.0","200.0","200.0","SUS PB 水切 焼付","2.5Y9/1 近似色","1","ｱｰｽ","2026/09/29","佐川急便","2026/09/29","","完成","古川","","加工"
"岡本電機　呉★","九州工場","九州工場","2026/09/18","2026/09/18","26-J0136237-003-771","SE2015XC","1.50","200.0","200.0","150.0","SUS PB 水切 焼付","2.5Y9/1 近似色","1","ｱｰｽ","2026/09/29","佐川急便","2026/09/29","","完成","古川","","加工"
"中国機材設備　本社★","九州工場","九州工場","2026/09/18","2026/09/18","26-J0136301-001-771","IIP0000C","1.60","350.0","200.0","0.0","鉄 ﾌﾟﾚｰﾄ 焼付","N9.5 近似色","3","上蓋　開口50x60　4-φ5　4-φ8","2026/09/29","佐川急便","2026/09/29","","完成","古川","2026/09/25","製造"
"中国機材設備　本社★","九州工場","九州工場","2026/09/18","2026/09/18","26-J0136304-002-771","IIP0000G","1.60","340.0","190.0","0.0","鉄 ﾌﾟﾚｰﾄ","","3","下地　さび止め 10-長穴　4-φ4 φ30ｘ50","2026/09/29","佐川急便","2026/09/29","","完成","服部","2026/09/25","製造"
"イシグロ　鹿児島★","九州工場","九州工場","2026/09/18","2026/09/18","26-J0136344-001-771","IG0000G","0.00","220.0","75.0","1,621.0","鉄 架台","","1","さび止め SS-C-6.5x75x150　PL-6t　FB9x50 左右=各1台","2026/09/29","福山通運　九州発送","2026/09/29","","完成","倉重","2026/09/28","製造"
"イシグロ　鹿児島★","九州工場","九州工場","2026/09/18","2026/09/18","26-J0136344-003-771","IIP0000G","6.00","200.0","200.0","0.0","鉄 ﾌﾟﾚｰﾄ","","2","さび止め　ガセットプレート　","2026/09/29","福山通運　九州発送","2026/09/29","","完成","倉重","2026/09/28","製造"
"イシグロ　鹿児島★","九州工場","九州工場","2026/09/18","2026/09/18","26-J0136344-002-771","ICI0000G","6.50","1,200.0","150.0","75.0","鉄 ﾁｬﾝﾈﾙ","","1","さび止め SS-C-6.5x75x150　","2026/09/29","福山通運　九州発送","2026/09/29","","完成","倉重","2026/09/28","製造"
"シンセイ　広島第一★","九州工場","九州工場","2026/09/18","2026/09/18","26-J0136365-001-771","SIP0000N","1.50","1,200.0","500.0","0.0","SUS ﾌﾟﾚｰﾄ","","19","4-φ8","2026/09/29","福山通運　九州発送","2026/09/29","","完成","坂元","2026/09/29","製造"
"宮地電機　南予","九州工場","九州工場","2026/09/18","2026/09/18","26-J0136372-002-771","SD0000N","1.50","250.0","150.0","1,550.0","SUS ﾀﾞｸﾄ","","1","WP ｱｰｽ 支持棒･ﾒｸﾗ付","2026/09/29","福山通運　九州発送","2026/09/29","","完成","樋口","2026/09/29","製造"
"宮地電機　南予","九州工場","九州工場","2026/09/18","2026/09/18","26-J0136372-005-771","SD0000N","1.50","250.0","150.0","2,000.0","SUS ﾀﾞｸﾄ","","1","WP ｱｰｽ 支持棒･ﾒｸﾗ付","2026/09/29","福山通運　九州発送","2026/09/29","","完成","倉重","2026/09/29","製造"
"宮地電機　南予","九州工場","九州工場","2026/09/18","2026/09/18","26-J0136372-003-771","SD0000N","1.50","250.0","150.0","1,135.0","SUS ﾀﾞｸﾄ","","1","WP ｱｰｽ 支持棒･ﾒｸﾗ付","2026/09/29","福山通運　九州発送","2026/09/29","","完成","倉重","2026/09/29","製造"
"宮地電機　南予","九州工場","九州工場","2026/09/18","2026/09/18","26-J0136372-001-771","SE0000XN","1.50","700.0","400.0","200.0","SUS PBﾄｸ 水切","","1","ｱｰｽ 開口･穴加工ｱﾘ","2026/09/29","福山通運　九州発送","2026/09/29","","完成","樋口","2026/09/29","製造"
"宮地電機　南予","九州工場","九州工場","2026/09/18","2026/09/18","26-J0136372-004-771","SD0000N","1.50","250.0","150.0","2,000.0","SUS ﾀﾞｸﾄ","","1","WP ｱｰｽ 支持棒･ﾒｸﾗ付","2026/09/29","福山通運　九州発送","2026/09/29","","完成","倉重","2026/09/29","製造"
"三和電気商会★","九州工場","九州工場","2026/09/18","2026/09/18","26-J0136776-001-771","IE1007SC","1.60","100.0","100.0","75.0","鉄 PB 平 焼付","5Y7/1(近似色)","1","ｱｰｽ","2026/09/29","福山通運　九州発送","2026/09/29","","完成","古川","2026/09/24","製造"
"カンサイ　筑豊★","九州工場","九州工場","2026/09/18","2026/09/18","26-J0136791-002-771","BIP0000C","1.60","400.0","400.0","0.0","処理鋼板 ﾌﾟﾚｰﾄ 焼付","N5.5 近似色","1","穴加工","2026/09/29","佐川急便","2026/09/29","","完成","古川","2026/09/24","製造"
"中国機材設備　本社★","九州工場","九州工場","2026/09/18","2026/09/18","26-J0137171-001-771","IDC0000C","1.60","600.0","180.0","155.0","鉄 ﾀﾞｸﾄｶﾊﾞｰ 焼付","2.5Y9/1 近似色","1","3点ﾊﾞﾗ式 平蓋 φ6x4","2026/09/29","佐川急便","2026/09/29","","完成","古川","2026/09/25","製造"
"東芝電材　福岡★","九州工場","九州工場","2026/09/24","2026/09/24","26-J0137308-001-771","DE0000XN","1.60","100.0","100.0","100.0","Sﾀﾞｲﾏ PBﾄｸ 水切","","1","ｱｰｽ","2026/09/28","ヤマックス福岡","2026/09/29","","完成","服部","2026/09/28","製造"
"Q-mast　電気グル－プ★","九州工場","九州工場","2026/09/24","2026/09/24","26-J0137457-004-771","IKM0000N","2.30","170.0","80.0","104.5","鉄 金物","","40","穴加工  生地  4階","2026/09/28","ヤマックス　ｽﾎﾟｯﾄ便","2026/09/29","","完成","倉重","2026/09/28","製造"
"Q-mast　電気グル－プ★","九州工場","九州工場","2026/09/24","2026/09/24","26-J0137457-003-771","IKM0000N","2.30","170.0","80.0","104.5","鉄 金物","","41","穴加工  生地  3階","2026/09/28","ヤマックス　ｽﾎﾟｯﾄ便","2026/09/29","","完成","倉重","2026/09/28","製造"
"Q-mast　電気グル－プ★","九州工場","九州工場","2026/09/24","2026/09/24","26-J0137457-002-771","IKM0000N","2.30","170.0","80.0","104.5","鉄 金物","","39","穴加工  生地  2階","2026/09/28","ヤマックス　ｽﾎﾟｯﾄ便","2026/09/29","","完成","倉重","2026/09/28","製造"
"Q-mast　電気グル－プ★","九州工場","九州工場","2026/09/24","2026/09/24","26-J0137457-001-771","IKM0000N","2.30","170.0","80.0","104.5","鉄 金物","","31","穴加工  生地  1階","2026/09/28","ヤマックス　ｽﾎﾟｯﾄ便","2026/09/29","","完成","倉重","2026/09/28","製造"
"Q-mast　電気グル－プ★","九州工場","九州工場","2026/09/24","2026/09/24","26-J0137457-005-771","IKM0000N","2.30","170.0","80.0","104.5","鉄 金物","","4","穴加工  生地  予備","2026/09/28","ヤマックス　ｽﾎﾟｯﾄ便","2026/09/29","","完成","倉重","2026/09/28","製造"
"啓電社★","九州工場","九州工場","2026/09/24","2026/09/24","26-J0137733-001-771","DE0000XN","1.60","300.0","300.0","200.0","Sﾀﾞｲﾏ PBﾄｸ 水切","","1","ｱｰｽ","2026/09/28","ヤマックス福岡","2026/09/29","","完成","服部","2026/09/28","製造"
"平岡電気　福岡東★","九州工場","九州工場","2026/09/24","2026/09/24","26-J0138639-001-771","SDC0000C","1.50","400.0","170.0","1,040.0","SUS ﾀﾞｸﾄｶﾊﾞｰ 焼付","2.5Y9/1 近似色","1","平蓋ﾊﾟｯｷﾝ付  化粧ﾋﾞｽ","2026/09/29","佐川急便","2026/09/29","","完成","古川","2026/09/25","製造"
"山陰ﾊﾟﾅｿﾆｯｸ　出雲★","九州工場","九州工場","2026/09/24","2026/09/24","26-J0138823-001-771","IP0000SG","1.60","700.0","300.0","400.0","鉄 PBﾄｸ 平","","1","さび止め","2026/09/29","福山通運　九州発送","2026/09/29","","完成","倉重","2026/09/28","製造"
"デンザイ東亜　本社★","九州工場","九州工場","2026/09/24","2026/09/24","26-J0138865-002-771","SE0000XN","1.50","650.0","500.0","350.0","SUS PBﾄｸ 水切","","1","ｱｰｽ","2026/09/29","佐川急便","2026/09/29","","完成","樋口","2026/09/29","製造"
"デンザイ東亜　本社★","九州工場","九州工場","2026/09/24","2026/09/24","26-J0138865-001-771","SE0000XN","1.50","600.0","500.0","400.0","SUS PBﾄｸ 水切","","2","ｱｰｽ","2026/09/29","佐川急便","2026/09/29","","完成","樋口","2026/09/29","製造"
"イシグロ　岡山★","九州工場","九州工場","2026/09/24","2026/09/24","26-J0138985-001-771","SG0000N","0.00","310.0","640.0","1,800.0","SUS 架台","","1","ｱﾝｸﾞﾙ","2026/09/29","福山通運　九州発送","2026/09/29","","完成","坂元","2026/09/29","製造"
"カンサイ　柳川★","九州工場","九州工場","2026/09/24","2026/09/24","26-J0139128-001-771","BE2520XG","1.60","250.0","250.0","200.0","国土 PB 水切","","1","ｱｰｽ さび止め","2026/09/28","ヤマックス福岡","2026/09/29","","完成","倉重","2026/09/28","製造"
"カンサイ九州昭和　北九州★","九州工場","九州工場","2026/09/24","2026/09/24","26-J0139130-001-771","DP5050WN","1.60","500.0","500.0","500.0","Sﾀﾞｲﾏ PB 被せ","","2","","2026/09/28","北九州配達","2026/09/29","","完成","森田","2026/09/28","製造"
"ナミデン　岡山★","九州工場","九州工場","2026/09/25","2026/09/25","26-J0139189-001-771","IP0000SGP","1.60","300.0","150.0","100.0","鉄 PBﾄｸ 平","","8","さび止め ｺﾞﾑﾊﾟｯｷﾝ付","2026/09/29","福山通運　九州発送","2026/09/29","","完成","倉重","2026/09/28","製造"
"ナミデン　岡山★","九州工場","九州工場","2026/09/25","2026/09/25","26-J0139192-001-771","SP0000SNP","1.50","300.0","150.0","100.0","SUS PBﾄｸ 平","","2","ｺﾞﾑﾊﾟｯｷﾝ付","2026/09/29","福山通運　九州発送","2026/09/29","","完成","樋口","2026/09/29","製造"
"かごしま電工　南★","九州工場","九州工場","2026/09/25","2026/09/25","26-J0139321-001-771","SE2520XNW","1.50","250.0","250.0","200.0","SUS PB 水切","","4","ｱｰｽ 内ﾜﾆｽ","2026/09/29","佐川急便","2026/09/29","","完成","倉重","2026/09/28","製造"
"大洋電材　本社★","九州工場","九州工場","2026/09/25","2026/09/25","26-J0139339-002-771","DP2015WN","1.60","200.0","200.0","150.0","Sﾀﾞｲﾏ PB 被せ","","5","","2026/09/28","北九州配達","2026/09/29","","完成","服部","2026/09/28","製造"
"大洋電材　本社★","九州工場","九州工場","2026/09/25","2026/09/25","26-J0139339-001-771","DP1515WN","1.60","150.0","150.0","150.0","Sﾀﾞｲﾏ PB 被せ","","5","","2026/09/28","北九州配達","2026/09/29","","完成","服部","2026/09/28","製造"
"東光産業★","九州工場","九州工場","2026/09/25","2026/09/25","26-J0139588-002-771","HLD1S040","2.00","40.0","30.0","400.0","短尺ﾚｰﾙｴｰｽ　Dﾀｲﾌﾟ","","20","鉄 L=400","2026/09/29","佐川急便","2026/09/29","","完成","森田","2026/09/29","製造"
"東光産業★","九州工場","九州工場","2026/09/25","2026/09/25","26-J0139588-001-771","HLD1S030","2.00","40.0","30.0","300.0","短尺ﾚｰﾙｴｰｽ　Dﾀｲﾌﾟ","","20","鉄 L=300","2026/09/29","佐川急便","2026/09/29","","完成","森田","2026/09/29","製造"
"正二電気　岡山本社","九州工場","九州工場","2026/09/25","2026/09/25","26-J0139615-001-771","IIP0000G","1.60","500.0","500.0","0.0","鉄 ﾌﾟﾚｰﾄ","","7","さび止め 穴加工ｱﾘ","2026/09/29","福山通運　九州発送","2026/09/29","","完成","坂元","2026/09/28","製造"
"因幡電機　南大阪(306)★","九州工場","九州工場","2026/09/25","2026/09/25","26-J0139676-001-771","DP0000WN","1.60","500.0","300.0","300.0","Sﾀﾞｲﾏ PBﾄｸ 被せ","","1","","2026/09/29","福山通運　九州発送","2026/09/29","","完成","古川","2026/09/28","製造"
"かごしま電工　南★","九州工場","九州工場","2026/09/25","2026/09/25","26-J0139728-002-771","SE1010XNW","1.50","100.0","100.0","100.0","SUS PB 水切","","1","ｱｰｽ位置側面 内ﾜﾆｽ","2026/09/29","佐川急便","2026/09/29","","完成","倉重","2026/09/28","製造"
"かごしま電工　南★","九州工場","九州工場","2026/09/25","2026/09/25","26-J0139728-001-771","SE1515XNW","1.50","150.0","150.0","150.0","SUS PB 水切","","1","ｱｰｽ 内ﾜﾆｽ","2026/09/29","佐川急便","2026/09/29","","完成","倉重","2026/09/28","製造"
"かごしま電工　城南★","九州工場","九州工場","2026/09/25","2026/09/25","26-J0140022-001-771","DE6060WN","1.60","600.0","600.0","600.0","Sﾀﾞｲﾏ PB 被せ","","1","ｱｰｽ","2026/09/29","佐川急便","2026/09/29","","完成","坂元","2026/09/29","製造"
"宮地電機　徳島","九州工場","九州工場","2026/09/25","2026/09/25","26-J0140181-006-771","SE0000XN","1.50","300.0","150.0","150.0","SUS PBﾄｸ 水切","","1","ｱｰｽ","2026/09/29","福山通運　九州発送","2026/09/29","","完成","樋口","2026/09/29","製造"
"誠新産業　長崎★","九州工場","九州工場","2026/09/25","2026/09/25","26-J0140204-001-771","IE0000SG","1.60","600.0","600.0","300.0","鉄 PBﾄｸ 平","","3","ｱｰｽ（外側溶接） さび止め","2026/09/29","佐川急便","2026/09/29","","完成","倉重","2026/09/28","製造"
"ナミデン　福岡★","九州工場","九州工場","2026/09/25","2026/09/25","26-J0140298-001-771","ZG0000","0.00","470.0","1,530.0","0.0","ZN 架台","","1","L65x65x6   ﾄﾞﾌﾞ鋼材 ﾛｰﾊﾞﾙ仕上","2026/09/28","営業配達","2026/09/29","","完成","倉重","2026/09/16","製造"
"東芝電材　都城★","九州工場","九州工場","2026/09/25","2026/09/25","26-J0140303-001-771","SP0000WN","1.50","600.0","300.0","300.0","SUS PBﾄｸ 被せ","","1","","2026/09/29","佐川急便","2026/09/29","","完成","樋口","2026/09/29","製造"
"三星商会　岡山★","九州工場","九州工場","2026/09/25","2026/09/25","26-J0140323-001-771","IP0000SG","1.60","600.0","320.0","200.0","鉄 PBﾄｸ 平","","1","さび止め 開口ｱﾘ","2026/09/29","福山通運　九州発送","2026/09/29","","完成","倉重","2026/09/28","製造"
"三共電気　本社★","九州工場","九州工場","2026/09/25","2026/09/25","26-J0140334-002-771","IKS0000G","1.60","350.0","300.0","230.0","鉄 貫通ｽﾘｰﾌﾞ","","1","平蓋  さび止め","2026/09/28","ヤマックス福岡","2026/09/29","","完成","倉重","2026/09/28","製造"
"三共電気　本社★","九州工場","九州工場","2026/09/25","2026/09/25","26-J0140334-001-771","IKS0000G","1.60","280.0","300.0","230.0","鉄 貫通ｽﾘｰﾌﾞ","","1","平蓋  さび止め","2026/09/28","ヤマックス福岡","2026/09/29","","完成","倉重","2026/09/28","製造"
"山陰ﾊﾟﾅｿﾆｯｸ　鳥取★","九州工場","九州工場","2026/09/25","2026/09/25","26-J0140395-001-771","SP0000XN","1.50","400.0","190.0","160.0","SUS PBﾄｸ 水切","","1","","2026/09/29","福山通運　九州発送","2026/09/29","","完成","樋口","2026/09/29","製造"
"カンサイ　甘木★","九州工場","九州工場","2026/09/28","2026/09/28","26-J0140530-001-771","SAI0000N","0.00","2,000.0","0.0","0.0","SUS ｱﾝｸﾞﾙ","","5","L50x50x5t","2026/09/29","佐川急便","2026/09/29","","完成","坂元","2026/09/29","製造"
"興陽電機　下関★","九州工場","九州工場","2026/09/28","2026/09/28","26-J0140646-001-771","SP0000WN","1.50","340.0","340.0","50.0","SUS PBﾄｸ 被せ","","2","被せふた 取付穴4-φ8 水抜き穴2-φ4","2026/09/29","福山通運　九州発送","2026/09/29","","完成","樋口","2026/09/29","製造"
"平岡電気　朝羽★","九州工場","九州工場","2026/09/28","2026/09/28","26-J0140768-001-771","SP0000SN","1.50","250.0","150.0","150.0","SUS PBﾄｸ 平","","4","","2026/09/29","佐川急便","2026/09/29","","完成","樋口","2026/09/29","製造"
"啓電社★","九州工場","九州工場","2026/09/28","2026/09/28","26-J0140853-001-771","II0000N","2.30","200.0","200.0","0.0","鉄 切板","","10","生地","2026/09/28","ヤマックス福岡","2026/09/29","","完成","倉重","2026/09/28","製造"
"興陽電機　徳山★","九州工場","九州工場","2026/09/28","2026/09/28","26-J0141019-001-771","SE0000XN","1.50","300.0","200.0","100.0","SUS PBﾄｸ 水切","","1","ｱｰｽ","2026/09/29","佐川急便","2026/09/29","","完成","樋口","2026/09/29","製造"
"平岡電気　福岡東★","九州工場","九州工場","2026/09/28","2026/09/28","26-J0141126-003-771","SE0000XN","1.50","300.0","200.0","300.0","SUS PBﾄｸ 水切","","1","ｱｰｽ　（蓋面300ｘ200）","2026/09/28","ヤマックス福岡","2026/09/29","","完成","倉重","2026/09/28","製造"
"平岡電気　福岡東★","九州工場","九州工場","2026/09/28","2026/09/28","26-J0141126-001-771","SE0000XN","1.50","400.0","300.0","300.0","SUS PBﾄｸ 水切","","1","ｱｰｽ　（蓋面400ｘ300）","2026/09/28","ヤマックス福岡","2026/09/29","","完成","倉重","2026/09/28","製造"
"平岡電気　福岡東★","九州工場","九州工場","2026/09/28","2026/09/28","26-J0141126-002-771","SE0000XN","1.50","300.0","200.0","200.0","SUS PBﾄｸ 水切","","1","ｱｰｽ　（蓋面300ｘ200）","2026/09/28","ヤマックス福岡","2026/09/29","","完成","倉重","2026/09/28","製造"
"東芝電材　熊本★","九州工場","九州工場","2026/09/28","2026/09/28","26-J0141141-001-771","SP0000XN","1.50","400.0","400.0","250.0","SUS PBﾄｸ 水切","","1","","2026/09/29","佐川急便","2026/09/29","","完成","樋口","2026/09/29","製造"
"シンセイ　徳山★","九州工場","九州工場","2026/09/28","2026/09/28","26-J0141298-001-771","SP6040SNP","1.50","600.0","600.0","400.0","SUS PB 平","","1","ｺﾞﾑﾊﾟｯｷﾝ付","2026/09/29","佐川急便","2026/09/29","","完成","樋口","2026/09/29","製造"
"誠新産業　長崎★","九州工場","九州工場","2026/09/28","2026/09/28","26-J0141302-001-771","II0000N","2.30","400.0","1,000.0","0.0","鉄 切板","","5","生地","2026/09/29","佐川急便","2026/09/29","","完成","坂元","2026/09/29","製造"
"かごしま電工　南★","九州工場","九州工場","2026/09/28","2026/09/28","26-J0141517-001-771","IE1515WG","1.60","150.0","150.0","150.0","鉄 PB 被せ","","3","ｱｰｽ さび止め","2026/09/29","佐川急便","2026/09/29","","完成","倉重","2026/09/29","製造"
"シンセイ　倉敷★","九州工場","九州工場","2026/09/28","2026/09/28","26-J0141552-001-771","B02040SG","1.60","400.0","400.0","0.0","国土 ふた","","1","平ふた さび止め","2026/09/29","福山通運　九州発送","2026/09/29","","完成","坂元","2026/09/28","製造"
"東芝電材　佐伯★","九州工場","九州工場","2026/09/28","2026/09/28","26-J0141871-001-771","BE0000SG","1.60","300.0","200.0","150.0","国土 PBﾄｸ 平","","1","ｱｰｽ さび止め","2026/09/29","佐川急便","2026/09/29","","完成","倉重","2026/09/29","製造"
"ハッピー電気　天草★","九州工場","九州工場","2026/09/29","2026/09/29","26-J0142374-001-771","II0000G","1.60","300.0","300.0","0.0","鉄 切板","","2","さび止め","2026/09/29","佐川急便","2026/09/29","","完成","倉重","2026/09/29","製造"
"ｹｲ･ｴｽ･ﾃﾞｰ　鹿児島★","九州工場","九州工場","2026/08/24","2026/08/24","26-J0114145-004-771","ZE0000W","2.30","200.0","200.0","100.0","ZN PBﾄｸ 被せ","","25","ｱｰｽ φ12x2","2026/09/29","福山通運　九州発送","2026/09/30","","完成","倉重","2026/09/09","製造"
"ｹｲ･ｴｽ･ﾃﾞｰ　鹿児島★","九州工場","九州工場","2026/08/24","2026/08/24","26-J0114145-001-771","ZE0000W","2.30","200.0","200.0","100.0","ZN PBﾄｸ 被せ","","25","ｱｰｽ φ12x2","2026/09/28","福山通運　九州発送","2026/09/30","","完成","倉重","2026/09/08","製造"
"平岡電気　久留米★","九州工場","九州工場","2026/08/25","2026/08/25","26-J0114707-001-771","AD0000N","2.00","300.0","200.0","3,650.0","ｱﾙﾐ ﾀﾞｸﾄ","","1","平蓋　ｱｰｽ　ｹｰﾌﾞﾙ支持材　ｾﾊﾟﾚｰﾀ　ｱﾙﾏｲﾄｸﾘｱ材","2026/09/29","福山通運　九州発送","2026/09/30","","完成","樋口","2026/09/29","製造"
"平岡電気　久留米★","九州工場","九州工場","2026/08/25","2026/08/25","26-J0114728-003-771","ZG0000","0.00","450.0","300.0","0.0","ZN 架台","","2","HDZT-63  L-50X50X4t　ダクト支持架台　右用","2026/09/29","福山通運　九州発送","2026/09/30","","完成","倉重","2026/09/16","製造"
"平岡電気　久留米★","九州工場","九州工場","2026/08/25","2026/08/25","26-J0114728-002-771","ZG0000","0.00","450.0","300.0","0.0","ZN 架台","","2","HDZT-63  L-50X50X4t　ダクト支持架台　左用","2026/09/29","福山通運　九州発送","2026/09/30","","完成","倉重","2026/09/16","製造"
"三親電材　水島★","九州工場","九州工場","2026/08/26","2026/08/26","26-J0117050-001-771","IIP0000C","3.20","460.0","340.0","0.0","鉄 ﾌﾟﾚｰﾄ 焼付","5Y7/1(近似色)","1","開口･穴加工ｱﾘ","2026/09/30","福山通運　九州発送","2026/09/30","","完成","古川","2026/09/25","製造"
"米良電機　延岡★","九州工場","九州工場","2026/08/28","2026/08/28","26-J0118264-001-771","SE6050XC","1.50","600.0","600.0","500.0","SUS PB 水切 焼付","2.5Y9/1 近似色","2","ｱｰｽ","2026/09/30","佐川急便","2026/09/30","","完成","古川","2026/09/24","製造"
"興陽電機　下関★","九州工場","九州工場","2026/08/28","2026/08/28","26-J0118924-002-771","ZKM0000","3.20","100.0","162.0","54.0","ZN 金物","","8","回転台座　穴加工","2026/09/30","福山通運　九州発送","2026/09/30","","完成","倉重","2026/09/17","製造"
"カンサイ西九州社　佐世保★","九州工場","九州工場","2026/08/28","2026/08/28","26-J0119079-004-771","ZE0000X","3.20","600.0","600.0","600.0","ZN PBﾄｸ 水切","","1","◆HDZT49 ｱｰｽ 穴加工 PB-D","2026/09/29","福山通運　九州発送","2026/09/30","","完成","倉重","2026/09/10","製造"
"カンサイ西九州社　佐世保★","九州工場","九州工場","2026/08/28","2026/08/28","26-J0119079-029-771","ZE0000X","2.30","200.0","200.0","100.0","ZN PBﾄｸ 水切","","1","HDZT49 ｱｰｽ 穴加工 PB-AA","2026/09/29","福山通運　九州発送","2026/09/30","","完成","倉重","2026/09/10","製造"
"カンサイ西九州社　佐世保★","九州工場","九州工場","2026/08/28","2026/08/28","26-J0119079-012-771","ZE0000X","2.30","200.0","200.0","100.0","ZN PBﾄｸ 水切","","1","HDZT49 ｱｰｽ 穴加工 PB-J","2026/09/29","福山通運　九州発送","2026/09/30","","完成","倉重","2026/09/10","製造"
"三親電材　水島★","九州工場","九州工場","2026/09/09","2026/09/09","26-J0128155-001-771","SF0000N","1.50","439.0","194.0","100.0","SUS 裏BOX","","1","外側ｱｰｽ L金物t2.0付","2026/09/30","福山通運　九州発送","2026/09/30","","完成","坂元","2026/09/30","製造"
"宮地電機　松山","九州工場","九州工場","2026/09/10","2026/09/10","26-J0129151-001-771","ZE1510W2","2.30","150.0","150.0","100.0","ZN PB 被せ","","8","ｱｰｽ","2026/09/30","福山通運　九州発送","2026/09/30","","完成","倉重","2026/09/18","製造"
"カンサイHD　電設★","九州工場","九州工場","2026/09/10","2026/09/10","26-J0129415-009-771","ZG0000","0.00","400.0","1,200.0","0.0","ZN 架台","","1","HDZT-63  L-50X50X4t　RP-4　右用","2026/09/28","ヤマックス　ｽﾎﾟｯﾄ便","2026/09/30","","完成","倉重","2026/09/16","製造"
"カンサイHD　電設★","九州工場","九州工場","2026/09/10","2026/09/10","26-J0129415-008-771","ZG0000","0.00","400.0","1,200.0","0.0","ZN 架台","","1","HDZT-63  L-50X50X4t　RP-4　左用","2026/09/28","ヤマックス　ｽﾎﾟｯﾄ便","2026/09/30","","完成","倉重","2026/09/16","製造"
"カンサイHD　電設★","九州工場","九州工場","2026/09/10","2026/09/10","26-J0129415-004-771","ZG0000","0.00","400.0","1,200.0","0.0","ZN 架台","","1","HDZT-63  L-50X50X4t　RP-2　左用","2026/09/28","ヤマックス　ｽﾎﾟｯﾄ便","2026/09/30","","完成","倉重","2026/09/16","製造"
"カンサイHD　電設★","九州工場","九州工場","2026/09/10","2026/09/10","26-J0129415-003-771","ZG0000","0.00","400.0","1,200.0","0.0","ZN 架台","","1","HDZT-63  L-50X50X4t　RP-1　右用","2026/09/28","ヤマックス　ｽﾎﾟｯﾄ便","2026/09/30","","完成","倉重","2026/09/16","製造"
"カンサイHD　電設★","九州工場","九州工場","2026/09/10","2026/09/10","26-J0129415-002-771","ZG0000","0.00","400.0","1,200.0","0.0","ZN 架台","","1","HDZT-63  L-50X50X4t　RP-1　左用","2026/09/28","ヤマックス　ｽﾎﾟｯﾄ便","2026/09/30","","完成","倉重","2026/09/16","製造"
"カンサイHD　電設★","九州工場","九州工場","2026/09/10","2026/09/10","26-J0129415-007-771","ZG0000","0.00","400.0","1,200.0","0.0","ZN 架台","","1","HDZT-63  L-50X50X4t　RP-3　右用","2026/09/28","ヤマックス　ｽﾎﾟｯﾄ便","2026/09/30","","完成","倉重","2026/09/16","製造"
"カンサイHD　電設★","九州工場","九州工場","2026/09/10","2026/09/10","26-J0129415-006-771","ZG0000","0.00","400.0","1,200.0","0.0","ZN 架台","","1","HDZT-63  L-50X50X4t　RP-3　左用","2026/09/28","ヤマックス　ｽﾎﾟｯﾄ便","2026/09/30","","完成","倉重","2026/09/16","製造"
"カンサイHD　電設★","九州工場","九州工場","2026/09/10","2026/09/10","26-J0129415-005-771","ZG0000","0.00","400.0","1,200.0","0.0","ZN 架台","","1","HDZT-63  L-50X50X4t　RP-2　右用","2026/09/28","ヤマックス　ｽﾎﾟｯﾄ便","2026/09/30","","完成","倉重","2026/09/16","製造"
"東芝電材　川内★","九州工場","九州工場","2026/09/10","2026/09/10","26-J0129585-001-771","BE3030SCW","1.60","300.0","300.0","300.0","国土 PB 平 焼付","2.5Y9/1 近似色","1","ｱｰｽ  内ﾜﾆｽ","2026/09/30","佐川急便","2026/09/30","","完成","古川","2026/09/24","製造"
"かごしま電工　南★","九州工場","九州工場","2026/09/11","2026/09/11","26-J0130609-003-771","IE0000SGW","2.30","800.0","800.0","500.0","鉄 PBﾄｸ 平","","2","ｱｰｽ さび止め 内ﾜﾆｽ","2026/09/25","福山通運　九州発送","2026/09/30","","完成","坂元","2026/09/17","製造"
"かごしま電工　南★","九州工場","九州工場","2026/09/11","2026/09/11","26-J0130641-001-771","DE0000XN","1.60","700.0","700.0","500.0","Sﾀﾞｲﾏ PBﾄｸ 水切","","1","ｱｰｽ 内ﾜﾆｽ","2026/09/29","福山通運　九州発送","2026/09/30","","完成","森田","2026/09/24","製造"
"丸井産業　熊本★","九州工場","九州工場","2026/09/11","2026/09/11","26-J0130657-001-771","DF0000N","2.30","950.0","950.0","170.0","Sﾀﾞｲﾏ 裏BOX","","7","生地　12-4分SUS高ﾅｯﾄ溶接","2026/09/29","福山通運　九州発送","2026/09/30","","完成","森田","2026/09/25","製造"
"カンサイ　福岡西★","九州工場","九州工場","2026/09/15","2026/09/15","26-J0132432-002-771","ZABL350","0.00","350.0","350.0","0.0","ZN ｱﾝｸﾞﾙ引き込み架台","","1","三角ﾀｲﾌﾟ 左勝手 L50x50x6t","2026/09/29","ヤマックス福岡","2026/09/30","","完成","倉重","2026/09/18","製造"
"カンサイ　福岡西★","九州工場","九州工場","2026/09/15","2026/09/15","26-J0132432-001-771","ZABR350","0.00","350.0","350.0","0.0","ZN ｱﾝｸﾞﾙ引き込み架台","","1","三角ﾀｲﾌﾟ 右勝手 L50x50x6t","2026/09/29","ヤマックス福岡","2026/09/30","","完成","倉重","2026/09/18","製造"
"シンセイ　広島第二★","九州工場","九州工場","2026/09/15","2026/09/15","26-J0132894-001-771","ZE0000W","3.20","800.0","800.0","350.0","ZN PBﾄｸ 被せ","","1","◆ ｱｰｽ","2026/09/29","福山通運　九州発送","2026/09/30","","完成","倉重","2026/09/16","製造"
"デンザイ東亜　本社★","九州工場","九州工場","2026/09/15","2026/09/15","26-J0132940-001-771","SD0000N","1.50","300.0","200.0","1,195.0","SUS ﾀﾞｸﾄ","","1","カブセ蓋　ｱｰｽ付　ケーブル支持材付 D-1　直線","2026/09/29","福山通運　九州発送","2026/09/30","","完成","森田","2026/09/29","製造"
"デンザイ東亜　本社★","九州工場","九州工場","2026/09/15","2026/09/15","26-J0132940-003-771","SD0000N","1.50","300.0","200.0","600.0","SUS ﾀﾞｸﾄ","","1","カブセ蓋　ｱｰｽ付　ケーブル支持材付 D-2　水平L","2026/09/29","福山通運　九州発送","2026/09/30","","完成","倉重","2026/09/29","製造"
"デンザイ東亜　本社★","九州工場","九州工場","2026/09/15","2026/09/15","26-J0132940-002-771","SD0000N","1.50","300.0","200.0","6,650.0","SUS ﾀﾞｸﾄ","","1","カブセ蓋　ｱｰｽ付　ケーブル支持材付 D-2　直線","2026/09/29","福山通運　九州発送","2026/09/30","","完成","坂元","2026/09/29","製造"
"デンザイ東亜　本社★","九州工場","九州工場","2026/09/15","2026/09/15","26-J0132989-004-771","SD0000N","1.50","300.0","200.0","450.0","SUS ﾀﾞｸﾄ","","1","カブセ蓋　ｱｰｽ付　ケーブル支持材付 D-2　直線","2026/09/30","福山通運　九州発送","2026/09/30","","完成","倉重","2026/09/30","製造"
"デンザイ東亜　本社★","九州工場","九州工場","2026/09/15","2026/09/15","26-J0132989-010-771","SD0000N","1.50","300.0","200.0","4,400.0","SUS ﾀﾞｸﾄ","","1","カブセ蓋　ｱｰｽ付　ケーブル支持材付 D-4 直線","2026/09/30","福山通運　九州発送","2026/09/30","","ｷｬﾝｾﾙ","林(秀)","2026/09/30","製造"
"デンザイ東亜　本社★","九州工場","九州工場","2026/09/15","2026/09/15","26-J0132989-009-771","SD0000N","1.50","300.0","200.0","500.0","SUS ﾀﾞｸﾄ","","1","カブセ蓋　ｱｰｽ付　ケーブル支持材付 D-4 立下L","2026/09/30","福山通運　九州発送","2026/09/30","","ｷｬﾝｾﾙ","林(秀)","2026/09/30","製造"
"デンザイ東亜　本社★","九州工場","九州工場","2026/09/15","2026/09/15","26-J0132989-008-771","SD0000N","1.50","300.0","200.0","1,100.0","SUS ﾀﾞｸﾄ","","1","カブセ蓋　ｱｰｽ付　ケーブル支持材付 D-4　直線","2026/09/30","福山通運　九州発送","2026/09/30","","ｷｬﾝｾﾙ","林(秀)","2026/09/30","製造"
"日本電設資材　福岡★","九州工場","九州工場","2026/09/15","2026/09/15","26-J0133139-001-771","ZG0000","3.80","0.0","0.0","1,800.0","ZN 架台","","1","SGP50A　ﾄﾞﾌﾞ漬け後片側塞ぎ3.2tﾛｰﾊﾞﾙ補修","2026/09/30","ヤマックス福岡","2026/09/30","","完成","倉重","2026/09/18","製造"
"日本電設資材　福岡★","九州工場","九州工場","2026/09/15","2026/09/15","26-J0133144-001-771","ZG0000","3.80","0.0","0.0","1,800.0","ZN 架台","","1","SGP50A　ﾄﾞﾌﾞ漬け後片側塞ぎ3.2tﾛｰﾊﾞﾙ補修","2026/09/30","ヤマックス福岡","2026/09/30","","完成","倉重","2026/09/18","製造"
"日本電設資材　福岡★","九州工場","九州工場","2026/09/15","2026/09/15","26-J0133155-001-771","ZG0000","3.80","0.0","0.0","1,800.0","ZN 架台","","1","SGP50A　ﾄﾞﾌﾞ漬け後片側塞ぎ3.2tﾛｰﾊﾞﾙ補修","2026/09/30","ヤマックス福岡","2026/09/30","","完成","倉重","2026/09/18","製造"
"日本電設資材　福岡★","九州工場","九州工場","2026/09/15","2026/09/15","26-J0133162-001-771","ZG0000","3.80","0.0","0.0","1,800.0","ZN 架台","","1","SGP50A　ﾄﾞﾌﾞ漬け後片側塞ぎ3.2tﾛｰﾊﾞﾙ補修","2026/09/30","ヤマックス福岡","2026/09/30","","完成","倉重","2026/09/18","製造"
"かごしま電工　鹿屋★","九州工場","九州工場","2026/09/15","2026/09/15","26-J0133250-001-771","IP0000XC","1.60","350.0","200.0","100.0","鉄 PBﾄｸ 水切 焼付","2.5Y9/1 近似色","6","蓋面開口 穴加工","2026/09/29","佐川急便","2026/09/30","","完成","古川","2026/09/24","製造"
"かごしま電工　城南★","九州工場","九州工場","2026/09/15","2026/09/15","26-J0133332-002-771","SP1515XC","1.50","150.0","150.0","150.0","SUS PB 水切 焼付","5Y7/1 近似色","6","座無しｼｰﾙ付","2026/09/30","佐川急便","2026/09/30","","完成","古川","2026/09/24","製造"
"かごしま電工　城南★","九州工場","九州工場","2026/09/15","2026/09/15","26-J0133332-001-771","SP1515XC","1.50","150.0","150.0","150.0","SUS PB 水切 焼付","5Y7/1 近似色","5","座無しｼｰﾙ付","2026/09/29","佐川急便","2026/09/30","","完成","古川","2026/09/18","製造"
"興陽電機　八幡★","九州工場","九州工場","2026/09/15","2026/09/15","26-J0133387-001-771","ZG0000","0.00","350.0","350.0","0.0","ZN 架台","","1","HDZT77  L50x50x6t  三角","2026/09/29","北九州配達","2026/09/30","","完成","倉重","2026/09/18","製造"
"菱栄電材★","九州工場","九州工場","2026/09/15","2026/09/15","26-J0133420-001-771","ID0000C","1.60","200.0","100.0","1,200.0","鉄 ﾀﾞｸﾄ 焼付","2.5Y9/1 近似色","1","平蓋 ｱｰｽ/支持棒溶接　セパなし","2026/09/30","福山通運　九州発送","2026/09/30","","完成","古川","2026/09/25","製造"
"菱栄電材★","九州工場","九州工場","2026/09/15","2026/09/15","26-J0133420-002-771","ID0000C","1.60","200.0","100.0","1,400.0","鉄 ﾀﾞｸﾄ 焼付","2.5Y9/1 近似色","1","平蓋2分割 ｱｰｽ/支持棒溶接　セパなし","2026/09/30","福山通運　九州発送","2026/09/30","","完成","古川","2026/09/25","製造"
"正和電材　佐世保★","九州工場","九州工場","2026/09/15","2026/09/15","26-J0133443-002-771","SD0000C","1.50","800.0","250.0","100.0","SUS ﾀﾞｸﾄ 焼付","5Y7/1 近似色","1","12-φ12 上下ﾊﾟｯｷﾝ貼付 40x3t","2026/09/30","佐川急便","2026/09/30","","完成","古川","2026/09/25","製造"
"正和電材　佐世保★","九州工場","九州工場","2026/09/15","2026/09/15","26-J0133443-001-771","SDC0000C","1.50","600.0","250.0","100.0","SUS ﾀﾞｸﾄｶﾊﾞｰ 焼付","5Y7/1 近似色","1","12-φ12 上下ﾊﾟｯｷﾝ貼付 40x3t","2026/09/30","佐川急便","2026/09/30","","完成","古川","2026/09/25","製造"
"カンサイ　福岡西★","九州工場","九州工場","2026/09/15","2026/09/15","26-J0133703-001-771","SKM0000N","2.00","120.0","60.0","1,350.0","SUS 金物","","1","角ﾎﾟｰﾙ 1-φ50 2-M4ﾀｯﾌﾟ 上部塞ぎ","2026/09/30","ヤマックス福岡","2026/09/30","","完成","坂元","2026/09/30","製造"
"正和電材　大村★","九州工場","九州工場","2026/09/16","2026/09/16","26-J0133804-001-771","ZE1515X2","2.30","150.0","150.0","150.0","ZN PB 水切","","1","ｱｰｽ","2026/09/29","佐川急便","2026/09/30","","完成","倉重","2026/09/17","製造"
"ｹｲ･ｴｽ･ﾃﾞｰ　鹿児島★","九州工場","九州工場","2026/09/16","2026/09/16","26-J0134162-001-771","SG0000C","4.00","400.0","150.0","0.0","SUS 架台 焼付","5Y7/1 近似色","12","ロ形 L4x50 長穴x2 φ12x2","2026/09/29","佐川急便","2026/09/30","","完成","古川","2026/09/24","製造"
"日本電設資材　久留米★","九州工場","九州工場","2026/09/16","2026/09/16","26-J0134885-001-771","DIP0000N","1.60","1,390.0","750.0","0.0","Sﾀﾞｲﾏ ﾌﾟﾚｰﾄ","","2","ﾊﾟﾝﾁﾝｸﾞ加工φ5","2026/09/30","佐川急便","2026/09/30","","完成","古川","2026/09/30","製造"
"三親電材　東広島★","九州工場","九州工場","2026/09/16","2026/09/16","26-J0134889-002-771","SF0000C","1.50","120.0","70.0","15.0","SUS 裏BOX 焼付","N1 3分艶 近似色","7","ｽｲｯﾁﾎﾞｯｸｽ型 2-M4ﾀｯﾌﾟ 4-φ5 φ3","2026/09/30","福山通運　九州発送","2026/09/30","","完成","古川","2026/09/24","製造"
"東芝電材　熊本★","九州工場","九州工場","2026/09/16","2026/09/16","26-J0134991-002-771","ZP1510X2","2.30","150.0","150.0","100.0","ZN PB 水切","","1","HDZT49 座無ｼｰﾙ付","2026/09/30","佐川急便","2026/09/30","","完成","倉重","2026/09/18","製造"
"東芝電材　熊本★","九州工場","九州工場","2026/09/16","2026/09/16","26-J0134991-001-771","ZP2020X2","2.30","200.0","200.0","200.0","ZN PB 水切","","1","HDZT49 座無ｼｰﾙ付","2026/09/30","佐川急便","2026/09/30","","完成","倉重","2026/09/18","製造"
"東芝電材　熊本★","九州工場","九州工場","2026/09/16","2026/09/16","26-J0134991-003-771","ZE1515X2","2.30","150.0","150.0","150.0","ZN PB 水切","","2","HDZT49 ｱｰｽ","2026/09/30","佐川急便","2026/09/30","","完成","倉重","2026/09/18","製造"
"カンサイ九州昭和　福岡★","九州工場","九州工場","2026/09/17","2026/09/17","26-J0135104-005-771","SE3030XC","1.50","300.0","300.0","300.0","SUS PB 水切 焼付","2.5Y9/1 近似色","1","ｱｰｽ","2026/09/29","ヤマックス福岡","2026/09/30","","完成","古川","2026/09/24","製造"
"カンサイ九州昭和　福岡★","九州工場","九州工場","2026/09/17","2026/09/17","26-J0135104-006-771","SE4040XC","1.50","400.0","400.0","400.0","SUS PB 水切 焼付","2.5Y9/1 近似色","4","ｱｰｽ","2026/09/29","ヤマックス福岡","2026/09/30","","完成","古川","2026/09/24","製造"
"カンサイ九州昭和　福岡★","九州工場","九州工場","2026/09/17","2026/09/17","26-J0135104-004-771","SE2020XC","1.50","200.0","200.0","200.0","SUS PB 水切 焼付","2.5Y9/1 近似色","3","ｱｰｽ","2026/09/28","ヤマックス福岡","2026/09/30","","完成","倉重","2026/09/18","製造"
"カンサイ九州昭和　福岡★","九州工場","九州工場","2026/09/17","2026/09/17","26-J0135104-002-771","SE3020XC","1.50","300.0","300.0","200.0","SUS PB 水切 焼付","2.5Y9/1 近似色","7","ｱｰｽ","2026/09/28","ヤマックス福岡","2026/09/30","","完成","倉重","2026/09/18","製造"
"Q-mast　空調管グル－プ★","九州工場","九州工場","2026/09/17","2026/09/17","26-J0135138-001-771","ZG0000","0.00","210.0","350.0","0.0","ZN 架台","","2","SP配管架台 3","2026/09/29","ヤマックス　ｽﾎﾟｯﾄ便","2026/09/30","","完成","倉重","2026/09/18","製造"
"カンサイ九州昭和　福岡★","九州工場","九州工場","2026/09/17","2026/09/17","26-J0135147-005-771","SE3020XC","1.50","300.0","300.0","200.0","SUS PB 水切 焼付","N-30　近似色","1","ｱｰｽ","2026/09/29","ヤマックス福岡","2026/09/30","","完成","古川","2026/09/24","製造"
"カンサイ九州昭和　福岡★","九州工場","九州工場","2026/09/17","2026/09/17","26-J0135147-006-771","SE3030XC","1.50","300.0","300.0","300.0","SUS PB 水切 焼付","N-30　近似色","4","ｱｰｽ","2026/09/29","ヤマックス福岡","2026/09/30","","完成","古川","2026/09/24","製造"
"平岡電気　久留米★","九州工場","九州工場","2026/09/17","2026/09/17","26-J0135457-002-771","SE3030XC","1.50","300.0","300.0","300.0","SUS PB 水切 焼付","2.5Y9/1 近似色","4","ｱｰｽ","2026/09/30","佐川急便","2026/09/30","","完成","古川","2026/09/25","製造"
"平岡電気　久留米★","九州工場","九州工場","2026/09/17","2026/09/17","26-J0135457-003-771","SE3020XC","1.50","300.0","300.0","200.0","SUS PB 水切 焼付","2.5Y9/1 近似色","2","ｱｰｽ","2026/09/30","佐川急便","2026/09/30","","完成","古川","","加工"
"平岡電気　久留米★","九州工場","九州工場","2026/09/17","2026/09/17","26-J0135457-001-771","SE4040XC","1.50","400.0","400.0","400.0","SUS PB 水切 焼付","2.5Y9/1 近似色","2","ｱｰｽ","2026/09/30","佐川急便","2026/09/30","","完成","古川","2026/09/25","製造"
"赤木電機★","九州工場","九州工場","2026/09/17","2026/09/17","26-J0135574-001-771","ZE0000S","2.30","400.0","400.0","150.0","ZN PBﾄｸ 平","","1","HDZT56 ｱｰｽ","2026/09/30","福山通運　九州発送","2026/09/30","","完成","倉重","2026/09/18","製造"
"かごしま電工　城南★","九州工場","九州工場","2026/09/17","2026/09/17","26-J0135646-003-771","SE2520XC","1.50","250.0","250.0","200.0","SUS PB 水切 焼付","2.5Y9/1 近似色","12","ｱｰｽ","2026/09/30","佐川急便","2026/09/30","","完成","古川","2026/09/24","製造"
"かごしま電工　城南★","九州工場","九州工場","2026/09/17","2026/09/17","26-J0135646-001-771","SG0000C","2.00","600.0","110.0","50.0","SUS 架台 焼付","2.5Y9/1 近似色","8","照明器具取付BOX ｱｰｽ 開口 穴加工","2026/09/30","佐川急便","2026/09/30","","完成","古川","2026/09/24","製造"
"かごしま電工　城南★","九州工場","九州工場","2026/09/17","2026/09/17","26-J0135646-004-771","SE1515XC","1.50","150.0","150.0","150.0","SUS PB 水切 焼付","2.5Y9/1 近似色","12","ｱｰｽ","2026/09/30","佐川急便","2026/09/30","","完成","古川","2026/09/24","製造"
"かごしま電工　城南★","九州工場","九州工場","2026/09/17","2026/09/17","26-J0135651-002-771","BF0000G","1.60","400.0","200.0","175.0","国土 裏BOX","","1","ｱｰｽ 内耳寸法違い 外さび止め 内ﾜﾆｽ","2026/09/30","佐川急便","2026/09/30","","完成","倉重","2026/09/24","製造"
"カンサイ　電設★","九州工場","九州工場","2026/09/17","2026/09/17","26-J0135773-001-771","IG0000C","0.00","800.0","200.0","1,000.0","鉄 架台 焼付","2.5Y9/1 近似色","3","L40x40x5","2026/09/29","ヤマックス　ｽﾎﾟｯﾄ便","2026/09/30","","完成","古川","2026/09/25","製造"
"Q-mast　空調管グル－プ★","九州工場","九州工場","2026/09/17","2026/09/17","26-J0135916-001-771","ZI0000","6.00","490.0","60.0","0.0","ZN 切板","","1","","2026/09/29","ヤマックス　ｽﾎﾟｯﾄ便","2026/09/30","","完成","倉重","2026/09/18","製造"
"Q-mast　空調管グル－プ★","九州工場","九州工場","2026/09/17","2026/09/17","26-J0135916-002-771","ZI0000","6.00","490.0","190.0","0.0","ZN 切板","","1","","2026/09/29","ヤマックス　ｽﾎﾟｯﾄ便","2026/09/30","","完成","倉重","2026/09/18","製造"
"南四国ﾅｼｮﾅﾙ　本社★","九州工場","九州工場","2026/09/17","2026/09/17","26-J0136148-001-771","IDC0000C","1.60","700.0","250.0","1,200.0","鉄 ﾀﾞｸﾄｶﾊﾞｰ 焼付","ｶﾜﾑﾗ2.5Y9/1(近似色)","1","ﾒｸﾗ付","2026/09/30","福山通運　九州発送","2026/09/30","","完成","ナム","2026/09/28","製造"
"岡本電機　福山★","九州工場","九州工場","2026/09/17","2026/09/17","26-J0136221-001-771","IE5030SG","1.60","500.0","500.0","300.0","鉄 PB 平","","1","ｱｰｽ さび止め","2026/09/30","福山通運　九州発送","2026/09/30","","完成","坂元","2026/09/29","製造"
"岡本電機　安佐★","九州工場","九州工場","2026/09/18","2026/09/18","26-J0136323-001-771","IP0000SC","1.60","600.0","600.0","150.0","鉄 PBﾄｸ 平 焼付","5Y7/1 近似色","1","下面・背面全開口　内耳50 正面下脱着ｻﾝ付 6-φ15","2026/09/30","佐川急便","2026/09/30","","完成","古川","2026/09/25","製造"
"三共電気　東★","九州工場","九州工場","2026/09/18","2026/09/18","26-J0136393-001-771","BD0000G","2.30","400.0","500.0","2,700.0","国土 ﾀﾞｸﾄ","","1","ｱｰｽ さび止め　平蓋　ｹｰﾌﾞﾙ支持棒付　ｾﾊﾟ無","2026/09/29","ヤマックス福岡","2026/09/30","","完成","坂元","2026/09/28","製造"
"シンセイ　広島第二★","九州工場","九州工場","2026/09/18","2026/09/18","26-J0136608-001-771","SC0000N","1.50","2,500.0","300.0","550.0","SUS ｶﾊﾞｰ","","1","本体2分割　正面平蓋2ヵ所　背面外ﾂﾊﾞ12φでみます","2026/09/30","福山通運　九州発送","2026/09/30","","完成","坂元","2026/09/30","製造"
"ヤシマ電材 笠岡","九州工場","九州工場","2026/09/18","2026/09/18","26-J0136816-001-771","SE0000XN","2.00","1,000.0","400.0","400.0","SUS PBﾄｸ 水切","","1","ｱｰｽ","2026/09/30","福山通運　九州発送","2026/09/30","","完成","倉重","2026/09/30","製造"
"東芝電材　益田★","九州工場","九州工場","2026/09/18","2026/09/18","26-J0137005-001-771","SE0000XN","1.50","200.0","200.0","200.0","SUS PBﾄｸ 水切","","2","ｱｰｽ 落下防止ﾁｪｰﾝ付","2026/09/30","福山通運　九州発送","2026/09/30","","完成","坂元","2026/09/30","製造"
"東芝電材　益田★","九州工場","九州工場","2026/09/18","2026/09/18","26-J0137005-002-771","SE0000XN","1.50","400.0","400.0","200.0","SUS PBﾄｸ 水切","","2","ｱｰｽ 落下防止ﾁｪｰﾝ付","2026/09/30","福山通運　九州発送","2026/09/30","","完成","坂元","2026/09/30","製造"
"山陰ﾊﾟﾅｿﾆｯｸ　松江","九州工場","九州工場","2026/09/18","2026/09/18","26-J0137020-001-771","BE2010SC","1.60","200.0","200.0","100.0","国土 PB 平 焼付","5Y7/1(近似色)","1","ｱｰｽ","2026/09/30","福山通運　九州発送","2026/09/30","","完成","古川","","加工"
"米良電機　高鍋★","九州工場","九州工場","2026/09/18","2026/09/18","26-J0137026-001-771","SP0000SC","1.50","300.0","180.0","50.0","SUS PBﾄｸ 平 焼付","N1 近似色","1","ｺﾞﾑﾊﾟｯｷﾝ付き","2026/09/30","佐川急便","2026/09/30","","完成","古川","2026/09/25","製造"
"Q-mast　電気グル－プ★","九州工場","九州工場","2026/09/24","2026/09/24","26-J0137307-001-771","SIP0000C","1.50","150.0","150.0","0.0","SUS ﾌﾟﾚｰﾄ 焼付","5Y7/1 近似色","4","4-φ8","2026/09/29","ヤマックス　ｽﾎﾟｯﾄ便","2026/09/30","","完成","坂元","2026/09/25","製造"
"ナミデン　福岡★","九州工場","九州工場","2026/09/24","2026/09/24","26-J0137628-003-771","ITG0000G","0.00","750.0","835.0","0.0","鉄 耐震架台","","1","L50x50x6  さび止め  1階CR/BD用　CR-G-5-4","2026/09/29","ヤマックス　ｽﾎﾟｯﾄ便","2026/09/30","","完成","樋口","2026/09/28","製造"
"ナミデン　福岡★","九州工場","九州工場","2026/09/24","2026/09/24","26-J0137628-001-771","ITG0000G","0.00","2,100.0","1,650.0","0.0","鉄 耐震架台","","1","[75x40x5x7 さび止め  1階CR/BD用　CR-A-1-1","2026/09/29","ヤマックス　ｽﾎﾟｯﾄ便","2026/09/30","","完成","樋口","2026/09/28","製造"
"ナミデン　福岡★","九州工場","九州工場","2026/09/24","2026/09/24","26-J0137628-002-771","ITG0000G","0.00","1,425.0","1,615.0","0.0","鉄 耐震架台","","1","L75x75x6  さび止め  1階CR/BD用　CR-A-1-2","2026/09/29","ヤマックス　ｽﾎﾟｯﾄ便","2026/09/30","","完成","樋口","2026/09/28","製造"
"ナミデン　福岡★","九州工場","九州工場","2026/09/24","2026/09/24","26-J0137834-001-771","ZI0000","6.00","250.0","250.0","0.0","ZN 切板","","3","ﾄﾞﾌﾞ後穴埋め","2026/09/30","店頭渡し","2026/09/30","","完成","倉重","2026/09/24","製造"
"ヤシマ電材","九州工場","九州工場","2026/09/24","2026/09/24","26-J0137844-001-771","IC0000G","1.60","700.0","250.0","350.0","鉄 ｶﾊﾞｰ","","1","/670/300 さび止め R30x2","2026/09/30","福山通運　九州発送","2026/09/30","","完成","倉重","2026/09/29","製造"
"ｹｲ･ｴｽ･ﾃﾞｰ　鹿児島★","九州工場","九州工場","2026/09/24","2026/09/24","26-J0137848-001-771","SE0000SNW","2.00","1,150.0","925.0","140.0","SUS PBﾄｸ 平","","1","平蓋x2 ｱｰｽ位置指定 穴加工 内ﾜﾆｽ","2026/09/30","福山通運　九州発送","2026/09/30","","完成","坂元","2026/09/28","製造"
"東芝電材　大牟田★","九州工場","九州工場","2026/09/24","2026/09/24","26-J0137941-001-771","BE3020SC","1.60","300.0","300.0","200.0","国土 PB 平 焼付","2.5Y9/1 近似色","2","ｱｰｽ","2026/09/30","佐川急便","2026/09/30","","完成","古川","","加工"
"三親電材　周南★","九州工場","九州工場","2026/09/24","2026/09/24","26-J0138454-001-771","SPS1500","6.00","250.0","250.0","1,500.0","SUS ﾊﾟｲﾌﾟｽﾀﾝｼｮﾝ","","1","H=1500 SUS304","2026/09/30","佐川急便","2026/09/30","","完成","坂元","2026/09/30","製造"
"三共電気　東★","九州工場","九州工場","2026/09/24","2026/09/24","26-J0138886-002-771","IKS0000G","1.60","300.0","120.0","320.0","鉄 貫通ｽﾘｰﾌﾞ","","6","平蓋  さび止め   鉄箱A-2","2026/09/30","福山通運　九州発送","2026/09/30","","完成","倉重","2026/09/29","製造"
"三共電気　東★","九州工場","九州工場","2026/09/24","2026/09/24","26-J0138886-001-771","IKS0000G","1.60","300.0","120.0","240.0","鉄 貫通ｽﾘｰﾌﾞ","","6","平蓋  さび止め   鉄箱A-1","2026/09/30","福山通運　九州発送","2026/09/30","","完成","倉重","2026/09/29","製造"
"三親電材　岡山★","九州工場","九州工場","2026/09/24","2026/09/24","26-J0138981-002-771","SP6030SN","1.50","600.0","600.0","300.0","SUS PB 平","","2","","2026/09/30","福山通運　九州発送","2026/09/30","","完成","坂元","2026/09/30","製造"
"三親電材　岡山★","九州工場","九州工場","2026/09/24","2026/09/24","26-J0138981-003-771","SP5020SN","1.50","500.0","500.0","200.0","SUS PB 平","","1","","2026/09/30","福山通運　九州発送","2026/09/30","","完成","坂元","2026/09/30","製造"
"米良電機　宮崎★","九州工場","九州工場","2026/09/25","2026/09/25","26-J0139359-001-771","BE1510SC","1.60","150.0","150.0","100.0","国土 PB 平 焼付","2.5Y9/1 近似色","5","ｱｰｽ","2026/09/30","佐川急便","2026/09/30","","完成","古川","","加工"
"三親電材　岡山★","九州工場","九州工場","2026/09/25","2026/09/25","26-J0139457-001-771","SP5050SN","1.50","500.0","500.0","500.0","SUS PB 平","","1","","2026/09/30","福山通運　九州発送","2026/09/30","","完成","倉重","2026/09/30","製造"
"正二電気　岡山本社","九州工場","九州工場","2026/09/25","2026/09/25","26-J0139518-001-771","SMK0000N","4.00","150.0","170.0","150.0","SUS 曲金物","","2","L型 穴加工ｱﾘ","2026/09/30","福山通運　九州発送","2026/09/30","","完成","服部","2026/09/30","製造"
"シンセイ　広島第一★","九州工場","九州工場","2026/09/25","2026/09/25","26-J0139668-001-771","SE0000XN","1.50","400.0","700.0","600.0","SUS PBﾄｸ 水切","","2","ｱｰｽ","2026/09/29","福山通運　九州発送","2026/09/30","","完成","倉重","2026/09/29","製造"
"シンセイ　広島第一★","九州工場","九州工場","2026/09/25","2026/09/25","26-J0139668-002-771","SE0000XN","2.00","800.0","700.0","600.0","SUS PBﾄｸ 水切","","2","ｱｰｽ","2026/09/30","福山通運　九州発送","2026/09/30","","完成","坂元","2026/09/30","製造"
"Q-mast　南九州★","九州工場","九州工場","2026/09/25","2026/09/25","26-J0139673-001-771","SC0000N","2.00","800.0","850.0","450.0","SUS ｶﾊﾞｰ","","1","/520  ﾌｰﾄﾞｶﾊﾞｰ　","2026/09/30","福山通運　九州発送","2026/09/30","","完成","坂元","2026/09/30","製造"
"Q-mast　南九州★","九州工場","九州工場","2026/09/25","2026/09/25","26-J0139673-002-771","SC0000N","2.00","500.0","300.0","300.0","SUS ｶﾊﾞｰ","","1","/350  ﾌｰﾄﾞｶﾊﾞｰ　","2026/09/30","福山通運　九州発送","2026/09/30","","完成","倉重","2026/09/30","製造"
"カンサイ　久留米★","九州工場","九州工場","2026/09/25","2026/09/25","26-J0139772-001-771","SDC0000N","2.00","780.0","240.0","530.0","SUS ﾀﾞｸﾄｶﾊﾞｰ","","1","3点ﾊﾞﾗ式 下部外ﾂﾊﾞ 穴加工　","2026/09/30","佐川急便","2026/09/30","","完成","坂元","2026/09/30","製造"
"シンセイ　広島第一★","九州工場","九州工場","2026/09/25","2026/09/25","26-J0139831-001-771","SE0000XNA","1.50","400.0","400.0","300.0","SUS PBﾄｸ 水切","","2","ｱｰｽ 足付 1-落下防止ﾁｪｰﾝ 脱落防止化粧ねじ","2026/09/30","福山通運　九州発送","2026/09/30","","完成","倉重","2026/09/30","製造"
"日本電設資材　福岡★","九州工場","九州工場","2026/09/25","2026/09/25","26-J0140066-001-771","DP2020WN","1.60","200.0","200.0","200.0","Sﾀﾞｲﾏ PB 被せ","","1","","2026/09/29","ヤマックス福岡","2026/09/30","","完成","服部","2026/09/29","製造"
"ナミデン　福岡★","九州工場","九州工場","2026/09/25","2026/09/25","26-J0140163-001-771","DE0000WN","1.60","700.0","400.0","500.0","Sﾀﾞｲﾏ PBﾄｸ 被せ","","1","ｱｰｽ","2026/09/29","ヤマックス福岡","2026/09/30","","完成","古川","2026/09/29","製造"
"宮地電機　高松","九州工場","九州工場","2026/09/25","2026/09/25","26-J0140225-001-771","SC0000N","1.50","560.0","285.0","175.0","SUS ｶﾊﾞｰ","","1","/275","2026/09/30","福山通運　九州発送","2026/09/30","","完成","倉重","2026/09/30","製造"
"東芝電材　武雄★","九州工場","九州工場","2026/09/28","2026/09/28","26-J0140521-004-771","SE0000XN","1.50","400.0","300.0","400.0","SUS PBﾄｸ 水切","","1","ｱｰｽ","2026/09/30","佐川急便","2026/09/30","","完成","倉重","2026/09/30","製造"
"東芝電材　武雄★","九州工場","九州工場","2026/09/28","2026/09/28","26-J0140521-006-771","SE0000XN","1.50","500.0","300.0","200.0","SUS PBﾄｸ 水切","","1","ｱｰｽ","2026/09/30","佐川急便","2026/09/30","","完成","倉重","2026/09/30","製造"
"東芝電材　武雄★","九州工場","九州工場","2026/09/28","2026/09/28","26-J0140521-005-771","SE0000XN","1.50","400.0","300.0","300.0","SUS PBﾄｸ 水切","","1","ｱｰｽ","2026/09/30","佐川急便","2026/09/30","","完成","倉重","2026/09/30","製造"
"ヤシマ電材","九州工場","九州工場","2026/09/28","2026/09/28","26-J0140539-002-771","SE0000WN","1.50","400.0","400.0","250.0","SUS PBﾄｸ 被せ","","4","ｱｰｽ","2026/09/30","福山通運　九州発送","2026/09/30","","完成","坂元","2026/09/30","製造"
"東芝電材　武雄★","九州工場","九州工場","2026/09/28","2026/09/28","26-J0140580-009-771","SE0000XN","1.50","500.0","300.0","400.0","SUS PBﾄｸ 水切","","1","ｱｰｽ","2026/09/30","佐川急便","2026/09/30","","完成","倉重","2026/09/30","製造"
"東芝電材　武雄★","九州工場","九州工場","2026/09/28","2026/09/28","26-J0140580-010-771","SE0000XN","1.50","300.0","300.0","400.0","SUS PBﾄｸ 水切","","1","ｱｰｽ","2026/09/30","佐川急便","2026/09/30","","完成","倉重","2026/09/30","製造"
"カンサイ　唐津★","九州工場","九州工場","2026/09/28","2026/09/28","26-J0140628-001-771","BE3025XG","1.60","300.0","300.0","250.0","国土 PB 水切","","1","ｱｰｽ さび止め","2026/09/29","ヤマックス福岡","2026/09/30","","完成","坂元","2026/09/29","製造"
"ヤシマ電材 笠岡","九州工場","九州工場","2026/09/28","2026/09/28","26-J0140658-001-771","SP0000WN","2.00","800.0","400.0","400.0","SUS PBﾄｸ 被せ","","1","","2026/09/30","福山通運　九州発送","2026/09/30","","完成","坂元","2026/09/30","製造"
"東芝電材　八幡★","九州工場","九州工場","2026/09/28","2026/09/28","26-J0141111-001-771","SP0000WN","1.50","500.0","400.0","300.0","SUS PBﾄｸ 被せ","","1","","2026/09/29","北九州配達","2026/09/30","","完成","樋口","2026/09/29","製造"
"ナミデン　福岡★","九州工場","九州工場","2026/09/28","2026/09/28","26-J0141173-006-771","I02010SG","1.60","100.0","100.0","0.0","鉄 ふた","","1","平ふた さび止め","2026/09/29","ヤマックス福岡","2026/09/30","","完成","倉重","2026/09/28","製造"
"ナミデン　福岡★","九州工場","九州工場","2026/09/28","2026/09/28","26-J0141173-005-771","I02000SG","1.60","150.0","100.0","0.0","鉄 ふたﾄｸ","","1","平ふた さび止め  φ8x4 当社仕様","2026/09/29","ヤマックス福岡","2026/09/30","","完成","倉重","2026/09/28","製造"
"ナミデン　福岡★","九州工場","九州工場","2026/09/28","2026/09/28","26-J0141173-004-771","I02010SG","1.60","100.0","100.0","0.0","鉄 ふた","","1","平ふた さび止め","2026/09/29","ヤマックス福岡","2026/09/30","","完成","倉重","2026/09/28","製造"
"ナミデン　福岡★","九州工場","九州工場","2026/09/28","2026/09/28","26-J0141173-001-771","I02000SG","1.60","150.0","80.0","0.0","鉄 ふたﾄｸ","","1","平ふた さび止め  φ8x4 当社仕様","2026/09/29","ヤマックス福岡","2026/09/30","","完成","倉重","2026/09/28","製造"
"三永興産★","九州工場","九州工場","2026/09/28","2026/09/28","26-J0141303-003-771","SE6060WN","1.50","600.0","600.0","600.0","SUS PB 被せ","","1","ｱｰｽ","2026/09/29","福山通運　九州発送","2026/09/30","","完成","倉重","2026/09/29","製造"
"三永興産★","九州工場","九州工場","2026/09/28","2026/09/28","26-J0141303-002-771","SE0000WN","1.50","700.0","700.0","700.0","SUS PBﾄｸ 被せ","","1","ｱｰｽ","2026/09/30","福山通運　九州発送","2026/09/30","","完成","坂元","2026/09/30","製造"
"三永興産★","九州工場","九州工場","2026/09/28","2026/09/28","26-J0141303-001-771","SE0000WN","1.50","700.0","700.0","300.0","SUS PBﾄｸ 被せ","","1","ｱｰｽ","2026/09/30","福山通運　九州発送","2026/09/30","","完成","坂元","2026/09/30","製造"
"興陽電機　行橋★","九州工場","九州工場","2026/09/28","2026/09/28","26-J0141364-001-771","SP0000WN","1.50","400.0","400.0","250.0","SUS PBﾄｸ 被せ","","1","","2026/09/30","佐川急便","2026/09/30","","完成","坂元","2026/09/30","製造"
"米良電機　延岡★","九州工場","九州工場","2026/09/28","2026/09/28","26-J0141488-001-771","SE0000XN","1.50","700.0","500.0","500.0","SUS PBﾄｸ 水切","","1","ｱｰｽ","2026/09/30","佐川急便","2026/09/30","","完成","坂元","2026/09/30","製造"
"正二電気　倉敷★","九州工場","九州工場","2026/09/28","2026/09/28","26-J0141559-001-771","IIP0000G","1.60","330.0","330.0","0.0","鉄 ﾌﾟﾚｰﾄ","","4","さび止め 穴加工ｱﾘ","2026/09/30","福山通運　九州発送","2026/09/30","","完成","坂元","2026/09/29","製造"
"シンセイ　広島第一★","九州工場","九州工場","2026/09/28","2026/09/28","26-J0141728-001-771","SP0000WN","1.50","700.0","700.0","400.0","SUS PBﾄｸ 被せ","","1","底開口640x370","2026/09/30","福山通運　九州発送","2026/09/30","","完成","坂元","2026/09/30","製造"
"四国ミツヤマ電気★","九州工場","九州工場","2026/09/28","2026/09/28","26-J0141812-001-771","SE0000XN","1.50","300.0","200.0","250.0","SUS PBﾄｸ 水切","","1","ｱｰｽ","2026/09/30","福山通運　九州発送","2026/09/30","","完成","倉重","2026/09/30","製造"
"大洋電材　本社★","九州工場","九州工場","2026/09/28","2026/09/28","26-J0141897-002-771","SI0000N","2.00","250.0","200.0","0.0","SUS 切板","","1","","2026/09/29","北九州配達","2026/09/30","","完成","倉重","2026/09/29","製造"
"大洋電材　本社★","九州工場","九州工場","2026/09/28","2026/09/28","26-J0141897-003-771","SI0000N","2.00","600.0","600.0","0.0","SUS 切板","","1","","2026/09/29","北九州配達","2026/09/30","","完成","坂元","2026/09/29","製造"
"大洋電材　本社★","九州工場","九州工場","2026/09/28","2026/09/28","26-J0141897-001-771","SI0000N","2.00","150.0","150.0","0.0","SUS 切板","","2","","2026/09/29","北九州配達","2026/09/30","","完成","倉重","2026/09/29","製造"
"岡本電機　福山★","九州工場","九州工場","2026/09/28","2026/09/28","26-J0141903-001-771","SP3530XN","1.50","350.0","350.0","300.0","SUS PB 水切","","2","","2026/09/30","福山通運　九州発送","2026/09/30","","完成","倉重","2026/09/30","製造"
"カンサイ　唐津★","九州工場","九州工場","2026/09/29","2026/09/29","26-J0141971-001-771","BE3030XG","1.60","300.0","300.0","300.0","国土 PB 水切","","1","ｱｰｽ さび止め","2026/09/30","福山通運　九州発送","2026/09/30","","完成","坂元","2026/09/30","製造"
"カンサイ　唐津★","九州工場","九州工場","2026/09/29","2026/09/29","26-J0141978-001-771","BE3030XG","1.60","300.0","300.0","300.0","国土 PB 水切","","1","ｱｰｽ さび止め","2026/09/30","福山通運　九州発送","2026/09/30","","完成","坂元","2026/09/30","製造"
"カンサイ　唐津★","九州工場","九州工場","2026/09/29","2026/09/29","26-J0141982-001-771","BE3030XG","1.60","300.0","300.0","300.0","国土 PB 水切","","1","ｱｰｽ さび止め","2026/09/30","福山通運　九州発送","2026/09/30","","完成","坂元","2026/09/30","製造"
"正和電材　佐世保★","九州工場","九州工場","2026/09/29","2026/09/29","26-J0142080-001-771","SE3535WN","1.50","350.0","350.0","350.0","SUS PB 被せ","","3","ｱｰｽ","2026/09/30","佐川急便","2026/09/30","","完成","坂元","2026/09/30","製造"
"東芝電材　岡山★","九州工場","九州工場","2026/09/29","2026/09/29","26-J0142178-001-771","SE5050SN","1.50","500.0","500.0","500.0","SUS PB 平","","1","ｱｰｽ","2026/09/30","福山通運　九州発送","2026/09/30","","完成","坂元","2026/09/30","製造"
"かごしま電工　出水★","九州工場","九州工場","2026/09/29","2026/09/29","26-J0142414-001-771","SP6060WN","1.50","600.0","600.0","600.0","SUS PB 被せ","","1","","2026/09/30","佐川急便","2026/09/30","","完成","坂元","2026/09/30","製造"
"カンサイ　福岡中央★","九州工場","九州工場","2026/09/29","2026/09/29","26-J0142453-001-771","SE4040XN","1.50","400.0","400.0","400.0","SUS PB 水切","","1","ｱｰｽ","2026/09/29","ヤマックス福岡","2026/09/30","","完成","倉重","2026/09/29","製造"
"中国機材設備　本社★","九州工場","九州工場","2026/09/29","2026/09/29","26-J0142638-001-771","SE0000SN","1.50","450.0","400.0","400.0","SUS PBﾄｸ 平","","2","ｱｰｽ","2026/09/30","佐川急便","2026/09/30","","完成","坂元","2026/09/30","製造"
"さくら電機　国分★","九州工場","九州工場","2026/09/29","2026/09/29","26-J0142657-001-771","SP3535WN","1.50","350.0","350.0","350.0","SUS PB 被せ","","1","","2026/09/30","佐川急便","2026/09/30","","完成","倉重","2026/09/30","製造"
"三親電材　岡山★","九州工場","九州工場","2026/09/29","2026/09/29","26-J0142676-001-771","SP0000WN","1.50","500.0","250.0","200.0","SUS PBﾄｸ 被せ","","1","","2026/09/30","福山通運　九州発送","2026/09/30","","完成","倉重","2026/09/30","製造"
"東芝電材　佐賀★","九州工場","九州工場","2026/09/29","2026/09/29","26-J0142778-001-771","SE0000WN","1.50","500.0","200.0","300.0","SUS PBﾄｸ 被せ","","1","ｱｰｽ　","2026/09/30","佐川急便","2026/09/30","","完成","坂元","2026/09/30","製造"
"東芝電材　佐賀★","九州工場","九州工場","2026/09/29","2026/09/29","26-J0142778-002-771","SE0000WN","1.50","500.0","200.0","200.0","SUS PBﾄｸ 被せ","","1","ｱｰｽ　","2026/09/30","佐川急便","2026/09/30","","完成","坂元","2026/09/30","製造"
"ミューハウス　熊本★","九州工場","九州工場","2026/09/29","2026/09/29","26-J0142910-001-771","SP4030XN","1.50","400.0","400.0","300.0","SUS PB 水切","","1","","2026/09/30","佐川急便","2026/09/30","","ｷｬﾝｾﾙ","林(秀)","2026/09/30","製造"
"中国機材設備　本社★","九州工場","九州工場","2026/09/29","2026/09/29","26-J0142988-001-771","S02050WN","1.50","500.0","500.0","0.0","SUS ふた","","2","被せふた","2026/09/30","佐川急便","2026/09/30","","完成","倉重","2026/09/30","製造"
"ナミデン　山口★","九州工場","九州工場","2026/09/30","2026/09/30","26-J0143329-001-771","BE3520SG","1.60","350.0","350.0","200.0","国土 PB 平","","1","ｱｰｽ さび止め","2026/09/30","福山通運　九州発送","2026/09/30","","完成","倉重","2026/09/30","製造"
"Q-mast　電気グル－プ★","九州工場","九州工場","2026/09/30","2026/09/30","26-J0143388-001-771","MAMEK","0.00","0.0","0.0","0.0","補修塗料 豆缶","","2","さびどめ","2026/09/30","佐川急便","2026/09/30","","完成","倉重","","製造"
"ｹｲ･ｴｽ･ﾃﾞｰ　鹿児島★","九州工場","九州工場","2026/08/24","2026/08/24","26-J0114154-001-771","ZE0000W","2.30","200.0","200.0","100.0","ZN PBﾄｸ 被せ","","25","ｱｰｽ φ12x2","2026/09/29","福山通運　九州発送","2026/10/01","","完成","倉重","2026/09/10","製造"
"ｹｲ･ｴｽ･ﾃﾞｰ　鹿児島★","九州工場","九州工場","2026/08/24","2026/08/24","26-J0114154-002-771","ZE0000W","2.30","200.0","200.0","100.0","ZN PBﾄｸ 被せ","","24","ｱｰｽ φ12x2","2026/09/30","福山通運　九州発送","2026/10/01","","完成","倉重","2026/09/11","製造"
"カンサイ西九州社　佐世保★","九州工場","九州工場","2026/08/28","2026/08/28","26-J0119088-039-771","ZE0000X","2.30","300.0","300.0","300.0","ZN PBﾄｸ 水切","","1","HDZT49 ｱｰｽ 穴加工 RPB-A","2026/09/30","福山通運　九州発送","2026/10/01","","完成","倉重","2026/09/11","製造"
"カンサイ西九州社　佐世保★","九州工場","九州工場","2026/08/28","2026/08/28","26-J0119088-041-771","ZE0000X","3.20","400.0","400.0","300.0","ZN PBﾄｸ 水切","","1","◆HDZT49 ｱｰｽ 穴加工 RPB-C","2026/09/30","福山通運　九州発送","2026/10/01","","完成","倉重","2026/09/11","製造"
"カンサイ西九州社　佐世保★","九州工場","九州工場","2026/08/28","2026/08/28","26-J0119088-040-771","ZE0000X","3.20","400.0","400.0","300.0","ZN PBﾄｸ 水切","","1","◆HDZT49 ｱｰｽ 穴加工 RPB-B","2026/09/30","福山通運　九州発送","2026/10/01","","完成","倉重","2026/09/11","製造"
"光電商会","九州工場","九州工場","2026/09/01","2026/09/01","26-J0120699-001-771","SE4020XC","1.50","400.0","400.0","200.0","SUS PB 水切 焼付","2.5Y9/1","2","ｱｰｽ","2026/09/18","イトカツ","2026/10/01","2026/09/18","完成","古川","2026/09/15","製造"
"光電商会","九州工場","九州工場","2026/09/01","2026/09/01","26-J0120699-002-771","SE0000XC","1.50","600.0","300.0","200.0","SUS PBﾄｸ 水切 焼付","2.5Y9/1","1","ｱｰｽ","2026/09/18","イトカツ","2026/10/01","2026/09/18","完成","古川","2026/09/15","製造"
"丸井産業　岡山★","九州工場","九州工場","2026/09/07","2026/09/07","26-J0125006-001-771","ACD0000N","2.00","500.0","300.0","3,000.0","ｱﾙﾏｲﾄｸﾘｱ ﾀﾞｸﾄ","","1","2分割･ｱﾝｸﾞﾙ補強･ｱｰｽ･支持棒･ｾﾊﾟﾚｰﾀ","2026/10/01","福山通運　九州発送","2026/10/01","","完成","樋口","2026/10/01","製造"
"丸井産業　岡山★","九州工場","九州工場","2026/09/07","2026/09/07","26-J0125006-003-771","ACD0000N","2.00","500.0","500.0","1,000.0","ｱﾙﾏｲﾄｸﾘｱ ﾀﾞｸﾄ","","1","ｱﾝｸﾞﾙ補強･ｱｰｽ･支持棒･ｾﾊﾟﾚｰﾀ","2026/10/01","福山通運　九州発送","2026/10/01","","完成","樋口","2026/10/01","製造"
"東芝電材　小倉★","九州工場","九州工場","2026/09/07","2026/09/07","26-J0125893-001-771","ZG0000","0.00","1,000.0","2,250.0","365.0","ZN 架台","","1","L50x50x6t  平蓋2.3t","2026/09/30","営業配達","2026/10/01","","完成","坂元","2026/09/18","製造"
"日新電機システム","九州工場","九州工場","2026/09/08","2026/09/08","26-J0127441-002-771","BDC0000C","1.60","600.0","200.0","590.0","国土 ﾀﾞｸﾄｶﾊﾞｰ 焼付","色見本(2.5Y9/1)","1","平蓋 ｱﾝｸﾞﾙ ﾌﾞﾗﾝｸ 取付穴","2026/09/25","イトカツ","2026/10/01","2026/09/25","完成","古川","2026/09/17","製造"
"日新電機システム","九州工場","九州工場","2026/09/08","2026/09/08","26-J0127441-001-771","BDC0000C","1.60","1,000.0","250.0","590.0","国土 ﾀﾞｸﾄｶﾊﾞｰ 焼付","色見本(2.5Y9/1)","1","平蓋2分割 ｱﾝｸﾞﾙ ﾌﾞﾗﾝｸ 取付穴","2026/09/25","イトカツ","2026/10/01","2026/09/25","完成","古川","2026/09/17","製造"
"日新電機システム","九州工場","九州工場","2026/09/08","2026/09/08","26-J0127441-003-771","BDC0000C","1.60","600.0","200.0","700.0","国土 ﾀﾞｸﾄｶﾊﾞｰ 焼付","色見本(2.5Y9/1)","1","平蓋 ｱﾝｸﾞﾙ ﾌﾞﾗﾝｸ 取付穴","2026/09/25","イトカツ","2026/10/01","2026/09/25","完成","古川","2026/09/17","製造"
"木村電機　玉名★","九州工場","九州工場","2026/09/09","2026/09/09","26-J0128542-002-771","SE0000XN","1.50","400.0","400.0","300.0","SUS PBﾄｸ 水切","","2","ｱｰｽ 底面ｾﾝﾀｰΦ300","2026/10/01","佐川急便","2026/10/01","","完成","樋口","2026/10/01","製造"
"木村電機　玉名★","九州工場","九州工場","2026/09/09","2026/09/09","26-J0128542-003-771","SE0000XN","1.50","400.0","400.0","200.0","SUS PBﾄｸ 水切","","1","ｱｰｽ 底面ｾﾝﾀｰΦ250","2026/10/01","佐川急便","2026/10/01","","完成","樋口","2026/10/01","製造"
"ナミデン　岡山★","九州工場","九州工場","2026/09/11","2026/09/11","26-J0129939-001-771","SE4040SN","1.50","400.0","400.0","400.0","SUS PB 平","","1","ｱｰｽ","2026/10/01","福山通運　九州発送","2026/10/01","","完成","樋口","2026/10/01","製造"
"アサヒ　宜野湾","九州工場","九州工場","2026/09/11","2026/09/11","26-J0130163-001-771","SE0000XC","2.00","900.0","600.0","600.0","SUS PBﾄｸ 水切 焼付","2.5Y9/1","1","(SUS316)ｱｰｽ","2026/10/01","沖縄直送","2026/10/01","","完成","ナム","2026/09/28","製造"
"かごしま電工　南★","九州工場","九州工場","2026/09/11","2026/09/11","26-J0130615-001-771","IE0000SGW","2.30","800.0","800.0","500.0","鉄 PBﾄｸ 平","","2","ｱｰｽ さび止め 内ﾜﾆｽ","2026/09/28","福山通運　九州発送","2026/10/01","","完成","坂元","2026/09/18","製造"
"かごしま電工　南★","九州工場","九州工場","2026/09/11","2026/09/11","26-J0130666-001-771","DE0000XN","1.60","500.0","500.0","400.0","Sﾀﾞｲﾏ PBﾄｸ 水切","","1","ｱｰｽ 内ﾜﾆｽ","2026/09/29","福山通運　九州発送","2026/10/01","","完成","古川","2026/09/24","製造"
"Q-mast　電気グル－プ★","九州工場","九州工場","2026/09/11","2026/09/11","26-J0130706-003-771","DD0000N","1.60","200.0","300.0","725.0","Sﾀﾞｲﾏ ﾀﾞｸﾄ","","1","開口穴　2F用","2026/09/30","ヤマックス　ｽﾎﾟｯﾄ便","2026/10/01","","完成","森田","2026/09/28","製造"
"Q-mast　電気グル－プ★","九州工場","九州工場","2026/09/11","2026/09/11","26-J0130706-002-771","DD0000N","1.60","300.0","200.0","1,480.0","Sﾀﾞｲﾏ ﾀﾞｸﾄ","","1","開口穴　2F用","2026/09/30","ヤマックス　ｽﾎﾟｯﾄ便","2026/10/01","","完成","坂元","2026/09/28","製造"
"Q-mast　電気グル－プ★","九州工場","九州工場","2026/09/11","2026/09/11","26-J0130706-001-771","DD0000N","1.60","200.0","200.0","1,810.0","Sﾀﾞｲﾏ ﾀﾞｸﾄ","","1","開口穴　2F用","2026/09/30","ヤマックス　ｽﾎﾟｯﾄ便","2026/10/01","","完成","古川","2026/09/28","製造"
"Q-mast　電気グル－プ★","九州工場","九州工場","2026/09/11","2026/09/11","26-J0130706-006-771","DD0000N","1.60","200.0","200.0","1,810.0","Sﾀﾞｲﾏ ﾀﾞｸﾄ","","1","開口穴　4F用","2026/09/30","ヤマックス　ｽﾎﾟｯﾄ便","2026/10/01","","完成","古川","2026/09/28","製造"
"Q-mast　電気グル－プ★","九州工場","九州工場","2026/09/11","2026/09/11","26-J0130706-007-771","DD0000N","1.60","300.0","200.0","1,340.0","Sﾀﾞｲﾏ ﾀﾞｸﾄ","","1","開口穴　4F用","2026/09/30","ヤマックス　ｽﾎﾟｯﾄ便","2026/10/01","","完成","森田","2026/09/28","製造"
"Q-mast　電気グル－プ★","九州工場","九州工場","2026/09/11","2026/09/11","26-J0130706-008-771","DD0000N","1.60","200.0","300.0","700.0","Sﾀﾞｲﾏ ﾀﾞｸﾄ","","1","開口穴　4F用","2026/09/30","ヤマックス　ｽﾎﾟｯﾄ便","2026/10/01","","完成","古川","2026/09/28","製造"
"Q-mast　電気グル－プ★","九州工場","九州工場","2026/09/11","2026/09/11","26-J0130706-011-771","DD0000N","1.60","300.0","200.0","1,340.0","Sﾀﾞｲﾏ ﾀﾞｸﾄ","","1","開口穴　6F用","2026/09/30","ヤマックス　ｽﾎﾟｯﾄ便","2026/10/01","","完成","森田","2026/09/28","製造"
"Q-mast　電気グル－プ★","九州工場","九州工場","2026/09/11","2026/09/11","26-J0130706-012-771","DD0000N","1.60","200.0","200.0","160.0","Sﾀﾞｲﾏ ﾀﾞｸﾄ","","1","開口穴　ツバ付き　6F用","2026/09/30","ヤマックス　ｽﾎﾟｯﾄ便","2026/10/01","","完成","古川","2026/09/28","製造"
"Q-mast　電気グル－プ★","九州工場","九州工場","2026/09/11","2026/09/11","26-J0130706-013-771","DD0000N","1.60","200.0","300.0","700.0","Sﾀﾞｲﾏ ﾀﾞｸﾄ","","1","開口穴　6F用","2026/09/30","ヤマックス　ｽﾎﾟｯﾄ便","2026/10/01","","完成","坂元","2026/09/28","製造"
"Q-mast　電気グル－プ★","九州工場","九州工場","2026/09/11","2026/09/11","26-J0130768-010-771","ZG0000","0.00","100.0","50.0","1,810.0","ZN 架台","","1","穴加工　C100x50x5x7.5　4F用","2026/09/30","ヤマックス　ｽﾎﾟｯﾄ便","2026/10/01","","完成","倉重","2026/09/16","製造"
"Q-mast　電気グル－プ★","九州工場","九州工場","2026/09/11","2026/09/11","26-J0130768-004-771","ZG0000","0.00","1,025.0","1,480.0","500.0","ZN 架台","","1","穴加工　C100x50x5x7.5 　2F用","2026/09/30","ヤマックス　ｽﾎﾟｯﾄ便","2026/10/01","","完成","倉重","2026/09/16","製造"
"Q-mast　電気グル－プ★","九州工場","九州工場","2026/09/11","2026/09/11","26-J0130768-005-771","ZG0000","0.00","100.0","50.0","1,810.0","ZN 架台","","1","穴加工　C100x50x5x7.5　　2F用","2026/09/30","ヤマックス　ｽﾎﾟｯﾄ便","2026/10/01","","完成","倉重","2026/09/16","製造"
"Q-mast　電気グル－プ★","九州工場","九州工場","2026/09/11","2026/09/11","26-J0130768-009-771","ZG0000","0.00","960.0","1,340.0","500.0","ZN 架台","","1","穴加工　C100x50x5x7.5　4F用","2026/09/30","ヤマックス　ｽﾎﾟｯﾄ便","2026/10/01","","完成","倉重","2026/09/16","製造"
"Q-mast　電気グル－プ★","九州工場","九州工場","2026/09/11","2026/09/11","26-J0130768-014-771","ZG0000","0.00","960.0","1,340.0","500.0","ZN 架台","","1","穴加工　C100x50x5x7.5 6F用","2026/09/30","ヤマックス　ｽﾎﾟｯﾄ便","2026/10/01","","完成","倉重","2026/09/16","製造"
"三共電気　東★","九州工場","九州工場","2026/09/11","2026/09/11","26-J0130900-001-771","DKS0000N","1.60","1,100.0","200.0","500.0","Sﾀﾞｲﾏ 貫通ｽﾘｰﾌﾞ","","2","平蓋","2026/10/01","福山通運　九州発送","2026/10/01","","完成","坂元","2026/10/01","製造"
"ナミデン　山口★","九州工場","九州工場","2026/09/15","2026/09/15","26-J0132858-001-771","ZE0000XA","3.20","800.0","800.0","600.0","ZN PBﾄｸ 水切","","2","◆ ｱｰｽ 足付L4x50(φ12)x6","2026/10/01","福山通運　九州発送","2026/10/01","","完成","金光","2026/09/18","製造"
"ナミデン　山口★","九州工場","九州工場","2026/09/15","2026/09/15","26-J0132870-001-771","ZE5050X2A","2.30","500.0","500.0","500.0","ZN PB 水切","","1","ｱｰｽ 足付L4x50(φ12)x4","2026/09/30","福山通運　九州発送","2026/10/01","","完成","倉重","2026/09/18","製造"
"デンザイ東亜　本社★","九州工場","九州工場","2026/09/15","2026/09/15","26-J0133012-006-771","SD0000N","1.50","300.0","200.0","2,400.0","SUS ﾀﾞｸﾄ","","1","カブセ蓋　ｱｰｽ付　ケーブル支持材付　D-3　直線","2026/09/30","福山通運　九州発送","2026/10/01","","完成","樋口","2026/09/30","製造"
"米良電機　宮崎★","九州工場","九州工場","2026/09/15","2026/09/15","26-J0133534-003-771","BE3020SC","1.60","300.0","300.0","200.0","国土 PB 平 焼付","2.5Y9/1 近似色","3","ｱｰｽ","2026/09/29","福山通運　九州発送","2026/10/01","","ｷｬﾝｾﾙ","林(秀)","","加工"
"米良電機　宮崎★","九州工場","九州工場","2026/09/15","2026/09/15","26-J0133534-008-771","SE2515XC","1.50","250.0","250.0","150.0","SUS PB 水切 焼付","2.5Y9/1 近似色","2","ｱｰｽ","2026/10/01","福山通運　九州発送","2026/10/01","","完成","古川","2026/09/28","製造"
"米良電機　宮崎★","九州工場","九州工場","2026/09/15","2026/09/15","26-J0133534-007-771","BE2520SC","1.60","250.0","250.0","200.0","国土 PB 平 焼付","2.5Y9/1 近似色","6","ｱｰｽ","2026/10/01","福山通運　九州発送","2026/10/01","","完成","古川","2026/09/28","製造"
"米良電機　宮崎★","九州工場","九州工場","2026/09/15","2026/09/15","26-J0133534-006-771","BE1515SC","1.60","150.0","150.0","150.0","国土 PB 平 焼付","2.5Y9/1 近似色","7","ｱｰｽ","2026/09/30","福山通運　九州発送","2026/10/01","","完成","古川","2026/09/25","製造"
"米良電機　宮崎★","九州工場","九州工場","2026/09/15","2026/09/15","26-J0133534-005-771","BE2020SC","1.60","200.0","200.0","200.0","国土 PB 平 焼付","2.5Y9/1 近似色","4","ｱｰｽ","2026/09/29","福山通運　九州発送","2026/10/01","","ｷｬﾝｾﾙ","林(秀)","","加工"
"米良電機　宮崎★","九州工場","九州工場","2026/09/15","2026/09/15","26-J0133534-004-771","SE3020XC","1.50","300.0","300.0","200.0","SUS PB 水切 焼付","2.5Y9/1 近似色","2","ｱｰｽ","2026/09/29","福山通運　九州発送","2026/10/01","","ｷｬﾝｾﾙ","林(秀)","","加工"
"米良電機　宮崎★","九州工場","九州工場","2026/09/15","2026/09/15","26-J0133534-002-771","SE1515XC","1.50","150.0","150.0","150.0","SUS PB 水切 焼付","2.5Y9/1 近似色","5","ｱｰｽ","2026/09/28","福山通運　九州発送","2026/10/01","","ｷｬﾝｾﾙ","恒川","2026/09/18","製造"
"米良電機　宮崎★","九州工場","九州工場","2026/09/15","2026/09/15","26-J0133534-001-771","SE2020XC","1.50","200.0","200.0","200.0","SUS PB 水切 焼付","2.5Y9/1 近似色","3","ｱｰｽ","2026/09/25","福山通運　九州発送","2026/10/01","","ｷｬﾝｾﾙ","林(秀)","","加工"
"かごしま電工　奄美★","九州工場","九州工場","2026/09/15","2026/09/15","26-J0133789-001-771","ZST0000","0.00","220.0","0.0","0.0","ZN ｽﾀﾝｼｮﾝ","","2","上部SGP80A(外径φ89.1内径φ80.7) 下部□100　M8押BT","2026/10/01","佐川急便","2026/10/01","","完成","金光","2026/09/24","製造"
"アサヒ　本社","九州工場","九州工場","2026/09/16","2026/09/16","26-J0133825-001-771","DD0000N","1.60","800.0","500.0","2,400.0","Sﾀﾞｲﾏ ﾀﾞｸﾄ","","1","本体･被せ蓋３ ｱｰｽ 支持棒 開口 ｺｰｷﾝｸﾞ代 取付穴","2026/10/01","沖縄直送","2026/10/01","","完成","森田","2026/09/30","製造"
"宮地電機　高知","九州工場","九州工場","2026/09/16","2026/09/16","26-J0134412-002-771","ZE2020X2","2.30","200.0","200.0","200.0","ZN PB 水切","","2","HDZT56 ｱｰｽ","2026/09/30","福山通運　九州発送","2026/10/01","","完成","倉重","2026/09/18","製造"
"宮地電機　高知","九州工場","九州工場","2026/09/16","2026/09/16","26-J0134412-001-771","ZE1510X2","2.30","150.0","150.0","100.0","ZN PB 水切","","7","HDZT56 ｱｰｽ","2026/09/30","福山通運　九州発送","2026/10/01","","完成","倉重","2026/09/18","製造"
"東芝電材　松江★","九州工場","九州工場","2026/09/16","2026/09/16","26-J0134905-001-771","ZE0000XA","2.30","200.0","200.0","200.0","ZN PBﾄｸ 水切","","1","HDZT56 ｱｰｽ 足付L3x40Φ13 穴加工ｱﾘ ｶｯﾌﾟﾘﾝｸﾞ付","2026/10/01","福山通運　九州発送","2026/10/01","","完成","倉重","2026/09/24","製造"
"東芝電材　熊本★","九州工場","九州工場","2026/09/16","2026/09/16","26-J0134956-004-771","ZE6040X3","3.20","600.0","600.0","400.0","ZN PB 水切","","4","HDZT49 ｱｰｽ","2026/10/01","福山通運　九州発送","2026/10/01","","完成","金光","2026/09/24","製造"
"広島電機器材","九州工場","九州工場","2026/09/16","2026/09/16","26-J0135005-001-771","ZE1510X2","2.30","150.0","150.0","100.0","ZN PB 水切","","12","ｱｰｽ","2026/10/01","福山通運　九州発送","2026/10/01","","完成","金光","2026/09/24","製造"
"岡本電機　福山★","九州工場","九州工場","2026/09/17","2026/09/17","26-J0135098-001-771","SDC0000N","1.50","660.0","200.0","250.0","SUS ﾀﾞｸﾄｶﾊﾞｰ","","1","ﾌｰﾄﾞｶﾊﾞｰ 8-φ8 上面傾斜220→200","2026/10/01","福山通運　九州発送","2026/10/01","","完成","樋口","2026/10/01","製造"
"東芝電材　小倉★","九州工場","九州工場","2026/09/17","2026/09/17","26-J0135158-001-771","IC0000C","1.60","2,300.0","150.0","468.0","鉄 ｶﾊﾞｰ 焼付","2.5Y9/1 近似色","1","","2026/09/30","営業配達","2026/10/01","","完成","古川","2026/09/24","製造"
"かごしま電工　国分★","九州工場","九州工場","2026/09/17","2026/09/17","26-J0135307-001-771","IIP0000C","2.30","300.0","120.0","0.0","鉄 ﾌﾟﾚｰﾄ 焼付","2.5Y9/1 近似色","82","φ6x2 ﾜﾆｽ無し","2026/09/30","佐川急便","2026/10/01","","完成","森田","2026/09/24","製造"
"イシグロ　福岡★","九州工場","九州工場","2026/09/17","2026/09/17","26-J0135406-001-771","IG0000G","0.00","2,400.0","760.0","0.0","鉄 架台","","4","さび止め C75x40x5x7","2026/09/30","チャーター便","2026/10/01","","完成","倉重","2026/09/29","製造"
"田中商事　小倉","九州工場","九州工場","2026/09/17","2026/09/17","26-J0135466-004-771","IDC0000C","1.60","700.0","175.0","492.0","鉄 ﾀﾞｸﾄｶﾊﾞｰ 焼付","2.5Y9/1 近似色","1","平蓋　穴加工","2026/09/30","北九州配達","2026/10/01","","完成","白濵","2026/09/25","製造"
"田中商事　小倉","九州工場","九州工場","2026/09/17","2026/09/17","26-J0135466-003-771","IDC0000C","1.60","300.0","420.0","1,007.0","鉄 ﾀﾞｸﾄｶﾊﾞｰ 焼付","2.5Y9/1 近似色","1","平蓋　切欠き有 穴加工","2026/09/30","北九州配達","2026/10/01","","完成","古川","2026/09/25","製造"
"田中商事　小倉","九州工場","九州工場","2026/09/17","2026/09/17","26-J0135466-002-771","IDC0000C","1.60","1,200.0","450.0","624.0","鉄 ﾀﾞｸﾄｶﾊﾞｰ 焼付","2.5Y9/1 近似色","1","平蓋　切欠き有 穴加工 木板付（赤ニス仕上げ）","2026/09/30","北九州配達","2026/10/01","","完成","古川","2026/09/25","製造"
"田中商事　小倉","九州工場","九州工場","2026/09/17","2026/09/17","26-J0135466-001-771","IDC0000C","1.60","600.0","420.0","1,000.0","鉄 ﾀﾞｸﾄｶﾊﾞｰ 焼付","2.5Y9/1 近似色","1","平蓋　切欠き有 穴加工","2026/09/30","北九州配達","2026/10/01","","完成","古川","2026/09/25","製造"
"かごしま電工　南★","九州工場","九州工場","2026/09/17","2026/09/17","26-J0135724-003-771","AKM0000N","0.00","348.0","0.0","0.0","ｱﾙﾐ 金物","","25","L-35X35X3t","2026/10/01","福山通運　九州発送","2026/10/01","","完成","樋口","2026/10/01","製造"
"かごしま電工　南★","九州工場","九州工場","2026/09/17","2026/09/17","26-J0135724-002-771","AKM0000N","0.00","442.0","0.0","0.0","ｱﾙﾐ 金物","","25","L-35X35X3t","2026/10/01","福山通運　九州発送","2026/10/01","","完成","樋口","2026/10/01","製造"
"中国機材設備　本社★","九州工場","九州工場","2026/09/17","2026/09/17","26-J0136036-001-771","II0000C","1.60","400.0","260.0","0.0","鉄 切板 焼付","N9.5 近似色","1","4-φ6","2026/10/01","福山通運　九州発送","2026/10/01","","完成","古川","2026/09/25","製造"
"東芝電材　鹿児島★","九州工場","九州工場","2026/09/18","2026/09/18","26-J0136311-001-771","SE2015XC","1.50","200.0","200.0","150.0","SUS PB 水切 焼付","5Y7/1 近似色","2","ｱｰｽ","2026/10/01","佐川急便","2026/10/01","","完成","古川","","加工"
"アサヒ　中部","九州工場","九州工場","2026/09/18","2026/09/18","26-J0136449-004-771","SDC0000C","1.50","600.0","120.0","568.0","SUS ﾀﾞｸﾄｶﾊﾞｰ 焼付","2.5Y9/1","1","平蓋ｺﾞﾑP　/2L-1下部","2026/10/01","沖縄直送","2026/10/01","","完成","古川","2026/09/28","製造"
"アサヒ　中部","九州工場","九州工場","2026/09/18","2026/09/18","26-J0136449-001-771","SDC0000C","1.50","1,300.0","160.0","687.0","SUS ﾀﾞｸﾄｶﾊﾞｰ 焼付","2.5Y9/1","1","平蓋ｺﾞﾑP２分割　/1L-1上部","2026/10/01","沖縄直送","2026/10/01","","完成","古川","2026/09/28","製造"
"アサヒ　中部","九州工場","九州工場","2026/09/18","2026/09/18","26-J0136449-002-771","SDC0000C","1.50","600.0","160.0","610.0","SUS ﾀﾞｸﾄｶﾊﾞｰ 焼付","2.5Y9/1","1","平蓋ｺﾞﾑP　/1L-1下部","2026/10/01","沖縄直送","2026/10/01","","完成","古川","2026/09/28","製造"
"アサヒ　中部","九州工場","九州工場","2026/09/18","2026/09/18","26-J0136449-003-771","SDC0000C","1.50","400.0","120.0","1,387.0","SUS ﾀﾞｸﾄｶﾊﾞｰ 焼付","2.5Y9/1","1","平蓋ｺﾞﾑP２分割　/2L-2下部","2026/10/01","沖縄直送","2026/10/01","","完成","古川","2026/09/28","製造"
"ウチダ★","九州工場","九州工場","2026/09/18","2026/09/18","26-J0136618-001-771","ZP0000S","3.20","600.0","400.0","200.0","ZN PBﾄｸ 平","","2","","2026/10/01","福山通運　九州発送","2026/10/01","","完成","金光","2026/09/24","製造"
"カンサイ西九州社　諫早★","九州工場","九州工場","2026/09/18","2026/09/18","26-J0137169-001-771","ID0000C","2.30","1,065.0","175.0","958.0","鉄 ﾀﾞｸﾄ 焼付","2.5Y9/1 近似色","1","上面開口915x130 背面開口915x300 下面開口260x80","2026/10/01","福山通運　九州発送","2026/10/01","","完成","ナム","2026/09/28","製造"
"東芝電材　熊本★","九州工場","九州工場","2026/09/18","2026/09/18","26-J0137185-001-771","ZE0000X","3.20","800.0","500.0","500.0","ZN PBﾄｸ 水切","","2","ｱｰｽ 穴加工 A","2026/10/01","福山通運　九州発送","2026/10/01","","完成","金光","2026/09/25","製造"
"東芝電材　熊本★","九州工場","九州工場","2026/09/18","2026/09/18","26-J0137185-002-771","ZE0000X","3.20","800.0","500.0","500.0","ZN PBﾄｸ 水切","","1","ｱｰｽ 穴加工 B","2026/10/01","福山通運　九州発送","2026/10/01","","完成","金光","2026/09/25","製造"
"栗田電機　宇和島★","九州工場","九州工場","2026/09/18","2026/09/18","26-J0137251-001-771","SG0000N","0.00","450.0","175.0","290.0","SUS 架台","","2","ｱﾝｸﾞﾙ PLt6.0 金物付","2026/10/01","福山通運　九州発送","2026/10/01","","完成","坂元","2026/10/01","製造"
"三共電気　本社★","九州工場","九州工場","2026/09/24","2026/09/24","26-J0137291-001-771","IG0000C","0.00","500.0","500.0","500.0","鉄 架台 焼付","N-15 3分艶 近似色","1","穴加工　□50x2.3t","2026/10/01","福山通運　九州発送","2026/10/01","","完成","古川","2026/09/28","製造"
"大洋電材　本社★","九州工場","九州工場","2026/09/24","2026/09/24","26-J0137305-002-771","SE2010XC","1.50","200.0","200.0","100.0","SUS PB 水切 焼付","2.5Y9/1 近似色","1","ｱｰｽ","2026/09/30","北九州配達","2026/10/01","","完成","古川","","加工"
"大洋電材　本社★","九州工場","九州工場","2026/09/24","2026/09/24","26-J0137305-001-771","SE1510XC","1.50","150.0","150.0","100.0","SUS PB 水切 焼付","2.5Y9/1 近似色","3","ｱｰｽ","2026/09/30","北九州配達","2026/10/01","","完成","古川","","加工"
"山電　八幡","九州工場","九州工場","2026/09/24","2026/09/24","26-J0137310-001-771","BE4030SC","1.60","400.0","400.0","300.0","国土 PB 平 焼付","5Y7/1 近似色","1","ｱｰｽ","2026/09/30","北九州配達","2026/10/01","","完成","古川","2026/09/25","製造"
"正二電気　倉敷★","九州工場","九州工場","2026/09/24","2026/09/24","26-J0137494-002-771","IIP0000C","2.30","270.0","265.0","0.0","鉄 ﾌﾟﾚｰﾄ 焼付","2.5Y9/1(近似色)","1","ｽﾀｯﾄﾎﾞﾙﾄ付･開口･穴加工ｱﾘ","2026/10/01","福山通運　九州発送","2026/10/01","","完成","古川","2026/09/28","製造"
"正二電気　倉敷★","九州工場","九州工場","2026/09/24","2026/09/24","26-J0137494-001-771","IIP0000C","2.30","340.0","320.0","0.0","鉄 ﾌﾟﾚｰﾄ 焼付","2.5Y9/1(近似色)","1","ｽﾀｯﾄﾎﾞﾙﾄ付･開口･穴加工ｱﾘ","2026/10/01","福山通運　九州発送","2026/10/01","","完成","古川","2026/09/28","製造"
"東芝電材　霧島★","九州工場","九州工場","2026/09/24","2026/09/24","26-J0137578-002-771","BE1510SCW","1.60","150.0","150.0","100.0","国土 PB 平 焼付","2.5Y9/1 近似色","1","ｱｰｽ  内ﾜﾆｽ","2026/10/01","福山通運　九州発送","2026/10/01","","完成","古川","2026/09/25","製造"
"東芝電材　霧島★","九州工場","九州工場","2026/09/24","2026/09/24","26-J0137578-001-771","SE1510XCW","1.50","150.0","150.0","100.0","SUS PB 水切 焼付","5Y7/1 近似色","1","ｱｰｽ 内ﾜﾆｽ","2026/10/01","福山通運　九州発送","2026/10/01","","完成","古川","2026/09/25","製造"
"平和テクノ　行橋★","九州工場","九州工場","2026/09/24","2026/09/24","26-J0137611-001-771","SE2010XC","1.50","200.0","200.0","100.0","SUS PB 水切 焼付","2.5Y9/1 近似色","1","ｱｰｽ","2026/09/30","店頭渡し","2026/10/01","","完成","古川","2026/09/25","製造"
"山陰ﾊﾟﾅｿﾆｯｸ　出雲★","九州工場","九州工場","2026/09/24","2026/09/24","26-J0137622-001-771","BD0000C","1.60","200.0","150.0","450.0","国土 ﾀﾞｸﾄ 焼付","N1(近似色)","1","ｱｰｽ","2026/10/01","福山通運　九州発送","2026/10/01","","完成","古川","2026/09/28","製造"
"東芝電材　城南★","九州工場","九州工場","2026/09/24","2026/09/24","26-J0137951-002-771","SE3020XC","1.50","300.0","300.0","200.0","SUS PB 水切 焼付","2.5Y9/1 近似色","2","ｱｰｽ","2026/09/30","ヤマックス福岡","2026/10/01","","完成","森田","","加工"
"東芝電材　城南★","九州工場","九州工場","2026/09/24","2026/09/24","26-J0137951-001-771","BE3020SC","1.60","300.0","300.0","200.0","国土 PB 平 焼付","2.5Y9/1 近似色","2","ｱｰｽ","2026/09/30","ヤマックス福岡","2026/10/01","","完成","森田","","加工"
"大洋電材　本社★","九州工場","九州工場","2026/09/24","2026/09/24","26-J0138020-001-771","SE0000XC","1.50","700.0","600.0","400.0","SUS PBﾄｸ 水切 焼付","5Y7/1 近似色","1","ｱｰｽ","2026/09/30","北九州配達","2026/10/01","","完成","古川","2026/09/25","製造"
"カンサイ九州昭和　北九州★","九州工場","九州工場","2026/09/24","2026/09/24","26-J0138174-004-771","IG0000G","1.60","1,000.0","160.0","315.0","鉄 架台","","1","さび止め   D","2026/09/30","北九州配達","2026/10/01","","完成","倉重","2026/09/29","製造"
"カンサイ九州昭和　北九州★","九州工場","九州工場","2026/09/24","2026/09/24","26-J0138174-003-771","IG0000G","1.60","1,000.0","500.0","100.0","鉄 架台","","1","さび止め   C","2026/09/30","北九州配達","2026/10/01","","完成","坂元","2026/09/29","製造"
"カンサイ九州昭和　北九州★","九州工場","九州工場","2026/09/24","2026/09/24","26-J0138174-002-771","IG0000G","1.60","600.0","160.0","315.0","鉄 架台","","1","さび止め   B","2026/09/30","北九州配達","2026/10/01","","完成","坂元","2026/09/29","製造"
"カンサイ九州昭和　北九州★","九州工場","九州工場","2026/09/24","2026/09/24","26-J0138174-001-771","IG0000G","1.60","600.0","500.0","100.0","鉄 架台","","1","さび止め   A","2026/09/30","北九州配達","2026/10/01","","完成","坂元","2026/09/29","製造"
"カンサイ南九州社★","九州工場","九州工場","2026/09/24","2026/09/24","26-J0138292-001-771","BE4030SCW","1.60","400.0","400.0","300.0","国土 PB 平 焼付","2.5Y9/1 近似色","2","ｱｰｽ  内ﾜﾆｽ","2026/10/01","佐川急便","2026/10/01","","完成","古川","2026/09/25","製造"
"タツミ電材　佐賀本社★","九州工場","九州工場","2026/09/24","2026/09/24","26-J0138324-001-771","IDC0000C","1.60","300.0","130.0","243.0","鉄 ﾀﾞｸﾄｶﾊﾞｰ 焼付","2.5Y9/1 近似色","1","平蓋 φ6x4","2026/10/01","佐川急便","2026/10/01","","完成","古川","2026/09/28","製造"
"菱栄電材★","九州工場","九州工場","2026/09/24","2026/09/24","26-J0138367-001-771","IIP0000C","1.60","200.0","200.0","0.0","鉄 ﾌﾟﾚｰﾄ 焼付","2.5Y9/1 近似色","1","φ5x4","2026/10/01","福山通運　九州発送","2026/10/01","","完成","古川","2026/09/25","製造"
"三和電気商会★","九州工場","九州工場","2026/09/24","2026/09/24","26-J0138384-001-771","I02020SC","1.60","200.0","200.0","0.0","鉄 ふた 焼付","N9.5(近似色)","5","平ふた","2026/10/01","福山通運　九州発送","2026/10/01","","完成","古川","2026/09/28","製造"
"三親電材　水島(営業課)★","九州工場","九州工場","2026/09/24","2026/09/24","26-J0138779-001-771","IP0000SGP","1.60","200.0","200.0","200.0","鉄 PBﾄｸ 平","","5","さび止め ｺﾞﾑﾊﾟｯｷﾝ付 外耳20 M6BN締","2026/10/01","福山通運　九州発送","2026/10/01","","完成","倉重","2026/10/01","製造"
"三親電材　水島(営業課)★","九州工場","九州工場","2026/09/24","2026/09/24","26-J0138779-002-771","IP0000SGP","1.60","300.0","300.0","200.0","鉄 PBﾄｸ 平","","1","さび止め ｺﾞﾑﾊﾟｯｷﾝ付 外耳20 M6BN締","2026/10/01","福山通運　九州発送","2026/10/01","","完成","倉重","2026/10/01","製造"
"三親電材　水島★","九州工場","九州工場","2026/09/24","2026/09/24","26-J0139072-001-771","II0000C","1.60","600.0","400.0","0.0","鉄 切板 焼付","L25-90B","1","吊穴8ﾊﾟｲx2ヶ所ご了承済","2026/10/01","福山通運　九州発送","2026/10/01","","完成","古川","2026/09/28","製造"
"東芝電材　唐津★","九州工場","九州工場","2026/09/24","2026/09/24","26-J0139147-007-771","ID0000C","1.60","600.0","150.0","1,670.0","鉄 ﾀﾞｸﾄ 焼付","N-10 近似色","1","アース 穴加工　平蓋２分割","2026/10/01","福山通運　九州発送","2026/10/01","","完成","古川","2026/09/29","製造"
"東芝電材　唐津★","九州工場","九州工場","2026/09/24","2026/09/24","26-J0139147-006-771","ID0000C","1.60","600.0","150.0","2,000.0","鉄 ﾀﾞｸﾄ 焼付","N-10 近似色","1","アース 穴加工　平蓋２分割","2026/10/01","福山通運　九州発送","2026/10/01","","完成","古川","2026/09/29","製造"
"東芝電材　唐津★","九州工場","九州工場","2026/09/24","2026/09/24","26-J0139149-005-771","ID0000C","1.60","500.0","150.0","1,270.0","鉄 ﾀﾞｸﾄ 焼付","N-10 近似色","1","アース 穴加工　平蓋","2026/10/01","福山通運　九州発送","2026/10/01","","完成","古川","2026/09/28","製造"
"東芝電材　唐津★","九州工場","九州工場","2026/09/24","2026/09/24","26-J0139149-004-771","ID0000C","1.60","500.0","150.0","2,000.0","鉄 ﾀﾞｸﾄ 焼付","N-10 近似色","1","アース 穴加工　平蓋２分割","2026/10/01","福山通運　九州発送","2026/10/01","","完成","古川","2026/09/28","製造"
"東芝電材　熊本★","九州工場","九州工場","2026/09/25","2026/09/25","26-J0139185-001-771","SE2010XC","1.50","200.0","200.0","100.0","SUS PB 水切 焼付","10R6/4 近似色","1","ｱｰｽ","2026/10/01","佐川急便","2026/10/01","","完成","古川","","加工"
"東芝電材　大牟田★","九州工場","九州工場","2026/09/25","2026/09/25","26-J0139197-002-771","BE2015SC","1.60","200.0","200.0","150.0","国土 PB 平 焼付","2.5Y9/1 近似色","1","ｱｰｽ","2026/10/01","佐川急便","2026/10/01","","完成","古川","","加工"
"東芝電材　大牟田★","九州工場","九州工場","2026/09/25","2026/09/25","26-J0139197-001-771","BE2515SC","1.60","250.0","250.0","150.0","国土 PB 平 焼付","2.5Y9/1 近似色","2","ｱｰｽ","2026/10/01","佐川急便","2026/10/01","","完成","古川","2026/09/28","製造"
"米良電機　宮崎★","九州工場","九州工場","2026/09/25","2026/09/25","26-J0139365-002-771","SE1510XC","1.50","150.0","150.0","100.0","SUS PB 水切 焼付","2.5Y9/1 近似色","8","ｱｰｽ","2026/10/01","佐川急便","2026/10/01","","完成","古川","2026/09/28","製造"
"Q-mast　電気グル－プ★","九州工場","九州工場","2026/09/25","2026/09/25","26-J0139375-001-771","IDC0000C","1.60","1,400.0","250.0","395.0","鉄 ﾀﾞｸﾄｶﾊﾞｰ 焼付","2.5Y9/1 近似色","1","平蓋2分割","2026/10/01","福山通運　九州発送","2026/10/01","","完成","古川","2026/09/29","製造"
"田中商事　熊本","九州工場","九州工場","2026/09/25","2026/09/25","26-J0139399-002-771","IIP0000C","1.60","800.0","500.0","0.0","鉄 ﾌﾟﾚｰﾄ 焼付","5Y7/1 近似色","3","φ6x4","2026/10/01","佐川急便","2026/10/01","","完成","古川","2026/09/28","製造"
"シンセイ　広島第二★","九州工場","九州工場","2026/09/25","2026/09/25","26-J0139406-001-771","BE3020SC","1.60","300.0","300.0","200.0","国土 PB 平 焼付","5Y7/1 近似色","2","ｱｰｽ","2026/10/01","福山通運　九州発送","2026/10/01","","完成","古川","","加工"
"Q-mast　電気グル－プ★","九州工場","九州工場","2026/09/25","2026/09/25","26-J0139423-001-771","IG0000G","0.00","300.0","2,000.0","0.0","鉄 架台","","13","L50x50x6　さび止め  精錬棟1階ﾚｰｽｳｪｲ架台 材料置場2","2026/09/30","ヤマックス　ｽﾎﾟｯﾄ便","2026/10/01","","完成","倉重","2026/09/29","製造"
"巴電業　広島★","九州工場","九州工場","2026/09/25","2026/09/25","26-J0139477-001-771","SE1010SC","1.50","100.0","100.0","100.0","SUS PB 平 焼付","2.5Y9/1 近似色","6","ｱｰｽ","2026/10/01","福山通運　九州発送","2026/10/01","","完成","古川","2026/09/28","製造"
"興陽電機　岩国★","九州工場","九州工場","2026/09/25","2026/09/25","26-J0139850-001-771","IMK0000G","1.60","437.0","437.0","20.0","鉄 曲金物","","1","さび止め 12-φ8 防虫網0.4x20ﾒｯｼｭ","2026/10/01","福山通運　九州発送","2026/10/01","","完成","倉重","2026/09/30","製造"
"興陽電機　中津★","九州工場","九州工場","2026/09/25","2026/09/25","26-J0139922-001-771","IIP0000C","2.30","360.0","240.0","0.0","鉄 ﾌﾟﾚｰﾄ 焼付","5Y7/1 近似色","4","開口268x159 8-φ7","2026/10/01","福山通運　九州発送","2026/10/01","","完成","古川","2026/09/28","製造"
"興陽電機　中津★","九州工場","九州工場","2026/09/25","2026/09/25","26-J0139922-002-771","IIP0000C","2.30","360.0","285.0","0.0","鉄 ﾌﾟﾚｰﾄ 焼付","5Y7/1 近似色","1","開口268x159 8-φ7","2026/10/01","福山通運　九州発送","2026/10/01","","完成","古川","2026/09/28","製造"
"平和テクノ　下関★","九州工場","九州工場","2026/09/28","2026/09/28","26-J0140668-001-771","IPA0000G","0.00","330.0","0.0","0.0","鉄 ﾎﾟｰﾙｱﾀﾞﾌﾟﾀｰ","","6","さび止め φ89.1 φ60.5","2026/09/30","福山通運　九州発送","2026/10/01","","完成","坂元","2026/09/29","製造"
"山陰ﾊﾟﾅｿﾆｯｸ　鳥取★","九州工場","九州工場","2026/09/28","2026/09/28","26-J0140696-001-771","SE0000XN","1.50","600.0","250.0","300.0","SUS PBﾄｸ 水切","","1","ｱｰｽ","2026/10/01","福山通運　九州発送","2026/10/01","","完成","井上","2026/10/01","製造"
"Q-mast　電気グル－プ★","九州工場","九州工場","2026/09/28","2026/09/28","26-J0140822-001-771","DIP0000N","1.60","1,688.0","305.0","0.0","Sﾀﾞｲﾏ ﾌﾟﾚｰﾄ","","1","穴加工　ダルマ穴","2026/09/30","ヤマックス　ｽﾎﾟｯﾄ便","2026/10/01","","完成","古川","2026/09/30","製造"
"Q-mast　電気グル－プ★","九州工場","九州工場","2026/09/28","2026/09/28","26-J0140822-002-771","DIP0000N","1.60","501.0","260.0","0.0","Sﾀﾞｲﾏ ﾌﾟﾚｰﾄ","","1","穴加工　ダルマ穴","2026/09/30","ヤマックス　ｽﾎﾟｯﾄ便","2026/10/01","","完成","坂元","2026/09/30","製造"
"カンサイ　福岡南★","九州工場","九州工場","2026/09/28","2026/09/28","26-J0140864-001-771","DDC0000N","1.60","300.0","120.0","600.0","Sﾀﾞｲﾏ ﾀﾞｸﾄｶﾊﾞｰ","","1","平蓋 φ10x6","2026/09/30","ヤマックス福岡","2026/10/01","","完成","坂元","2026/09/30","製造"
"日本電設資材　福岡★","九州工場","九州工場","2026/09/28","2026/09/28","26-J0140914-001-771","IG0000G","0.00","1,255.0","590.0","180.0","鉄 架台","","1","さび止め L65x65x6t ベース6ｔ","2026/10/01","福山通運　九州発送","2026/10/01","","完成","樋口","2026/09/30","製造"
"東芝電材　熊本★","九州工場","九州工場","2026/09/28","2026/09/28","26-J0140921-007-771","DC0000N","2.30","2,000.0","710.0","705.0","Sﾀﾞｲﾏ ｶﾊﾞｰ","","1","/170 L形 切込み開口","2026/10/01","福山通運　九州発送","2026/10/01","","完成","森田","2026/10/01","製造"
"東芝電材　熊本★","九州工場","九州工場","2026/09/28","2026/09/28","26-J0140921-005-771","DC0000N","2.30","1,660.0","700.0","145.0","Sﾀﾞｲﾏ ｶﾊﾞｰ","","1","/140 L形","2026/10/01","福山通運　九州発送","2026/10/01","","完成","森田","2026/10/01","製造"
"東芝電材　熊本★","九州工場","九州工場","2026/09/28","2026/09/28","26-J0140921-001-771","DC0000N","2.30","1,300.0","705.0","140.0","Sﾀﾞｲﾏ ｶﾊﾞｰ","","1","/130 L形","2026/10/01","福山通運　九州発送","2026/10/01","","完成","森田","2026/10/01","製造"
"東芝電材　熊本★","九州工場","九州工場","2026/09/28","2026/09/28","26-J0140921-004-771","DC0000N","2.30","1,660.0","700.0","690.0","Sﾀﾞｲﾏ ｶﾊﾞｰ","","1","/160/145 L形","2026/10/01","福山通運　九州発送","2026/10/01","","完成","森田","2026/10/01","製造"
"東芝電材　熊本★","九州工場","九州工場","2026/09/28","2026/09/28","26-J0140921-003-771","DC0000N","2.30","2,000.0","700.0","695.0","Sﾀﾞｲﾏ ｶﾊﾞｰ","","1","/176/170 L形 切込み開口","2026/10/01","福山通運　九州発送","2026/10/01","","完成","森田","2026/10/01","製造"
"東芝電材　熊本★","九州工場","九州工場","2026/09/28","2026/09/28","26-J0140921-006-771","DC0000N","2.30","2,000.0","710.0","170.0","Sﾀﾞｲﾏ ｶﾊﾞｰ","","1","L形","2026/10/01","福山通運　九州発送","2026/10/01","","完成","森田","2026/10/01","製造"
"東芝電材　熊本★","九州工場","九州工場","2026/09/28","2026/09/28","26-J0140921-008-771","DC0000N","2.30","2,000.0","710.0","705.0","Sﾀﾞｲﾏ ｶﾊﾞｰ","","1","/170 L形 切込み開口","2026/10/01","福山通運　九州発送","2026/10/01","","完成","森田","2026/10/01","製造"
"東芝電材　熊本★","九州工場","九州工場","2026/09/28","2026/09/28","26-J0140921-002-771","DC0000N","2.30","1,300.0","710.0","705.0","Sﾀﾞｲﾏ ｶﾊﾞｰ","","1","/150 L形 切込み開口","2026/10/01","福山通運　九州発送","2026/10/01","","完成","森田","2026/10/01","製造"
"中国機材設備　北★","九州工場","九州工場","2026/09/28","2026/09/28","26-J0141114-001-771","SDC0000N","2.00","1,030.0","200.0","750.0","SUS ﾀﾞｸﾄｶﾊﾞｰ","","1","平蓋パッキン付　","2026/10/01","佐川急便","2026/10/01","","完成","坂元","2026/10/01","製造"
"越智電機産業　今治★","九州工場","九州工場","2026/09/28","2026/09/28","26-J0141192-001-771","BE0000SG","1.60","300.0","300.0","300.0","国土 PBﾄｸ 平","","1","ｱｰｽ さび止め L型ｾﾊﾟﾚｰﾀ","2026/10/01","福山通運　九州発送","2026/10/01","","完成","倉重","2026/09/30","製造"
"三和電気商会★","九州工場","九州工場","2026/09/28","2026/09/28","26-J0141290-001-771","DP2510SNP","1.60","250.0","250.0","100.0","Sﾀﾞｲﾏ PB 平","","1","ｺﾞﾑﾊﾟｯｷﾝ付","2026/10/01","福山通運　九州発送","2026/10/01","","完成","古川","2026/10/01","製造"
"中西電機　高松本社★","九州工場","九州工場","2026/09/28","2026/09/28","26-J0141292-001-771","SP3520WN","1.50","350.0","350.0","200.0","SUS PB 被せ","","1","","2026/10/01","福山通運　九州発送","2026/10/01","","完成","樋口","2026/10/01","製造"
"三永興産★","九州工場","九州工場","2026/09/28","2026/09/28","26-J0141304-001-771","SE0000WN","2.00","800.0","800.0","800.0","SUS PBﾄｸ 被せ","","1","ｱｰｽ","2026/10/01","福山通運　九州発送","2026/10/01","","完成","倉重","2026/10/01","製造"
"東芝電材　鹿児島★","九州工場","九州工場","2026/09/28","2026/09/28","26-J0141402-001-771","SE6060XNW","1.50","600.0","600.0","600.0","SUS PB 水切","","1","ｱｰｽ 内ﾜﾆｽ","2026/10/01","佐川急便","2026/10/01","","完成","倉重","2026/09/30","製造"
"木村電機　本社★","九州工場","九州工場","2026/09/28","2026/09/28","26-J0141734-001-771","30PLA","0.00","0.0","0.0","0.0","補修塗料 筆付","N9.5 近似色","1","ﾌﾟﾗ30ml","2026/09/29","佐川急便","2026/10/01","","完成","古川","","製造"
"三親電材　岡山★","九州工場","九州工場","2026/09/28","2026/09/28","26-J0141740-001-771","SIP0000N","2.00","400.0","400.0","0.0","SUS ﾌﾟﾚｰﾄ","","2","穴加工ｱﾘ","2026/10/01","福山通運　九州発送","2026/10/01","","完成","樋口","2026/10/01","製造"
"三親電材　鳥取★","九州工場","九州工場","2026/09/28","2026/09/28","26-J0141875-001-771","SE0000XN","1.50","500.0","300.0","300.0","SUS PBﾄｸ 水切","","1","ｱｰｽ ｾﾊﾟﾚｰﾀｰ315：185","2026/10/01","福山通運　九州発送","2026/10/01","","完成","樋口","2026/10/01","製造"
"栗田電機　松山★","九州工場","九州工場","2026/09/28","2026/09/28","26-J0141967-001-771","SDC0000N","1.50","500.0","200.0","600.0","SUS ﾀﾞｸﾄｶﾊﾞｰ","","1","蓋無本体のみ","2026/10/01","福山通運　九州発送","2026/10/01","","完成","樋口","2026/10/01","製造"
"ナミデン　福岡★","九州工場","九州工場","2026/09/29","2026/09/29","26-J0142021-001-771","DIP0000N","1.60","1,300.0","443.0","0.0","Sﾀﾞｲﾏ ﾌﾟﾚｰﾄ","","1","","2026/10/01","福山通運　九州発送","2026/10/01","","完成","古川","2026/10/01","製造"
"大洋電材　本社★","九州工場","九州工場","2026/09/29","2026/09/29","26-J0142318-001-771","SP0000WN","1.50","500.0","400.0","300.0","SUS PBﾄｸ 被せ","","1","","2026/09/30","北九州配達","2026/10/01","","完成","坂元","2026/09/30","製造"
"平岡電気　久留米★","九州工場","九州工場","2026/09/29","2026/09/29","26-J0142432-001-771","SE0000WN","2.00","800.0","800.0","600.0","SUS PBﾄｸ 被せ","","1","ｱｰｽ","2026/10/01","福山通運　九州発送","2026/10/01","","完成","坂元","2026/10/01","製造"
"東芝電材　福岡西★","九州工場","九州工場","2026/09/29","2026/09/29","26-J0142558-001-771","SI0000H","1.50","330.0","140.0","0.0","SUS 切板","","4","ﾍｱﾗｲﾝ","2026/09/30","ヤマックス福岡","2026/10/01","","完成","倉重","2026/09/30","製造"
"山陰ﾊﾟﾅｿﾆｯｸ　鳥取★","九州工場","九州工場","2026/09/29","2026/09/29","26-J0142560-003-771","BE3020WG","1.60","300.0","300.0","200.0","国土 PB 被せ","","2","ｱｰｽ さび止め","2026/10/01","福山通運　九州発送","2026/10/01","","完成","倉重","2026/09/30","製造"
"誠新産業　長崎★","九州工場","九州工場","2026/09/29","2026/09/29","26-J0142628-001-771","IIP0000N","1.60","1,100.0","400.0","0.0","鉄 ﾌﾟﾚｰﾄ","","4","生地 キリカギ曲げ加工あり","2026/10/01","佐川急便","2026/10/01","","完成","倉重","2026/10/01","製造"
"平岡電気　福岡東★","九州工場","九州工場","2026/09/29","2026/09/29","26-J0142678-001-771","SP4040SN","1.50","400.0","400.0","400.0","SUS PB 平","","1","","2026/09/30","ヤマックス福岡","2026/10/01","","完成","井上","2026/09/30","製造"
"シンセイ　広島第一★","九州工場","九州工場","2026/09/29","2026/09/29","26-J0142740-002-771","SE0000WN","1.50","600.0","400.0","300.0","SUS PBﾄｸ 被せ","","1","ｱｰｽ","2026/10/01","福山通運　九州発送","2026/10/01","","完成","樋口","2026/10/01","製造"
"シンセイ　広島第一★","九州工場","九州工場","2026/09/29","2026/09/29","26-J0142740-001-771","SE0000WN","1.50","700.0","500.0","300.0","SUS PBﾄｸ 被せ","","1","ｱｰｽ","2026/10/01","福山通運　九州発送","2026/10/01","","完成","樋口","2026/10/01","製造"
"平岡電気　福岡東★","九州工場","九州工場","2026/09/29","2026/09/29","26-J0142800-001-771","SP4040SN","1.50","400.0","400.0","400.0","SUS PB 平","","1","","2026/09/30","ヤマックス福岡","2026/10/01","","完成","井上","2026/09/30","製造"
"東芝電材　小倉★","九州工場","九州工場","2026/09/29","2026/09/29","26-J0142817-001-771","SE0000WN","1.50","400.0","250.0","200.0","SUS PBﾄｸ 被せ","","3","ｱｰｽ","2026/09/30","北九州配達","2026/10/01","","完成","倉重","2026/09/30","製造"
"かごしま電工　川内★","九州工場","九州工場","2026/09/29","2026/09/29","26-J0142871-001-771","IP0000SG","2.30","150.0","150.0","150.0","鉄 PBﾄｸ 平","","1","SS400  さび止め","2026/10/01","佐川急便","2026/10/01","","完成","倉重","2026/09/30","製造"
"南四国ﾅｼｮﾅﾙ　本社★","九州工場","九州工場","2026/09/29","2026/09/29","26-J0142939-001-771","SE0000XN","1.50","450.0","450.0","300.0","SUS PBﾄｸ 水切","","1","ｱｰｽ","2026/10/01","福山通運　九州発送","2026/10/01","","完成","樋口","2026/10/01","製造"
"カンサイ　日進商会★","九州工場","九州工場","2026/09/29","2026/09/29","26-J0142983-001-771","IIP0000G","2.30","100.0","100.0","0.0","鉄 ﾌﾟﾚｰﾄ","","5","さび止め 穴加工","2026/09/30","北九州配達","2026/10/01","","完成","坂元","2026/09/29","製造"
"東芝電材　倉吉★","九州工場","九州工場","2026/09/29","2026/09/29","26-J0143048-001-771","SE5020XN","1.50","500.0","500.0","200.0","SUS PB 水切","","1","ｱｰｽ","2026/10/01","福山通運　九州発送","2026/10/01","","完成","樋口","2026/10/01","製造"
"東芝電材　八幡★","九州工場","九州工場","2026/09/29","2026/09/29","26-J0143074-001-771","IE5050WG","1.60","500.0","500.0","500.0","鉄 PB 被せ","","1","ｱｰｽ さび止め","2026/09/30","北九州配達","2026/10/01","","完成","坂元","2026/09/30","製造"
"三星商会　岡山★","九州工場","九州工場","2026/09/29","2026/09/29","26-J0143154-001-771","SP0000WN","1.50","150.0","150.0","120.0","SUS PBﾄｸ 被せ","","1","","2026/10/01","福山通運　九州発送","2026/10/01","","完成","樋口","2026/10/01","製造"
"シンセイ　広島第一★","九州工場","九州工場","2026/09/29","2026/09/29","26-J0143216-001-771","SE6040WN","1.50","600.0","600.0","400.0","SUS PB 被せ","","1","ｱｰｽ","2026/10/01","福山通運　九州発送","2026/10/01","","完成","樋口","2026/10/01","製造"
"シンセイ　広島第一★","九州工場","九州工場","2026/09/30","2026/09/30","26-J0143299-001-771","SE0000XN","1.50","700.0","600.0","600.0","SUS PBﾄｸ 水切","","1","ｱｰｽ","2026/10/01","福山通運　九州発送","2026/10/01","","完成","樋口","2026/10/01","製造"
"かごしま電工　出水★","九州工場","九州工場","2026/09/30","2026/09/30","26-J0143363-001-771","IE0000SG","1.60","500.0","300.0","300.0","鉄 PBﾄｸ 平","","1","ｱｰｽ さび止め","2026/10/01","佐川急便","2026/10/01","","完成","倉重","2026/10/01","製造"
"シンセイ　広島第一★","九州工場","九州工場","2026/09/30","2026/09/30","26-J0143467-001-771","SE0000XN","1.50","650.0","600.0","500.0","SUS PBﾄｸ 水切","","1","ｱｰｽ","2026/10/01","福山通運　九州発送","2026/10/01","","完成","倉重","2026/10/01","製造"
"シンセイ　広島第一★","九州工場","九州工場","2026/09/30","2026/09/30","26-J0143480-001-771","SP5030SN","1.50","500.0","500.0","300.0","SUS PB 平","","1","","2026/10/01","福山通運　九州発送","2026/10/01","","ｷｬﾝｾﾙ","林(秀)","2026/10/01","製造"
"ヤシマ電材","九州工場","九州工場","2026/09/30","2026/09/30","26-J0143494-001-771","SP0000SNP","1.50","125.0","125.0","125.0","SUS PBﾄｸ 平","","1","ｺﾞﾑﾊﾟｯｷﾝ付","2026/10/01","福山通運　九州発送","2026/10/01","","完成","樋口","2026/10/01","製造"
"ナミデン　広島★","九州工場","九州工場","2026/09/30","2026/09/30","26-J0143655-001-771","IIP0000G","1.60","350.0","120.0","0.0","鉄 ﾌﾟﾚｰﾄ","","4","φ8x4 さび止め","2026/10/01","佐川急便","2026/10/01","","完成","古川","2026/09/30","製造"
"三星商会　岡山★","九州工場","九州工場","2026/09/30","2026/09/30","26-J0143951-001-771","IP0000SG","1.60","600.0","400.0","200.0","鉄 PBﾄｸ 平","","1","さび止め","2026/10/01","福山通運　九州発送","2026/10/01","","完成","倉重","2026/09/30","製造"
"中国機材設備　本社★","九州工場","九州工場","2026/09/30","2026/09/30","26-J0144069-001-771","SE0000XN","2.00","800.0","400.0","400.0","SUS PBﾄｸ 水切","","1","ｱｰｽ 底開口 穴加工x8","2026/10/01","福山通運　九州発送","2026/10/01","","完成","樋口","2026/10/01","製造"
"木村電機　本社★","九州工場","九州工場","2026/09/30","2026/09/30","26-J0144114-001-771","SP5050SN","1.50","500.0","500.0","500.0","SUS PB 平","","1","","2026/10/01","佐川急便","2026/10/01","","完成","樋口","2026/10/01","製造"
"三永興産★","九州工場","九州工場","2026/09/30","2026/09/30","26-J0144158-002-771","DI0000N","1.60","1,790.0","365.0","0.0","Sﾀﾞｲﾏ 切板","","1","生地","2026/10/01","福山通運　九州発送","2026/10/01","","完成","古川","2026/10/01","製造"
"三永興産★","九州工場","九州工場","2026/09/30","2026/09/30","26-J0144158-001-771","DI0000N","1.60","1,790.0","450.0","0.0","Sﾀﾞｲﾏ 切板","","1","生地","2026/10/01","福山通運　九州発送","2026/10/01","","完成","古川","2026/10/01","製造"
"シンセイ　広島第一★","九州工場","九州工場","2026/09/30","2026/09/30","26-J0144188-001-771","SP4030XN","1.50","400.0","400.0","300.0","SUS PB 水切","","1","座無しｼｰﾙ付","2026/10/01","福山通運　九州発送","2026/10/01","","完成","樋口","2026/10/01","製造"
"シンセイ　広島第二★","九州工場","九州工場","2026/09/30","2026/09/30","26-J0144233-001-771","IP5020SG","1.60","500.0","500.0","200.0","鉄 PB 平","","1","さび止め","2026/10/01","福山通運　九州発送","2026/10/01","","完成","倉重","2026/10/01","製造"
"ｹｲ･ｴｽ･ﾃﾞｰ　熊本★","九州工場","九州工場","2026/09/30","2026/09/30","26-J0144375-001-771","SP0000WN","1.50","200.0","200.0","300.0","SUS PBﾄｸ 被せ","","1","","2026/10/01","佐川急便","2026/10/01","","完成","樋口","2026/10/01","製造"
"シンセイ　広島第一★","九州工場","九州工場","2026/10/01","2026/10/01","26-J0144564-002-771","SE0000SN","1.50","350.0","250.0","200.0","SUS PBﾄｸ 平","","1","ｱｰｽ","2026/10/01","福山通運　九州発送","2026/10/01","","完成","倉重","2026/10/01","製造"
"シンセイ　広島第一★","九州工場","九州工場","2026/10/01","2026/10/01","26-J0144564-001-771","SE5050SN","1.50","500.0","500.0","500.0","SUS PB 平","","2","ｱｰｽ","2026/10/01","福山通運　九州発送","2026/10/01","","完成","坂元","2026/10/01","製造"
"くまもと電設　人吉★","九州工場","九州工場","2026/10/01","2026/10/01","26-J0144787-001-771","BE0000SG","1.60","400.0","400.0","500.0","国土 PBﾄｸ 平","","1","ｱｰｽ さび止め","2026/10/01","福山通運　九州発送","2026/10/01","","完成","樋口","2026/10/01","製造"
"ナミデン　広島★","九州工場","九州工場","2026/10/01","2026/10/01","26-J0144835-001-771","IP0000SG","1.60","250.0","150.0","150.0","鉄 PBﾄｸ 平","","2","さび止め","2026/10/01","佐川急便","2026/10/01","","完成","倉重","2026/10/01","製造"
"日本電設資材　福岡★","九州工場","九州工場","2026/08/20","2026/08/20","26-J0111678-004-771","IG0000G","0.00","215.0","210.0","900.0","鉄 架台","","1","さび止め [150x75x6.5t L65x65x6t QR50用(EPS4)","2026/10/01","ヤマックス福岡","2026/10/02","","完成","倉重","2026/09/28","製造"
"日本電設資材　福岡★","九州工場","九州工場","2026/08/20","2026/08/20","26-J0111678-001-771","IG0000G","0.00","215.0","210.0","1,100.0","鉄 架台","","1","さび止め [150×75×6.5t　L65×65×6t QR70用(EPS1)","2026/10/01","ヤマックス福岡","2026/10/02","","完成","倉重","2026/09/28","製造"
"日本電設資材　福岡★","九州工場","九州工場","2026/08/20","2026/08/20","26-J0111678-002-771","IG0000G","0.00","215.0","210.0","1,100.0","鉄 架台","","1","さび止め [150×75×6.5t　L65×65×6t QR70用(EPS3)","2026/10/01","ヤマックス福岡","2026/10/02","","完成","倉重","2026/09/28","製造"
"日本電設資材　福岡★","九州工場","九州工場","2026/08/20","2026/08/20","26-J0111678-003-771","IG0000G","0.00","215.0","210.0","900.0","鉄 架台","","1","さび止め [150x75x6.5t L65x65x6t QR50用(EPS2)","2026/10/01","ヤマックス福岡","2026/10/02","","完成","倉重","2026/09/28","製造"
"日本電設資材　福岡★","九州工場","九州工場","2026/08/20","2026/08/20","26-J0111760-002-771","IMK0000G","4.50","900.0","100.0","40.0","鉄 曲金物","","1","さび止め　穴加工　EPS2","2026/10/01","ヤマックス福岡","2026/10/02","","完成","坂元","2026/09/28","製造"
"日本電設資材　福岡★","九州工場","九州工場","2026/08/20","2026/08/20","26-J0111760-003-771","IMK0000G","4.50","1,100.0","100.0","40.0","鉄 曲金物","","1","さび止め　穴加工　EPS3","2026/10/01","ヤマックス福岡","2026/10/02","","完成","坂元","2026/09/28","製造"
"日本電設資材　福岡★","九州工場","九州工場","2026/08/20","2026/08/20","26-J0111760-001-771","IMK0000G","4.50","1,100.0","100.0","40.0","鉄 曲金物","","1","さび止め　穴加工　EPS1","2026/10/01","ヤマックス福岡","2026/10/02","","完成","坂元","2026/09/28","製造"
"日本電設資材　福岡★","九州工場","九州工場","2026/08/20","2026/08/20","26-J0111760-004-771","IMK0000G","4.50","900.0","100.0","40.0","鉄 曲金物","","1","さび止め　穴加工　EPS4","2026/10/01","ヤマックス福岡","2026/10/02","","完成","坂元","2026/09/28","製造"
"日本テクロ　広島★","九州工場","九州工場","2026/09/01","2026/09/01","26-J0121641-001-771","IG0000C","0.00","600.0","553.0","290.0","鉄 架台 焼付","5Y7/1 近似色","1","錆止め ﾌﾘｱｸ架台 [5x50x100 L75x75x6t ﾌﾘｱｸ受L25x3t","2026/10/02","福山通運　九州発送","2026/10/02","","完成","古川","2026/09/28","製造"
"カンサイ　八幡★","九州工場","九州工場","2026/09/03","2026/09/03","26-J0123988-001-771","SP0000XC","2.00","1,000.0","500.0","200.0","SUS PBﾄｸ 水切 焼付","N-93 近似色","1","","2026/10/01","北九州配達","2026/10/02","","完成","古川","2026/09/28","製造"
"三親電材　米子★","九州工場","九州工場","2026/09/07","2026/09/07","26-J0126017-002-771","SE0000WN","2.00","800.0","600.0","600.0","SUS PBﾄｸ 被せ","","1","/650/50 ｱｰｽ L型2方WP 脱着式桟･穴加工ｱﾘ","2026/10/02","福山通運　九州発送","2026/10/02","","完成","倉重","2026/10/02","製造"
"イシグロ　福岡★","九州工場","九州工場","2026/09/08","2026/09/08","26-J0126648-008-771","IBG0000C","0.00","1,000.0","450.0","450.0","鉄 防球ガード 焼付","2.5Y9/1 近似色","1","配管ガード　SPB-2（C）塞ぎプレートx1","2026/09/25","チャーター便","2026/10/02","","完成","古川","2026/09/18","製造"
"イシグロ　福岡★","九州工場","九州工場","2026/09/08","2026/09/08","26-J0126648-009-771","IBG0000C","0.00","600.0","800.0","260.0","鉄 防球ガード 焼付","2.5Y9/1 近似色","1","配管ガード　SPB-2（D）塞ぎプレートx1","2026/09/28","チャーター便","2026/10/02","","完成","ナム","2026/09/24","製造"
"イシグロ　福岡★","九州工場","九州工場","2026/09/08","2026/09/08","26-J0126648-010-771","IBG0000C","0.00","650.0","450.0","450.0","鉄 防球ガード 焼付","2.5Y9/1 近似色","1","配管ガード　SPB-3（A）塞ぎプレートx1","2026/09/28","チャーター便","2026/10/02","","完成","森田","2026/09/24","製造"
"イシグロ　福岡★","九州工場","九州工場","2026/09/08","2026/09/08","26-J0126648-011-771","IBG0000C","0.00","450.0","400.0","335.0","鉄 防球ガード 焼付","2.5Y9/1 近似色","1","配管ガード　SPB-3（B）受け金具x2 塞ぎプレートx1","2026/09/28","チャーター便","2026/10/02","","完成","柴﨑","2026/09/24","製造"
"イシグロ　福岡★","九州工場","九州工場","2026/09/08","2026/09/08","26-J0126648-012-771","IBG0000C","0.00","350.0","410.0","500.0","鉄 防球ガード 焼付","2.5Y9/1 近似色","1","配管ガード　SPB-3（C）","2026/09/28","チャーター便","2026/10/02","","完成","古川","2026/09/24","製造"
"イシグロ　福岡★","九州工場","九州工場","2026/09/08","2026/09/08","26-J0126648-013-771","IBG0000C","0.00","350.0","640.0","500.0","鉄 防球ガード 焼付","2.5Y9/1 近似色","1","配管ガード　SPB-3（D）","2026/09/29","チャーター便","2026/10/02","","完成","森田","2026/09/25","製造"
"イシグロ　福岡★","九州工場","九州工場","2026/09/08","2026/09/08","26-J0126648-002-771","IBG0000C","0.00","470.0","770.0","260.0","鉄 防球ガード 焼付","2.5Y9/1 近似色","1","配管ガード　SPB-1（B）塞ぎプレートx1","2026/09/24","チャーター便","2026/10/02","","完成","森田","2026/09/17","製造"
"イシグロ　福岡★","九州工場","九州工場","2026/09/08","2026/09/08","26-J0126648-003-771","IBG0000C","0.00","500.0","250.0","250.0","鉄 防球ガード 焼付","2.5Y9/1 近似色","1","配管ガード　SPB-1（C）","2026/09/24","チャーター便","2026/10/02","","完成","古川","2026/09/17","製造"
"イシグロ　福岡★","九州工場","九州工場","2026/09/08","2026/09/08","26-J0126648-004-771","IBG0000C","0.00","260.0","260.0","250.0","鉄 防球ガード 焼付","2.5Y9/1 近似色","1","配管ガード　SPB-1（D）","2026/09/24","チャーター便","2026/10/02","","完成","古川","2026/09/17","製造"
"イシグロ　福岡★","九州工場","九州工場","2026/09/08","2026/09/08","26-J0126648-001-771","IBG0000C","0.00","650.0","450.0","450.0","鉄 防球ガード 焼付","2.5Y9/1 近似色","1","配管ガード　SPB-1（A） 塞ぎプレートx1","2026/09/24","チャーター便","2026/10/02","","完成","古川","2026/09/17","製造"
"イシグロ　福岡★","九州工場","九州工場","2026/09/08","2026/09/08","26-J0126648-005-771","IBG0000C","0.00","250.0","870.0","480.0","鉄 防球ガード 焼付","2.5Y9/1 近似色","1","配管ガード　SPB-1（E）","2026/09/25","チャーター便","2026/10/02","","完成","森田","2026/09/18","製造"
"イシグロ　福岡★","九州工場","九州工場","2026/09/08","2026/09/08","26-J0126648-006-771","IBG0000C","0.00","250.0","940.0","500.0","鉄 防球ガード 焼付","2.5Y9/1 近似色","1","配管ガード　SPB-2（A）","2026/09/25","チャーター便","2026/10/02","","完成","森田","2026/09/18","製造"
"イシグロ　福岡★","九州工場","九州工場","2026/09/08","2026/09/08","26-J0126648-007-771","IBG0000C","0.00","200.0","250.0","250.0","鉄 防球ガード 焼付","2.5Y9/1 近似色","1","配管ガード　SPB-2（B）","2026/09/25","チャーター便","2026/10/02","","完成","柴﨑","2026/09/18","製造"
"イシグロ　福岡★","九州工場","九州工場","2026/09/08","2026/09/08","26-J0126648-014-771","IBG0000C","0.00","250.0","940.0","490.0","鉄 防球ガード 焼付","2.5Y9/1 近似色","1","配管ガード　SPB-4（A）","2026/09/29","チャーター便","2026/10/02","","完成","白濵","2026/09/25","製造"
"イシグロ　福岡★","九州工場","九州工場","2026/09/08","2026/09/08","26-J0126648-015-771","IBG0000C","0.00","700.0","250.0","250.0","鉄 防球ガード 焼付","2.5Y9/1 近似色","1","配管ガード　SPB-4（B）","2026/09/29","チャーター便","2026/10/02","","完成","古川","2026/09/25","製造"
"イシグロ　福岡★","九州工場","九州工場","2026/09/08","2026/09/08","26-J0126648-016-771","IBG0000C","0.00","1,000.0","450.0","450.0","鉄 防球ガード 焼付","2.5Y9/1 近似色","1","配管ガード　SPB-4（C）塞ぎプレートx1","2026/09/29","チャーター便","2026/10/02","","完成","森田","2026/09/25","製造"
"イシグロ　福岡★","九州工場","九州工場","2026/09/08","2026/09/08","26-J0126648-017-771","IBG0000C","0.00","600.0","800.0","260.0","鉄 防球ガード 焼付","2.5Y9/1 近似色","1","配管ガード　SPB-4（D）塞ぎプレートx1","2026/09/29","チャーター便","2026/10/02","","完成","ナム","2026/09/25","製造"
"イシグロ　福岡★","九州工場","九州工場","2026/09/08","2026/09/08","26-J0126648-019-771","30PLA","0.00","0.0","0.0","0.0","補修塗料 筆付","2.5Y9/1 近似色","1","ﾌﾟﾗ30ml","2026/09/30","チャーター便","2026/10/02","","ｷｬﾝｾﾙ","林(秀)","","製造"
"Q-mast　電気グル－プ★","九州工場","九州工場","2026/09/11","2026/09/11","26-J0130597-001-771","ID0000C","2.30","650.0","200.0","9,550.0","鉄 ﾀﾞｸﾄ 焼付","5Y7/1 近似色","1","平蓋9分割","2026/10/01","ヤマックス　ｽﾎﾟｯﾄ便","2026/10/02","","完成","森田","2026/09/24","製造"
"Q-mast　電気グル－プ★","九州工場","九州工場","2026/09/11","2026/09/11","26-J0130597-002-771","IG0000C","0.00","600.0","200.0","80.0","鉄 架台 焼付","5Y7/1 近似色","3","穴加工　C100x50x5x7.5　（L)(R)セット","2026/10/01","ヤマックス　ｽﾎﾟｯﾄ便","2026/10/02","","完成","岡","2026/09/24","製造"
"ヤシマ電材 津山","九州工場","九州工場","2026/09/11","2026/09/11","26-J0130619-001-771","IF0000C","1.60","212.0","110.0","70.0","鉄 裏BOX 焼付","N9.5(近似色)","3","蓋無･耳付･穴加工ｱﾘ","2026/10/02","福山通運　九州発送","2026/10/02","","完成","古川","2026/09/30","製造"
"かごしま電工　南★","九州工場","九州工場","2026/09/11","2026/09/11","26-J0130634-001-771","DE0000XN","2.30","800.0","800.0","500.0","Sﾀﾞｲﾏ PBﾄｸ 水切","","2","ｱｰｽ 内ﾜﾆｽ","2026/09/30","福山通運　九州発送","2026/10/02","","完成","森田","2026/09/25","製造"
"Q-mast　電気グル－プ★","九州工場","九州工場","2026/09/14","2026/09/14","26-J0131888-001-771","ZE0000WC","3.20","600.0","600.0","250.0","ZN PBﾄｸ 被せ 焼付","N-85 近似色","1","ｱｰｽ","2026/10/02","福山通運　九州発送","2026/10/02","","完成","古川","2026/09/17","製造"
"ヤシマ電材","九州工場","九州工場","2026/09/15","2026/09/15","26-J0133149-003-771","SE0000XN","1.50","350.0","350.0","250.0","SUS PBﾄｸ 水切","","2","ｱｰｽ","2026/10/02","福山通運　九州発送","2026/10/02","","完成","森田","2026/09/18","製造"
"ヤシマ電材","九州工場","九州工場","2026/09/15","2026/09/15","26-J0133182-003-771","BE0000SC","1.60","400.0","300.0","50.0","国土 PBﾄｸ 平 焼付","2.5Y9/1(近似色)","1","ｱｰｽ","2026/10/08","福山通運　九州発送","2026/10/02","","完成","古川","2026/09/17","製造"
"ヤシマ電材","九州工場","九州工場","2026/09/15","2026/09/15","26-J0133182-002-771","BE1515SC","1.60","150.0","150.0","150.0","国土 PB 平 焼付","2.5Y9/1(近似色)","3","ｱｰｽ","2026/10/08","福山通運　九州発送","2026/10/02","","完成","古川","2026/09/17","製造"
"新光産業　中部","九州工場","九州工場","2026/09/15","2026/09/15","26-J0133472-001-771","SE0000XC","1.50","200.0","200.0","100.0","SUS PBﾄｸ 水切 焼付","2.5Y9/1","13","ｱｰｽ 木板ﾍﾞｰｽ付","2026/09/28","イトカツ","2026/10/02","2026/09/28","完成","岡","2026/09/18","製造"
"アサヒ　本社","九州工場","九州工場","2026/09/16","2026/09/16","26-J0134081-001-771","DD0000N","1.60","1,500.0","500.0","830.0","Sﾀﾞｲﾏ ﾀﾞｸﾄ","","1","本体･被せ蓋２ ｱｰｽ 支持棒 開口 ｺｰｷﾝｸﾞ代 取付穴","2026/10/02","沖縄直送","2026/10/02","","完成","古川","2026/10/01","製造"
"平岡電気　福岡中央★","九州工場","九州工場","2026/09/16","2026/09/16","26-J0134270-002-771","ZKM0000","0.00","1,720.0","0.0","0.0","ZN 金物","","4","L65x65x6 穴加工","2026/10/01","ヤマックス福岡","2026/10/02","","完成","倉重","2026/09/25","製造"
"平岡電気　福岡中央★","九州工場","九州工場","2026/09/16","2026/09/16","26-J0134270-001-771","ZKM0000","0.00","960.0","0.0","0.0","ZN 金物","","1","C100x50x5x7.5　穴加工","2026/10/01","ヤマックス福岡","2026/10/02","","完成","倉重","2026/09/25","製造"
"平岡電気　福岡中央★","九州工場","九州工場","2026/09/16","2026/09/16","26-J0134270-003-771","ZKM0000","0.00","950.0","400.0","0.0","ZN 金物","","7","L65x65x6 穴加工","2026/10/01","ヤマックス福岡","2026/10/02","","完成","倉重","2026/09/25","製造"
"平岡電気　福岡中央★","九州工場","九州工場","2026/09/16","2026/09/16","26-J0134270-004-771","ZKM0000","0.00","300.0","400.0","0.0","ZN 金物","","2","L65x65x6 穴加工","2026/10/01","ヤマックス福岡","2026/10/02","","完成","倉重","2026/09/25","製造"
"平岡電気　福岡中央★","九州工場","九州工場","2026/09/16","2026/09/16","26-J0134270-005-771","ZKM0000","0.00","580.0","1,000.0","0.0","ZN 金物","","4","L50x50x6 穴加工","2026/10/01","ヤマックス福岡","2026/10/02","","ｷｬﾝｾﾙ","平澤","2026/09/25","製造"
"木村電機　熊本北★","九州工場","九州工場","2026/09/16","2026/09/16","26-J0134797-001-771","BE2010SC","1.60","200.0","200.0","100.0","国土 PB 平 焼付","2.5Y9/1 近似色","10","ｱｰｽ","2026/09/30","佐川急便","2026/10/02","","完成","古川","","加工"
"木村電機　熊本北★","九州工場","九州工場","2026/09/16","2026/09/16","26-J0134797-002-771","BE2010SC","1.60","200.0","200.0","100.0","国土 PB 平 焼付","2.5Y9/1 近似色","4","ｱｰｽ","2026/10/01","佐川急便","2026/10/02","","完成","古川","","加工"
"木村電機　熊本北★","九州工場","九州工場","2026/09/16","2026/09/16","26-J0134803-002-771","BE2010SC","1.60","200.0","200.0","100.0","国土 PB 平 焼付","2.5Y9/1 近似色","10","ｱｰｽ","2026/10/02","佐川急便","2026/10/02","","完成","古川","2026/09/28","製造"
"木村電機　熊本北★","九州工場","九州工場","2026/09/16","2026/09/16","26-J0134803-001-771","BE2010SC","1.60","200.0","200.0","100.0","国土 PB 平 焼付","2.5Y9/1 近似色","2","ｱｰｽ","2026/10/01","佐川急便","2026/10/02","","完成","古川","","加工"
"東芝電材　熊本★","九州工場","九州工場","2026/09/16","2026/09/16","26-J0134964-004-771","ZE6040X3","3.20","600.0","600.0","400.0","ZN PB 水切","","2","HDZT49 ｱｰｽ","2026/10/02","福山通運　九州発送","2026/10/02","","完成","倉重","2026/09/25","製造"
"東芝電材　熊本★","九州工場","九州工場","2026/09/16","2026/09/16","26-J0134964-005-771","ZE5040X2","2.30","500.0","500.0","400.0","ZN PB 水切","","2","HDZT49 ｱｰｽ","2026/10/02","福山通運　九州発送","2026/10/02","","完成","倉重","2026/09/25","製造"
"広島電機器材","九州工場","九州工場","2026/09/16","2026/09/16","26-J0135007-001-771","ZE1510X2","2.30","150.0","150.0","100.0","ZN PB 水切","","12","ｱｰｽ","2026/10/02","福山通運　九州発送","2026/10/02","","完成","倉重","2026/09/25","製造"
"三共電気　本社★","九州工場","九州工場","2026/09/17","2026/09/17","26-J0135590-001-771","BD0000C","1.60","250.0","150.0","786.0","国土 ﾀﾞｸﾄ 焼付","2.5Y9/1 近似色","1","/467/345 ｱｰｽ 平蓋　ｹｰﾌﾞﾙ支持棒無　ｾﾊﾟ無","2026/09/30","ヤマックス　ｽﾎﾟｯﾄ便","2026/10/02","","完成","森田","2026/09/25","製造"
"三共電気　本社★","九州工場","九州工場","2026/09/17","2026/09/17","26-J0135590-002-771","BD0000C","1.60","350.0","150.0","789.0","国土 ﾀﾞｸﾄ 焼付","2.5Y9/1 近似色","1","/468/342 ｱｰｽ 平蓋　ｹｰﾌﾞﾙ支持棒無　ｾﾊﾟ無","2026/09/30","ヤマックス　ｽﾎﾟｯﾄ便","2026/10/02","","完成","森田","2026/09/25","製造"
"日本電設資材　福岡★","九州工場","九州工場","2026/09/17","2026/09/17","26-J0135837-004-771","IKW0000G","1.60","310.0","130.0","230.0","鉄 貫通枠","","1","さび止め C125x65x6x8  EPS4","2026/10/01","ヤマックス福岡","2026/10/02","","完成","坂元","2026/10/01","製造"
"日本電設資材　福岡★","九州工場","九州工場","2026/09/17","2026/09/17","26-J0135837-002-771","IKW0000G","1.60","860.0","130.0","230.0","鉄 貫通枠","","1","さび止め C125x65x6x8  EPS2","2026/10/01","ヤマックス福岡","2026/10/02","","完成","坂元","2026/10/01","製造"
"日本電設資材　福岡★","九州工場","九州工場","2026/09/17","2026/09/17","26-J0135837-001-771","IKW0000G","1.60","860.0","130.0","230.0","鉄 貫通枠","","1","さび止め C125x65x6x8  EPS1","2026/10/01","ヤマックス福岡","2026/10/02","","完成","坂元","2026/10/01","製造"
"日本電設資材　福岡★","九州工場","九州工場","2026/09/17","2026/09/17","26-J0135837-003-771","IKW0000G","1.60","310.0","130.0","230.0","鉄 貫通枠","","1","さび止め C125x65x6x8  EPS3","2026/10/01","ヤマックス福岡","2026/10/02","","完成","坂元","2026/10/01","製造"
"トリスタン★","九州工場","九州工場","2026/09/18","2026/09/18","26-J0136256-001-771","ZMK0000","6.00","620.0","90.0","52.0","ZN 曲金物","","2","HDZT56 穴加工 【既設ダクトUC90】","2026/10/02","佐川急便","2026/10/02","","完成","倉重","2026/09/25","製造"
"トリスタン★","九州工場","九州工場","2026/09/18","2026/09/18","26-J0136256-002-771","ZMK0000","6.00","646.0","90.0","52.0","ZN 曲金物","","1","HDZ56 穴加工 【既設UC金具】","2026/10/02","佐川急便","2026/10/02","","完成","倉重","2026/09/25","製造"
"Q-mast　空調管グル－プ★","九州工場","九州工場","2026/09/18","2026/09/18","26-J0136508-012-771","ZG0000","0.00","290.0","342.0","0.0","ZN 架台","","2","/405 精錬棟外部　架台　室外機廻り架台　12","2026/10/01","ヤマックス　ｽﾎﾟｯﾄ便","2026/10/02","","完成","倉重","2026/09/28","製造"
"Q-mast　空調管グル－プ★","九州工場","九州工場","2026/09/18","2026/09/18","26-J0136508-001-771","ZG0000","0.00","200.0","355.0","0.0","ZN 架台","","3","精錬棟外部　架台　室外機廻り架台　1","2026/10/01","ヤマックス　ｽﾎﾟｯﾄ便","2026/10/02","","完成","倉重","2026/09/28","製造"
"Q-mast　空調管グル－プ★","九州工場","九州工場","2026/09/18","2026/09/18","26-J0136508-002-771","ZG0000","0.00","200.0","355.0","0.0","ZN 架台","","1","精錬棟外部　架台　室外機廻り架台　2","2026/10/01","ヤマックス　ｽﾎﾟｯﾄ便","2026/10/02","","完成","倉重","2026/09/28","製造"
"Q-mast　空調管グル－プ★","九州工場","九州工場","2026/09/18","2026/09/18","26-J0136508-015-771","ZG0000","0.00","150.0","0.0","0.0","ZN 架台","","5","C200x80x8/13.5 精錬棟外部　架台　室外機廻り架台 15","2026/10/01","ヤマックス　ｽﾎﾟｯﾄ便","2026/10/02","","完成","バン","2026/09/29","製造"
"Q-mast　空調管グル－プ★","九州工場","九州工場","2026/09/18","2026/09/18","26-J0136508-014-771","ZG0000","0.00","200.0","455.0","0.0","ZN 架台","","1","精錬棟外部　架台　室外機廻り架台　14","2026/10/01","ヤマックス　ｽﾎﾟｯﾄ便","2026/10/02","","完成","倉重","2026/09/28","製造"
"Q-mast　空調管グル－プ★","九州工場","九州工場","2026/09/18","2026/09/18","26-J0136508-013-771","ZG0000","0.00","200.0","455.0","0.0","ZN 架台","","1","精錬棟外部　架台　室外機廻り架台　13","2026/10/01","ヤマックス　ｽﾎﾟｯﾄ便","2026/10/02","","完成","倉重","2026/09/28","製造"
"Q-mast　空調管グル－プ★","九州工場","九州工場","2026/09/18","2026/09/18","26-J0136508-009-771","ZG0000","0.00","200.0","355.0","0.0","ZN 架台","","1","精錬棟外部　架台　室外機廻り架台　9","2026/10/01","ヤマックス　ｽﾎﾟｯﾄ便","2026/10/02","","完成","倉重","2026/09/28","製造"
"Q-mast　空調管グル－プ★","九州工場","九州工場","2026/09/18","2026/09/18","26-J0136508-006-771","ZG0000","0.00","200.0","355.0","0.0","ZN 架台","","1","精錬棟外部　架台　室外機廻り架台　6","2026/10/01","ヤマックス　ｽﾎﾟｯﾄ便","2026/10/02","","完成","倉重","2026/09/28","製造"
"Q-mast　空調管グル－プ★","九州工場","九州工場","2026/09/18","2026/09/18","26-J0136508-003-771","ZG0000","0.00","200.0","355.0","0.0","ZN 架台","","1","精錬棟外部　架台　室外機廻り架台　3","2026/10/01","ヤマックス　ｽﾎﾟｯﾄ便","2026/10/02","","完成","倉重","2026/09/28","製造"
"Q-mast　空調管グル－プ★","九州工場","九州工場","2026/09/18","2026/09/18","26-J0136508-005-771","ZG0000","0.00","200.0","455.0","0.0","ZN 架台","","1","精錬棟外部　架台　室外機廻り架台　5","2026/10/01","ヤマックス　ｽﾎﾟｯﾄ便","2026/10/02","","完成","倉重","2026/09/28","製造"
"Q-mast　空調管グル－プ★","九州工場","九州工場","2026/09/18","2026/09/18","26-J0136508-004-771","ZG0000","0.00","150.0","0.0","0.0","ZN 架台","","5","C200x80x8/13.5 精錬棟外部　架台　室外機廻り架台　4","2026/10/01","ヤマックス　ｽﾎﾟｯﾄ便","2026/10/02","","完成","バン","2026/09/29","製造"
"Q-mast　空調管グル－プ★","九州工場","九州工場","2026/09/18","2026/09/18","26-J0136508-007-771","ZG0000","0.00","200.0","355.0","0.0","ZN 架台","","1","精錬棟外部　架台　室外機廻り架台　8","2026/10/01","ヤマックス　ｽﾎﾟｯﾄ便","2026/10/02","","完成","倉重","2026/09/28","製造"
"Q-mast　空調管グル－プ★","九州工場","九州工場","2026/09/18","2026/09/18","26-J0136508-008-771","ZG0000","0.00","150.0","0.0","0.0","ZN 架台","","5","C200x80x8/13.5 精錬棟外部　架台　室外機廻り架台　7","2026/10/01","ヤマックス　ｽﾎﾟｯﾄ便","2026/10/02","","完成","バン","2026/09/29","製造"
"Q-mast　空調管グル－プ★","九州工場","九州工場","2026/09/18","2026/09/18","26-J0136508-010-771","ZG0000","0.00","200.0","355.0","0.0","ZN 架台","","1","精錬棟外部　架台　室外機廻り架台　10","2026/10/01","ヤマックス　ｽﾎﾟｯﾄ便","2026/10/02","","完成","倉重","2026/09/28","製造"
"Q-mast　空調管グル－プ★","九州工場","九州工場","2026/09/18","2026/09/18","26-J0136508-011-771","ZG0000","0.00","150.0","0.0","0.0","ZN 架台","","3","C200x80x8/13.5 精錬棟外部　架台　室外機廻り架台 11","2026/10/01","ヤマックス　ｽﾎﾟｯﾄ便","2026/10/02","","完成","バン","2026/09/29","製造"
"シンセイ　広島第二★","九州工場","九州工場","2026/09/18","2026/09/18","26-J0136665-001-771","ZMK0000","2.30","300.0","69.0","75.0","ZN 曲金物","","1","HDZT56 φ10 φ12　2-10x40　φ20","2026/10/02","福山通運　九州発送","2026/10/02","","完成","倉重","2026/09/25","製造"
"啓電社★","九州工場","九州工場","2026/09/18","2026/09/18","26-J0136717-001-771","ZKM0000","0.00","200.0","200.0","800.0","ZN 金物","","2","","2026/10/01","ヤマックス福岡","2026/10/02","","完成","クイ","2026/09/28","製造"
"啓電社★","九州工場","九州工場","2026/09/18","2026/09/18","26-J0136717-002-771","ZKM0000","0.00","900.0","500.0","0.0","ZN 金物","","1","","2026/10/01","ヤマックス福岡","2026/10/02","","完成","古川","2026/09/28","製造"
"赤木電機★","九州工場","九州工場","2026/09/18","2026/09/18","26-J0137085-001-771","ZE0000S","2.30","500.0","250.0","150.0","ZN PBﾄｸ 平","","1","HDZT56 ｱｰｽ","2026/10/02","福山通運　九州発送","2026/10/02","","完成","倉重","2026/09/25","製造"
"啓電社★","九州工場","九州工場","2026/09/18","2026/09/18","26-J0137192-003-771","DE0000WN","1.60","500.0","300.0","300.0","Sﾀﾞｲﾏ PBﾄｸ 被せ","","2","ｱｰｽ","2026/10/01","ヤマックス福岡","2026/10/02","","完成","古川","2026/10/01","製造"
"啓電社★","九州工場","九州工場","2026/09/18","2026/09/18","26-J0137192-004-771","DE0000WN","1.60","600.0","200.0","200.0","Sﾀﾞｲﾏ PBﾄｸ 被せ","","1","ｱｰｽ","2026/10/01","ヤマックス福岡","2026/10/02","","完成","古川","2026/10/01","製造"
"啓電社★","九州工場","九州工場","2026/09/18","2026/09/18","26-J0137192-001-771","DE0000WN","1.60","700.0","300.0","400.0","Sﾀﾞｲﾏ PBﾄｸ 被せ","","1","ｱｰｽ","2026/10/01","ヤマックス福岡","2026/10/02","","完成","古川","2026/10/01","製造"
"啓電社★","九州工場","九州工場","2026/09/18","2026/09/18","26-J0137192-002-771","DE0000WN","1.60","600.0","300.0","300.0","Sﾀﾞｲﾏ PBﾄｸ 被せ","","1","ｱｰｽ","2026/10/01","ヤマックス福岡","2026/10/02","","完成","古川","2026/10/01","製造"
"広島電機器材","九州工場","九州工場","2026/09/24","2026/09/24","26-J0137340-001-771","ZE1510X2","2.30","150.0","150.0","100.0","ZN PB 水切","","6","ｱｰｽ","2026/10/02","福山通運　九州発送","2026/10/02","","完成","倉重","2026/09/25","製造"
"ナミデン　福岡★","九州工場","九州工場","2026/09/24","2026/09/24","26-J0137363-002-771","DKS0000N","1.60","2,650.0","250.0","230.0","Sﾀﾞｲﾏ 貫通ｽﾘｰﾌﾞ","","1","平蓋    2階 EPSB2 No13","2026/09/30","ヤマックス　ｽﾎﾟｯﾄ便","2026/10/02","","完成","坂元","2026/09/30","製造"
"ナミデン　福岡★","九州工場","九州工場","2026/09/24","2026/09/24","26-J0137363-013-771","DKS0000N","1.60","1,300.0","250.0","230.0","Sﾀﾞｲﾏ 貫通ｽﾘｰﾌﾞ","","1","平蓋    4階 EPSB1 No35","2026/09/29","ヤマックス　ｽﾎﾟｯﾄ便","2026/10/02","","完成","古川","2026/09/29","製造"
"ナミデン　福岡★","九州工場","九州工場","2026/09/24","2026/09/24","26-J0137363-012-771","DKS0000N","1.60","700.0","200.0","230.0","Sﾀﾞｲﾏ 貫通ｽﾘｰﾌﾞ","","1","平蓋    4階 EPSB1 No36","2026/09/28","ヤマックス　ｽﾎﾟｯﾄ便","2026/10/02","","完成","倉重","2026/09/28","製造"
"ナミデン　福岡★","九州工場","九州工場","2026/09/24","2026/09/24","26-J0137363-011-771","DKS0000N","1.60","1,300.0","250.0","230.0","Sﾀﾞｲﾏ 貫通ｽﾘｰﾌﾞ","","1","平蓋    4階 EPSB2 No34","2026/09/29","ヤマックス　ｽﾎﾟｯﾄ便","2026/10/02","","完成","古川","2026/09/29","製造"
"ナミデン　福岡★","九州工場","九州工場","2026/09/24","2026/09/24","26-J0137363-010-771","DKS0000N","1.60","2,650.0","250.0","230.0","Sﾀﾞｲﾏ 貫通ｽﾘｰﾌﾞ","","1","平蓋    4階 EPSB2 No33","2026/09/30","ヤマックス　ｽﾎﾟｯﾄ便","2026/10/02","","完成","坂元","2026/09/30","製造"
"ナミデン　福岡★","九州工場","九州工場","2026/09/24","2026/09/24","26-J0137363-009-771","DKS0000N","1.60","700.0","200.0","230.0","Sﾀﾞｲﾏ 貫通ｽﾘｰﾌﾞ","","1","平蓋    3階 EPSB1 No27","2026/09/28","ヤマックス　ｽﾎﾟｯﾄ便","2026/10/02","","完成","倉重","2026/09/28","製造"
"ナミデン　福岡★","九州工場","九州工場","2026/09/24","2026/09/24","26-J0137363-008-771","DKS0000N","1.60","1,300.0","250.0","230.0","Sﾀﾞｲﾏ 貫通ｽﾘｰﾌﾞ","","1","平蓋    3階 EPSB1 No26","2026/09/29","ヤマックス　ｽﾎﾟｯﾄ便","2026/10/02","","完成","古川","2026/09/29","製造"
"ナミデン　福岡★","九州工場","九州工場","2026/09/24","2026/09/24","26-J0137363-007-771","DKS0000N","1.60","1,300.0","250.0","230.0","Sﾀﾞｲﾏ 貫通ｽﾘｰﾌﾞ","","1","平蓋    3階 EPSB2 No25","2026/09/29","ヤマックス　ｽﾎﾟｯﾄ便","2026/10/02","","完成","古川","2026/09/29","製造"
"ナミデン　福岡★","九州工場","九州工場","2026/09/24","2026/09/24","26-J0137363-006-771","DKS0000N","1.60","2,650.0","250.0","230.0","Sﾀﾞｲﾏ 貫通ｽﾘｰﾌﾞ","","1","平蓋    3階 EPSB2 No24","2026/09/30","ヤマックス　ｽﾎﾟｯﾄ便","2026/10/02","","完成","坂元","2026/09/30","製造"
"ナミデン　福岡★","九州工場","九州工場","2026/09/24","2026/09/24","26-J0137363-005-771","DKS0000N","1.60","700.0","200.0","230.0","Sﾀﾞｲﾏ 貫通ｽﾘｰﾌﾞ","","1","平蓋    2階 EPSB1 No16","2026/09/28","ヤマックス　ｽﾎﾟｯﾄ便","2026/10/02","","完成","倉重","2026/09/28","製造"
"ナミデン　福岡★","九州工場","九州工場","2026/09/24","2026/09/24","26-J0137363-004-771","DKS0000N","1.60","1,300.0","250.0","230.0","Sﾀﾞｲﾏ 貫通ｽﾘｰﾌﾞ","","1","平蓋    2階 EPSB1 No15","2026/09/29","ヤマックス　ｽﾎﾟｯﾄ便","2026/10/02","","完成","古川","2026/09/29","製造"
"ナミデン　福岡★","九州工場","九州工場","2026/09/24","2026/09/24","26-J0137363-003-771","DKS0000N","1.60","1,300.0","250.0","230.0","Sﾀﾞｲﾏ 貫通ｽﾘｰﾌﾞ","","1","平蓋    2階 EPSB2 No14","2026/09/29","ヤマックス　ｽﾎﾟｯﾄ便","2026/10/02","","完成","古川","2026/09/29","製造"
"ナミデン　福岡★","九州工場","九州工場","2026/09/24","2026/09/24","26-J0137363-001-771","DKS0000N","1.60","2,650.0","250.0","230.0","Sﾀﾞｲﾏ 貫通ｽﾘｰﾌﾞ","","1","平蓋    2階 EPSB2 No12","2026/09/30","ヤマックス　ｽﾎﾟｯﾄ便","2026/10/02","","完成","坂元","2026/09/30","製造"
"東芝電材　岡山★","九州工場","九州工場","2026/09/24","2026/09/24","26-J0137660-001-771","BP1010SC","1.60","100.0","100.0","100.0","国土 PB 平 焼付","2.5Y9/1(近似色)","10","ｱｰｽ無","2026/10/02","福山通運　九州発送","2026/10/02","","完成","古川","2026/09/28","製造"
"大洋電材　本社★","九州工場","九州工場","2026/09/24","2026/09/24","26-J0137853-001-771","BD0000C","1.60","250.0","280.0","952.0","国土 ﾀﾞｸﾄ 焼付","2.5Y9/1 近似色","1","/280  平蓋　ｱｰｽ　可動式ｾﾊﾟﾚｰﾀ　　4階 1","2026/10/01","北九州配達","2026/10/02","","完成","古川","2026/09/28","製造"
"ナンリツ　松山★","九州工場","九州工場","2026/09/24","2026/09/24","26-J0138814-001-771","IE0000SG","1.60","600.0","600.0","400.0","鉄 PBﾄｸ 平","","1","ｱｰｽ さび止め L型蓋･蓋分割","2026/10/02","福山通運　九州発送","2026/10/02","","完成","古川","2026/10/01","製造"
"佐野電機工業","九州工場","九州工場","2026/09/24","2026/09/24","26-J0139060-002-771","BE3020SC","1.60","300.0","300.0","200.0","国土 PB 平 焼付","2.5Y9/1(近似色)","5","ｱｰｽ","2026/10/02","福山通運　九州発送","2026/10/02","","完成","古川","","加工"
"佐野電機工業","九州工場","九州工場","2026/09/24","2026/09/24","26-J0139060-001-771","BE2010SC","1.60","200.0","200.0","100.0","国土 PB 平 焼付","2.5Y9/1(近似色)","2","ｱｰｽ","2026/10/02","福山通運　九州発送","2026/10/02","","完成","古川","","加工"
"東芝電材　唐津★","九州工場","九州工場","2026/09/24","2026/09/24","26-J0139146-004-771","ID0000G","1.60","600.0","150.0","2,000.0","鉄 ﾀﾞｸﾄ","","1","アース さび止め穴加工　平蓋２分割","2026/10/01","福山通運　九州発送","2026/10/02","","完成","坂元","2026/09/30","製造"
"東芝電材　唐津★","九州工場","九州工場","2026/09/24","2026/09/24","26-J0139146-005-771","ID0000G","1.60","600.0","150.0","630.0","鉄 ﾀﾞｸﾄ","","1","アース さび止め 穴加工　平蓋","2026/10/02","福山通運　九州発送","2026/10/02","","完成","倉重","2026/10/01","製造"
"東芝電材　唐津★","九州工場","九州工場","2026/09/24","2026/09/24","26-J0139146-001-771","ID0000G","1.60","600.0","150.0","740.0","鉄 ﾀﾞｸﾄ","","1","アース さび止め 穴加工　蓋無し","2026/10/02","福山通運　九州発送","2026/10/02","","完成","倉重","2026/10/01","製造"
"東芝電材　唐津★","九州工場","九州工場","2026/09/24","2026/09/24","26-J0139146-002-771","ID0000G","1.60","600.0","150.0","2,000.0","鉄 ﾀﾞｸﾄ","","1","アース さび止め 穴加工　平蓋２分割","2026/10/01","福山通運　九州発送","2026/10/02","","完成","坂元","2026/09/30","製造"
"東芝電材　唐津★","九州工場","九州工場","2026/09/24","2026/09/24","26-J0139146-003-771","ID0000G","1.60","600.0","150.0","2,000.0","鉄 ﾀﾞｸﾄ","","1","アース さび止め 穴加工　平蓋２分割","2026/10/01","福山通運　九州発送","2026/10/02","","完成","坂元","2026/09/30","製造"
"東芝電材　唐津★","九州工場","九州工場","2026/09/24","2026/09/24","26-J0139148-002-771","ID0000G","1.60","500.0","150.0","1,400.0","鉄 ﾀﾞｸﾄ","","1","アース さび止め 穴加工　平蓋２分割","2026/09/30","福山通運　九州発送","2026/10/02","","完成","倉重","2026/09/29","製造"
"東芝電材　唐津★","九州工場","九州工場","2026/09/24","2026/09/24","26-J0139148-003-771","ID0000G","1.60","500.0","150.0","1,500.0","鉄 ﾀﾞｸﾄ","","1","アース さび止め 穴加工　平蓋２分割","2026/09/30","福山通運　九州発送","2026/10/02","","完成","倉重","2026/09/29","製造"
"東芝電材　唐津★","九州工場","九州工場","2026/09/24","2026/09/24","26-J0139148-001-771","ID0000G","1.60","500.0","150.0","2,150.0","鉄 ﾀﾞｸﾄ","","1","アース さび止め 穴加工　蓋無し","2026/09/29","福山通運　九州発送","2026/10/02","","完成","倉重","2026/09/28","製造"
"山電　八幡","九州工場","九州工場","2026/09/25","2026/09/25","26-J0139153-001-771","SE3020XC","1.50","300.0","300.0","200.0","SUS PB 水切 焼付","2.5Y9/1 近似色","1","ｱｰｽ","2026/10/01","北九州配達","2026/10/02","","完成","古川","","加工"
"栗田電機　四国中央★","九州工場","九州工場","2026/09/25","2026/09/25","26-J0139352-002-771","IKM0000C","1.60","194.0","100.0","90.0","鉄 金物 焼付","5Y7/1(近似色)","1","接続金物","2026/10/02","福山通運　九州発送","2026/10/02","","完成","白濵","2026/09/29","製造"
"栗田電機　四国中央★","九州工場","九州工場","2026/09/25","2026/09/25","26-J0139352-001-771","ID0000C","1.60","200.0","100.0","4,100.0","鉄 ﾀﾞｸﾄ 焼付","5Y7/1(近似色)","1","2分割･ｾﾊﾟﾚｰﾀ･支持棒付","2026/10/02","福山通運　九州発送","2026/10/02","","完成","柴﨑","2026/09/29","製造"
"米良電機　宮崎★","九州工場","九州工場","2026/09/25","2026/09/25","26-J0139381-003-771","SE0000XC","1.50","150.0","250.0","100.0","SUS PBﾄｸ 水切 焼付","2.5Y9/1 近似色","1","ｱｰｽ","2026/10/02","佐川急便","2026/10/02","","完成","古川","2026/09/29","製造"
"米良電機　宮崎★","九州工場","九州工場","2026/09/25","2026/09/25","26-J0139381-004-771","SE3030XC","1.50","300.0","300.0","300.0","SUS PB 水切 焼付","2.5Y9/1 近似色","3","ｱｰｽ","2026/10/02","佐川急便","2026/10/02","","完成","古川","2026/09/29","製造"
"平岡電気　福岡中央★","九州工場","九州工場","2026/09/25","2026/09/25","26-J0139466-001-771","IKM0000G","0.00","580.0","1,000.0","0.0","鉄 金物","","4","さび止め L50x50x6t","2026/10/01","ヤマックス福岡","2026/10/02","","完成","倉重","2026/09/30","製造"
"平和テクノ　下関★","九州工場","九州工場","2026/09/25","2026/09/25","26-J0139869-002-771","IPA0000G","0.00","270.0","0.0","0.0","鉄 ﾎﾟｰﾙｱﾀﾞﾌﾟﾀｰ","","1","SGP上部65A(φ76.3)  下部□100(4.5ｔ)　さび止め","2026/10/02","福山通運　九州発送","2026/10/02","","完成","服部","2026/10/01","製造"
"かごしま電工　南★","九州工場","九州工場","2026/09/25","2026/09/25","26-J0139952-001-771","SE1515XCW","1.50","150.0","150.0","150.0","SUS PB 水切 焼付","2.5Y9/1 近似色","4","ｱｰｽ 内ﾜﾆｽ","2026/10/02","福山通運　九州発送","2026/10/02","","完成","古川","2026/09/28","製造"
"アサヒ　本社","九州工場","九州工場","2026/09/25","2026/09/25","26-J0140268-001-771","B02015SG","1.60","150.0","150.0","0.0","国土 ふた","","1","平ふた さび止め","2026/09/28","イトカツ","2026/10/02","2026/09/28","完成","倉重","2026/09/28","製造"
"イシグロ　宮崎★","九州工場","九州工場","2026/09/25","2026/09/25","26-J0140354-002-771","SG0000N","6.00","650.0","40.0","490.0","SUS 架台","","8","生地　SUS-L-40x40x3t　穴加工","2026/10/02","福山通運　九州発送","2026/10/02","","完成","坂元","2026/10/01","製造"
"イシグロ　宮崎★","九州工場","九州工場","2026/09/25","2026/09/25","26-J0140354-001-771","SG0000N","6.00","850.0","40.0","490.0","SUS 架台","","30","生地　SUS-L-40x40x3t　穴加工","2026/10/02","福山通運　九州発送","2026/10/02","","完成","井上","2026/09/29","製造"
"イシグロ　宮崎★","九州工場","九州工場","2026/09/25","2026/09/25","26-J0140354-004-771","SG0000N","6.00","850.0","40.0","490.0","SUS 架台","","17","生地　SUS-L-40x40x3t　穴加工","2026/10/02","福山通運　九州発送","2026/10/02","","完成","井上","2026/09/30","製造"
"イシグロ　宮崎★","九州工場","九州工場","2026/09/25","2026/09/25","26-J0140354-005-771","SG0000N","6.00","850.0","40.0","490.0","SUS 架台","","11","生地　SUS-L-40x40x3t　穴加工","2026/10/02","福山通運　九州発送","2026/10/02","","完成","井上","2026/10/01","製造"
"さくら電機　鹿児島★","九州工場","九州工場","2026/09/28","2026/09/28","26-J0140537-002-771","SE3020XC","1.50","300.0","300.0","200.0","SUS PB 水切 焼付","2.5Y9/1 近似色","1","ｱｰｽ","2026/10/02","佐川急便","2026/10/02","","完成","古川","","加工"
"さくら電機　鹿児島★","九州工場","九州工場","2026/09/28","2026/09/28","26-J0140537-001-771","SE2015XC","1.50","200.0","200.0","150.0","SUS PB 水切 焼付","2.5Y9/1 近似色","1","ｱｰｽ","2026/10/02","佐川急便","2026/10/02","","完成","古川","","加工"
"東芝電材　武雄★","九州工場","九州工場","2026/09/28","2026/09/28","26-J0140584-001-771","BE2525SC","1.60","250.0","250.0","250.0","国土 PB 平 焼付","2.5Y9/1 近似色","2","ｱｰｽ","2026/10/02","佐川急便","2026/10/02","","完成","古川","2026/09/29","製造"
"ｹｲ･ｴｽ･ﾃﾞｰ　熊本★","九州工場","九州工場","2026/09/28","2026/09/28","26-J0140708-001-771","IE5030SC","1.60","500.0","500.0","300.0","鉄 PB 平 焼付","5Y7/1 近似色","1","ｱｰｽ","2026/10/02","福山通運　九州発送","2026/10/02","","完成","古川","2026/09/29","製造"
"正二電気　福山★","九州工場","九州工場","2026/09/28","2026/09/28","26-J0140806-001-771","SE3020XC","1.50","300.0","300.0","200.0","SUS PB 水切 焼付","2.5Y9/1 近似色","1","ｱｰｽ","2026/10/02","福山通運　九州発送","2026/10/02","","完成","古川","","加工"
"宮地電機　徳島","九州工場","九州工場","2026/09/28","2026/09/28","26-J0141043-001-771","BE3030SC","1.60","300.0","300.0","300.0","国土 PB 平 焼付","2.5Y9/1(近似色)","3","ｱｰｽ","2026/10/02","福山通運　九州発送","2026/10/02","","完成","古川","2026/09/29","製造"
"小林電工　岡山★","九州工場","九州工場","2026/09/28","2026/09/28","26-J0141090-002-771","IP1010SC","1.60","100.0","100.0","100.0","鉄 PB 平 焼付","5Y7/1(近似色)","1","","2026/10/02","福山通運　九州発送","2026/10/02","","完成","古川","2026/09/29","製造"
"小林電工　岡山★","九州工場","九州工場","2026/09/28","2026/09/28","26-J0141090-003-771","IP1510SC","1.60","150.0","150.0","100.0","鉄 PB 平 焼付","5Y7/1(近似色)","2","","2026/10/02","福山通運　九州発送","2026/10/02","","完成","古川","2026/09/29","製造"
"小林電工　岡山★","九州工場","九州工場","2026/09/28","2026/09/28","26-J0141090-001-771","IP1510SC","1.60","150.0","150.0","100.0","鉄 PB 平 焼付","5Y7/1(近似色)","3","","2026/10/02","福山通運　九州発送","2026/10/02","","完成","古川","2026/09/29","製造"
"大建電材　都城★","九州工場","九州工場","2026/09/28","2026/09/28","26-J0141158-001-771","IIP0000C","1.60","730.0","530.0","0.0","鉄 ﾌﾟﾚｰﾄ 焼付","2.5Y9/1 近似色","1","四隅に塗装用吊穴可","2026/10/02","佐川急便","2026/10/02","","完成","古川","2026/09/29","製造"
"岡本電機　呉★","九州工場","九州工場","2026/09/28","2026/09/28","26-J0141182-001-771","IIP0000C","1.60","200.0","185.0","0.0","鉄 ﾌﾟﾚｰﾄ 焼付","N9.5 近似色","5","φ20　6-φ4.5","2026/10/02","佐川急便","2026/10/02","","完成","古川","2026/09/29","製造"
"東芝電材　広島★","九州工場","九州工場","2026/09/28","2026/09/28","26-J0141376-001-771","BIP0000C","1.60","180.0","0.0","0.0","処理鋼板 ﾌﾟﾚｰﾄ 焼付","N9.5 近似色","3","φ180丸形 開口 M4ﾀｯﾌﾟx2 M4小頭皿ﾋﾞｽ用穴加工","2026/10/02","福山通運　九州発送","2026/10/02","","完成","古川","2026/09/29","製造"
"東芝電材　広島★","九州工場","九州工場","2026/09/28","2026/09/28","26-J0141376-002-771","BIP0000C","1.60","250.0","100.0","0.0","処理鋼板 ﾌﾟﾚｰﾄ 焼付","N9.5 近似色","1","φ5x2","2026/10/02","福山通運　九州発送","2026/10/02","","完成","古川","2026/09/29","製造"
"田中商事　福岡","九州工場","九州工場","2026/09/28","2026/09/28","26-J0141436-001-771","BIP0000N","1.60","420.0","60.0","0.0","処理鋼板 ﾌﾟﾚｰﾄ","","3","φ12x6 焼付用生地","2026/10/01","ヤマックス福岡","2026/10/02","","完成","倉重","2026/10/01","製造"
"興陽電機　岩国★","九州工場","九州工場","2026/09/28","2026/09/28","26-J0141565-001-771","SE0000WN","2.00","1,100.0","600.0","500.0","SUS PBﾄｸ 被せ","","1","ｱｰｽ","2026/10/02","福山通運　九州発送","2026/10/02","","完成","倉重","2026/10/02","製造"
"興陽電機　岩国★","九州工場","九州工場","2026/09/28","2026/09/28","26-J0141568-001-771","SE6030WN","1.50","600.0","600.0","300.0","SUS PB 被せ","","1","ｱｰｽ","2026/10/02","福山通運　九州発送","2026/10/02","","完成","樋口","2026/10/02","製造"
"東芝電材　八幡★","九州工場","九州工場","2026/09/28","2026/09/28","26-J0141655-001-771","BE5050WG","1.60","500.0","500.0","500.0","国土 PB 被せ","","1","ｱｰｽ さび止め","2026/10/01","北九州配達","2026/10/02","","完成","坂元","2026/10/01","製造"
"日本電設資材　福岡★","九州工場","九州工場","2026/09/28","2026/09/28","26-J0141699-001-771","IIP0000G","6.00","220.0","290.0","0.0","鉄 ﾌﾟﾚｰﾄ","","8","さび止め 穴加工","2026/10/01","ヤマックス　ｽﾎﾟｯﾄ便","2026/10/02","","完成","服部","2026/09/30","製造"
"日本電設資材　福岡★","九州工場","九州工場","2026/09/28","2026/09/28","26-J0141798-001-771","IP0000SG","2.30","800.0","400.0","400.0","鉄 PBﾄｸ 平","","1","さび止め","2026/10/02","佐川急便","2026/10/02","","完成","古川","2026/10/01","製造"
"小林電工　岡山★","九州工場","九州工場","2026/09/28","2026/09/28","26-J0141870-001-771","IIMP0000N","1.60","400.0","0.0","0.0","鉄 丸ﾌﾟﾚｰﾄ","","6","ｻﾋﾞ止用生地 Φ400 金物･穴加工ｱﾘ","2026/10/02","福山通運　九州発送","2026/10/02","","完成","服部","2026/10/02","製造"
"ノーベル★","九州工場","九州工場","2026/09/28","2026/09/28","26-J0141941-001-771","SE0000XN","1.50","600.0","600.0","600.0","SUS PBﾄｸ 水切","","1","ｱｰｽ 穴加工ｱﾘ","2026/10/02","福山通運　九州発送","2026/10/02","","完成","古川","2026/10/02","製造"
"ノーベル★","九州工場","九州工場","2026/09/28","2026/09/28","26-J0141941-002-771","SE0000XN","1.50","500.0","500.0","300.0","SUS PBﾄｸ 水切","","1","ｱｰｽ 穴加工ｱﾘ","2026/10/02","福山通運　九州発送","2026/10/02","","完成","樋口","2026/10/02","製造"
"中国機材設備　本社★","九州工場","九州工場","2026/09/29","2026/09/29","26-J0142429-001-771","SI0000N","1.50","500.0","200.0","0.0","SUS 切板","","1","","2026/10/02","佐川急便","2026/10/02","","完成","樋口","2026/10/02","製造"
"木村電機　熊本北★","九州工場","九州工場","2026/09/29","2026/09/29","26-J0142868-001-771","BE0000SG","1.60","400.0","400.0","150.0","国土 PBﾄｸ 平","","1","ｱｰｽ さび止め","2026/10/02","佐川急便","2026/10/02","","完成","古川","2026/10/02","製造"
"かごしま電工　国分★","九州工場","九州工場","2026/09/29","2026/09/29","26-J0143029-001-771","BE2010SGW","1.60","200.0","200.0","100.0","国土 PB 平","","3","ｱｰｽ さび止め 内ﾜﾆｽ","2026/10/02","福山通運　九州発送","2026/10/02","","完成","服部","2026/10/01","製造"
"イシグロ　宮崎★","九州工場","九州工場","2026/09/29","2026/09/29","26-J0143044-001-771","SG0000N","0.00","250.0","150.0","0.0","SUS 架台","","2","穴加工　L50x50x6t","2026/10/02","佐川急便","2026/10/02","","完成","井上","2026/10/02","製造"
"東芝電材　鹿児島★","九州工場","九州工場","2026/09/30","2026/09/30","26-J0143323-002-771","SE2015XNW","1.50","200.0","200.0","150.0","SUS PB 水切","","2","ｱｰｽ 内ﾜﾆｽ","2026/10/02","佐川急便","2026/10/02","","完成","服部","2026/10/01","製造"
"東芝電材　鹿児島★","九州工場","九州工場","2026/09/30","2026/09/30","26-J0143323-001-771","SE1515XNW","1.50","150.0","150.0","150.0","SUS PB 水切","","1","ｱｰｽ 内ﾜﾆｽ","2026/10/02","佐川急便","2026/10/02","","完成","服部","2026/10/01","製造"
"林電材★","九州工場","九州工場","2026/09/30","2026/09/30","26-J0143527-001-771","SP0000WN","1.50","500.0","300.0","150.0","SUS PBﾄｸ 被せ","","1","","2026/10/01","北九州配達","2026/10/02","","完成","樋口","2026/10/01","製造"
"興陽電機　福岡★","九州工場","九州工場","2026/09/30","2026/09/30","26-J0143572-001-771","SP0000WN","1.50","600.0","300.0","300.0","SUS PBﾄｸ 被せ","","1","","2026/10/01","ヤマックス福岡","2026/10/02","","完成","樋口","2026/10/01","製造"
"ナミデン　広島★","九州工場","九州工場","2026/09/30","2026/09/30","26-J0143702-001-771","ZG0000","0.00","100.0","50.0","1,000.0","ZN 架台","","8","C100x50x5x7.5 先メッキ","2026/10/02","福山通運　九州発送","2026/10/02","","完成","倉重","2026/10/02","製造"
"岡本電機　広島★","九州工場","九州工場","2026/09/30","2026/09/30","26-J0143809-001-771","IIP0000G","1.60","420.0","220.0","0.0","鉄 ﾌﾟﾚｰﾄ","","2","さび止め　開口275X120","2026/10/02","佐川急便","2026/10/02","","完成","坂元","2026/10/01","製造"
"平和テクノ　防府★","九州工場","九州工場","2026/09/30","2026/09/30","26-J0143975-001-771","BE0000SG","1.60","300.0","300.0","200.0","国土 PBﾄｸ 平","","3","ｱｰｽ セパ付き（センター）さび止め","2026/10/02","福山通運　九州発送","2026/10/02","","完成","古川","2026/10/02","製造"
"興陽電機　岩国★","九州工場","九州工場","2026/09/30","2026/09/30","26-J0143976-001-771","SE2010XNA","1.50","200.0","200.0","100.0","SUS PB 水切","","3","ｱｰｽ 足付L3X30  12ﾊﾟｲx4","2026/10/02","福山通運　九州発送","2026/10/02","","完成","樋口","2026/10/02","製造"
"木村電機　本社★","九州工場","九州工場","2026/09/30","2026/09/30","26-J0144122-001-771","SE0000SN","2.00","1,000.0","500.0","500.0","SUS PBﾄｸ 平","","2","ｱｰｽ","2026/10/02","福山通運　九州発送","2026/10/02","","完成","服部","2026/10/02","製造"
"東芝電材　倉吉★","九州工場","九州工場","2026/09/30","2026/09/30","26-J0144140-001-771","SE3535XN","1.50","350.0","350.0","350.0","SUS PB 水切","","1","ｱｰｽ","2026/10/02","福山通運　九州発送","2026/10/02","","完成","樋口","2026/10/02","製造"
"大洋電材　本社★","九州工場","九州工場","2026/09/30","2026/09/30","26-J0144165-001-771","SI0000N","2.00","250.0","250.0","0.0","SUS 切板","","1","","2026/10/01","北九州配達","2026/10/02","","完成","服部","2026/10/01","製造"
"中西電機　高松本社★","九州工場","九州工場","2026/09/30","2026/09/30","26-J0144336-001-771","SE5020WN","1.50","500.0","500.0","200.0","SUS PB 被せ","","1","ｱｰｽ","2026/10/02","福山通運　九州発送","2026/10/02","","完成","倉重","2026/10/02","製造"
"ナミデン　岡山★","九州工場","九州工場","2026/09/30","2026/09/30","26-J0144417-001-771","SP5030SN","1.50","500.0","500.0","300.0","SUS PB 平","","1","","2026/10/02","福山通運　九州発送","2026/10/02","","完成","倉重","2026/10/02","製造"
"カンサイ　甘木★","九州工場","九州工場","2026/09/30","2026/09/30","26-J0144498-001-771","SAI0000N","0.00","3,000.0","0.0","0.0","SUS ｱﾝｸﾞﾙ","","2","L50x50x5t","2026/10/02","佐川急便","2026/10/02","","完成","古川","2026/10/02","製造"
"東芝電材　益田★","九州工場","九州工場","2026/09/30","2026/09/30","26-J0144559-001-771","SIP0000N","3.00","100.0","55.0","0.0","SUS ﾌﾟﾚｰﾄ","","6","穴加工ｱﾘ","2026/10/02","福山通運　九州発送","2026/10/02","","完成","古川","2026/10/02","製造"
"三親電材　山口★","九州工場","九州工場","2026/10/01","2026/10/01","26-J0144904-001-771","BE6030SG","1.60","600.0","600.0","300.0","国土 PB 平","","1","ｱｰｽ さび止め","2026/10/02","福山通運　九州発送","2026/10/02","","完成","古川","2026/10/02","製造"
"宮地電機　高知","九州工場","九州工場","2026/10/01","2026/10/01","26-J0145043-001-771","SE0000XN","1.50","600.0","400.0","200.0","SUS PBﾄｸ 水切","","1","ｱｰｽ","2026/10/02","福山通運　九州発送","2026/10/02","","完成","古川","2026/10/02","製造"
"シンセイ　広島第一★","九州工場","九州工場","2026/10/01","2026/10/01","26-J0145177-001-771","SP0000SN","2.00","900.0","400.0","400.0","SUS PBﾄｸ 平","","1","","2026/10/02","福山通運　九州発送","2026/10/02","","完成","樋口","2026/10/02","製造"
"山陰ﾊﾟﾅｿﾆｯｸ　出雲★","九州工場","九州工場","2026/10/01","2026/10/01","26-J0145203-001-771","BE0000SG","1.60","600.0","600.0","200.0","国土 PBﾄｸ 平","","1","ｱｰｽ さび止め","2026/10/02","福山通運　九州発送","2026/10/02","","完成","倉重","2026/10/01","製造"
"三和電気商会★","九州工場","九州工場","2026/10/01","2026/10/01","26-J0145269-001-771","IP0000SG","1.60","250.0","200.0","150.0","鉄 PBﾄｸ 平","","1","さび止め","2026/10/02","福山通運　九州発送","2026/10/02","","完成","服部","2026/10/01","製造"
"広島電機器材","九州工場","九州工場","2026/10/01","2026/10/01","26-J0145381-003-771","IE0000SG","1.60","150.0","150.0","200.0","鉄 PBﾄｸ 平","","2","ｱｰｽ さび止め","2026/10/02","福山通運　九州発送","2026/10/02","","完成","古川","2026/10/02","製造"
"広島電機器材","九州工場","九州工場","2026/10/01","2026/10/01","26-J0145381-001-771","IP0000SG","1.60","150.0","150.0","200.0","鉄 PBﾄｸ 平","","2","さび止め","2026/10/02","福山通運　九州発送","2026/10/02","","ｷｬﾝｾﾙ","林(秀)","2026/10/02","製造"
"ナミデン　岡山★","九州工場","九州工場","2026/10/01","2026/10/01","26-J0145476-001-771","D02050SN","1.60","500.0","500.0","0.0","Sﾀﾞｲﾏ ふた","","1","平ふた","2026/10/02","福山通運　九州発送","2026/10/02","","完成","岩本","2026/10/02","製造"
"カンサイ　大分★","九州工場","九州工場","2026/10/02","2026/10/02","26-J0145952-001-771","SE3530XN","1.50","350.0","350.0","300.0","SUS PB 水切","","1","ｱｰｽ","2026/10/02","佐川急便","2026/10/02","","完成","樋口","2026/10/02","製造"
"東芝電材　熊本★","九州工場","九州工場","2026/10/02","2026/10/02","26-J0145960-001-771","IE2525SG","1.60","250.0","250.0","250.0","鉄 PB 平","","1","ｱｰｽ さび止め","2026/10/02","佐川急便","2026/10/02","","完成","古川","2026/10/02","製造"
"Q-mast　電気グル－プ★","九州工場","九州工場","2026/10/02","2026/10/02","26-J0146116-001-771","MAMEK","0.00","0.0","0.0","0.0","補修塗料 豆缶","","2","さびどめ","2026/10/02","佐川急便","2026/10/02","","完成","服部","","製造"
"アサヒ　八重山","九州工場","九州工場","2026/07/30","2026/07/30","26-J0098392-005-771","SE0000WC","2.00","700.0","700.0","300.0","SUS PBﾄｸ 被せ 焼付","2.5Y9/1","2","ｱｰｽ(外) 外耳被せ蓋 開口 足付","2026/10/05","沖縄直送","2026/10/05","","完成","古川","2026/09/01","製造"
"アサヒ　八重山","九州工場","九州工場","2026/07/30","2026/07/30","26-J0098392-006-771","SE0000WC","2.00","700.0","700.0","300.0","SUS PBﾄｸ 被せ 焼付","2.5Y9/1","2","ｱｰｽ(外) 外耳被せ蓋 開口 足付","2026/10/05","沖縄直送","2026/10/05","","完成","古川","2026/09/02","製造"
"アサヒ　八重山","九州工場","九州工場","2026/07/30","2026/07/30","26-J0098392-004-771","SE0000WC","2.00","700.0","700.0","300.0","SUS PBﾄｸ 被せ 焼付","2.5Y9/1","2","ｱｰｽ(外) 外耳被せ蓋 開口 足付","2026/10/05","沖縄直送","2026/10/05","","完成","古川","2026/08/31","製造"
"アサヒ　八重山","九州工場","九州工場","2026/07/30","2026/07/30","26-J0098392-003-771","SE0000WC","2.00","700.0","700.0","300.0","SUS PBﾄｸ 被せ 焼付","2.5Y9/1","2","ｱｰｽ(外) 外耳被せ蓋 開口 足付","2026/10/05","沖縄直送","2026/10/05","","完成","古川","2026/08/28","製造"
"アサヒ　八重山","九州工場","九州工場","2026/07/30","2026/07/30","26-J0098392-002-771","SE0000WC","2.00","700.0","700.0","300.0","SUS PBﾄｸ 被せ 焼付","2.5Y9/1","2","ｱｰｽ(外) 外耳被せ蓋 開口 足付","2026/10/05","沖縄直送","2026/10/05","","完成","古川","2026/08/27","製造"
"アサヒ　八重山","九州工場","九州工場","2026/07/30","2026/07/30","26-J0098392-001-771","SE0000WC","2.00","700.0","700.0","300.0","SUS PBﾄｸ 被せ 焼付","2.5Y9/1","1","ｱｰｽ(外) 外耳被せ蓋 開口 足付","2026/10/05","沖縄直送","2026/10/05","","完成","古川","2026/08/26","製造"
"栗田電機　松山★","九州工場","九州工場","2026/08/20","2026/08/20","26-J0111710-001-771","IIP0000C","1.60","1,290.0","290.0","0.0","鉄 ﾌﾟﾚｰﾄ 焼付","N9.5(近似色)","10","L型金物･開口ｱﾘ","2026/10/05","福山通運　九州発送","2026/10/05","","完成","古川","2026/09/29","製造"
"イシグロ　福岡★","九州工場","九州工場","2026/09/09","2026/09/09","26-J0128103-008-771","ZG0000","6.00","600.0","65.0","1,500.0","ZN 架台","","2","SS-L-65x65x6t　PL-6t　  B-014","2026/10/02","店頭渡し","2026/10/05","","完成","倉重","2026/09/25","製造"
"イシグロ　福岡★","九州工場","九州工場","2026/09/09","2026/09/09","26-J0128103-007-771","ZG0000","6.00","650.0","65.0","1,500.0","ZN 架台","","8","SS-L-65x65x6t　PL-6t　  B-013","2026/10/02","店頭渡し","2026/10/05","","完成","倉重","2026/09/25","製造"
"イシグロ　福岡★","九州工場","九州工場","2026/09/09","2026/09/09","26-J0128103-001-771","ZG0000","6.00","575.0","65.0","1,500.0","ZN 架台","","18","SS-L-65x65x6t　PL-6t　　B-001","2026/10/02","店頭渡し","2026/10/05","","完成","倉重","2026/09/15","製造"
"イシグロ　福岡★","九州工場","九州工場","2026/09/09","2026/09/09","26-J0128103-002-771","ZG0000","6.00","735.0","65.0","1,500.0","ZN 架台","","18","SS-L-65x65x6t　PL-6t 　 B-002","2026/10/02","店頭渡し","2026/10/05","","完成","倉重","2026/09/16","製造"
"イシグロ　福岡★","九州工場","九州工場","2026/09/09","2026/09/09","26-J0128103-003-771","ZG0000","6.00","575.0","65.0","1,500.0","ZN 架台","","20","SS-L-65x65x6t　PL-6t 　 B-003","2026/10/02","店頭渡し","2026/10/05","","完成","倉重","2026/09/17","製造"
"イシグロ　福岡★","九州工場","九州工場","2026/09/09","2026/09/09","26-J0128103-004-771","ZG0000","6.00","735.0","65.0","1,500.0","ZN 架台","","22","SS-L-65x65x6t　PL-6t　  B-004","2026/10/02","店頭渡し","2026/10/05","","完成","倉重","2026/09/18","製造"
"イシグロ　福岡★","九州工場","九州工場","2026/09/09","2026/09/09","26-J0128103-006-771","ZG0000","6.00","800.0","65.0","1,500.0","ZN 架台","","8","SS-L-65x65x6t　PL-6t　  B-012","2026/10/02","店頭渡し","2026/10/05","","完成","倉重","2026/09/25","製造"
"イシグロ　福岡★","九州工場","九州工場","2026/09/09","2026/09/09","26-J0128103-005-771","ZG0000","6.00","700.0","250.0","1,500.0","ZN 架台","","18","SS-L-65x65x6t　PL-6t　  B-011","2026/10/02","店頭渡し","2026/10/05","","完成","倉重","2026/09/24","製造"
"沖縄ミツヤマ電気","九州工場","九州工場","2026/09/15","2026/09/15","26-J0132761-003-771","DKW0000N","1.60","1,300.0","200.0","250.0","Sﾀﾞｲﾏ 貫通枠","","3","外耳 平蓋 補強ｱﾝｸﾞﾙ 取付穴　/7～9F","2026/09/24","イトカツ","2026/10/05","2026/09/24","完成","服部","2026/09/18","製造"
"沖縄ミツヤマ電気","九州工場","九州工場","2026/09/15","2026/09/15","26-J0132761-002-771","DKW0000N","1.60","700.0","200.0","200.0","Sﾀﾞｲﾏ 貫通枠","","3","外耳 平蓋 補強ｱﾝｸﾞﾙ 取付穴　/7～9F","2026/09/18","イトカツ","2026/10/05","2026/09/24","完成","古川","2026/09/17","製造"
"沖縄ミツヤマ電気","九州工場","九州工場","2026/09/15","2026/09/15","26-J0132761-004-771","DKW0000N","1.60","500.0","250.0","250.0","Sﾀﾞｲﾏ 貫通枠","","3","外耳 平蓋 補強ｱﾝｸﾞﾙ 取付穴　/7～9F","2026/09/24","イトカツ","2026/10/05","2026/09/24","完成","古川","2026/09/18","製造"
"沖縄ミツヤマ電気","九州工場","九州工場","2026/09/15","2026/09/15","26-J0132761-001-771","DKW0000N","1.60","1,300.0","250.0","250.0","Sﾀﾞｲﾏ 貫通枠","","3","外耳 平蓋 補強ｱﾝｸﾞﾙ 取付穴　/7～9F","2026/09/18","イトカツ","2026/10/05","2026/09/24","完成","カイ","2026/09/17","製造"
"三親電材　米子★","九州工場","九州工場","2026/09/15","2026/09/15","26-J0133725-001-771","ZPA0000C","0.00","160.0","0.0","0.0","ZN ﾎﾟｰﾙｱﾀﾞﾌﾟﾀｰ 焼付","ﾐﾃﾞｨｱﾑｸﾞﾚｰﾒﾀﾘｯｸ(近似色)","8","SGP80A･20A PLt3.2","2026/10/05","福山通運　九州発送","2026/10/05","","完成","金光","2026/09/25","製造"
"正和電材　大村★","九州工場","九州工場","2026/09/16","2026/09/16","26-J0134903-001-771","ZE0000XA","2.30","350.0","350.0","200.0","ZN PBﾄｸ 水切","","1","◆ HDZT49 ｱｰｽ 足付L3x40(φ12)x4 G36ｶｯﾌﾟﾘﾝｸﾞx3","2026/10/02","佐川急便","2026/10/05","","完成","フイ","2026/09/18","製造"
"東芝電材　熊本★","九州工場","九州工場","2026/09/16","2026/09/16","26-J0134969-002-771","ZE5040X2","2.30","500.0","500.0","400.0","ZN PB 水切","","3","HDZT49 ｱｰｽ","2026/10/05","福山通運　九州発送","2026/10/05","","完成","倉重","2026/09/28","製造"
"東芝電材　熊本★","九州工場","九州工場","2026/09/16","2026/09/16","26-J0134969-001-771","ZE4040X2","2.30","400.0","400.0","400.0","ZN PB 水切","","1","HDZT49 ｱｰｽ","2026/10/05","福山通運　九州発送","2026/10/05","","完成","倉重","2026/09/28","製造"
"新光産業　本社","九州工場","九州工場","2026/09/17","2026/09/17","26-J0135163-003-771","BE5030SC","1.60","500.0","500.0","300.0","国土 PB 平 焼付","5Y7/1","1","ｱｰｽ","2026/09/28","イトカツ","2026/10/05","2026/09/28","完成","古川","2026/09/18","製造"
"新光産業　本社","九州工場","九州工場","2026/09/17","2026/09/17","26-J0135163-002-771","BE3030SC","1.60","300.0","300.0","300.0","国土 PB 平 焼付","5Y7/1","1","ｱｰｽ","2026/09/28","イトカツ","2026/10/05","2026/09/28","完成","古川","2026/09/18","製造"
"新光産業　本社","九州工場","九州工場","2026/09/17","2026/09/17","26-J0135163-001-771","BE3020SC","1.60","300.0","300.0","200.0","国土 PB 平 焼付","5Y7/1","1","ｱｰｽ","2026/09/28","イトカツ","2026/10/05","2026/09/28","完成","古川","2026/09/18","製造"
"Q-mast　電気グル－プ★","九州工場","九州工場","2026/09/17","2026/09/17","26-J0135976-001-771","DD0000C","2.30","1,000.0","500.0","3,000.0","Sﾀﾞｲﾏ ﾀﾞｸﾄ 焼付","5Y9/0.5 近似色","1","/1200 /880","2026/10/02","ヤマックス　ｽﾎﾟｯﾄ便","2026/10/05","","完成","樫原","2026/09/29","製造"
"Q-mast　電気グル－プ★","九州工場","九州工場","2026/09/17","2026/09/17","26-J0135976-002-771","DD0000C","2.30","900.0","500.0","2,850.0","Sﾀﾞｲﾏ ﾀﾞｸﾄ 焼付","5Y9/0.5 近似色","1","/1200 /880","2026/10/02","ヤマックス　ｽﾎﾟｯﾄ便","2026/10/05","","完成","樫原","2026/09/29","製造"
"ムトウ電材　富士見★","九州工場","九州工場","2026/09/17","2026/09/17","26-J0136031-002-771","ZE0000X","2.30","100.0","100.0","100.0","ZN PBﾄｸ 水切","","2","ｱｰｽ付き　端子台ベース溶接","2026/10/05","佐川急便","2026/10/05","","完成","倉重","2026/09/28","製造"
"ムトウ電材　富士見★","九州工場","九州工場","2026/09/17","2026/09/17","26-J0136031-003-771","ZE0000X","2.30","200.0","200.0","100.0","ZN PBﾄｸ 水切","","1","ｱｰｽ付き　端子台ベース溶接","2026/10/05","佐川急便","2026/10/05","","完成","倉重","2026/09/28","製造"
"アサヒ　中部","九州工場","九州工場","2026/09/17","2026/09/17","26-J0136069-003-771","BE2520SC","1.60","250.0","250.0","200.0","国土 PB 平 焼付","2.5Y9/1","1","ｱｰｽ","2026/09/28","イトカツ","2026/10/05","2026/09/29","完成","倉重","2026/09/18","製造"
"アサヒ　中部","九州工場","九州工場","2026/09/17","2026/09/17","26-J0136069-002-771","BE0000SC","1.60","600.0","600.0","200.0","国土 PBﾄｸ 平 焼付","2.5Y9/1","1","ｱｰｽ 脱着支持棒付","2026/09/29","イトカツ","2026/10/05","2026/09/29","完成","古川","2026/09/24","製造"
"アサヒ　中部","九州工場","九州工場","2026/09/17","2026/09/17","26-J0136069-001-771","BE0000SC","2.30","700.0","700.0","200.0","国土 PBﾄｸ 平 焼付","2.5Y9/1","1","ｱｰｽ 脱着支持棒付","2026/09/29","イトカツ","2026/10/05","2026/09/29","完成","古川","2026/09/24","製造"
"アサヒ　本社","九州工場","九州工場","2026/09/18","2026/09/18","26-J0136235-001-771","IE0000SC","2.30","800.0","350.0","350.0","鉄 PBﾄｸ 平 焼付","2.5Y9/1","1","蓋２分割 ｱｰｽ","2026/09/29","イトカツ","2026/10/05","2026/09/29","完成","古川","2026/09/24","製造"
"カンサイ南九州社★","九州工場","九州工場","2026/09/18","2026/09/18","26-J0136366-001-771","SE0000XNW","2.00","300.0","300.0","100.0","SUS PBﾄｸ 水切","","13","ｱｰｽ内ﾜﾆｽ  足付　 灯具取付板付4-M4ﾀｯﾌﾟ","2026/10/02","佐川急便","2026/10/05","","完成","古川","2026/09/30","製造"
"カンサイ南九州社★","九州工場","九州工場","2026/09/18","2026/09/18","26-J0136366-003-771","SE0000XNW","2.00","300.0","300.0","100.0","SUS PBﾄｸ 水切","","13","ｱｰｽ内ﾜﾆｽ  足付　 灯具取付板付4-M4ﾀｯﾌﾟ","2026/10/05","佐川急便","2026/10/05","","完成","井上","2026/10/01","製造"
"カンサイ南九州社★","九州工場","九州工場","2026/09/18","2026/09/18","26-J0136366-002-771","SE0000XNW","2.00","300.0","300.0","200.0","SUS PBﾄｸ 水切","","1","ｱｰｽ内ﾜﾆｽ  足付　 灯具取付板付4-M4ﾀｯﾌﾟ","2026/10/05","佐川急便","2026/10/05","","完成","井上","2026/10/01","製造"
"興陽電機　八幡★","九州工場","九州工場","2026/09/18","2026/09/18","26-J0136877-001-771","ZST0000","6.00","250.0","250.0","1,700.0","ZN ｽﾀﾝｼｮﾝ","","1","","2026/10/02","北九州配達","2026/10/05","","完成","倉重","2026/09/28","製造"
"アサヒ　本社","九州工場","九州工場","2026/09/18","2026/09/18","26-J0137219-001-771","BE4030SC","1.60","400.0","400.0","300.0","国土 PB 平 焼付","2.5Y9/1","1","ｱｰｽ","2026/09/29","イトカツ","2026/10/05","2026/09/29","完成","古川","2026/09/25","製造"
"Q-mast　南九州★","九州工場","九州工場","2026/09/24","2026/09/24","26-J0137408-002-771","ZG0000","0.00","600.0","300.0","0.0","ZN 架台","","2","L65x65x6t   R","2026/10/05","福山通運　九州発送","2026/10/05","","完成","倉重","2026/09/28","製造"
"Q-mast　南九州★","九州工場","九州工場","2026/09/24","2026/09/24","26-J0137408-001-771","ZG0000","0.00","600.0","300.0","0.0","ZN 架台","","2","L65x65x6t   L","2026/10/05","福山通運　九州発送","2026/10/05","","完成","倉重","2026/09/28","製造"
"日本電設資材　福岡★","九州工場","九州工場","2026/09/24","2026/09/24","26-J0137883-002-771","IG0000G","6.00","450.0","330.0","300.0","鉄 架台","","2","さび止め SS-L-50x50x6t　穴加工","2026/10/02","ヤマックス福岡","2026/10/05","","完成","倉重","2026/10/01","製造"
"日本電設資材　福岡★","九州工場","九州工場","2026/09/24","2026/09/24","26-J0137883-001-771","IG0000G","6.00","450.0","330.0","1,550.0","鉄 架台","","8","さび止め SS-L-50x50x6t　穴加工","2026/10/02","ヤマックス福岡","2026/10/05","","完成","倉重","2026/10/01","製造"
"イシグロ　福岡★","九州工場","九州工場","2026/09/24","2026/09/24","26-J0138059-002-771","ZKM0000","5.00","300.0","50.0","100.0","ZN 金物","","6","SS-C-5x50x100　穴加工   ｻｰﾋﾞｽﾀﾝｸ廻り架台B","2026/10/05","福山通運　九州発送","2026/10/05","","完成","倉重","2026/09/28","製造"
"イシグロ　福岡★","九州工場","九州工場","2026/09/24","2026/09/24","26-J0138059-006-771","ZKM0000","5.00","200.0","50.0","100.0","ZN 金物","","2","SS-C-5x50x100　穴加工   ｻｰﾋﾞｽﾀﾝｸ廻り架台F","2026/10/05","福山通運　九州発送","2026/10/05","","完成","倉重","2026/09/28","製造"
"イシグロ　福岡★","九州工場","九州工場","2026/09/24","2026/09/24","26-J0138059-001-771","ZG0000","6.00","450.0","50.0","295.0","ZN 架台","","1","SS-L-50x50x6t　 ｻｰﾋﾞｽﾀﾝｸ廻り架台A","2026/10/05","福山通運　九州発送","2026/10/05","","完成","倉重","2026/09/28","製造"
"イシグロ　福岡★","九州工場","九州工場","2026/09/24","2026/09/24","26-J0138059-005-771","ZKM0000","5.00","200.0","50.0","100.0","ZN 金物","","2","SS-C-5x50x100　穴加工   ｻｰﾋﾞｽﾀﾝｸ廻り架台E","2026/10/05","福山通運　九州発送","2026/10/05","","完成","倉重","2026/09/28","製造"
"イシグロ　福岡★","九州工場","九州工場","2026/09/24","2026/09/24","26-J0138059-004-771","ZG0000","6.00","600.0","50.0","75.0","ZN 架台","","1","SS-L-50x50x6t　 ｻｰﾋﾞｽﾀﾝｸ廻り架台D","2026/10/05","福山通運　九州発送","2026/10/05","","完成","倉重","2026/09/28","製造"
"イシグロ　福岡★","九州工場","九州工場","2026/09/24","2026/09/24","26-J0138059-003-771","ZG0000","6.00","600.0","50.0","75.0","ZN 架台","","1","SS-L-50x50x6t　 ｻｰﾋﾞｽﾀﾝｸ廻り架台C","2026/10/05","福山通運　九州発送","2026/10/05","","完成","倉重","2026/09/28","製造"
"イシグロ　福岡★","九州工場","九州工場","2026/09/24","2026/09/24","26-J0138059-007-771","ZKM0000","5.00","200.0","50.0","100.0","ZN 金物","","2","SS-C-5x50x100　穴加工   ｻｰﾋﾞｽﾀﾝｸ廻り架台G","2026/10/05","福山通運　九州発送","2026/10/05","","完成","倉重","2026/09/28","製造"
"Q-mast　空調管グル－プ★","九州工場","九州工場","2026/09/24","2026/09/24","26-J0138136-001-771","ZTG0000","0.00","1,135.0","917.0","656.0","ZN 耐震架台","","1","L50x50x6  消火配管架台　精錬棟3F","2026/10/02","ヤマックス　ｽﾎﾟｯﾄ便","2026/10/05","","完成","倉重","2026/09/28","製造"
"三親電材　広島★","九州工場","九州工場","2026/09/24","2026/09/24","26-J0138247-014-771","IKW0000G","1.60","700.0","250.0","170.0","鉄 貫通枠","","1","さび止め SS-C-5x50x100溶接　東EPS　3～16階用","2026/10/05","福山通運　九州発送","2026/10/05","","完成","服部","2026/10/02","製造"
"三親電材　広島★","九州工場","九州工場","2026/09/24","2026/09/24","26-J0138247-013-771","IKW0000G","1.60","1,250.0","300.0","170.0","鉄 貫通枠","","1","さび止め SS-C-5x50x100溶接　西EPS　6～32階用","2026/10/05","福山通運　九州発送","2026/10/05","","完成","倉重","2026/10/02","製造"
"Q-mast　空調管グル－プ★","九州工場","九州工場","2026/09/24","2026/09/24","26-J0138349-005-771","ZG0000","0.00","1,100.0","1,430.0","0.0","ZN 架台","","1","L50x50x6 [100x50x5  精錬棟 追加架台 排煙ﾀﾞｸﾄ 2","2026/10/02","ヤマックス　ｽﾎﾟｯﾄ便","2026/10/05","","完成","倉重","2026/09/28","製造"
"Q-mast　空調管グル－プ★","九州工場","九州工場","2026/09/24","2026/09/24","26-J0138349-004-771","ZG0000","0.00","600.0","765.0","0.0","ZN 架台","","2","L50x50x6   精錬棟 追加架台 排煙ﾀﾞｸﾄ 2","2026/10/02","ヤマックス　ｽﾎﾟｯﾄ便","2026/10/05","","完成","金光","2026/09/28","製造"
"Q-mast　空調管グル－プ★","九州工場","九州工場","2026/09/24","2026/09/24","26-J0138349-003-771","ZG0000","0.00","600.0","950.0","0.0","ZN 架台","","1","L50x50x6   精錬棟 追加架台 排煙ﾀﾞｸﾄ 1","2026/10/02","ヤマックス　ｽﾎﾟｯﾄ便","2026/10/05","","完成","倉重","2026/09/28","製造"
"Q-mast　空調管グル－プ★","九州工場","九州工場","2026/09/24","2026/09/24","26-J0138349-002-771","ZG0000","0.00","700.0","1,304.0","0.0","ZN 架台","","1","L50x50x6   精錬棟 追加架台 排煙ﾀﾞｸﾄ 4","2026/10/02","ヤマックス　ｽﾎﾟｯﾄ便","2026/10/05","","完成","倉重","2026/09/28","製造"
"Q-mast　空調管グル－プ★","九州工場","九州工場","2026/09/24","2026/09/24","26-J0138349-001-771","ZG0000","0.00","600.0","950.0","0.0","ZN 架台","","1","L50x50x6   精錬棟 追加架台 排煙ﾀﾞｸﾄ 3","2026/10/02","ヤマックス　ｽﾎﾟｯﾄ便","2026/10/05","","完成","倉重","2026/09/28","製造"
"Q-mast　空調管グル－プ★","九州工場","九州工場","2026/09/24","2026/09/24","26-J0138349-007-771","ZG0000","0.00","1,200.0","3,040.0","1,337.0","ZN 架台","","1","L50x50x6 [100x50x5  精錬棟 追加架台 排煙ﾀﾞｸﾄ 2","2026/10/02","ヤマックス　ｽﾎﾟｯﾄ便","2026/10/05","","完成","倉重","2026/09/28","製造"
"Q-mast　空調管グル－プ★","九州工場","九州工場","2026/09/24","2026/09/24","26-J0138349-006-771","ZG0000","0.00","1,100.0","1,945.0","0.0","ZN 架台","","1","L50x50x6 [100x50x5  精錬棟 追加架台 排煙ﾀﾞｸﾄ 1","2026/10/02","ヤマックス　ｽﾎﾟｯﾄ便","2026/10/05","","完成","倉重","2026/09/28","製造"
"ミューハウス　熊本★","九州工場","九州工場","2026/09/24","2026/09/24","26-J0138484-003-771","ZE2015X2","2.30","200.0","200.0","150.0","ZN PB 水切","","1","HDZT49 ｱｰｽ","2026/10/05","佐川急便","2026/10/05","","完成","金光","2026/09/28","製造"
"ミューハウス　熊本★","九州工場","九州工場","2026/09/24","2026/09/24","26-J0138484-002-771","ZE1515X2","2.30","150.0","150.0","150.0","ZN PB 水切","","6","HDZT49 ｱｰｽ","2026/10/05","佐川急便","2026/10/05","","完成","金光","2026/09/28","製造"
"ミューハウス　熊本★","九州工場","九州工場","2026/09/24","2026/09/24","26-J0138484-001-771","ZE2020X2","2.30","200.0","200.0","200.0","ZN PB 水切","","1","HDZT49 ｱｰｽ","2026/10/05","佐川急便","2026/10/05","","完成","金光","2026/09/28","製造"
"ミューハウス　熊本★","九州工場","九州工場","2026/09/24","2026/09/24","26-J0138484-004-771","ZE2015X2","2.30","200.0","200.0","150.0","ZN PB 水切","","2","HDZT49 ｱｰｽ","2026/10/05","佐川急便","2026/10/05","","完成","金光","2026/09/28","製造"
"Q-mast　空調管グル－プ★","九州工場","九州工場","2026/09/24","2026/09/24","26-J0138822-001-771","ZG0000","0.00","1,400.0","560.0","0.0","ZN 架台","","1","L50x50x6  精錬棟 3F 空調配管 1","2026/10/02","ヤマックス　ｽﾎﾟｯﾄ便","2026/10/05","","完成","倉重","2026/09/28","製造"
"正和電材　佐世保★","九州工場","九州工場","2026/09/24","2026/09/24","26-J0139081-001-771","SDC0000C","1.50","600.0","200.0","100.0","SUS ﾀﾞｸﾄｶﾊﾞｰ 焼付","5Y7/1 近似色","2","12-φ12 上下ﾊﾟｯｷﾝ付き","2026/10/05","佐川急便","2026/10/05","","完成","古川","2026/09/30","製造"
"正和電材　佐世保★","九州工場","九州工場","2026/09/24","2026/09/24","26-J0139081-002-771","SDC0000C","1.50","800.0","200.0","100.0","SUS ﾀﾞｸﾄｶﾊﾞｰ 焼付","5Y7/1 近似色","2","12-φ12 上下ﾊﾟｯｷﾝ付き","2026/10/05","佐川急便","2026/10/05","","完成","柴﨑","2026/09/30","製造"
"かごしま電工　城南★","九州工場","九州工場","2026/09/25","2026/09/25","26-J0139267-001-771","SE0000XCW","2.00","900.0","400.0","300.0","SUS PBﾄｸ 水切 焼付","5Y7/1 近似色","1","ｱｰｽ 内ﾜﾆｽ","2026/10/02","福山通運　九州発送","2026/10/05","","完成","柴﨑","2026/09/28","製造"
"かごしま電工　城南★","九州工場","九州工場","2026/09/25","2026/09/25","26-J0139267-002-771","SE0000XCW","1.50","700.0","300.0","350.0","SUS PBﾄｸ 水切 焼付","5Y7/1 近似色","2","ｱｰｽ 内ﾜﾆｽ","2026/10/05","福山通運　九州発送","2026/10/05","","完成","古川","2026/09/29","製造"
"山電　小倉","九州工場","九州工場","2026/09/25","2026/09/25","26-J0139308-001-771","ZE0000W","2.30","100.0","100.0","80.0","ZN PBﾄｸ 被せ","","7","ｱｰｽ","2026/10/05","店頭渡し","2026/10/05","","完成","倉重","2026/09/28","製造"
"木村電機　熊本北★","九州工場","九州工場","2026/09/25","2026/09/25","26-J0139389-001-771","ZKM0000","3.20","2,000.0","76.8","50.0","ZN 金物","","1","穴あきZｱﾝｸﾞﾙ  両穴","2026/10/05","佐川急便","2026/10/05","","完成","倉重","2026/09/28","製造"
"佐野電機工業","九州工場","九州工場","2026/09/25","2026/09/25","26-J0139702-001-771","ZE3020X2","2.30","300.0","300.0","200.0","ZN PB 水切","","1","HDZT56 ｱｰｽ","2026/10/05","福山通運　九州発送","2026/10/05","","完成","金光","2026/09/28","製造"
"カンサイ九州昭和　北九州★","九州工場","九州工場","2026/09/25","2026/09/25","26-J0139806-002-771","IIP0000C","1.60","600.0","470.0","0.0","鉄 ﾌﾟﾚｰﾄ 焼付","N-85 近似色","1","穴加工","2026/10/02","北九州配達","2026/10/05","","完成","古川","2026/09/29","製造"
"カンサイ九州昭和　北九州★","九州工場","九州工場","2026/09/25","2026/09/25","26-J0139806-004-771","IIP0000C","1.60","100.0","660.0","0.0","鉄 ﾌﾟﾚｰﾄ 焼付","N-85 近似色","1","/315  穴加工","2026/10/02","北九州配達","2026/10/05","","完成","古川","2026/09/29","製造"
"カンサイ九州昭和　北九州★","九州工場","九州工場","2026/09/25","2026/09/25","26-J0139806-001-771","IIP0000C","1.60","600.0","190.0","0.0","鉄 ﾌﾟﾚｰﾄ 焼付","N-85 近似色","1","穴加工","2026/10/02","北九州配達","2026/10/05","","完成","古川","2026/09/29","製造"
"カンサイ九州昭和　北九州★","九州工場","九州工場","2026/09/25","2026/09/25","26-J0139806-003-771","IIP0000C","1.60","1,000.0","660.0","0.0","鉄 ﾌﾟﾚｰﾄ 焼付","N-85 近似色","1","穴加工","2026/10/02","北九州配達","2026/10/05","","完成","古川","2026/09/29","製造"
"カンサイ九州昭和　北九州★","九州工場","九州工場","2026/09/25","2026/09/25","26-J0139806-009-771","IC0000C","1.60","630.0","315.0","50.0","鉄 ｶﾊﾞｰ 焼付","N-85 近似色","1","穴加工","2026/10/02","北九州配達","2026/10/05","","完成","古川","2026/09/29","製造"
"カンサイ九州昭和　北九州★","九州工場","九州工場","2026/09/25","2026/09/25","26-J0139806-008-771","IC0000C","1.60","575.0","315.0","50.0","鉄 ｶﾊﾞｰ 焼付","N-85 近似色","1","穴加工","2026/10/02","北九州配達","2026/10/05","","完成","古川","2026/09/29","製造"
"カンサイ九州昭和　北九州★","九州工場","九州工場","2026/09/25","2026/09/25","26-J0139806-007-771","IIP0000C","1.60","1,600.0","630.0","0.0","鉄 ﾌﾟﾚｰﾄ 焼付","N-85 近似色","1","/575  開口　穴加工","2026/10/02","北九州配達","2026/10/05","","完成","古川","2026/09/29","製造"
"カンサイ九州昭和　北九州★","九州工場","九州工場","2026/09/25","2026/09/25","26-J0139806-005-771","IIP0000C","1.60","100.0","660.0","0.0","鉄 ﾌﾟﾚｰﾄ 焼付","N-85 近似色","1","/315  穴加工","2026/10/02","北九州配達","2026/10/05","","完成","古川","2026/09/29","製造"
"カンサイ九州昭和　北九州★","九州工場","九州工場","2026/09/25","2026/09/25","26-J0139806-006-771","IC0000C","1.60","1,100.0","230.0","60.0","鉄 ｶﾊﾞｰ 焼付","2.5Y9/1 近似色","1","/200  穴加工","2026/10/02","北九州配達","2026/10/05","","完成","古川","2026/09/29","製造"
"かごしま電工　南★","九州工場","九州工場","2026/09/25","2026/09/25","26-J0139957-001-771","SE2020XCW","1.50","200.0","200.0","200.0","SUS PB 水切 焼付","2.5Y9/1 近似色","11","ｱｰｽ 内ﾜﾆｽ","2026/10/05","佐川急便","2026/10/05","","完成","古川","2026/09/29","製造"
"アサヒ　中部","九州工場","九州工場","2026/09/25","2026/09/25","26-J0140127-001-771","SX0000N","6.00","300.0","150.0","50.0","SUS その他","","2","ﾚｰﾙ L=300 PL6t 取付穴 R加工","2026/09/29","イトカツ","2026/10/05","2026/09/29","完成","倉重","2026/09/28","製造"
"シンセイ　広島第一★","九州工場","九州工場","2026/09/25","2026/09/25","26-J0140314-001-771","DDC0000N","2.30","1,150.0","310.0","1,400.0","Sﾀﾞｲﾏ ﾀﾞｸﾄｶﾊﾞｰ","","1","コ型ｶﾊﾞｰ　正面平蓋2分割　側面開口","2026/10/05","福山通運　九州発送","2026/10/05","","完成","坂元","2026/10/05","製造"
"平岡電気　城南★","九州工場","九州工場","2026/09/25","2026/09/25","26-J0140335-001-771","BE4030SC","1.60","400.0","400.0","300.0","国土 PB 平 焼付","2.5Y9/1 近似色","1","ｱｰｽ ｺﾞﾑﾊﾟｯｷﾝ付き","2026/10/02","ヤマックス福岡","2026/10/05","","完成","古川","2026/09/29","製造"
"小林電工　岡山★","九州工場","九州工場","2026/09/28","2026/09/28","26-J0140435-001-771","IMK0000C","3.20","800.0","300.0","100.0","鉄 曲金物 焼付","2.5Y9/1(近似色)","1","穴加工ｱﾘ","2026/10/05","福山通運　九州発送","2026/10/05","","完成","古川","2026/09/30","製造"
"小林電工　岡山★","九州工場","九州工場","2026/09/28","2026/09/28","26-J0140435-002-771","IMK0000C","3.20","800.0","300.0","100.0","鉄 曲金物 焼付","2.5Y9/1(近似色)","1","穴加工ｱﾘ","2026/10/05","福山通運　九州発送","2026/10/05","","完成","古川","2026/09/30","製造"
"かごしま電工　国分★","九州工場","九州工場","2026/09/28","2026/09/28","26-J0140564-003-771","DC0000N","1.60","560.0","200.0","300.0","Sﾀﾞｲﾏ ｶﾊﾞｰ","","1","蓋なし　下面背面開口　取付穴4-φ10","2026/10/05","佐川急便","2026/10/05","","完成","服部","2026/10/05","製造"
"かごしま電工　国分★","九州工場","九州工場","2026/09/28","2026/09/28","26-J0140564-001-771","DC0000N","1.60","660.0","200.0","300.0","Sﾀﾞｲﾏ ｶﾊﾞｰ","","8","蓋なし　下面背面開口　取付穴4-φ10","2026/10/05","佐川急便","2026/10/05","","完成","服部","2026/10/05","製造"
"かごしま電工　国分★","九州工場","九州工場","2026/09/28","2026/09/28","26-J0140564-002-771","DC0000N","1.60","460.0","200.0","300.0","Sﾀﾞｲﾏ ｶﾊﾞｰ","","1","蓋なし　下面背面開口　取付穴4-φ10","2026/10/05","佐川急便","2026/10/05","","完成","服部","2026/10/05","製造"
"Q-mast　電気グル－プ★","九州工場","九州工場","2026/09/28","2026/09/28","26-J0140779-002-771","ZG0000","0.00","300.0","400.0","0.0","ZN 架台","","3","徳高EPS・樋用架台　部材2","2026/10/02","ヤマックス　ｽﾎﾟｯﾄ便","2026/10/05","","完成","古川","2026/09/29","製造"
"Q-mast　電気グル－プ★","九州工場","九州工場","2026/09/28","2026/09/28","26-J0140779-001-771","ZG0000","0.00","300.0","300.0","0.0","ZN 架台","","3","徳高EPS・樋用架台　部材1","2026/10/02","ヤマックス　ｽﾎﾟｯﾄ便","2026/10/05","","完成","古川","2026/09/29","製造"
"Q-mast　電気グル－プ★","九州工場","九州工場","2026/09/28","2026/09/28","26-J0140791-001-771","DC0000N","1.60","1,500.0","300.0","30.0","Sﾀﾞｲﾏ ｶﾊﾞｰ","","3","部材3","2026/10/02","ヤマックス　ｽﾎﾟｯﾄ便","2026/10/05","","完成","古川","2026/10/02","製造"
"カンサイ南九州社★","九州工場","九州工場","2026/09/28","2026/09/28","26-J0141103-001-771","BE4020SCW","1.60","400.0","400.0","200.0","国土 PB 平 焼付","2.5Y9/1 近似色","2","ｱｰｽ  内ﾜﾆｽ","2026/10/05","佐川急便","2026/10/05","","完成","古川","2026/09/29","製造"
"ムトウ電材　富士見★","九州工場","九州工場","2026/09/28","2026/09/28","26-J0141389-002-771","ZE0000X","2.30","350.0","350.0","200.0","ZN PBﾄｸ 水切","","1","ｱｰｽ付き　端子台ベース溶接","2026/10/05","佐川急便","2026/10/05","","完成","倉重","2026/09/28","製造"
"田中商事　小倉","九州工場","九州工場","2026/09/28","2026/09/28","26-J0141470-001-771","BE3020SC","1.60","300.0","300.0","200.0","国土 PB 平 焼付","N9.5 近似色","1","ｱｰｽ","2026/10/02","北九州配達","2026/10/05","","完成","古川","","加工"
"カンサイ　久留米★","九州工場","九州工場","2026/09/28","2026/09/28","26-J0141738-001-771","BKM0000C","1.60","200.0","100.0","220.0","処理鋼板 金物 焼付","5Y7/1 近似色","1","/15 S形 開口 穴加工 M3ﾀｯﾌﾟx2","2026/10/05","佐川急便","2026/10/05","","完成","古川","2026/09/30","製造"
"三親電材　山口★","九州工場","九州工場","2026/09/28","2026/09/28","26-J0141791-001-771","IG0000G","6.00","630.0","290.0","830.0","鉄 架台","","8","さび止め SS-L-65x65x6t BD耐震架台-A1","2026/10/02","ヤマックス　ｽﾎﾟｯﾄ便","2026/10/05","","完成","倉重","2026/10/01","製造"
"かごしま電工　南★","九州工場","九州工場","2026/09/29","2026/09/29","26-J0142057-003-771","DC0000N","1.60","1,340.0","130.0","800.0","Sﾀﾞｲﾏ ｶﾊﾞｰ","","1","平蓋","2026/10/05","福山通運　九州発送","2026/10/05","","完成","樋口","2026/10/05","製造"
"岡本電機　福山★","九州工場","九州工場","2026/09/29","2026/09/29","26-J0142099-001-771","IIP0000C","1.60","110.0","110.0","21.6","鉄 ﾌﾟﾚｰﾄ 焼付","2.5Y9/1 近似色","2","開口68x68 四隅ﾌｨﾚｯﾄR3 2-M6x20ｽﾀｯﾄﾞﾎﾞﾙﾄ溶接","2026/10/05","福山通運　九州発送","2026/10/05","","完成","古川","2026/09/30","製造"
"ニシムラ　東京★","九州工場","九州工場","2026/09/29","2026/09/29","26-J0142113-001-771","IG0000C","4.50","800.0","800.0","50.0","鉄 架台 焼付","5Y7/1","1","開口・穴加工有 裏NT溶接","2026/10/05","佐川急便","2026/10/05","","完成","古川","2026/10/01","製造"
"ムトウ電材　富士見★","九州工場","九州工場","2026/09/29","2026/09/29","26-J0142171-001-771","SG0000N","2.00","160.0","460.0","200.0","SUS 架台","","2","","2026/10/05","佐川急便","2026/10/05","","完成","井上","2026/10/05","製造"
"東芝電材　大牟田★","九州工場","九州工場","2026/09/29","2026/09/29","26-J0142398-001-771","BE1510SC","1.60","150.0","150.0","100.0","国土 PB 平 焼付","2.5Y9/1 近似色","2","ｱｰｽ","2026/10/05","佐川急便","2026/10/05","","完成","古川","","加工"
"木村電機　熊本北★","九州工場","九州工場","2026/09/29","2026/09/29","26-J0142525-002-771","SE4020XC","1.50","400.0","400.0","200.0","SUS PB 水切 焼付","5Y7/1 近似色","1","ｱｰｽ","2026/10/05","佐川急便","2026/10/05","","完成","古川","2026/09/30","製造"
"木村電機　熊本北★","九州工場","九州工場","2026/09/29","2026/09/29","26-J0142525-001-771","SE3020XC","1.50","300.0","300.0","200.0","SUS PB 水切 焼付","5Y7/1 近似色","1","ｱｰｽ","2026/10/05","佐川急便","2026/10/05","","完成","古川","","加工"
"小林電工　岡山★","九州工場","九州工場","2026/09/29","2026/09/29","26-J0142706-001-771","SE0000XN","1.50","300.0","150.0","200.0","SUS PBﾄｸ 水切","","2","ｱｰｽ","2026/10/05","福山通運　九州発送","2026/10/05","","完成","井上","2026/10/05","製造"
"正和電材　大村★","九州工場","九州工場","2026/09/29","2026/09/29","26-J0143112-001-771","BE0000SC","1.60","500.0","300.0","400.0","国土 PBﾄｸ 平 焼付","2.5Y9/1 近似色","1","ｱｰｽ　（蓋面500ｘ300）","2026/10/05","佐川急便","2026/10/05","","完成","古川","2026/09/30","製造"
"テンマワークス","九州工場","九州工場","2026/09/30","2026/09/30","26-J0143559-001-771","DDC0000N","2.30","400.0","695.0","950.0","Sﾀﾞｲﾏ ﾀﾞｸﾄｶﾊﾞｰ","","1","2面蓋 SUSｱﾝｸﾞﾙ溶接","2026/10/05","福山通運　九州発送","2026/10/05","","完成","樋口","2026/10/05","製造"
"シンセイ　倉敷★","九州工場","九州工場","2026/09/30","2026/09/30","26-J0143762-001-771","SE2020XNA","1.50","200.0","200.0","200.0","SUS PB 水切","","1","ｱｰｽ(位置指定) 足付L3x30Φ12-2ヶ","2026/10/05","福山通運　九州発送","2026/10/05","","完成","井上","2026/10/05","製造"
"シンセイ　倉敷★","九州工場","九州工場","2026/09/30","2026/09/30","26-J0143974-001-771","SE3020XNA","1.50","300.0","300.0","200.0","SUS PB 水切","","1","ｱｰｽ 足付4-L3x40.12ﾊﾟｲ","2026/10/05","福山通運　九州発送","2026/10/05","","完成","井上","2026/10/05","製造"
"啓電社★","九州工場","九州工場","2026/09/30","2026/09/30","26-J0144083-001-771","DIP0000N","2.30","80.0","35.0","0.0","Sﾀﾞｲﾏ ﾌﾟﾚｰﾄ","","170","生地 穴加工","2026/10/02","佐川急便","2026/10/05","","完成","服部","2026/10/02","製造"
"カンサイ九州昭和　北九州★","九州工場","九州工場","2026/09/30","2026/09/30","26-J0144180-001-771","DP5050WN","1.60","500.0","500.0","500.0","Sﾀﾞｲﾏ PB 被せ","","2","","2026/10/02","北九州配達","2026/10/05","","完成","古川","2026/10/02","製造"
"宮地電機　高松","九州工場","九州工場","2026/09/30","2026/09/30","26-J0144315-001-771","IP0000WG","1.60","600.0","600.0","250.0","鉄 PBﾄｸ 被せ","","3","さび止め","2026/10/05","福山通運　九州発送","2026/10/05","","完成","服部","2026/10/02","製造"
"正二電気　岡山本社","九州工場","九州工場","2026/09/30","2026/09/30","26-J0144477-001-771","IMK0000G","1.60","240.0","150.0","80.0","鉄 曲金物","","1","/20 さび止め","2026/10/05","福山通運　九州発送","2026/10/05","","完成","服部","2026/10/02","製造"
"正二電気　岡山本社","九州工場","九州工場","2026/09/30","2026/09/30","26-J0144477-002-771","IMK0000G","1.60","150.0","80.0","20.0","鉄 曲金物","","1","/10 さび止め","2026/10/05","福山通運　九州発送","2026/10/05","","完成","服部","2026/10/02","製造"
"カンサイ　甘木★","九州工場","九州工場","2026/09/30","2026/09/30","26-J0144538-001-771","SAI0000N","0.00","2,000.0","0.0","0.0","SUS ｱﾝｸﾞﾙ","","5","L50x50x5t","2026/10/05","佐川急便","2026/10/05","","完成","井上","2026/10/05","製造"
"ナミデン　岡山★","九州工場","九州工場","2026/10/01","2026/10/01","26-J0144715-001-771","IE2020WG","1.60","200.0","200.0","200.0","鉄 PB 被せ","","1","ｱｰｽ さび止め","2026/10/05","福山通運　九州発送","2026/10/05","","完成","服部","2026/10/02","製造"
"ナミデン　岡山★","九州工場","九州工場","2026/10/01","2026/10/01","26-J0144740-001-771","IE3030SG","1.60","300.0","300.0","300.0","鉄 PB 平","","4","ｱｰｽ さび止め","2026/10/05","福山通運　九州発送","2026/10/05","","完成","倉重","2026/10/02","製造"
"Q-mast　電気グル－プ★","九州工場","九州工場","2026/10/01","2026/10/01","26-J0144883-001-771","IIP0000G","1.60","50.0","440.0","0.0","鉄 ﾌﾟﾚｰﾄ","","42","さび止め","2026/10/05","福山通運　九州発送","2026/10/05","","完成","倉重","2026/10/02","製造"
"富士商会★","九州工場","九州工場","2026/10/01","2026/10/01","26-J0145100-002-771","SP0000XN","1.50","400.0","400.0","500.0","SUS PBﾄｸ 水切","","4","穴加工","2026/10/05","福山通運　九州発送","2026/10/05","","完成","樋口","2026/10/05","製造"
"かごしま電工　南★","九州工場","九州工場","2026/10/01","2026/10/01","26-J0145128-001-771","DE0000XN","1.60","500.0","500.0","400.0","Sﾀﾞｲﾏ PBﾄｸ 水切","","1","ｱｰｽ 内ﾜﾆｽ","2026/10/05","佐川急便","2026/10/05","","完成","服部","2026/10/02","製造"
"三親電材　出雲★","九州工場","九州工場","2026/10/01","2026/10/01","26-J0145175-001-771","DP1515WN","1.60","150.0","150.0","150.0","Sﾀﾞｲﾏ PB 被せ","","1","","2026/10/05","福山通運　九州発送","2026/10/05","","完成","服部","2026/10/05","製造"
"大洋電材　本社★","九州工場","九州工場","2026/10/01","2026/10/01","26-J0145238-001-771","S02040XN","1.50","400.0","400.0","0.0","SUS ふた","","1","水切ふた　国土シール付き","2026/10/02","北九州配達","2026/10/05","","完成","服部","2026/10/02","製造"
"カンサイ九州昭和　北九州★","九州工場","九州工場","2026/10/01","2026/10/01","26-J0145274-001-771","IP3520SG","1.60","350.0","350.0","200.0","鉄 PB 平","","1","さび止め","2026/10/02","北九州配達","2026/10/05","","完成","服部","2026/10/02","製造"
"越智電機産業　今治★","九州工場","九州工場","2026/10/01","2026/10/01","26-J0145323-001-771","SE3535XN","1.50","350.0","350.0","350.0","SUS PB 水切","","1","ｱｰｽ","2026/10/05","福山通運　九州発送","2026/10/05","","完成","井上","2026/10/05","製造"
"平岡電気　久留米★","九州工場","九州工場","2026/10/01","2026/10/01","26-J0145366-001-771","BE6060XG","1.60","600.0","600.0","600.0","国土 PB 水切","","3","ｱｰｽ さび止め","2026/10/05","福山通運　九州発送","2026/10/05","","完成","倉重","2026/10/05","製造"
"平岡電気　久留米★","九州工場","九州工場","2026/10/01","2026/10/01","26-J0145366-002-771","BE0000XG","2.30","800.0","600.0","600.0","国土 PBﾄｸ 水切","","1","ｱｰｽ さび止め","2026/10/05","福山通運　九州発送","2026/10/05","","完成","倉重","2026/10/05","製造"
"東芝電材　松江★","九州工場","九州工場","2026/10/01","2026/10/01","26-J0145516-001-771","BE0000SG","1.60","500.0","400.0","250.0","国土 PBﾄｸ 平","","3","ｱｰｽ さび止め","2026/10/05","福山通運　九州発送","2026/10/05","","完成","服部","2026/10/02","製造"
"ミツヤ電機　下関★","九州工場","九州工場","2026/10/01","2026/10/01","26-J0145676-001-771","IP0000WG","1.60","250.0","120.0","80.0","鉄 PBﾄｸ 被せ","","2","さび止め","2026/10/05","佐川急便","2026/10/05","","完成","服部","2026/10/05","製造"
"ミツヤ電機　下関★","九州工場","九州工場","2026/10/01","2026/10/01","26-J0145676-002-771","IP0000WG","1.60","200.0","120.0","80.0","鉄 PBﾄｸ 被せ","","3","さび止め","2026/10/05","佐川急便","2026/10/05","","完成","服部","2026/10/05","製造"
"日本電設資材　福岡★","九州工場","九州工場","2026/10/01","2026/10/01","26-J0145776-001-771","SE0000XN","1.50","400.0","300.0","300.0","SUS PBﾄｸ 水切","","1","ｱｰｽ","2026/10/02","ヤマックス福岡","2026/10/05","","完成","古川","2026/10/02","製造"
"啓電社★","九州工場","九州工場","2026/10/02","2026/10/02","26-J0146104-001-771","I02000SG","1.60","400.0","300.0","0.0","鉄 ふたﾄｸ","","2","平ふた さび止め　弊社仕様","2026/10/02","ヤマックス福岡","2026/10/05","","完成","倉重","2026/10/02","製造"
"三親電材　福山★","九州工場","九州工場","2026/10/02","2026/10/02","26-J0146141-001-771","DP3020WN","1.60","300.0","300.0","200.0","Sﾀﾞｲﾏ PB 被せ","","2","","2026/10/05","福山通運　九州発送","2026/10/05","","完成","古川","2026/10/05","製造"
"三親電材　福山★","九州工場","九州工場","2026/10/02","2026/10/02","26-J0146141-003-771","DP2010SN","1.60","200.0","200.0","100.0","Sﾀﾞｲﾏ PB 平","","1","","2026/10/05","福山通運　九州発送","2026/10/05","","完成","服部","2026/10/05","製造"
"三親電材　福山★","九州工場","九州工場","2026/10/02","2026/10/02","26-J0146141-002-771","DP1510WN","1.60","150.0","150.0","100.0","Sﾀﾞｲﾏ PB 被せ","","1","","2026/10/05","福山通運　九州発送","2026/10/05","","完成","服部","2026/10/05","製造"
"シンセイ　広島第二★","九州工場","九州工場","2026/10/02","2026/10/02","26-J0146275-001-771","BP1510SG","1.60","150.0","150.0","100.0","国土 PB 平","","4","ｱｰｽ無 さび止め","2026/10/05","福山通運　九州発送","2026/10/05","","完成","倉重","2026/10/05","製造"
"巴電業　広島★","九州工場","九州工場","2026/10/02","2026/10/02","26-J0146285-001-771","SP0000XN","1.50","450.0","450.0","150.0","SUS PBﾄｸ 水切","","1","座無しｼｰﾙ付","2026/10/05","福山通運　九州発送","2026/10/05","","完成","井上","2026/10/05","製造"
"岡本電機　広島★","九州工場","九州工場","2026/10/02","2026/10/02","26-J0146557-001-771","SP0000WN","1.50","500.0","300.0","300.0","SUS PBﾄｸ 被せ","","1","","2026/10/05","佐川急便","2026/10/05","","完成","樋口","2026/10/05","製造"
"東芝電材　熊本★","九州工場","九州工場","2026/10/02","2026/10/02","26-J0146736-001-771","IE2520SG","1.60","250.0","250.0","200.0","鉄 PB 平","","1","ｱｰｽ さび止め","2026/10/05","佐川急便","2026/10/05","","完成","服部","2026/10/05","製造"
"三親電材　山口★","九州工場","九州工場","2026/10/02","2026/10/02","26-J0146773-001-771","SP0000WN","1.50","400.0","400.0","250.0","SUS PBﾄｸ 被せ","","1","","2026/10/05","福山通運　九州発送","2026/10/05","","完成","井上","2026/10/05","製造"
"東芝電材　南福岡★","九州工場","九州工場","2026/10/02","2026/10/02","26-J0147057-001-771","BE3520SG","1.60","350.0","350.0","200.0","国土 PB 平","","1","ｱｰｽ さび止め","2026/10/05","佐川急便","2026/10/05","","完成","服部","2026/10/05","製造"
"興陽電機　下関★","九州工場","九州工場","2026/10/05","2026/10/05","26-J0147560-001-771","SMK0000N","1.50","0.0","0.0","300.0","SUS 曲金物","","1","W300用の蓋帯","2026/10/05","福山通運　九州発送","2026/10/05","","完成","樋口","2026/10/05","製造"
"東芝電材　松江★","九州工場","九州工場","2026/09/01","2026/09/01","26-J0120575-001-771","BD0000C","1.60","500.0","200.0","750.0","国土 ﾀﾞｸﾄ 焼付","N1(近似色)","1","/400/170 ｱｰｽ 支持棒付【ﾀﾞｸﾄ③A】","2026/10/06","福山通運　九州発送","2026/10/06","","完成","ナム","2026/10/01","製造"
"東芝電材　松江★","九州工場","九州工場","2026/09/01","2026/09/01","26-J0120575-002-771","BD0000C","1.60","200.0","300.0","4,800.0","国土 ﾀﾞｸﾄ 焼付","N1(近似色)","1","ｱｰｽ 5分割【ﾀﾞｸﾄ③B･C】","2026/10/06","福山通運　九州発送","2026/10/06","","完成","森田","2026/10/01","製造"
"イシグロ　福岡★","九州工場","九州工場","2026/09/09","2026/09/09","26-J0128133-005-771","ZG0000","6.00","635.0","65.0","1,500.0","ZN 架台","","2","SS-L-65x65x6t　PL-6t　 B-009","2026/10/05","店頭渡し","2026/10/06","","完成","倉重","2026/09/28","製造"
"イシグロ　福岡★","九州工場","九州工場","2026/09/09","2026/09/09","26-J0128133-009-771","ZG0000","6.00","500.0","65.0","1,500.0","ZN 架台","","2","SS-L-65x65x6t　PL-6t　 B-019","2026/10/05","店頭渡し","2026/10/06","","完成","倉重","2026/09/28","製造"
"イシグロ　福岡★","九州工場","九州工場","2026/09/09","2026/09/09","26-J0128133-007-771","ZG0000","6.00","800.0","65.0","300.0","ZN 架台","","4","SS-L-65x65x6t　PL-6t　 B-016","2026/10/05","店頭渡し","2026/10/06","","完成","金光","2026/09/28","製造"
"イシグロ　福岡★","九州工場","九州工場","2026/09/09","2026/09/09","26-J0128133-006-771","ZG0000","6.00","600.0","65.0","1,500.0","ZN 架台","","4","SS-L-65x65x6t　PL-6t　 B-010","2026/10/05","店頭渡し","2026/10/06","","完成","倉重","2026/09/28","製造"
"イシグロ　福岡★","九州工場","九州工場","2026/09/09","2026/09/09","26-J0128133-008-771","ZG0000","6.00","65.0","115.0","1,000.0","ZN 架台","","5","SS-L-65x65x6t　PL-6t　 B-018","2026/10/05","店頭渡し","2026/10/06","","完成","金光","2026/09/28","製造"
"イシグロ　福岡★","九州工場","九州工場","2026/09/09","2026/09/09","26-J0128133-004-771","ZG0000","6.00","930.0","65.0","1,800.0","ZN 架台","","2","SS-L-65x65x6t　PL-6t　 B-008","2026/10/05","店頭渡し","2026/10/06","","完成","金光","2026/09/28","製造"
"イシグロ　福岡★","九州工場","九州工場","2026/09/09","2026/09/09","26-J0128133-003-771","ZG0000","6.00","600.0","65.0","1,500.0","ZN 架台","","2","SS-L-65x65x6t　PL-6t　 B-007","2026/10/05","店頭渡し","2026/10/06","","完成","倉重","2026/09/28","製造"
"イシグロ　福岡★","九州工場","九州工場","2026/09/09","2026/09/09","26-J0128133-002-771","ZG0000","6.00","500.0","65.0","1,500.0","ZN 架台","","2","SS-L-65x65x6t　PL-6t　 B-006","2026/10/05","店頭渡し","2026/10/06","","完成","倉重","2026/09/28","製造"
"イシグロ　福岡★","九州工場","九州工場","2026/09/09","2026/09/09","26-J0128133-001-771","ZG0000","6.00","500.0","65.0","1,500.0","ZN 架台","","2","SS-L-65x65x6t　PL-6t　 B-005","2026/10/05","店頭渡し","2026/10/06","","完成","倉重","2026/09/28","製造"
"かごしま電工　鹿屋★","九州工場","九州工場","2026/09/15","2026/09/15","26-J0133271-001-771","IP0000XC","1.60","350.0","200.0","100.0","鉄 PBﾄｸ 水切 焼付","2.5Y9/1 近似色","5","蓋面開口 穴加工","2026/10/06","佐川急便","2026/10/06","","完成","倉重","2026/10/01","製造"
"かごしま電工　鹿屋★","九州工場","九州工場","2026/09/15","2026/09/15","26-J0133296-001-771","IP0000XC","1.60","350.0","200.0","100.0","鉄 PBﾄｸ 水切 焼付","2.5Y9/1 近似色","5","蓋面開口 穴加工","2026/10/06","佐川急便","2026/10/06","","完成","倉重","2026/10/01","製造"
"アサヒ　中部","九州工場","九州工場","2026/09/15","2026/09/15","26-J0133494-001-771","ZG0000","6.00","750.0","400.0","75.0","ZN 架台","","1","L75x75x6t 取付穴φ13x3､φ18x3","2026/09/29","イトカツ","2026/10/06","2026/09/30","完成","倉重","2026/09/18","製造"
"アサヒ　南部","九州工場","九州工場","2026/09/16","2026/09/16","26-J0134898-001-771","SDC0000N","1.50","410.0","120.0","2,980.0","SUS ﾀﾞｸﾄｶﾊﾞｰ","25-70B (5Y7/1)","1","平蓋ｺﾞﾑP 本体蓋3分割 取付穴","2026/09/30","イトカツ","2026/10/06","2026/09/30","ｷｬﾝｾﾙ","林(秀)","2026/09/25","製造"
"アサヒ　南部","九州工場","九州工場","2026/09/16","2026/09/16","26-J0134898-004-771","SDC0000C","1.50","410.0","120.0","2,980.0","SUS ﾀﾞｸﾄｶﾊﾞｰ 焼付","25-70B (5Y7/1)","1","本体･平蓋ｺﾞﾑP３分割 取付穴","2026/09/30","イトカツ","2026/10/06","2026/09/30","完成","古川","2026/09/25","製造"
"日新電機システム","九州工場","九州工場","2026/09/17","2026/09/17","26-J0136234-003-771","30PLA","0.00","0.0","0.0","0.0","補修塗料 筆付","N-75 (N7.5)","1","ﾌﾟﾗ30ml","2026/09/30","イトカツ","2026/10/06","2026/09/30","完成","古川","","製造"
"日新電機システム","九州工場","九州工場","2026/09/17","2026/09/17","26-J0136234-001-771","IMK0000C","2.30","706.0","310.0","40.0","鉄 曲金物 焼付","N-75 (N7.5)","1","取付穴2-φ10、3-M4ﾀｯﾌﾟ","2026/09/30","イトカツ","2026/10/06","2026/09/30","完成","古川","2026/09/25","製造"
"Q-mast　空調管グル－プ★","九州工場","九州工場","2026/09/18","2026/09/18","26-J0136436-001-771","ZG0000","0.00","200.0","200.0","0.0","ZN 架台","","3","第2MCｼｮｯﾌﾟ　架台　室外機廻り架台　1","2026/10/05","ヤマックス　ｽﾎﾟｯﾄ便","2026/10/06","","完成","金光","2026/09/28","製造"
"Q-mast　空調管グル－プ★","九州工場","九州工場","2026/09/18","2026/09/18","26-J0136436-005-771","ZG0000","0.00","200.0","200.0","0.0","ZN 架台","","4","第2MCｼｮｯﾌﾟ　架台　室外機廻り架台　5","2026/10/05","ヤマックス　ｽﾎﾟｯﾄ便","2026/10/06","","完成","金光","2026/09/28","製造"
"Q-mast　空調管グル－プ★","九州工場","九州工場","2026/09/18","2026/09/18","26-J0136436-007-771","ZG0000","0.00","230.0","200.0","0.0","ZN 架台","","8","/400 第2MCｼｮｯﾌﾟ　架台　室外機廻り架台　7","2026/10/05","ヤマックス　ｽﾎﾟｯﾄ便","2026/10/06","","完成","金光","2026/09/28","製造"
"Q-mast　空調管グル－プ★","九州工場","九州工場","2026/09/18","2026/09/18","26-J0136436-003-771","ZG0000","0.00","200.0","0.0","0.0","ZN 架台","","2","C100x50x5/7.5 第2MCｼｮｯﾌﾟ　架台　室外機廻り架台　3","2026/10/05","ヤマックス　ｽﾎﾟｯﾄ便","2026/10/06","","完成","金光","2026/09/28","製造"
"Q-mast　空調管グル－プ★","九州工場","九州工場","2026/09/18","2026/09/18","26-J0136436-006-771","ZG0000","0.00","200.0","345.0","0.0","ZN 架台","","4","第2MCｼｮｯﾌﾟ　架台　室外機廻り架台　6","2026/10/05","ヤマックス　ｽﾎﾟｯﾄ便","2026/10/06","","完成","金光","2026/09/28","製造"
"Q-mast　空調管グル－プ★","九州工場","九州工場","2026/09/18","2026/09/18","26-J0136436-002-771","ZG0000","0.00","250.0","250.0","0.0","ZN 架台","","2","第2MCｼｮｯﾌﾟ　架台　室外機廻り架台　2","2026/10/05","ヤマックス　ｽﾎﾟｯﾄ便","2026/10/06","","完成","倉重","2026/09/28","製造"
"Q-mast　空調管グル－プ★","九州工場","九州工場","2026/09/18","2026/09/18","26-J0136436-008-771","ZG0000","0.00","230.0","200.0","0.0","ZN 架台","","6","/400 第2MCｼｮｯﾌﾟ　架台　室外機廻り架台　8","2026/10/05","ヤマックス　ｽﾎﾟｯﾄ便","2026/10/06","","完成","金光","2026/09/28","製造"
"Q-mast　空調管グル－プ★","九州工場","九州工場","2026/09/18","2026/09/18","26-J0136436-004-771","ZG0000","0.00","200.0","200.0","0.0","ZN 架台","","3","第2MCｼｮｯﾌﾟ　架台　室外機廻り架台　4","2026/10/05","ヤマックス　ｽﾎﾟｯﾄ便","2026/10/06","","完成","金光","2026/09/28","製造"
"東芝電材　熊本★","九州工場","九州工場","2026/09/18","2026/09/18","26-J0136444-001-771","ZE0000X","3.20","1,200.0","1,200.0","600.0","ZN PBﾄｸ 水切","","1","◆HDZT49 ｱｰｽ （本体蓋２分割）","2026/10/06","福山通運　九州発送","2026/10/06","","完成","倉重","2026/09/28","製造"
"徳島電材★","九州工場","九州工場","2026/09/18","2026/09/18","26-J0136479-001-771","ZE2020X2","2.30","200.0","200.0","200.0","ZN PB 水切","","2","HDZT56 ｱｰｽ","2026/10/05","福山通運　九州発送","2026/10/06","","完成","金光","2026/09/25","製造"
"徳島電材★","九州工場","九州工場","2026/09/18","2026/09/18","26-J0136479-003-771","ZE4040X2","2.30","400.0","400.0","400.0","ZN PB 水切","","4","HDZT56 ｱｰｽ","2026/10/05","福山通運　九州発送","2026/10/06","","完成","金光","2026/09/25","製造"
"米良電機　日向★","九州工場","九州工場","2026/09/18","2026/09/18","26-J0136766-001-771","SE2020WC","1.50","200.0","200.0","200.0","SUS PB 被せ 焼付","2.5Y9/1 近似色","4","ｱｰｽ","2026/10/06","佐川急便","2026/10/06","","完成","古川","2026/09/30","製造"
"米良電機　日向★","九州工場","九州工場","2026/09/18","2026/09/18","26-J0136766-002-771","SE4030WC","1.50","400.0","400.0","300.0","SUS PB 被せ 焼付","2.5Y9/1 近似色","3","ｱｰｽ","2026/10/06","佐川急便","2026/10/06","","完成","古川","2026/09/30","製造"
"平岡電気　福岡南★","九州工場","九州工場","2026/09/18","2026/09/18","26-J0137064-001-771","ZG0000","6.00","300.0","300.0","300.0","ZN 架台","","3","L6x50 4.5t溶接 φ12x4 φ13 φ18x2","2026/10/05","ヤマックス福岡","2026/10/06","","完成","金光","2026/09/25","製造"
"三共電気　本社★","九州工場","九州工場","2026/09/18","2026/09/18","26-J0137262-007-771","SE0000XN","1.50","500.0","300.0","200.0","SUS PBﾄｸ 水切","","5","ｱｰｽ 脱落防止化粧ﾋﾞｽ 水抜き穴","2026/10/01","福山通運　九州発送","2026/10/06","","完成","樋口","2026/10/01","製造"
"三共電気　本社★","九州工場","九州工場","2026/09/18","2026/09/18","26-J0137262-001-771","SE0000XN","1.50","500.0","500.0","300.0","SUS PBﾄｸ 水切","","2","ｱｰｽ 脱落防止化粧ﾋﾞｽ 水抜き穴","2026/09/29","福山通運　九州発送","2026/10/06","","完成","倉重","2026/09/29","製造"
"三共電気　本社★","九州工場","九州工場","2026/09/18","2026/09/18","26-J0137262-006-771","SE0000XN","1.50","500.0","300.0","200.0","SUS PBﾄｸ 水切","","5","ｱｰｽ 脱落防止化粧ﾋﾞｽ 水抜き穴","2026/09/30","福山通運　九州発送","2026/10/06","","完成","倉重","2026/09/30","製造"
"三共電気　本社★","九州工場","九州工場","2026/09/18","2026/09/18","26-J0137262-003-771","SE0000XN","1.50","300.0","300.0","300.0","SUS PBﾄｸ 水切","","6","ｱｰｽ 脱落防止化粧ﾋﾞｽ 水抜き穴","2026/10/02","福山通運　九州発送","2026/10/06","","完成","樋口","2026/10/02","製造"
"三共電気　本社★","九州工場","九州工場","2026/09/18","2026/09/18","26-J0137262-004-771","SE0000XN","1.50","300.0","300.0","200.0","SUS PBﾄｸ 水切","","8","ｱｰｽ 脱落防止化粧ﾋﾞｽ 水抜き穴","2026/10/05","福山通運　九州発送","2026/10/06","","完成","井上","2026/10/05","製造"
"三共電気　本社★","九州工場","九州工場","2026/09/18","2026/09/18","26-J0137262-002-771","SE0000XN","1.50","500.0","300.0","200.0","SUS PBﾄｸ 水切","","2","ｱｰｽ 脱落防止化粧ﾋﾞｽ 水抜き穴","2026/09/29","福山通運　九州発送","2026/10/06","","完成","樋口","2026/09/29","製造"
"重信電気商会","九州工場","九州工場","2026/09/24","2026/09/24","26-J0137597-001-771","SE3520XC","1.50","350.0","350.0","200.0","SUS PB 水切 焼付","2.5Y9/1","2","ｱｰｽ","2026/09/30","イトカツ","2026/10/06","2026/09/30","完成","古川","2026/09/25","製造"
"新光産業　本社","九州工場","九州工場","2026/09/24","2026/09/24","26-J0137698-001-771","BE2015SC","1.60","200.0","200.0","150.0","国土 PB 平 焼付","5Y7/1","1","ｱｰｽ","2026/09/30","イトカツ","2026/10/06","2026/09/30","完成","古川","2026/09/25","製造"
"カンサイ　電設★","九州工場","九州工場","2026/09/24","2026/09/24","26-J0137993-001-771","DC0000N","1.60","890.0","500.0","420.0","Sﾀﾞｲﾏ ｶﾊﾞｰ","","1","平蓋ﾊﾟｯｷﾝ付　内ｺｰｷﾝｸﾞ　　R階QR W=600","2026/10/05","ヤマックス福岡","2026/10/06","","完成","坂元","2026/10/05","製造"
"アサヒ　本社","九州工場","九州工場","2026/09/24","2026/09/24","26-J0138017-001-771","SE1507SC","1.50","150.0","150.0","75.0","SUS PB 平 焼付","2.5Y9/1","4","ｱｰｽ ﾊﾟｯｷﾝ付","2026/09/30","イトカツ","2026/10/06","2026/09/30","完成","古川","2026/09/25","製造"
"大洋電材　本社★","九州工場","九州工場","2026/09/24","2026/09/24","26-J0138164-001-771","ZP6030W3","3.20","600.0","600.0","300.0","ZN PB 被せ","","2","","2026/10/05","北九州配達","2026/10/06","","完成","金光","2026/09/28","製造"
"大洋電材　本社★","九州工場","九州工場","2026/09/24","2026/09/24","26-J0138320-006-771","IC0000C","1.60","550.0","650.0","0.0","鉄 ｶﾊﾞｰ 焼付","2.5Y9/1 近似色","1","4-φ7    1階　放送","2026/10/05","北九州配達","2026/10/06","","完成","ナム","2026/09/30","製造"
"大洋電材　本社★","九州工場","九州工場","2026/09/24","2026/09/24","26-J0138320-003-771","IC0000C","1.60","545.0","650.0","0.0","鉄 ｶﾊﾞｰ 焼付","2.5Y9/1 近似色","1","4-φ7    1階　渡り廊下 奥","2026/10/05","北九州配達","2026/10/06","","完成","ナム","2026/09/30","製造"
"大洋電材　本社★","九州工場","九州工場","2026/09/24","2026/09/24","26-J0138320-008-771","IC0000C","1.60","150.0","300.0","0.0","鉄 ｶﾊﾞｰ 焼付","2.5Y9/1 近似色","1","4-φ7    1階　WC内","2026/10/05","北九州配達","2026/10/06","","完成","古川","2026/09/30","製造"
"大洋電材　本社★","九州工場","九州工場","2026/09/24","2026/09/24","26-J0138320-007-771","IC0000C","1.60","100.0","100.0","0.0","鉄 ｶﾊﾞｰ 焼付","2.5Y9/1 近似色","1","2-φ7    1階　WC内","2026/10/05","北九州配達","2026/10/06","","完成","古川","2026/09/30","製造"
"大洋電材　本社★","九州工場","九州工場","2026/09/24","2026/09/24","26-J0138320-004-771","IC0000C","1.60","500.0","500.0","0.0","鉄 ｶﾊﾞｰ 焼付","2.5Y9/1 近似色","1","4-φ7    1階　WC内","2026/10/05","北九州配達","2026/10/06","","完成","ナム","2026/09/30","製造"
"大洋電材　本社★","九州工場","九州工場","2026/09/24","2026/09/24","26-J0138320-001-771","IC0000C","1.60","700.0","1,400.0","40.0","鉄 ｶﾊﾞｰ 焼付","2.5Y9/1 近似色","1","10-φ7   1階","2026/10/05","北九州配達","2026/10/06","","完成","ナム","2026/09/30","製造"
"大洋電材　本社★","九州工場","九州工場","2026/09/24","2026/09/24","26-J0138320-002-771","IC0000C","1.60","650.0","600.0","0.0","鉄 ｶﾊﾞｰ 焼付","2.5Y9/1 近似色","1","4-φ7　　1階　WC側 放送","2026/10/05","北九州配達","2026/10/06","","完成","ナム","2026/09/30","製造"
"大洋電材　本社★","九州工場","九州工場","2026/09/24","2026/09/24","26-J0138320-005-771","IC0000C","1.60","600.0","650.0","0.0","鉄 ｶﾊﾞｰ 焼付","2.5Y9/1 近似色","1","4-φ7    1階　放送","2026/10/05","北九州配達","2026/10/06","","完成","ナム","2026/09/30","製造"
"三親電材　広島★","九州工場","九州工場","2026/09/24","2026/09/24","26-J0138633-001-771","ZP0000W","2.30","100.0","100.0","75.0","ZN PBﾄｸ 被せ","","2","水抜き穴x2","2026/10/06","福山通運　九州発送","2026/10/06","","完成","倉重","2026/09/29","製造"
"宮地電機　南予","九州工場","九州工場","2026/09/24","2026/09/24","26-J0138819-002-771","IP1510SC","1.60","150.0","150.0","100.0","鉄 PB 平 焼付","2.5Y9/1(近似色)","1","","2026/10/06","福山通運　九州発送","2026/10/06","","完成","古川","2026/09/30","製造"
"越智電機産業　今治★","九州工場","九州工場","2026/09/24","2026/09/24","26-J0138833-004-771","ZATL350","0.00","350.0","350.0","350.0","ZN ｱﾝｸﾞﾙ引き込み架台","","1","三角支え付ﾀｲﾌﾟ","2026/10/06","福山通運　九州発送","2026/10/06","","完成","倉重","2026/09/29","製造"
"越智電機産業　今治★","九州工場","九州工場","2026/09/24","2026/09/24","26-J0138833-002-771","ZABL350","0.00","350.0","350.0","0.0","ZN ｱﾝｸﾞﾙ引き込み架台","","1","三角ﾀｲﾌﾟ","2026/10/06","福山通運　九州発送","2026/10/06","","完成","倉重","2026/09/29","製造"
"越智電機産業　今治★","九州工場","九州工場","2026/09/24","2026/09/24","26-J0138833-001-771","ZABR350","0.00","350.0","350.0","0.0","ZN ｱﾝｸﾞﾙ引き込み架台","","1","三角ﾀｲﾌﾟ","2026/10/06","福山通運　九州発送","2026/10/06","","完成","倉重","2026/09/29","製造"
"越智電機産業　今治★","九州工場","九州工場","2026/09/24","2026/09/24","26-J0138833-003-771","ZATR350","0.00","350.0","350.0","350.0","ZN ｱﾝｸﾞﾙ引き込み架台","","1","三角支え付ﾀｲﾌﾟ","2026/10/06","福山通運　九州発送","2026/10/06","","完成","倉重","2026/09/29","製造"
"佐野電機工業","九州工場","九州工場","2026/09/24","2026/09/24","26-J0138894-001-771","ZE2020X2","2.30","200.0","200.0","200.0","ZN PB 水切","","1","HDZT56 ｱｰｽ","2026/10/06","福山通運　九州発送","2026/10/06","","完成","マイン","2026/09/30","製造"
"アサヒ　本社","九州工場","九州工場","2026/09/24","2026/09/24","26-J0138948-001-771","SE1507SC","1.50","150.0","150.0","75.0","SUS PB 平 焼付","2.5Y9/1","21","ｱｰｽ ﾊﾟｯｷﾝ付","2026/10/01","イトカツ","2026/10/06","2026/10/01","完成","古川","2026/09/28","製造"
"アサヒ　本社","九州工場","九州工場","2026/09/24","2026/09/24","26-J0139001-001-771","ZE3015X2","2.30","300.0","300.0","150.0","ZN PB 水切","","1","ｱｰｽ","2026/10/02","イトカツ","2026/10/06","2026/10/02","完成","倉重","2026/09/28","製造"
"徳島電材★","九州工場","九州工場","2026/09/24","2026/09/24","26-J0139002-003-771","BE0000SC","1.60","200.0","200.0","100.0","国土 PBﾄｸ 平 焼付","2.5Y9/1(近似色)","1","ｱｰｽ L型ｾﾊﾟﾚｰﾀ","2026/10/06","福山通運　九州発送","2026/10/06","","完成","古川","2026/10/02","製造"
"徳島電材★","九州工場","九州工場","2026/09/24","2026/09/24","26-J0139002-001-771","BE0000SC","1.60","200.0","200.0","200.0","国土 PBﾄｸ 平 焼付","2.5Y9/1(近似色)","1","ｱｰｽ ｾﾝﾀｰｾﾊﾟﾚｰﾀ","2026/10/06","福山通運　九州発送","2026/10/06","","完成","古川","2026/10/02","製造"
"徳島電材★","九州工場","九州工場","2026/09/24","2026/09/24","26-J0139002-002-771","BE0000SC","1.60","200.0","200.0","100.0","国土 PBﾄｸ 平 焼付","2.5Y9/1(近似色)","20","ｱｰｽ ｾﾝﾀｰｾﾊﾟﾚｰﾀ","2026/10/05","福山通運　九州発送","2026/10/06","","完成","古川","2026/10/01","製造"
"徳島電材★","九州工場","九州工場","2026/09/24","2026/09/24","26-J0139002-004-771","BE2010SC","1.60","200.0","200.0","100.0","国土 PB 平 焼付","2.5Y9/1(近似色)","6","ｱｰｽ","2026/10/06","福山通運　九州発送","2026/10/06","","完成","古川","2026/10/02","製造"
"アサヒ　本社","九州工場","九州工場","2026/09/25","2026/09/25","26-J0139150-002-771","SP0000XC","1.50","300.0","300.0","300.0","SUS PBﾄｸ 水切 焼付","2.5Y9/1","2","足付(L40x40x3tφ12)x4","2026/10/01","イトカツ","2026/10/06","2026/10/01","完成","古川","2026/09/28","製造"
"アサヒ　本社","九州工場","九州工場","2026/09/25","2026/09/25","26-J0139150-001-771","SP0000XC","1.50","300.0","200.0","150.0","SUS PBﾄｸ 水切 焼付","2.5Y9/1","1","足付(L40x40x3tφ12)x4","2026/10/01","イトカツ","2026/10/06","2026/10/01","完成","古川","2026/09/28","製造"
"ＥＦＣ沖縄","九州工場","九州工場","2026/09/25","2026/09/25","26-J0139176-002-771","IE0000SC","1.60","200.0","150.0","60.0","鉄 PBﾄｸ 平 焼付","2.5Y9/1","2","ｱｰｽ","2026/10/01","イトカツ","2026/10/06","2026/10/01","完成","古川","2026/09/28","製造"
"ＥＦＣ沖縄","九州工場","九州工場","2026/09/25","2026/09/25","26-J0139176-003-771","IE0000SC","1.60","350.0","150.0","60.0","鉄 PBﾄｸ 平 焼付","2.5Y9/1","1","ｱｰｽ","2026/10/01","イトカツ","2026/10/06","2026/10/01","完成","古川","2026/09/28","製造"
"ＥＦＣ沖縄","九州工場","九州工場","2026/09/25","2026/09/25","26-J0139176-001-771","IE0000SC","1.60","150.0","150.0","60.0","鉄 PBﾄｸ 平 焼付","2.5Y9/1","1","ｱｰｽ","2026/10/01","イトカツ","2026/10/06","2026/10/01","完成","古川","2026/09/28","製造"
"新光産業　本社","九州工場","九州工場","2026/09/25","2026/09/25","26-J0139358-001-771","SE0000XC","1.50","300.0","120.0","120.0","SUS PBﾄｸ 水切 焼付","2.5Y9/1","2","ｱｰｽ","2026/10/01","イトカツ","2026/10/06","2026/10/01","完成","古川","2026/09/28","製造"
"ナミデン　岡山★","九州工場","九州工場","2026/09/25","2026/09/25","26-J0139537-002-771","ZI0000","2.30","150.0","150.0","0.0","ZN 切板","","1","HDZT56 吊穴8ﾊﾟｲx1ご了承済","2026/10/06","福山通運　九州発送","2026/10/06","","完成","倉重","2026/09/29","製造"
"ナミデン　岡山★","九州工場","九州工場","2026/09/25","2026/09/25","26-J0139537-001-771","ZI0000","2.30","120.0","120.0","0.0","ZN 切板","","1","HDZT56 吊穴8ﾊﾟｲx1ご了承済","2026/10/06","福山通運　九州発送","2026/10/06","","完成","倉重","2026/09/29","製造"
"かごしま電工　国分★","九州工場","九州工場","2026/09/25","2026/09/25","26-J0139711-001-771","ID0000C","2.30","800.0","320.0","800.0","鉄 ﾀﾞｸﾄ 焼付","5Y7/1 近似色","1","正面平蓋 上下開口 上面穴加工4-φ15","2026/10/06","佐川急便","2026/10/06","","完成","古川","2026/10/01","製造"
"シンセイ　広島第一★","九州工場","九州工場","2026/09/25","2026/09/25","26-J0139759-003-771","ZE3030X2","2.30","300.0","300.0","300.0","ZN PB 水切","","2","ｱｰｽ","2026/10/06","福山通運　九州発送","2026/10/06","","完成","倉重","2026/09/29","製造"
"シンセイ　広島第二★","九州工場","九州工場","2026/09/25","2026/09/25","26-J0139769-001-771","IG0000G","6.00","2,190.0","150.0","0.0","鉄 架台","","3","さび止め L50x50x6t 穴加工3-φ14","2026/10/06","福山通運　九州発送","2026/10/06","","完成","倉重","2026/10/01","製造"
"シンセイ　広島第二★","九州工場","九州工場","2026/09/25","2026/09/25","26-J0139769-002-771","IG0000G","6.00","300.0","565.0","0.0","鉄 架台","","1","さび止め L50x50x6t 穴加工3-φ14","2026/10/06","福山通運　九州発送","2026/10/06","","完成","坂元","2026/10/01","製造"
"三共電気　沖縄★","九州工場","九州工場","2026/09/25","2026/09/25","26-J0139873-001-771","IKW0000G","1.60","410.0","210.0","210.0","鉄 貫通枠","","3","さび止め 平蓋 支持棒 [-100x50x5t 取付穴","2026/10/02","イトカツ","2026/10/06","2026/10/02","完成","倉重","2026/10/01","製造"
"三共電気　沖縄★","九州工場","九州工場","2026/09/25","2026/09/25","26-J0139873-003-771","IKW0000G","1.60","1,310.0","210.0","210.0","鉄 貫通枠","","2","さび止め 平蓋 支持棒 [-100x50x5t 取付穴","2026/10/02","イトカツ","2026/10/06","2026/10/02","完成","倉重","2026/10/01","製造"
"三共電気　沖縄★","九州工場","九州工場","2026/09/25","2026/09/25","26-J0139873-002-771","IKW0000G","1.60","910.0","210.0","210.0","鉄 貫通枠","","1","さび止め 平蓋 支持棒 [-100x50x5t 取付穴","2026/10/02","イトカツ","2026/10/06","2026/10/02","完成","倉重","2026/10/01","製造"
"かごしま電工　南★","九州工場","九州工場","2026/09/25","2026/09/25","26-J0139963-001-771","SE2020XCW","1.50","200.0","200.0","200.0","SUS PB 水切 焼付","2.5Y9/1 近似色","11","ｱｰｽ 内ﾜﾆｽ","2026/10/06","佐川急便","2026/10/06","","完成","古川","2026/09/30","製造"
"ハマダヤ電機★","九州工場","九州工場","2026/09/25","2026/09/25","26-J0140295-001-771","ZIP0000","9.00","320.0","30.0","0.0","ZN ﾌﾟﾚｰﾄ","","2","穴加工ｱﾘ","2026/10/06","福山通運　九州発送","2026/10/06","","完成","倉重","2026/09/29","製造"
"富士商会　大村★","九州工場","九州工場","2026/09/25","2026/09/25","26-J0140410-003-771","DKW0000N","1.60","900.0","200.0","280.0","Sﾀﾞｲﾏ 貫通枠","","1","平蓋　開口部注意ｽﾃｯｶｰ","2026/10/06","福山通運　九州発送","2026/10/06","","完成","坂元","2026/10/06","製造"
"富士商会　大村★","九州工場","九州工場","2026/09/25","2026/09/25","26-J0140410-006-771","DKW0000N","1.60","300.0","200.0","240.0","Sﾀﾞｲﾏ 貫通枠","","2","平蓋　開口部注意ｽﾃｯｶｰ","2026/10/06","福山通運　九州発送","2026/10/06","","完成","坂元","2026/10/06","製造"
"富士商会　大村★","九州工場","九州工場","2026/09/25","2026/09/25","26-J0140410-001-771","DKW0000N","1.60","300.0","200.0","210.0","Sﾀﾞｲﾏ 貫通枠","","8","平蓋　開口部注意ｽﾃｯｶｰ","2026/10/05","福山通運　九州発送","2026/10/06","","完成","坂元","2026/10/05","製造"
"富士商会　大村★","九州工場","九州工場","2026/09/25","2026/09/25","26-J0140410-002-771","DKW0000N","1.60","400.0","200.0","280.0","Sﾀﾞｲﾏ 貫通枠","","4","平蓋　開口部注意ｽﾃｯｶｰ","2026/10/06","福山通運　九州発送","2026/10/06","","完成","坂元","2026/10/06","製造"
"オリオン商事　福岡★","九州工場","九州工場","2026/09/28","2026/09/28","26-J0140488-002-771","SE3030XC","1.50","300.0","300.0","300.0","SUS PB 水切 焼付","2.5Y9/1 近似色","1","ｱｰｽ","2026/10/02","ヤマックス福岡","2026/10/06","","完成","古川","2026/09/29","製造"
"オリオン商事　福岡★","九州工場","九州工場","2026/09/28","2026/09/28","26-J0140488-004-771","BE0000SC","1.60","300.0","300.0","200.0","国土 PBﾄｸ 平 焼付","2.5Y9/1 近似色","6","ｱｰｽ  ｾﾝﾀｰｾﾊﾟﾚｰﾀ","2026/10/05","ヤマックス福岡","2026/10/06","","完成","倉重","2026/09/30","製造"
"オリオン商事　福岡★","九州工場","九州工場","2026/09/28","2026/09/28","26-J0140488-005-771","BE2010SC","1.60","200.0","200.0","100.0","国土 PB 平 焼付","2.5Y9/1 近似色","4","ｱｰｽ","2026/10/05","ヤマックス福岡","2026/10/06","","完成","倉重","","加工"
"オリオン商事　福岡★","九州工場","九州工場","2026/09/28","2026/09/28","26-J0140488-006-771","SE6050XC","1.50","600.0","600.0","500.0","SUS PB 水切 焼付","2.5Y9/1 近似色","1","ｱｰｽ","2026/10/02","ヤマックス福岡","2026/10/06","","完成","古川","2026/09/29","製造"
"オリオン商事　福岡★","九州工場","九州工場","2026/09/28","2026/09/28","26-J0140488-001-771","SE2020XC","1.50","200.0","200.0","200.0","SUS PB 水切 焼付","2.5Y9/1 近似色","4","ｱｰｽ","2026/10/02","ヤマックス福岡","2026/10/06","","完成","古川","","加工"
"ムトウ電材　富士見★","九州工場","九州工場","2026/09/28","2026/09/28","26-J0140499-001-771","ZE0000X","3.20","600.0","500.0","700.0","ZN PBﾄｸ 水切","","1","ｱｰｽ側面","2026/10/06","福山通運　九州発送","2026/10/06","","完成","倉重","2026/09/29","製造"
"イシグロ　鹿児島★","九州工場","九州工場","2026/09/28","2026/09/28","26-J0140818-003-771","IG0000G","0.00","500.0","1,200.0","0.0","鉄 架台","","1","さび止め　L-50X50X6t　PL6.0t　XP-1","2026/10/06","福山通運　九州発送","2026/10/06","","完成","倉重","2026/10/05","製造"
"イシグロ　鹿児島★","九州工場","九州工場","2026/09/28","2026/09/28","26-J0140818-002-771","IG0000G","0.00","250.0","728.0","0.0","鉄 架台","","1","さび止め　L-50X50X6t　PL6.0t　XP-7","2026/10/06","福山通運　九州発送","2026/10/06","","完成","倉重","2026/10/05","製造"
"イシグロ　鹿児島★","九州工場","九州工場","2026/09/28","2026/09/28","26-J0140818-001-771","IG0000G","0.00","400.0","345.0","0.0","鉄 架台","","1","さび止め　L-65X65X6t　PL6.0t　XP-5","2026/10/06","福山通運　九州発送","2026/10/06","","完成","倉重","2026/10/05","製造"
"イシグロ　鹿児島★","九州工場","九州工場","2026/09/28","2026/09/28","26-J0140818-004-771","IG0000G","0.00","250.0","1,400.0","0.0","鉄 架台","","1","さび止め　L-50X50X6t　PL6.0t　XP-4","2026/10/06","福山通運　九州発送","2026/10/06","","完成","倉重","2026/10/05","製造"
"光電商会","九州工場","九州工場","2026/09/28","2026/09/28","26-J0140961-001-771","SE0000XC","1.50","180.0","180.0","150.0","SUS PBﾄｸ 水切 焼付","2.5Y9/1","1","ｱｰｽ","2026/10/02","イトカツ","2026/10/06","2026/10/02","完成","古川","2026/09/29","製造"
"東芝電材　鳥取★","九州工場","九州工場","2026/09/28","2026/09/28","26-J0141006-001-771","SP3020XNA","1.50","300.0","300.0","200.0","SUS PB 水切","","2","足付(位置指定)L4x50Φ13","2026/10/06","福山通運　九州発送","2026/10/06","","完成","坂元","2026/10/06","製造"
"東芝電材　鳥取★","九州工場","九州工場","2026/09/28","2026/09/28","26-J0141006-002-771","SP3020XNA","1.50","300.0","300.0","200.0","SUS PB 水切","","1","足付L4x50Φ13","2026/10/06","福山通運　九州発送","2026/10/06","","完成","坂元","2026/10/06","製造"
"東芝電材　鳥取★","九州工場","九州工場","2026/09/28","2026/09/28","26-J0141006-003-771","SP0000XNA","1.50","600.0","400.0","300.0","SUS PBﾄｸ 水切","","1","足付600側(位置指定)L4x50Φ13","2026/10/06","福山通運　九州発送","2026/10/06","","完成","坂元","2026/10/06","製造"
"三共電気　沖縄★","九州工場","九州工場","2026/09/28","2026/09/28","26-J0141068-002-771","SIP0000N","3.00","200.0","200.0","0.0","SUS ﾌﾟﾚｰﾄ","","2","取付穴2-φ18","2026/09/30","イトカツ","2026/10/06","2026/09/30","完成","服部","2026/09/29","製造"
"三共電気　沖縄★","九州工場","九州工場","2026/09/28","2026/09/28","26-J0141068-001-771","SIP0000N","3.00","200.0","200.0","0.0","SUS ﾌﾟﾚｰﾄ","","8","取付穴3-φ18","2026/09/30","イトカツ","2026/10/06","2026/09/30","完成","服部","2026/09/29","製造"
"矢島電機商会　倉敷","九州工場","九州工場","2026/09/28","2026/09/28","26-J0141107-001-771","ZE0000W","2.30","400.0","300.0","200.0","ZN PBﾄｸ 被せ","","3","HDZT56 ｱｰｽ","2026/10/06","福山通運　九州発送","2026/10/06","","完成","倉重","2026/09/29","製造"
"カンサイ西九州社　長崎本社★","九州工場","九州工場","2026/09/28","2026/09/28","26-J0141232-001-771","SD0000C","2.00","900.0","600.0","400.0","SUS ﾀﾞｸﾄ 焼付","色見本ｱﾘ","2","水切　ｱｰｽ付","2026/10/06","福山通運　九州発送","2026/10/06","","完成","森田","2026/10/01","製造"
"新光産業　中部","九州工場","九州工場","2026/09/28","2026/09/28","26-J0141254-001-771","BE2020SC","1.60","200.0","200.0","200.0","国土 PB 平 焼付","2.5Y9/1","1","ｱｰｽ","2026/10/02","イトカツ","2026/10/06","2026/10/02","完成","古川","2026/09/29","製造"
"Q-mast　電気グル－プ★","九州工場","九州工場","2026/09/28","2026/09/28","26-J0141259-002-771","IDC0000C","1.60","600.0","200.0","100.0","鉄 ﾀﾞｸﾄｶﾊﾞｰ 焼付","ｶﾜﾑﾗ 2.5Y9/1","1","下面　塩ビ板（グレー）3t　2分割　製作棟lT-1","2026/10/06","福山通運　九州発送","2026/10/06","","完成","古川","2026/10/01","製造"
"Q-mast　電気グル－プ★","九州工場","九州工場","2026/09/28","2026/09/28","26-J0141259-001-771","IDC0000C","1.60","500.0","200.0","100.0","鉄 ﾀﾞｸﾄｶﾊﾞｰ 焼付","ｶﾜﾑﾗ 2.5Y9/1","1","下面　塩ビ板（グレー）3t　2分割　製作棟l-1","2026/10/06","福山通運　九州発送","2026/10/06","","完成","古川","2026/10/01","製造"
"平岡電気　福岡中央★","九州工場","九州工場","2026/09/28","2026/09/28","26-J0141278-002-771","SE2020XC","1.50","200.0","200.0","200.0","SUS PB 水切 焼付","2.5Y9/1 近似色","10","ｱｰｽ","2026/10/05","ヤマックス福岡","2026/10/06","","完成","倉重","2026/09/30","製造"
"平岡電気　福岡中央★","九州工場","九州工場","2026/09/28","2026/09/28","26-J0141278-001-771","SE2020XC","1.50","200.0","200.0","200.0","SUS PB 水切 焼付","2.5Y9/1 近似色","6","ｱｰｽ","2026/10/02","ヤマックス福岡","2026/10/06","","完成","古川","","加工"
"かごしま電工　南★","九州工場","九州工場","2026/09/28","2026/09/28","26-J0141308-004-771","SE3020XCW","1.50","300.0","300.0","200.0","SUS PB 水切 焼付","2.5Y9/1 近似色","1","ｱｰｽ 内ﾜﾆｽ","2026/10/05","佐川急便","2026/10/06","","完成","樋口","2026/09/29","製造"
"かごしま電工　南★","九州工場","九州工場","2026/09/28","2026/09/28","26-J0141308-001-771","BE4020SCW","1.60","400.0","400.0","200.0","国土 PB 平 焼付","2.5Y9/1 近似色","5","ｱｰｽ  内ﾜﾆｽ","2026/10/06","佐川急便","2026/10/06","","完成","古川","2026/09/30","製造"
"かごしま電工　南★","九州工場","九州工場","2026/09/28","2026/09/28","26-J0141308-002-771","BE3520SCW","1.60","350.0","350.0","200.0","国土 PB 平 焼付","2.5Y9/1 近似色","4","ｱｰｽ  内ﾜﾆｽ","2026/10/06","佐川急便","2026/10/06","","完成","古川","2026/09/30","製造"
"かごしま電工　南★","九州工場","九州工場","2026/09/28","2026/09/28","26-J0141308-003-771","SE4020XCW","1.50","400.0","400.0","200.0","SUS PB 水切 焼付","2.5Y9/1 近似色","1","ｱｰｽ 内ﾜﾆｽ","2026/10/05","佐川急便","2026/10/06","","完成","坂元","2026/09/29","製造"
"かごしま電工　南★","九州工場","九州工場","2026/09/28","2026/09/28","26-J0141308-005-771","SE5040XCW","1.50","500.0","500.0","400.0","SUS PB 水切 焼付","2.5Y9/1 近似色","1","ｱｰｽ 内ﾜﾆｽ","2026/10/05","佐川急便","2026/10/06","","完成","倉重","2026/09/29","製造"
"かごしま電工　南★","九州工場","九州工場","2026/09/28","2026/09/28","26-J0141308-006-771","SE4030XCW","1.50","400.0","400.0","300.0","SUS PB 水切 焼付","2.5Y9/1 近似色","1","ｱｰｽ 内ﾜﾆｽ","2026/10/05","佐川急便","2026/10/06","","完成","坂元","2026/09/29","製造"
"東芝電材　南福岡★","九州工場","九州工場","2026/09/28","2026/09/28","26-J0141344-001-771","ZE3030X2","2.30","300.0","300.0","300.0","ZN PB 水切","","1","ｱｰｽ","2026/10/06","佐川急便","2026/10/06","","完成","倉重","2026/09/29","製造"
"東芝電材　鹿児島★","九州工場","九州工場","2026/09/28","2026/09/28","26-J0141411-002-771","SE6060XCW","1.50","600.0","600.0","600.0","SUS PB 水切 焼付","72-30H 近似色","1","ｱｰｽ 内ﾜﾆｽ","2026/10/06","佐川急便","2026/10/06","","完成","古川","2026/09/30","製造"
"東芝電材　鹿児島★","九州工場","九州工場","2026/09/28","2026/09/28","26-J0141411-003-771","SE2020XCW","1.50","200.0","200.0","200.0","SUS PB 水切 焼付","72-30H 近似色","6","ｱｰｽ 内ﾜﾆｽ","2026/10/06","佐川急便","2026/10/06","","完成","古川","2026/09/30","製造"
"光電商会","九州工場","九州工場","2026/09/28","2026/09/28","26-J0141511-001-771","SE0000XC","1.50","650.0","650.0","500.0","SUS PBﾄｸ 水切 焼付","2.5Y9/1","1","ｱｰｽ","2026/10/02","イトカツ","2026/10/06","2026/10/02","完成","古川","2026/09/29","製造"
"大成　（沖縄）","九州工場","九州工場","2026/09/28","2026/09/28","26-J0141638-002-771","SAI0000N","4.00","405.0","50.0","50.0","SUS ｱﾝｸﾞﾙ","","8","L-50x4t 取付穴6-φ12","2026/10/02","イトカツ","2026/10/06","2026/10/02","完成","坂元","2026/10/01","製造"
"大成　（沖縄）","九州工場","九州工場","2026/09/28","2026/09/28","26-J0141638-001-771","SC0000N","1.50","455.0","405.0","1,050.0","SUS ｶﾊﾞｰ","","4","接続ﾌﾗﾝｼﾞL-50x4t 内部曲げ金物","2026/10/02","イトカツ","2026/10/06","2026/10/02","完成","倉重","2026/10/01","製造"
"中島物産","九州工場","九州工場","2026/09/28","2026/09/28","26-J0141743-001-771","IG0000C","0.00","1,280.0","670.0","400.0","鉄 架台 焼付","2.5Y9/1 近似色","2","L-50x50x6t","2026/10/05","ヤマックス　ｽﾎﾟｯﾄ便","2026/10/06","","完成","森田","2026/10/01","製造"
"中島物産","九州工場","九州工場","2026/09/28","2026/09/28","26-J0141748-001-771","IG0000C","0.00","1,280.0","670.0","400.0","鉄 架台 焼付","2.5Y9/1 近似色","1","L-50x50x6t","2026/10/05","ヤマックス　ｽﾎﾟｯﾄ便","2026/10/06","","完成","森田","2026/10/02","製造"
"カンサイ九州昭和　北九州★","九州工場","九州工場","2026/09/28","2026/09/28","26-J0141883-001-771","BE2010SC","1.60","200.0","200.0","100.0","国土 PB 平 焼付","2.5Y9/1 近似色","1","ｱｰｽ","2026/10/05","北九州配達","2026/10/06","","完成","古川","","加工"
"東芝電材　小倉★","九州工場","九州工場","2026/09/28","2026/09/28","26-J0141930-001-771","IIP0000C","1.60","220.0","220.0","0.0","鉄 ﾌﾟﾚｰﾄ 焼付","2.5Y9/1 近似色","1","穴加工","2026/10/05","北九州配達","2026/10/06","","完成","坂元","2026/09/30","製造"
"日新電器産業　本社","九州工場","九州工場","2026/09/29","2026/09/29","26-J0142028-001-771","IIP0000C","1.60","420.0","220.0","0.0","鉄 ﾌﾟﾚｰﾄ 焼付","5Y7/1","1","開口196x156 取付穴4-φ6","2026/10/05","九州航空","2026/10/06","2026/10/05","完成","古川","2026/09/30","製造"
"平岡電気　城南★","九州工場","九州工場","2026/09/29","2026/09/29","26-J0142117-001-771","SE2020XC","1.50","200.0","200.0","200.0","SUS PB 水切 焼付","10YR3/0.5 近似色","1","ｱｰｽ","2026/10/05","ヤマックス福岡","2026/10/06","","完成","樋口","","加工"
"ムトウ電材　富士見★","九州工場","九州工場","2026/09/29","2026/09/29","26-J0142156-001-771","IDC0000C","1.60","800.0","250.0","639.0","鉄 ﾀﾞｸﾄｶﾊﾞｰ 焼付","2.5Y9/1 近似色","1","平蓋","2026/10/06","佐川急便","2026/10/06","","完成","古川","2026/10/01","製造"
"佐野電機工業","九州工場","九州工場","2026/09/29","2026/09/29","26-J0142161-004-771","BE4030SC","1.60","400.0","400.0","300.0","国土 PB 平 焼付","2.5Y9/1(近似色)","1","ｱｰｽ","2026/10/06","福山通運　九州発送","2026/10/06","","完成","古川","2026/10/01","製造"
"佐野電機工業","九州工場","九州工場","2026/09/29","2026/09/29","26-J0142161-001-771","BE3030SC","1.60","300.0","300.0","300.0","国土 PB 平 焼付","2.5Y9/1(近似色)","3","ｱｰｽ","2026/10/06","福山通運　九州発送","2026/10/06","","完成","古川","2026/10/01","製造"
"三親電材　津山★","九州工場","九州工場","2026/09/29","2026/09/29","26-J0142162-001-771","ID0000C","1.60","600.0","170.0","800.0","鉄 ﾀﾞｸﾄ 焼付","2.5Y9/1(近似色)","1","ｱﾝｸﾞﾙ補強","2026/10/06","福山通運　九州発送","2026/10/06","","完成","古川","2026/10/02","製造"
"岩谷瓦斯　生産設備（大阪）★","九州工場","九州工場","2026/09/29","2026/09/29","26-J0142272-002-771","SIP0000N","1.50","180.0","180.0","0.0","SUS ﾌﾟﾚｰﾄ","","3","R10x2 穴加工ｱﾘ","2026/10/06","福山通運　九州発送","2026/10/06","","完成","倉重","2026/10/06","製造"
"岩谷瓦斯　生産設備（大阪）★","九州工場","九州工場","2026/09/29","2026/09/29","26-J0142272-001-771","SMK0000N","1.50","180.0","180.0","150.0","SUS 曲金物","","2","L型 R10x4 穴加工ｱﾘ","2026/10/06","福山通運　九州発送","2026/10/06","","完成","坂元","2026/10/06","製造"
"岩谷瓦斯　生産設備（大阪）★","九州工場","九州工場","2026/09/29","2026/09/29","26-J0142287-002-771","SIP0000N","1.50","180.0","180.0","0.0","SUS ﾌﾟﾚｰﾄ","","2","R10x2 穴加工ｱﾘ","2026/10/06","福山通運　九州発送","2026/10/06","","完成","倉重","2026/10/06","製造"
"岩谷瓦斯　生産設備（大阪）★","九州工場","九州工場","2026/09/29","2026/09/29","26-J0142287-001-771","SMK0000N","1.50","180.0","180.0","150.0","SUS 曲金物","","3","L型 R10x4 穴加工ｱﾘ","2026/10/06","福山通運　九州発送","2026/10/06","","完成","坂元","2026/10/06","製造"
"山電　小倉","九州工場","九州工場","2026/09/29","2026/09/29","26-J0142751-001-771","IDC0000C","1.60","600.0","130.0","420.0","鉄 ﾀﾞｸﾄｶﾊﾞｰ 焼付","2.5Y9/1 近似色","1","/400 平蓋 3点ﾊﾞﾗ式 φ12x4","2026/10/05","北九州配達","2026/10/06","","完成","坂元","2026/09/30","製造"
"米良電機　日南★","九州工場","九州工場","2026/09/29","2026/09/29","26-J0142795-001-771","BP0000WC","1.60","515.0","260.0","105.0","国土 PBﾄｸ 被せ 焼付","N8.7 近似色","3","ｱｰｽ無 開口x3 φ5x10 国土ｼｰﾙ無し","2026/10/06","佐川急便","2026/10/06","","完成","倉重","2026/10/01","製造"
"東芝電材　岡山★","九州工場","九州工場","2026/09/29","2026/09/29","26-J0142850-001-771","BE1515SC","1.60","150.0","150.0","150.0","国土 PB 平 焼付","2.5Y9/1(近似色)","1","ｱｰｽ","2026/10/06","福山通運　九州発送","2026/10/06","","完成","古川","2026/10/01","製造"
"カンサイ九州昭和　北九州★","九州工場","九州工場","2026/09/29","2026/09/29","26-J0142972-001-771","SST0000N","0.00","1,200.0","0.0","0.0","SUS ｽﾀﾝｼｮﾝ","","4","50A","2026/10/05","北九州配達","2026/10/06","","完成","井上","2026/10/05","製造"
"木村電機　本社★","九州工場","九州工場","2026/09/29","2026/09/29","26-J0143123-001-771","BE1510SC","1.60","150.0","150.0","100.0","国土 PB 平 焼付","N9.5 近似色","1","ｱｰｽ","2026/10/06","佐川急便","2026/10/06","","完成","古川","","加工"
"木村電機　本社★","九州工場","九州工場","2026/09/29","2026/09/29","26-J0143123-003-771","SE2010XC","1.50","200.0","200.0","100.0","SUS PB 水切 焼付","N9.5 近似色","2","ｱｰｽ","2026/10/06","佐川急便","2026/10/06","","完成","古川","","加工"
"木村電機　本社★","九州工場","九州工場","2026/09/29","2026/09/29","26-J0143123-002-771","SE3020XC","1.50","300.0","300.0","200.0","SUS PB 水切 焼付","N9.5 近似色","2","ｱｰｽ","2026/10/06","佐川急便","2026/10/06","","完成","古川","","加工"
"佐野電機工業","九州工場","九州工場","2026/09/29","2026/09/29","26-J0143201-001-771","BE4020SC","1.60","400.0","400.0","200.0","国土 PB 平 焼付","2.5Y9/1(近似色)","4","ｱｰｽ","2026/10/06","福山通運　九州発送","2026/10/06","","完成","古川","2026/10/01","製造"
"シンセイ　広島第一★","九州工場","九州工場","2026/09/29","2026/09/29","26-J0143234-001-771","SE4030XC","1.50","400.0","400.0","300.0","SUS PB 水切 焼付","2.5Y9/1 近似色","1","ｱｰｽ","2026/10/06","福山通運　九州発送","2026/10/06","","完成","古川","2026/10/01","製造"
"小林電工　岡山★","九州工場","九州工場","2026/09/29","2026/09/29","26-J0143245-001-771","IIMP0000C","3.20","180.0","0.0","0.0","鉄 丸ﾌﾟﾚｰﾄ 焼付","15-40H","4","Φ180 寸切ﾎﾞﾙﾄ･穴加工ｱﾘ","2026/10/06","福山通運　九州発送","2026/10/06","","完成","古川","2026/10/01","製造"
"木村電機　本社★","九州工場","九州工場","2026/09/30","2026/09/30","26-J0143437-001-771","IIP0000C","2.30","650.0","500.0","0.0","鉄 ﾌﾟﾚｰﾄ 焼付","2.5Y9/1 近似色","1","吊穴加工　R加工","2026/10/06","佐川急便","2026/10/06","","完成","倉重","2026/10/01","製造"
"宮地電機　高松","九州工場","九州工場","2026/09/30","2026/09/30","26-J0143444-001-771","SP0000WC","1.50","300.0","300.0","200.0","SUS PBﾄｸ 被せ 焼付","N1(近似色)","1","/550/180 3方WP ｱﾝｸﾞﾙ･PL付 開口ｱﾘ","2026/10/06","福山通運　九州発送","2026/10/06","","完成","古川","2026/10/02","製造"
"宮地電機　高松","九州工場","九州工場","2026/09/30","2026/09/30","26-J0143444-002-771","SP0000WC","2.00","850.0","850.0","400.0","SUS PBﾄｸ 被せ 焼付","N1(近似色)","1","/1100/380 3方WP ｱﾝｸﾞﾙ･ｾﾊﾟﾚｰﾀｰ･PL付　開口ｱﾘ","2026/10/06","福山通運　九州発送","2026/10/06","","完成","ナム","2026/10/02","製造"
"ｹｲ･ｴｽ･ﾃﾞｰ　熊本★","九州工場","九州工場","2026/09/30","2026/09/30","26-J0143483-002-771","SE0000XN","1.50","700.0","600.0","400.0","SUS PBﾄｸ 水切","","1","ｱｰｽ　傾斜屋根あり","2026/10/05","福山通運　九州発送","2026/10/06","","完成","倉重","2026/10/05","製造"
"ｹｲ･ｴｽ･ﾃﾞｰ　熊本★","九州工場","九州工場","2026/09/30","2026/09/30","26-J0143483-004-771","SE0000XN","1.50","700.0","700.0","450.0","SUS PBﾄｸ 水切","","1","ｱｰｽ","2026/10/05","福山通運　九州発送","2026/10/06","","完成","坂元","2026/10/05","製造"
"日本電設資材　福岡★","九州工場","九州工場","2026/09/30","2026/09/30","26-J0143605-001-771","II0000C","1.60","160.0","180.0","0.0","鉄 切板 焼付","2.5Y9/1 近似色","1","吊穴加工無し","2026/10/05","ヤマックス福岡","2026/10/06","","完成","古川","2026/10/01","製造"
"ナミデン　広島★","九州工場","九州工場","2026/09/30","2026/09/30","26-J0143813-001-771","ZAI0000","6.00","50.0","50.0","300.0","ZN ｱﾝｸﾞﾙ","","3","L50x50x6t 先メッキ","2026/10/06","福山通運　九州発送","2026/10/06","","完成","倉重","2026/10/06","製造"
"ナミデン　広島★","九州工場","九州工場","2026/09/30","2026/09/30","26-J0143813-002-771","ZG0000","6.00","300.0","1,200.0","0.0","ZN 架台","","1","L型　L50x50x6t　先メッキ","2026/10/06","福山通運　九州発送","2026/10/06","","完成","倉重","2026/10/06","製造"
"ナミデン　広島★","九州工場","九州工場","2026/09/30","2026/09/30","26-J0143813-004-771","ZG0000","6.00","300.0","1,450.0","0.0","ZN 架台","","1","L型　L50x50x6t　先メッキ","2026/10/06","福山通運　九州発送","2026/10/06","","完成","倉重","2026/10/06","製造"
"ナミデン　広島★","九州工場","九州工場","2026/09/30","2026/09/30","26-J0143813-003-771","ZG0000","6.00","300.0","1,000.0","0.0","ZN 架台","","1","L型　L50x50x6t　先メッキ","2026/10/06","福山通運　九州発送","2026/10/06","","完成","倉重","2026/10/06","製造"
"啓電社★","九州工場","九州工場","2026/09/30","2026/09/30","26-J0144194-001-771","SE0000WNA","1.50","300.0","300.0","200.0","SUS PBﾄｸ 被せ","","1","ｱｰｽ 足付","2026/10/05","ヤマックス福岡","2026/10/06","","完成","井上","2026/10/05","製造"
"宮地電機　高松","九州工場","九州工場","2026/09/30","2026/09/30","26-J0144319-002-771","IP0000WG","2.30","800.0","800.0","300.0","鉄 PBﾄｸ 被せ","","2","さび止め","2026/10/06","福山通運　九州発送","2026/10/06","","完成","坂元","2026/10/05","製造"
"東芝電材　福岡★","九州工場","九州工場","2026/09/30","2026/09/30","26-J0144420-001-771","SP0000XN","2.00","1,000.0","400.0","400.0","SUS PBﾄｸ 水切","","1","底面開口800ｘ200","2026/10/05","ヤマックス福岡","2026/10/06","","完成","樋口","2026/10/05","製造"
"ｹｲ･ｴｽ･ﾃﾞｰ　大分★","九州工場","九州工場","2026/10/01","2026/10/01","26-J0144799-001-771","SE0000XN","1.50","400.0","200.0","200.0","SUS PBﾄｸ 水切","","1","ｱｰｽ","2026/10/06","佐川急便","2026/10/06","","完成","坂元","2026/10/06","製造"
"宮地電機　南予","九州工場","九州工場","2026/10/01","2026/10/01","26-J0145008-001-771","SE0000XNA","1.50","300.0","300.0","350.0","SUS PBﾄｸ 水切","","1","ｱｰｽ 足付L4x50Φ12 穴加工ｱﾘ","2026/10/06","福山通運　九州発送","2026/10/06","","完成","倉重","2026/10/06","製造"
"三和電気商会★","九州工場","九州工場","2026/10/01","2026/10/01","26-J0145195-001-771","SP0000WN","1.50","700.0","700.0","300.0","SUS PBﾄｸ 被せ","","2","","2026/10/06","福山通運　九州発送","2026/10/06","","完成","坂元","2026/10/06","製造"
"かごしま電工　南★","九州工場","九州工場","2026/10/01","2026/10/01","26-J0145200-001-771","SMK0000N","1.50","750.0","160.0","50.0","SUS 曲金物","","1","6-φ6 750x160取付部30幅ｺﾞﾑﾊﾟｯｷﾝ付き","2026/10/06","佐川急便","2026/10/06","","完成","井上","2026/10/06","製造"
"中西電機　丸亀★","九州工場","九州工場","2026/10/01","2026/10/01","26-J0145249-001-771","SP0000SNP","1.50","750.0","400.0","400.0","SUS PBﾄｸ 平","","1","ｺﾞﾑﾊﾟｯｷﾝ付 ﾒｸﾗ付","2026/10/06","福山通運　九州発送","2026/10/06","","完成","坂元","2026/10/06","製造"
"カンサイ　電設★","九州工場","九州工場","2026/10/01","2026/10/01","26-J0145254-003-771","IIP0000N","1.60","416.0","325.0","0.0","鉄 ﾌﾟﾚｰﾄ","","1","生地 穴加工","2026/10/05","ヤマックス福岡","2026/10/06","","完成","倉重","2026/10/05","製造"
"カンサイ　電設★","九州工場","九州工場","2026/10/01","2026/10/01","26-J0145254-001-771","IIP0000N","1.60","382.0","325.0","0.0","鉄 ﾌﾟﾚｰﾄ","","1","生地 穴加工","2026/10/05","ヤマックス福岡","2026/10/06","","完成","倉重","2026/10/05","製造"
"カンサイ　電設★","九州工場","九州工場","2026/10/01","2026/10/01","26-J0145254-002-771","IIP0000N","1.60","552.0","325.0","0.0","鉄 ﾌﾟﾚｰﾄ","","1","生地 穴加工","2026/10/05","ヤマックス福岡","2026/10/06","","完成","倉重","2026/10/05","製造"
"東芝電材　都城★","九州工場","九州工場","2026/10/01","2026/10/01","26-J0145449-001-771","SC0000N","1.50","1,900.0","520.0","140.0","SUS ｶﾊﾞｰ","","1","穴加工","2026/10/06","佐川急便","2026/10/06","","完成","坂元","2026/10/06","製造"
"菱栄電材★","九州工場","九州工場","2026/10/01","2026/10/01","26-J0145603-001-771","IP0000SG","2.30","1,000.0","500.0","500.0","鉄 PBﾄｸ 平","","1","さび止め","2026/10/06","福山通運　九州発送","2026/10/06","","完成","坂元","2026/10/06","製造"
"大洋電材　本社★","九州工場","九州工場","2026/10/01","2026/10/01","26-J0145755-001-771","SP0000WN","1.50","400.0","150.0","150.0","SUS PBﾄｸ 被せ","","2","","2026/10/05","北九州配達","2026/10/06","","完成","井上","2026/10/05","製造"
"宮地電機　南予","九州工場","九州工場","2026/10/01","2026/10/01","26-J0145814-002-771","SE0000XN","1.50","300.0","300.0","200.0","SUS PBﾄｸ 水切","","1","ｱｰｽ  ｶｯﾌﾟﾘﾝｸﾞ付","2026/10/06","福山通運　九州発送","2026/10/06","","完成","倉重","2026/10/06","製造"
"宮地電機　南予","九州工場","九州工場","2026/10/01","2026/10/01","26-J0145814-005-771","SMK0000N","1.50","260.0","60.0","21.5","SUS 曲金物","","1","穴加工ｱﾘ 蓋帯","2026/10/06","福山通運　九州発送","2026/10/06","","完成","樋口","2026/10/06","製造"
"宮地電機　南予","九州工場","九州工場","2026/10/01","2026/10/01","26-J0145814-003-771","SE0000XN","1.50","450.0","250.0","200.0","SUS PBﾄｸ 水切","","1","ｱｰｽ  ｶｯﾌﾟﾘﾝｸﾞ付","2026/10/06","福山通運　九州発送","2026/10/06","","完成","坂元","2026/10/06","製造"
"宮地電機　南予","九州工場","九州工場","2026/10/01","2026/10/01","26-J0145814-001-771","SE0000XN","1.50","600.0","200.0","200.0","SUS PBﾄｸ 水切","","1","ｱｰｽ  ｶｯﾌﾟﾘﾝｸﾞ付","2026/10/06","福山通運　九州発送","2026/10/06","","完成","倉重","2026/10/06","製造"
"古西電機　本社★","九州工場","九州工場","2026/10/01","2026/10/01","26-J0145842-003-771","IAI0000G","0.00","0.0","0.0","2,750.0","鉄 ｱﾝｸﾞﾙ","","4","さび止め L50x6t","2026/10/06","福山通運　九州発送","2026/10/06","","完成","倉重","2026/10/06","製造"
"古西電機　本社★","九州工場","九州工場","2026/10/01","2026/10/01","26-J0145842-002-771","IAI0000G","0.00","0.0","0.0","2,750.0","鉄 ｱﾝｸﾞﾙ","","2","さび止め L40x5t","2026/10/06","福山通運　九州発送","2026/10/06","","完成","倉重","2026/10/06","製造"
"古西電機　本社★","九州工場","九州工場","2026/10/01","2026/10/01","26-J0145842-001-771","ICI0000G","0.00","0.0","0.0","2,750.0","鉄 ﾁｬﾝﾈﾙ","","2","さび止め [75x40","2026/10/06","福山通運　九州発送","2026/10/06","","完成","倉重","2026/10/06","製造"
"かごしま電工　出水★","九州工場","九州工場","2026/10/02","2026/10/02","26-J0145871-001-771","BE2010SGW","1.60","200.0","200.0","100.0","国土 PB 平","","1","ｱｰｽ さび止め 内ﾜﾆｽ","2026/10/06","佐川急便","2026/10/06","","完成","倉重","2026/10/05","製造"
"平岡電気　福岡東★","九州工場","九州工場","2026/10/02","2026/10/02","26-J0145902-001-771","SDC0000N","1.50","400.0","135.0","475.0","SUS ﾀﾞｸﾄｶﾊﾞｰ","","1","平蓋　パッキン付き","2026/10/06","福山通運　九州発送","2026/10/06","","完成","井上","2026/10/06","製造"
"木村電機　八代★","九州工場","九州工場","2026/10/02","2026/10/02","26-J0145919-001-771","SIMP0000N","1.50","130.0","0.0","0.0","SUS 丸ﾌﾟﾚｰﾄ","","1","φ130　φ120の位置にφ4x2穴加工","2026/10/06","佐川急便","2026/10/06","","完成","倉重","2026/10/06","製造"
"ナミデン　福岡★","九州工場","九州工場","2026/10/02","2026/10/02","26-J0146397-001-771","DP1515WN","1.60","150.0","150.0","150.0","Sﾀﾞｲﾏ PB 被せ","","7","","2026/10/05","ヤマックス福岡","2026/10/06","","完成","倉重","2026/10/05","製造"
"宮地電機　高知","九州工場","九州工場","2026/10/02","2026/10/02","26-J0146433-002-771","BE0000SG","1.60","700.0","450.0","300.0","国土 PBﾄｸ 平","","1","ｱｰｽ さび止め","2026/10/06","福山通運　九州発送","2026/10/06","","完成","坂元","2026/10/06","製造"
"東芝電材　霧島★","九州工場","九州工場","2026/10/02","2026/10/02","26-J0146588-002-771","SP0000WN","1.50","300.0","200.0","200.0","SUS PBﾄｸ 被せ","","1","底面開口","2026/10/06","福山通運　九州発送","2026/10/06","","完成","坂元","2026/10/06","製造"
"東芝電材　霧島★","九州工場","九州工場","2026/10/02","2026/10/02","26-J0146588-001-771","SP0000WN","1.50","200.0","200.0","150.0","SUS PBﾄｸ 被せ","","1","底面開口","2026/10/06","福山通運　九州発送","2026/10/06","","完成","坂元","2026/10/06","製造"
"かごしま電工　鹿屋★","九州工場","九州工場","2026/10/02","2026/10/02","26-J0146608-001-771","SE2020WNW","1.50","200.0","200.0","200.0","SUS PB 被せ","","1","ｱｰｽ 内ﾜﾆｽ","2026/10/06","佐川急便","2026/10/06","","完成","坂元","2026/10/05","製造"
"中西電機　高松本社★","九州工場","九州工場","2026/10/02","2026/10/02","26-J0146856-001-771","SE0000WN","1.50","350.0","350.0","130.0","SUS PBﾄｸ 被せ","","1","ｱｰｽ","2026/10/06","福山通運　九州発送","2026/10/06","","完成","坂元","2026/10/06","製造"
"中西電機　高松本社★","九州工場","九州工場","2026/10/02","2026/10/02","26-J0146856-002-771","SE0000WN","1.50","400.0","300.0","130.0","SUS PBﾄｸ 被せ","","1","ｱｰｽ","2026/10/06","福山通運　九州発送","2026/10/06","","完成","倉重","2026/10/06","製造"
"南四国ﾅｼｮﾅﾙ　本社★","九州工場","九州工場","2026/10/02","2026/10/02","26-J0146930-001-771","II0000N","9.00","200.0","100.0","0.0","鉄 切板","","1","ｻﾋﾞ止用生地","2026/10/06","福山通運　九州発送","2026/10/06","","完成","坂元","2026/10/06","製造"
"中西電機　高松本社★","九州工場","九州工場","2026/10/05","2026/10/05","26-J0147330-003-771","SE0000WN","1.50","400.0","400.0","250.0","SUS PBﾄｸ 被せ","","1","ｱｰｽ","2026/10/06","福山通運　九州発送","2026/10/06","","完成","坂元","2026/10/06","製造"
"カンサイ　田川★","九州工場","九州工場","2026/10/05","2026/10/05","26-J0147332-001-771","BE0000WG","1.60","500.0","300.0","300.0","国土 PBﾄｸ 被せ","","1","ｱｰｽ さび止め","2026/10/06","佐川急便","2026/10/06","","完成","坂元","2026/10/06","製造"
"栗田電機　四国中央★","九州工場","九州工場","2026/10/05","2026/10/05","26-J0147445-001-771","BE4030XG","1.60","400.0","400.0","300.0","国土 PB 水切","","1","ｱｰｽ さび止め","2026/10/06","福山通運　九州発送","2026/10/06","","完成","倉重","2026/10/06","製造"
"三共電気　本社★","九州工場","九州工場","2026/10/05","2026/10/05","26-J0147665-002-771","DKW0000N","1.60","400.0","150.0","200.0","Sﾀﾞｲﾏ 貫通枠","","1","平蓋","2026/10/06","佐川急便","2026/10/06","","完成","古川","2026/10/06","製造"
"三共電気　本社★","九州工場","九州工場","2026/10/05","2026/10/05","26-J0147665-001-771","DKW0000N","1.60","600.0","150.0","200.0","Sﾀﾞｲﾏ 貫通枠","","3","平蓋","2026/10/06","佐川急便","2026/10/06","","完成","古川","2026/10/06","製造"
"三共電気　本社★","九州工場","九州工場","2026/10/05","2026/10/05","26-J0147665-003-771","DKW0000N","1.60","200.0","150.0","200.0","Sﾀﾞｲﾏ 貫通枠","","1","平蓋","2026/10/06","佐川急便","2026/10/06","","完成","古川","2026/10/06","製造"
"Q-mast　南九州★","九州工場","九州工場","2026/10/05","2026/10/05","26-J0147694-001-771","SKM0000N","2.00","860.0","100.0","50.0","SUS 金物","","3","穴加工","2026/10/06","福山通運　九州発送","2026/10/06","","完成","倉重","2026/10/06","製造"
"東芝電材　南福岡★","九州工場","九州工場","2026/10/05","2026/10/05","26-J0147813-001-771","IKM0000G","1.60","390.0","280.0","15.0","鉄 金物","","1","さび止め ｾﾊﾟﾚｰﾀ","2026/10/06","佐川急便","2026/10/06","","完成","坂元","2026/10/06","製造"
"シンセイ　岩国★","九州工場","九州工場","2026/10/05","2026/10/05","26-J0147871-001-771","SP0000SNP","1.50","350.0","350.0","150.0","SUS PBﾄｸ 平","","1","ｺﾞﾑﾊﾟｯｷﾝ付","2026/10/06","福山通運　九州発送","2026/10/06","","完成","倉重","2026/10/06","製造"
"平和テクノ　防府★","九州工場","九州工場","2026/10/05","2026/10/05","26-J0147972-001-771","BE0000SG","1.60","400.0","400.0","500.0","国土 PBﾄｸ 平","","1","ｱｰｽ さび止め","2026/10/06","福山通運　九州発送","2026/10/06","","完成","坂元","2026/10/06","製造"
"平和テクノ　防府★","九州工場","九州工場","2026/10/05","2026/10/05","26-J0147974-003-771","SE0000XN","1.50","300.0","200.0","150.0","SUS PBﾄｸ 水切","","1","ｱｰｽ","2026/10/06","福山通運　九州発送","2026/10/06","","完成","倉重","2026/10/06","製造"
"平和テクノ　防府★","九州工場","九州工場","2026/10/05","2026/10/05","26-J0147974-002-771","SE0000XN","1.50","150.0","150.0","200.0","SUS PBﾄｸ 水切","","3","ｱｰｽ","2026/10/06","福山通運　九州発送","2026/10/06","","完成","倉重","2026/10/06","製造"
"平和テクノ　防府★","九州工場","九州工場","2026/10/05","2026/10/05","26-J0147974-001-771","SE0000XN","1.50","400.0","400.0","500.0","SUS PBﾄｸ 水切","","1","ｱｰｽ","2026/10/06","福山通運　九州発送","2026/10/06","","完成","倉重","2026/10/06","製造"
"米良電機　延岡★","九州工場","九州工場","2026/10/05","2026/10/05","26-J0148173-001-771","SP0000WN","1.50","600.0","400.0","400.0","SUS PBﾄｸ 被せ","","1","","2026/10/06","佐川急便","2026/10/06","","完成","坂元","2026/10/06","製造"
"三親電材　尾道★","九州工場","九州工場","2026/10/05","2026/10/05","26-J0148253-001-771","BE0000SG","1.60","300.0","200.0","200.0","国土 PBﾄｸ 平","","1","ｱｰｽ さび止め","2026/10/06","福山通運　九州発送","2026/10/06","","完成","坂元","2026/10/06","製造"
"正和電材　佐世保★","九州工場","九州工場","2026/10/05","2026/10/05","26-J0148268-001-771","BE6040SG","1.60","600.0","600.0","400.0","国土 PB 平","","1","ｱｰｽ さび止め","2026/10/06","佐川急便","2026/10/06","","完成","坂元","2026/10/06","製造"
"シンセイ　広島第二★","九州工場","九州工場","2026/10/05","2026/10/05","26-J0148314-001-771","SP0000WN","1.50","500.0","400.0","500.0","SUS PBﾄｸ 被せ","","1","","2026/10/06","福山通運　九州発送","2026/10/06","","完成","倉重","2026/10/06","製造"
"岡本電機　広島★","九州工場","九州工場","2026/10/05","2026/10/05","26-J0148409-001-771","SP0000SNP","1.50","340.0","120.0","75.0","SUS PBﾄｸ 平","","2","ｺﾞﾑﾊﾟｯｷﾝ付","2026/10/06","佐川急便","2026/10/06","","完成","倉重","2026/10/06","製造"
"三親電材　尾道★","九州工場","九州工場","2026/10/05","2026/10/05","26-J0148630-001-771","SE0000XN","1.50","700.0","400.0","300.0","SUS PBﾄｸ 水切","","1","ｱｰｽ","2026/10/06","福山通運　九州発送","2026/10/06","","完成","坂元","2026/10/06","製造"
"シンセイ　広島第二★","九州工場","九州工場","2026/10/06","2026/10/06","26-J0149006-001-771","SP0000WN","1.50","200.0","100.0","75.0","SUS PBﾄｸ 被せ","","1","","2026/10/06","福山通運　九州発送","2026/10/06","","完成","倉重","2026/10/06","製造"
"ナミデン　福岡★","九州工場","九州工場","2026/09/16","2026/09/16","26-J0134253-001-771","IG0000G","0.00","7,550.0","0.0","0.0","鉄 架台","","1","さび止め C100x50x5x7.5 LR","2026/10/06","ヤマックス　ｽﾎﾟｯﾄ便","2026/10/07","","完成","森田","2026/09/24","製造"
"ナミデン　福岡★","九州工場","九州工場","2026/09/16","2026/09/16","26-J0134253-002-771","IG0000G","0.00","4,050.0","0.0","0.0","鉄 架台","","1","さび止め C100x50x5x7.5 LR","2026/10/06","ヤマックス　ｽﾎﾟｯﾄ便","2026/10/07","","完成","森田","2026/09/24","製造"
"メイク機材　大分★","九州工場","九州工場","2026/09/17","2026/09/17","26-J0135810-002-771","IBG0000C","0.00","470.0","210.0","150.0","鉄 防球ガード 焼付","2.5Y9/1 近似色","6","","2026/10/07","佐川急便","2026/10/07","","完成","古川","2026/10/01","製造"
"メイク機材　大分★","九州工場","九州工場","2026/09/17","2026/09/17","26-J0135810-001-771","IBG0000C","0.00","470.0","150.0","150.0","鉄 防球ガード 焼付","2.5Y9/1 近似色","6","","2026/10/07","佐川急便","2026/10/07","","完成","古川","2026/10/01","製造"
"徳島電材★","九州工場","九州工場","2026/09/18","2026/09/18","26-J0136489-002-771","ZE3030X2","2.30","300.0","300.0","300.0","ZN PB 水切","","13","HDZT56 ｱｰｽ","2026/10/06","福山通運　九州発送","2026/10/07","","完成","倉重","2026/09/28","製造"
"三親電材　広島★","九州工場","九州工場","2026/09/18","2026/09/18","26-J0136938-001-771","ZAI0000","6.00","65.0","65.0","920.0","ZN ｱﾝｸﾞﾙ","","2","穴加工","2026/10/07","福山通運　九州発送","2026/10/07","","完成","倉重","2026/09/30","製造"
"三親電材　広島★","九州工場","九州工場","2026/09/18","2026/09/18","26-J0136938-003-771","ZKM0000","9.00","150.0","130.0","0.0","ZN 金物","","8","穴加工　ガセットプレート","2026/10/07","福山通運　九州発送","2026/10/07","","完成","金光","2026/09/30","製造"
"三親電材　広島★","九州工場","九州工場","2026/09/18","2026/09/18","26-J0136938-002-771","ZAI0000","6.00","65.0","65.0","2,355.0","ZN ｱﾝｸﾞﾙ","","2","穴加工","2026/10/07","福山通運　九州発送","2026/10/07","","完成","金光","2026/09/30","製造"
"東芝電材　都城★","九州工場","九州工場","2026/09/18","2026/09/18","26-J0137058-001-771","IDC0000C","1.60","2,900.0","250.0","2,100.0","鉄 ﾀﾞｸﾄｶﾊﾞｰ 焼付","2.5Y9/1 近似色","1","本体4分割 平蓋8分割 天板有り 取付穴φ4","2026/10/05","ヤマックス　ｽﾎﾟｯﾄ便","2026/10/07","","完成","古川","2026/09/30","製造"
"東芝電材　佐賀★","九州工場","九州工場","2026/09/24","2026/09/24","26-J0137495-001-771","ZE0000W","3.20","600.0","500.0","500.0","ZN PBﾄｸ 被せ","","1","ｱｰｽ","2026/10/07","福山通運　九州発送","2026/10/07","","完成","倉重","2026/09/30","製造"
"東芝電材　小倉★","九州工場","九州工場","2026/09/24","2026/09/24","26-J0137518-001-771","ZG0000","4.50","1,000.0","906.0","200.0","ZN 架台","","1","L50x50x6t    2M-2","2026/10/06","ヤマックス　ｽﾎﾟｯﾄ便","2026/10/07","","完成","金光","2026/09/29","製造"
"東芝電材　小倉★","九州工場","九州工場","2026/09/24","2026/09/24","26-J0137542-003-771","ZG0000","0.00","1,650.0","556.0","0.0","ZN 架台","","1","L50x50x6t   2M-2   R","2026/10/06","ヤマックス　ｽﾎﾟｯﾄ便","2026/10/07","","完成","金光","2026/09/29","製造"
"東芝電材　小倉★","九州工場","九州工場","2026/09/24","2026/09/24","26-J0137542-001-771","ZG0000","0.00","1,650.0","556.0","0.0","ZN 架台","","1","L50x50x6t   2M-2   L","2026/10/06","ヤマックス　ｽﾎﾟｯﾄ便","2026/10/07","","完成","金光","2026/09/29","製造"
"大洋電材　本社★","九州工場","九州工場","2026/09/24","2026/09/24","26-J0138805-014-771","IC0000C","1.60","400.0","400.0","0.0","鉄 ｶﾊﾞｰ 焼付","2.5Y9/1 近似色","1","4-φ7    3階　WC内","2026/10/06","北九州配達","2026/10/07","","完成","柴﨑","2026/10/01","製造"
"大洋電材　本社★","九州工場","九州工場","2026/09/24","2026/09/24","26-J0138805-015-771","IC0000C","1.60","400.0","700.0","0.0","鉄 ｶﾊﾞｰ 焼付","2.5Y9/1 近似色","1","6-φ7    3階　廊下側　放送","2026/10/06","北九州配達","2026/10/07","","完成","柴﨑","2026/10/01","製造"
"大洋電材　本社★","九州工場","九州工場","2026/09/24","2026/09/24","26-J0138805-016-771","IC0000C","1.60","600.0","400.0","0.0","鉄 ｶﾊﾞｰ 焼付","2.5Y9/1 近似色","1","4-φ7    3階　WC側　放送","2026/10/06","北九州配達","2026/10/07","","完成","柴﨑","2026/10/01","製造"
"大洋電材　本社★","九州工場","九州工場","2026/09/24","2026/09/24","26-J0138805-012-771","IC0000C","1.60","500.0","500.0","0.0","鉄 ｶﾊﾞｰ 焼付","2.5Y9/1 近似色","1","4-φ7    2階　WC内","2026/10/06","北九州配達","2026/10/07","","完成","柴﨑","2026/10/01","製造"
"大洋電材　本社★","九州工場","九州工場","2026/09/24","2026/09/24","26-J0138805-010-771","IC0000C","1.60","650.0","1,000.0","0.0","鉄 ｶﾊﾞｰ 焼付","2.5Y9/1 近似色","1","6-φ7　　2階　廊下側　既設盤","2026/10/06","北九州配達","2026/10/07","","完成","古川","2026/10/01","製造"
"大洋電材　本社★","九州工場","九州工場","2026/09/24","2026/09/24","26-J0138805-011-771","IC0000C","1.60","650.0","500.0","0.0","鉄 ｶﾊﾞｰ 焼付","2.5Y9/1 近似色","1","4-φ7    2階　WC側　放送","2026/10/06","北九州配達","2026/10/07","","完成","柴﨑","2026/10/01","製造"
"大洋電材　本社★","九州工場","九州工場","2026/09/24","2026/09/24","26-J0138805-013-771","IC0000C","1.60","650.0","1,050.0","0.0","鉄 ｶﾊﾞｰ 焼付","2.5Y9/1 近似色","1","6-φ7    3階　廊下側　既設盤","2026/10/06","北九州配達","2026/10/07","","完成","柴﨑","2026/10/01","製造"
"大洋電材　本社★","九州工場","九州工場","2026/09/24","2026/09/24","26-J0138805-009-771","IC0000C","1.60","550.0","650.0","0.0","鉄 ｶﾊﾞｰ 焼付","2.5Y9/1 近似色","1","4-φ7    2階　廊下側　放送","2026/10/06","北九州配達","2026/10/07","","完成","柴﨑","2026/10/01","製造"
"イシグロ　福岡★","九州工場","九州工場","2026/09/25","2026/09/25","26-J0139240-001-771","ZG0000","6.00","400.0","200.0","1,300.0","ZN 架台","","1","SS-L-65x65x6t　SPHC-6t","2026/10/07","福山通運　九州発送","2026/10/07","","完成","倉重","2026/09/30","製造"
"ムトウ電材　富士見★","九州工場","九州工場","2026/09/25","2026/09/25","26-J0139261-001-771","IPCB0000G","2.30","650.0","750.0","800.0","鉄 PCB保管箱","","1","ｶﾌﾞｾ蓋　グレー錆止め塗装 口元L-40X40X5t補強","2026/10/06","福山通運　九州発送","2026/10/07","","完成","服部","2026/09/30","製造"
"カンサイ　八幡★","九州工場","九州工場","2026/09/25","2026/09/25","26-J0139330-001-771","ZE0000W","3.20","1,100.0","700.0","620.0","ZN PBﾄｸ 被せ","","1","◆　ｱｰｽ （蓋面1100ｘ700）","2026/10/06","北九州配達","2026/10/07","","完成","倉重","2026/09/29","製造"
"山電　佐賀★","九州工場","九州工場","2026/09/25","2026/09/25","26-J0140288-001-771","ZG0000","4.00","600.0","300.0","200.0","ZN 架台","","1","HDZT-63  L4x50 φ10x9","2026/10/06","佐川急便","2026/10/07","","完成","倉重","2026/09/29","製造"
"佐野電機工業","九州工場","九州工場","2026/09/25","2026/09/25","26-J0140294-001-771","ZE4040X2","2.30","400.0","400.0","400.0","ZN PB 水切","","6","HDZT56 ｱｰｽ","2026/10/07","福山通運　九州発送","2026/10/07","","完成","金光","2026/09/30","製造"
"広島電機器材","九州工場","九州工場","2026/09/25","2026/09/25","26-J0140402-001-771","ZE0000X","3.20","600.0","600.0","400.0","ZN PBﾄｸ 水切","","1","ｱｰｽ  SPHC-3.2t溶接  4-長穴","2026/10/07","福山通運　九州発送","2026/10/07","","完成","倉重","2026/09/30","製造"
"広島電機器材","九州工場","九州工場","2026/09/25","2026/09/25","26-J0140406-002-771","SE4040SNP","1.50","400.0","400.0","400.0","SUS PB 平","","1","ｱｰｽ ｺﾞﾑﾊﾟｯｷﾝ付","2026/10/06","福山通運　九州発送","2026/10/07","","完成","倉重","2026/10/06","製造"
"カンサイ　八幡★","九州工場","九州工場","2026/09/28","2026/09/28","26-J0140607-001-771","ZP6040W3","3.20","600.0","600.0","400.0","ZN PB 被せ","","1","","2026/10/06","北九州配達","2026/10/07","","完成","倉重","2026/09/29","製造"
"カンサイ九州昭和　北九州★","九州工場","九州工場","2026/09/28","2026/09/28","26-J0140648-002-771","SKM0000N","1.50","194.0","124.0","13.0","SUS 金物","","2","カブセ蓋形状背面20幅の板溶接　正面開口　","2026/10/05","北九州配達","2026/10/07","","完成","井上","2026/10/05","製造"
"カンサイ九州昭和　北九州★","九州工場","九州工場","2026/09/28","2026/09/28","26-J0140648-001-771","SKM0000N","1.50","153.0","105.0","13.0","SUS 金物","","4","カブセ蓋形状背面板なし　開口　2-φ6","2026/10/05","北九州配達","2026/10/07","","完成","井上","2026/10/05","製造"
"佐野電機工業","九州工場","九州工場","2026/09/28","2026/09/28","26-J0140803-006-771","ZE2020X2","2.30","200.0","200.0","200.0","ZN PB 水切","","3","ｱｰｽ","2026/10/07","福山通運　九州発送","2026/10/07","","完成","金光","2026/09/29","製造"
"佐野電機工業","九州工場","九州工場","2026/09/28","2026/09/28","26-J0140803-002-771","ZE0000X","2.30","400.0","400.0","400.0","ZN PBﾄｸ 水切","","1","ｱｰｽ L型ｾﾊﾟﾚｰﾀ","2026/10/07","福山通運　九州発送","2026/10/07","","完成","金光","2026/09/30","製造"
"佐野電機工業","九州工場","九州工場","2026/09/28","2026/09/28","26-J0140803-003-771","ZE0000X","2.30","400.0","400.0","400.0","ZN PBﾄｸ 水切","","1","ｱｰｽ ｾﾝﾀｰｾﾊﾟﾚｰﾀ","2026/10/07","福山通運　九州発送","2026/10/07","","完成","金光","2026/09/30","製造"
"佐野電機工業","九州工場","九州工場","2026/09/28","2026/09/28","26-J0140803-001-771","ZE0000X","2.30","400.0","400.0","400.0","ZN PBﾄｸ 水切","","1","ｱｰｽ 300:100ｾﾊﾟﾚｰﾀ","2026/10/07","福山通運　九州発送","2026/10/07","","完成","金光","2026/09/30","製造"
"佐野電機工業","九州工場","九州工場","2026/09/28","2026/09/28","26-J0140803-004-771","ZE4040X2","2.30","400.0","400.0","400.0","ZN PB 水切","","8","ｱｰｽ","2026/10/07","福山通運　九州発送","2026/10/07","","完成","金光","2026/09/29","製造"
"佐野電機工業","九州工場","九州工場","2026/09/28","2026/09/28","26-J0140803-005-771","ZE3030X2","2.30","300.0","300.0","300.0","ZN PB 水切","","1","ｱｰｽ","2026/10/07","福山通運　九州発送","2026/10/07","","完成","金光","2026/09/29","製造"
"さくら電機　志布志★","九州工場","九州工場","2026/09/28","2026/09/28","26-J0141392-001-771","SE0000XCW","1.50","710.0","300.0","300.0","SUS PBﾄｸ 水切 焼付","5Y7/1 近似色","1","ｱｰｽ 蓋面ﾌﾞﾗﾝｸ有り 内ﾜﾆｽ","2026/10/07","佐川急便","2026/10/07","","完成","古川","2026/09/30","製造"
"さくら電機　志布志★","九州工場","九州工場","2026/09/28","2026/09/28","26-J0141392-002-771","SE0000XCW","2.00","800.0","300.0","300.0","SUS PBﾄｸ 水切 焼付","5Y7/1 近似色","1","ｱｰｽ 蓋面ﾌﾞﾗﾝｸ有り 内ﾜﾆｽ","2026/10/07","佐川急便","2026/10/07","","完成","古川","2026/09/30","製造"
"東芝電材　唐津★","九州工場","九州工場","2026/09/28","2026/09/28","26-J0141476-002-771","ZE3030X2","2.30","300.0","300.0","300.0","ZN PB 水切","","1","ｱｰｽ","2026/10/07","佐川急便","2026/10/07","","完成","倉重","2026/09/30","製造"
"東芝電材　唐津★","九州工場","九州工場","2026/09/28","2026/09/28","26-J0141476-003-771","ZE4030X2","2.30","400.0","400.0","300.0","ZN PB 水切","","2","ｱｰｽ","2026/10/07","佐川急便","2026/10/07","","完成","倉重","2026/09/30","製造"
"東芝電材　唐津★","九州工場","九州工場","2026/09/28","2026/09/28","26-J0141476-001-771","ZE5030X2","2.30","500.0","500.0","300.0","ZN PB 水切","","1","ｱｰｽ","2026/10/07","佐川急便","2026/10/07","","完成","倉重","2026/09/30","製造"
"東芝電材　宮崎★","九州工場","九州工場","2026/09/28","2026/09/28","26-J0141492-001-771","ZE4030X2","2.30","400.0","400.0","300.0","ZN PB 水切","","2","ｱｰｽ","2026/10/07","福山通運　九州発送","2026/10/07","","完成","金光","2026/09/30","製造"
"東芝電材　宮崎★","九州工場","九州工場","2026/09/28","2026/09/28","26-J0141556-001-771","BE0000SG","1.60","400.0","300.0","300.0","国土 PBﾄｸ 平","","1","ｱｰｽ さび止め","2026/10/01","福山通運　九州発送","2026/10/07","","完成","倉重","2026/09/30","製造"
"シンセイ　岡山★","九州工場","九州工場","2026/09/28","2026/09/28","26-J0141686-001-771","ZP3020X2","2.30","300.0","300.0","200.0","ZN PB 水切","","1","HDZT56 国土ｱｰｽ無ｼｰﾙ付","2026/10/07","福山通運　九州発送","2026/10/07","","完成","金光","2026/09/30","製造"
"日本電設資材　福岡★","九州工場","九州工場","2026/09/28","2026/09/28","26-J0141693-001-771","IIP0000G","6.00","220.0","240.0","0.0","鉄 ﾌﾟﾚｰﾄ","","72","さび止め 穴加工","2026/10/06","ヤマックス　ｽﾎﾟｯﾄ便","2026/10/07","","完成","倉重","2026/10/05","製造"
"イシグロ　鹿児島★","九州工場","九州工場","2026/09/28","2026/09/28","26-J0141761-004-771","IG0000G","5.00","100.0","50.0","2,826.0","鉄 架台","","1","さび止め SS-C-5x50x100　PL-6t Bo柱3000-1","2026/10/07","福山通運　九州発送","2026/10/07","","完成","倉重","2026/10/06","製造"
"イシグロ　鹿児島★","九州工場","九州工場","2026/09/28","2026/09/28","26-J0141761-001-771","IG0000G","5.00","200.0","75.0","2,650.0","鉄 架台","","6","さび止め SS-C-5x50x100　PL-6t Bo柱2700","2026/10/07","福山通運　九州発送","2026/10/07","","完成","倉重","2026/10/06","製造"
"イシグロ　鹿児島★","九州工場","九州工場","2026/09/28","2026/09/28","26-J0141761-002-771","IG0000G","5.00","200.0","75.0","2,650.0","鉄 架台","","1","さび止め SS-C-5x50x100　PL-6t Bo柱2700-2","2026/10/07","福山通運　九州発送","2026/10/07","","完成","倉重","2026/10/06","製造"
"イシグロ　鹿児島★","九州工場","九州工場","2026/09/28","2026/09/28","26-J0141761-003-771","IG0000G","5.00","200.0","75.0","2,450.0","鉄 架台","","1","さび止め SS-C-5x50x100　PL-6t Bo柱2500","2026/10/07","福山通運　九州発送","2026/10/07","","完成","倉重","2026/10/06","製造"
"中西電機　高松本社★","九州工場","九州工場","2026/09/28","2026/09/28","26-J0141763-001-771","DP4030WN","1.60","400.0","400.0","300.0","Sﾀﾞｲﾏ PB 被せ","","2","","2026/10/07","福山通運　九州発送","2026/10/07","","完成","古川","2026/10/07","製造"
"ムトウ電材　富士見★","九州工場","九州工場","2026/09/28","2026/09/28","26-J0141810-003-771","IP0000SC","1.60","1,300.0","465.0","150.0","鉄 PBﾄｸ 平 焼付","N9.5 近似色","4","穴加工","2026/10/07","福山通運　九州発送","2026/10/07","","完成","古川","2026/10/05","製造"
"ムトウ電材　富士見★","九州工場","九州工場","2026/09/28","2026/09/28","26-J0141810-004-771","IP0000SC","1.60","665.0","250.0","130.0","鉄 PBﾄｸ 平 焼付","N9.5 近似色","18","穴加工","2026/10/06","福山通運　九州発送","2026/10/07","","完成","坂元","2026/10/02","製造"
"平岡電気　福岡東★","九州工場","九州工場","2026/09/28","2026/09/28","26-J0141834-001-771","ZKM0000","0.00","900.0","0.0","0.0","ZN 金物","","2","C100x50x5x7.5","2026/10/06","ヤマックス福岡","2026/10/07","","完成","倉重","2026/09/30","製造"
"啓電社★","九州工場","九州工場","2026/09/28","2026/09/28","26-J0141907-001-771","SE0000WN","2.00","800.0","400.0","250.0","SUS PBﾄｸ 被せ","","1","ｱｰｽ","2026/10/02","ヤマックス福岡","2026/10/07","","完成","樋口","2026/10/02","製造"
"啓電社★","九州工場","九州工場","2026/09/28","2026/09/28","26-J0141910-001-771","BE0000SG","2.30","800.0","490.0","400.0","国土 PBﾄｸ 平","","1","ｱｰｽ さび止め","2026/10/02","ヤマックス福岡","2026/10/07","","完成","倉重","2026/10/01","製造"
"三親電材　福山★","九州工場","九州工場","2026/09/28","2026/09/28","26-J0141924-001-771","ZST0000","6.00","140.0","140.0","1,320.0","ZN ｽﾀﾝｼｮﾝ","","2","SGP50A","2026/10/07","福山通運　九州発送","2026/10/07","","完成","金光","2026/10/01","製造"
"三親電材　福山★","九州工場","九州工場","2026/09/28","2026/09/28","26-J0141924-003-771","ZST0000","6.00","140.0","140.0","1,630.0","ZN ｽﾀﾝｼｮﾝ","","2","SGP50A","2026/10/07","福山通運　九州発送","2026/10/07","","完成","金光","2026/10/01","製造"
"三親電材　福山★","九州工場","九州工場","2026/09/28","2026/09/28","26-J0141924-002-771","ZST0000","6.00","140.0","140.0","1,420.0","ZN ｽﾀﾝｼｮﾝ","","2","SGP50A","2026/10/07","福山通運　九州発送","2026/10/07","","完成","金光","2026/10/01","製造"
"三親電材　広島★","九州工場","九州工場","2026/09/28","2026/09/28","26-J0141950-004-771","SP0000SN","1.50","300.0","300.0","220.0","SUS PBﾄｸ 平","","1","開口穴　【宵ライン味付分電盤】","2026/10/07","福山通運　九州発送","2026/10/07","","完成","樋口","2026/10/07","製造"
"三親電材　広島★","九州工場","九州工場","2026/09/28","2026/09/28","26-J0141950-001-771","SP0000SN","1.50","400.0","400.0","300.0","SUS PBﾄｸ 平","","1","開口穴　【CA加工ライン分電盤1】","2026/10/07","福山通運　九州発送","2026/10/07","","完成","樋口","2026/10/07","製造"
"三親電材　広島★","九州工場","九州工場","2026/09/28","2026/09/28","26-J0141950-002-771","SP0000SN","1.50","400.0","400.0","300.0","SUS PBﾄｸ 平","","1","開口穴　【DT味付け分電盤】","2026/10/07","福山通運　九州発送","2026/10/07","","完成","樋口","2026/10/07","製造"
"三親電材　広島★","九州工場","九州工場","2026/09/28","2026/09/28","26-J0141950-003-771","SP0000SN","1.50","400.0","400.0","300.0","SUS PBﾄｸ 平","","1","開口穴　【CA加工ライン分電盤】","2026/10/07","福山通運　九州発送","2026/10/07","","完成","樋口","2026/10/07","製造"
"ナンリツ　徳島★","九州工場","九州工場","2026/09/29","2026/09/29","26-J0141984-001-771","ZE2020X2","2.30","200.0","200.0","200.0","ZN PB 水切","","1","ｱｰｽ","2026/10/07","福山通運　九州発送","2026/10/07","","完成","金光","2026/09/30","製造"
"九州電業社　佐世保★","九州工場","九州工場","2026/09/29","2026/09/29","26-J0142464-001-771","ZE2015X2","2.30","200.0","200.0","150.0","ZN PB 水切","","1","ｱｰｽ","2026/10/07","佐川急便","2026/10/07","","完成","金光","2026/09/30","製造"
"三親電材　津山★","九州工場","九州工場","2026/09/29","2026/09/29","26-J0142469-001-771","I02000SG","1.60","700.0","600.0","0.0","鉄 ふたﾄｸ","","1","平ふた さび止め","2026/10/07","福山通運　九州発送","2026/10/07","","完成","古川","2026/10/06","製造"
"米良電機　宮崎★","九州工場","九州工場","2026/09/29","2026/09/29","26-J0142519-001-771","ZE0000X","2.30","400.0","300.0","300.0","ZN PBﾄｸ 水切","","1","◆ ｱｰｽ 開口有り","2026/10/07","佐川急便","2026/10/07","","完成","倉重","2026/09/30","製造"
"三親電材　広島★","九州工場","九州工場","2026/09/29","2026/09/29","26-J0142601-001-771","IP1515SC","1.60","150.0","150.0","150.0","鉄 PB 平 焼付","N9.5 近似色","1","","2026/10/07","福山通運　九州発送","2026/10/07","","完成","古川","2026/10/01","製造"
"南四国ﾅｼｮﾅﾙ　本社★","九州工場","九州工場","2026/09/29","2026/09/29","26-J0143172-002-771","30PLA","0.00","0.0","0.0","0.0","補修塗料 筆付","5Y7/1(近似色)","1","ﾌﾟﾗ30ml","2026/10/07","福山通運　九州発送","2026/10/07","","完成","古川","","製造"
"南四国ﾅｼｮﾅﾙ　本社★","九州工場","九州工場","2026/09/29","2026/09/29","26-J0143172-001-771","SP0000XC","1.50","200.0","200.0","75.0","SUS PBﾄｸ 水切 焼付","5Y7/1(近似色)","2","ｺﾝ柱取付金具t2.0付･穴加工ｱﾘ","2026/10/07","福山通運　九州発送","2026/10/07","","完成","古川","2026/10/02","製造"
"福岡三和★","九州工場","九州工場","2026/09/29","2026/09/29","26-J0143194-001-771","SG0000N","0.00","250.0","250.0","0.0","SUS 架台","","2","L-50x50x6t","2026/10/07","佐川急便","2026/10/07","","完成","倉重","2026/10/07","製造"
"ナミデン　福岡★","九州工場","九州工場","2026/09/30","2026/09/30","26-J0143335-001-771","IG0000G","0.00","315.0","600.0","500.0","鉄 架台","","3","さび止め L50x50x6 L65x65x6 穴加工","2026/10/06","ヤマックス　ｽﾎﾟｯﾄ便","2026/10/07","","完成","森田","2026/10/05","製造"
"ミューハウス　熊本★","九州工場","九州工場","2026/09/30","2026/09/30","26-J0143391-001-771","ACIP0000N","2.00","700.0","700.0","0.0","ｱﾙﾏｲﾄｸﾘｱ ﾌﾟﾚｰﾄ","","1","φ150","2026/10/07","佐川急便","2026/10/07","","完成","坂元","2026/10/07","製造"
"ミューハウス　熊本★","九州工場","九州工場","2026/09/30","2026/09/30","26-J0143391-002-771","ACIP0000N","2.00","360.0","360.0","0.0","ｱﾙﾏｲﾄｸﾘｱ ﾌﾟﾚｰﾄ","","2","開口150x150","2026/10/07","佐川急便","2026/10/07","","完成","坂元","2026/10/07","製造"
"木村電機　本社★","九州工場","九州工場","2026/09/30","2026/09/30","26-J0144157-002-771","SE4020XC","1.50","400.0","400.0","200.0","SUS PB 水切 焼付","2.5Y9/1 近似色","2","ｱｰｽ","2026/10/07","佐川急便","2026/10/07","","完成","古川","2026/10/02","製造"
"木村電機　本社★","九州工場","九州工場","2026/09/30","2026/09/30","26-J0144157-001-771","SE5030XC","1.50","500.0","500.0","300.0","SUS PB 水切 焼付","2.5Y9/1 近似色","3","ｱｰｽ","2026/10/07","佐川急便","2026/10/07","","完成","古川","2026/10/02","製造"
"平岡電気　城南★","九州工場","九州工場","2026/09/30","2026/09/30","26-J0144192-001-771","SKM0000N","2.00","120.0","60.0","1,400.0","SUS 金物","","1","上部塞ぎ　3-φ50 2-M4ﾀｯﾌﾟ","2026/10/06","ヤマックス福岡","2026/10/07","","完成","坂元","2026/10/06","製造"
"米良電機　宮崎★","九州工場","九州工場","2026/09/30","2026/09/30","26-J0144227-002-771","BE1010SC","1.60","100.0","100.0","100.0","国土 PB 平 焼付","2.5Y9/1 近似色","1","ｱｰｽ","2026/10/07","佐川急便","2026/10/07","","完成","古川","2026/10/02","製造"
"米良電機　宮崎★","九州工場","九州工場","2026/09/30","2026/09/30","26-J0144227-001-771","SE1010XC","1.50","100.0","100.0","100.0","SUS PB 水切 焼付","2.5Y9/1 近似色","1","ｱｰｽ","2026/10/07","佐川急便","2026/10/07","","完成","古川","2026/10/02","製造"
"宮地電機　高松","九州工場","九州工場","2026/09/30","2026/09/30","26-J0144322-001-771","IP0000WG","2.30","800.0","800.0","300.0","鉄 PBﾄｸ 被せ","","2","さび止め","2026/10/07","福山通運　九州発送","2026/10/07","","完成","森田","2026/10/06","製造"
"カンサイ　大分★","九州工場","九州工場","2026/09/30","2026/09/30","26-J0144359-001-771","IIP0000C","2.30","220.0","0.0","0.0","鉄 ﾌﾟﾚｰﾄ 焼付","N9.5 近似色","2","φ220ﾌﾟﾚｰﾄ φ30 φ10x3 φ5x4","2026/10/07","佐川急便","2026/10/07","","完成","柴﨑","2026/10/02","製造"
"岡本電機　広島★","九州工場","九州工場","2026/09/30","2026/09/30","26-J0144362-001-771","BE3030SC","1.60","300.0","300.0","300.0","国土 PB 平 焼付","5Y7/1 近似色","1","ｱｰｽ","2026/10/07","佐川急便","2026/10/07","","完成","古川","2026/10/02","製造"
"岡本電機　広島★","九州工場","九州工場","2026/09/30","2026/09/30","26-J0144362-002-771","BE2525SC","1.60","250.0","250.0","250.0","国土 PB 平 焼付","5Y7/1 近似色","2","ｱｰｽ","2026/10/07","佐川急便","2026/10/07","","完成","古川","2026/10/02","製造"
"ｹｲ･ｴｽ･ﾃﾞｰ　鹿児島★","九州工場","九州工場","2026/09/30","2026/09/30","26-J0144469-001-771","SE2520XC","1.50","250.0","250.0","200.0","SUS PB 水切 焼付","5Y7/1 近似色","1","ｱｰｽ","2026/10/07","佐川急便","2026/10/07","","完成","古川","2026/10/02","製造"
"平岡電気　久留米★","九州工場","九州工場","2026/09/30","2026/09/30","26-J0144528-003-771","DDC0000N","1.60","970.0","500.0","400.0","Sﾀﾞｲﾏ ﾀﾞｸﾄｶﾊﾞｰ","","1","生地　平蓋パッキン付　2面蓋","2026/10/07","佐川急便","2026/10/07","","完成","服部","2026/10/06","製造"
"平岡電気　久留米★","九州工場","九州工場","2026/09/30","2026/09/30","26-J0144529-001-771","II0000C","1.60","600.0","250.0","0.0","鉄 切板 焼付","N8.7 近似色","1","吊り穴不可　","2026/10/07","佐川急便","2026/10/07","","完成","古川","2026/10/02","製造"
"大洋電材　本社★","九州工場","九州工場","2026/09/30","2026/09/30","26-J0144535-001-771","SP0000XN","1.50","300.0","300.0","250.0","SUS PBﾄｸ 水切","","1","水抜き穴φ6","2026/10/06","北九州配達","2026/10/07","","完成","倉重","2026/10/06","製造"
"中国機材設備　呉★","九州工場","九州工場","2026/10/01","2026/10/01","26-J0144562-001-771","SE3030XC","1.50","300.0","300.0","300.0","SUS PB 水切 焼付","2.5Y9/1 近似色","3","ｱｰｽ","2026/10/07","佐川急便","2026/10/07","","完成","古川","2026/10/02","製造"
"東芝電材　熊本★","九州工場","九州工場","2026/10/01","2026/10/01","26-J0144570-001-771","SE2010XC","1.50","200.0","200.0","100.0","SUS PB 水切 焼付","5Y8/0.5 近似色","4","ｱｰｽ","2026/10/07","佐川急便","2026/10/07","","完成","古川","","加工"
"東芝電材　熊本★","九州工場","九州工場","2026/10/01","2026/10/01","26-J0144738-002-771","SE1510XC","1.50","150.0","150.0","100.0","SUS PB 水切 焼付","2.5Y7/1 近似色","1","ｱｰｽ","2026/10/07","佐川急便","2026/10/07","","完成","古川","","加工"
"東芝電材　熊本★","九州工場","九州工場","2026/10/01","2026/10/01","26-J0144738-001-771","SE1515XC","1.50","150.0","150.0","150.0","SUS PB 水切 焼付","2.5Y7/1 近似色","1","ｱｰｽ","2026/10/07","佐川急便","2026/10/07","","完成","古川","2026/10/02","製造"
"守谷商会 機械10　第2（大阪）","九州工場","九州工場","2026/10/01","2026/10/01","26-J0144773-001-771","SP0000XN","1.50","340.0","170.0","260.0","SUS PBﾄｸ 水切","","24","穴加工ｱﾘ","2026/10/07","福山通運　九州発送","2026/10/07","","完成","樋口","2026/10/07","製造"
"佐野電機工業","九州工場","九州工場","2026/10/01","2026/10/01","26-J0144798-001-771","SE3015XC","1.50","300.0","300.0","150.0","SUS PB 水切 焼付","2.5Y9/1(近似色)","4","ｱｰｽ","2026/10/07","福山通運　九州発送","2026/10/07","","完成","古川","2026/10/02","製造"
"ミューハウス　熊本★","九州工場","九州工場","2026/10/01","2026/10/01","26-J0144870-001-771","SE4030XC","1.50","400.0","400.0","300.0","SUS PB 水切 焼付","19-90A 近似色","2","ｱｰｽ","2026/10/07","佐川急便","2026/10/07","","完成","古川","2026/10/02","製造"
"ミューハウス　熊本★","九州工場","九州工場","2026/10/01","2026/10/01","26-J0144870-002-771","SE0000XC","1.50","500.0","500.0","600.0","SUS PBﾄｸ 水切 焼付","19-90A 近似色","1","ｱｰｽ","2026/10/07","佐川急便","2026/10/07","","完成","古川","2026/10/02","製造"
"興陽電機　下関★","九州工場","九州工場","2026/10/01","2026/10/01","26-J0145089-001-771","SE0000XNA","1.50","150.0","150.0","150.0","SUS PBﾄｸ 水切","","1","ｱｰｽ 足付","2026/10/06","店頭渡し","2026/10/07","","完成","倉重","2026/10/06","製造"
"シンセイ　広島第二★","九州工場","九州工場","2026/10/01","2026/10/01","26-J0145126-001-771","BE0000SC","1.60","350.0","300.0","200.0","国土 PBﾄｸ 平 焼付","5Y7/1 近似色","1","ｱｰｽ","2026/10/07","福山通運　九州発送","2026/10/07","","完成","古川","2026/10/02","製造"
"シンセイ　広島第二★","九州工場","九州工場","2026/10/01","2026/10/01","26-J0145126-002-771","BP0000SC","1.60","350.0","300.0","200.0","国土 PBﾄｸ 平 焼付","5Y7/1 近似色","1","ｱｰｽ無","2026/10/07","福山通運　九州発送","2026/10/07","","完成","古川","2026/10/02","製造"
"平和テクノ　防府★","九州工場","九州工場","2026/10/01","2026/10/01","26-J0145143-001-771","BP0000SG","1.60","150.0","150.0","100.0","国土 PBﾄｸ 平","","4","ｱｰｽ無 さび止め　底面開口　穴加工","2026/10/07","福山通運　九州発送","2026/10/07","","完成","倉重","2026/10/07","製造"
"メイク機材★","九州工場","九州工場","2026/10/01","2026/10/01","26-J0145185-002-771","IG0000G","0.00","200.0","0.0","0.0","鉄 架台","","1","さび止め L-50x50x4t","2026/10/07","店頭渡し","2026/10/07","","完成","倉重","2026/10/07","製造"
"メイク機材★","九州工場","九州工場","2026/10/01","2026/10/01","26-J0145185-001-771","IG0000G","0.00","1,950.0","230.0","0.0","鉄 架台","","1","さび止め L-50x50x4t","2026/10/07","店頭渡し","2026/10/07","","完成","倉重","2026/10/07","製造"
"メイク機材★","九州工場","九州工場","2026/10/01","2026/10/01","26-J0145185-003-771","IG0000G","0.00","2,750.0","0.0","0.0","鉄 架台","","2","さび止め L-50x50x6t","2026/10/07","店頭渡し","2026/10/07","","完成","倉重","2026/10/07","製造"
"興陽電機　徳山★","九州工場","九州工場","2026/10/01","2026/10/01","26-J0145192-001-771","IIP0000C","2.30","300.0","300.0","0.0","鉄 ﾌﾟﾚｰﾄ 焼付","5Y7/1 近似色","3","φ6x2","2026/10/07","佐川急便","2026/10/07","","完成","柴﨑","2026/10/02","製造"
"興陽電機　徳山★","九州工場","九州工場","2026/10/01","2026/10/01","26-J0145192-002-771","IIP0000C","2.30","350.0","350.0","0.0","鉄 ﾌﾟﾚｰﾄ 焼付","5Y7/1 近似色","3","φ6x2","2026/10/07","佐川急便","2026/10/07","","完成","柴﨑","2026/10/02","製造"
"日本電設資材　福岡★","九州工場","九州工場","2026/10/01","2026/10/01","26-J0145727-001-771","IIP0000G","1.60","650.0","250.0","0.0","鉄 ﾌﾟﾚｰﾄ","","1","さび止め 穴加工","2026/10/06","ヤマックス福岡","2026/10/07","","完成","坂元","2026/10/06","製造"
"三親電材　広島★","九州工場","九州工場","2026/10/01","2026/10/01","26-J0145765-001-771","SP0000SNP","1.50","600.0","400.0","470.0","SUS PBﾄｸ 平","","1","ｺﾞﾑﾊﾟｯｷﾝ付 開口　","2026/10/07","福山通運　九州発送","2026/10/07","","完成","樋口","2026/10/07","製造"
"三親電材　広島★","九州工場","九州工場","2026/10/01","2026/10/01","26-J0145765-002-771","SP0000SNP","1.50","600.0","350.0","410.0","SUS PBﾄｸ 平","","1","ｺﾞﾑﾊﾟｯｷﾝ付 開口穴","2026/10/07","福山通運　九州発送","2026/10/07","","完成","樋口","2026/10/07","製造"
"ナミデン　岡山★","九州工場","九州工場","2026/10/01","2026/10/01","26-J0145767-001-771","ID0000G","1.60","600.0","155.0","585.0","鉄 ﾀﾞｸﾄ","","1","さび止め","2026/10/07","福山通運　九州発送","2026/10/07","","完成","坂元","2026/10/06","製造"
"Q-mast　電気グル－プ★","九州工場","九州工場","2026/10/02","2026/10/02","26-J0145983-001-771","II0000C","1.60","240.0","240.0","0.0","鉄 切板 焼付","5PB9/2 近似色","1","","2026/10/07","佐川急便","2026/10/07","","完成","古川","2026/10/02","製造"
"ヤシマ電材","九州工場","九州工場","2026/10/02","2026/10/02","26-J0146155-001-771","SP0000SNP","1.50","600.0","300.0","300.0","SUS PBﾄｸ 平","","9","ｺﾞﾑﾊﾟｯｷﾝ付","2026/10/07","福山通運　九州発送","2026/10/07","","完成","樋口","2026/10/07","製造"
"ヤシマ電材","九州工場","九州工場","2026/10/02","2026/10/02","26-J0146155-002-771","SP0000SNP","1.50","500.0","300.0","300.0","SUS PBﾄｸ 平","","2","ｺﾞﾑﾊﾟｯｷﾝ付","2026/10/07","福山通運　九州発送","2026/10/07","","完成","井上","2026/10/07","製造"
"因幡電機　南大阪(306)★","九州工場","九州工場","2026/10/02","2026/10/02","26-J0146764-002-771","DP0000WN","1.60","600.0","300.0","600.0","Sﾀﾞｲﾏ PBﾄｸ 被せ","","1","","2026/10/07","福山通運　九州発送","2026/10/07","","完成","森田","2026/10/06","製造"
"さくら電機　鹿屋★","九州工場","九州工場","2026/10/02","2026/10/02","26-J0146788-004-771","BE3025SGW","1.60","300.0","300.0","250.0","国土 PB 平","","1","ｱｰｽ さび止め 内ﾜﾆｽ","2026/10/07","佐川急便","2026/10/07","","完成","倉重","2026/10/06","製造"
"さくら電機　鹿屋★","九州工場","九州工場","2026/10/02","2026/10/02","26-J0146788-001-771","BE1515SGW","1.60","150.0","150.0","150.0","国土 PB 平","","2","ｱｰｽ さび止め 内ﾜﾆｽ","2026/10/07","佐川急便","2026/10/07","","完成","倉重","2026/10/06","製造"
"さくら電機　鹿屋★","九州工場","九州工場","2026/10/02","2026/10/02","26-J0146788-006-771","BE3530SGW","1.60","350.0","350.0","300.0","国土 PB 平","","2","ｱｰｽ さび止め 内ﾜﾆｽ","2026/10/07","佐川急便","2026/10/07","","完成","服部","2026/10/06","製造"
"さくら電機　鹿屋★","九州工場","九州工場","2026/10/02","2026/10/02","26-J0146788-002-771","BE2020SGW","1.60","200.0","200.0","200.0","国土 PB 平","","1","ｱｰｽ さび止め 内ﾜﾆｽ","2026/10/07","佐川急便","2026/10/07","","完成","倉重","2026/10/06","製造"
"さくら電機　鹿屋★","九州工場","九州工場","2026/10/02","2026/10/02","26-J0146788-005-771","BE3030SGW","1.60","300.0","300.0","300.0","国土 PB 平","","1","ｱｰｽ さび止め 内ﾜﾆｽ","2026/10/07","佐川急便","2026/10/07","","完成","倉重","2026/10/06","製造"
"さくら電機　鹿屋★","九州工場","九州工場","2026/10/02","2026/10/02","26-J0146788-003-771","BE3020SGW","1.60","300.0","300.0","200.0","国土 PB 平","","1","ｱｰｽ さび止め 内ﾜﾆｽ","2026/10/07","佐川急便","2026/10/07","","完成","倉重","2026/10/06","製造"
"正和電材　佐世保★","九州工場","九州工場","2026/10/02","2026/10/02","26-J0146820-001-771","SE0000XN","1.50","450.0","450.0","200.0","SUS PBﾄｸ 水切","","1","ｱｰｽ側面 φ210 φ160 φ12x4","2026/10/07","佐川急便","2026/10/07","","完成","樋口","2026/10/07","製造"
"三親電材　津山★","九州工場","九州工場","2026/10/02","2026/10/02","26-J0146880-002-771","SE0000XN","1.50","500.0","300.0","300.0","SUS PBﾄｸ 水切","","1","ｱｰｽ 開口･穴加工ｱﾘ","2026/10/07","福山通運　九州発送","2026/10/07","","完成","樋口","2026/10/07","製造"
"三親電材　津山★","九州工場","九州工場","2026/10/02","2026/10/02","26-J0146880-001-771","SE0000XN","1.50","500.0","300.0","300.0","SUS PBﾄｸ 水切","","1","ｱｰｽ 穴加工ｱﾘ","2026/10/07","福山通運　九州発送","2026/10/07","","完成","樋口","2026/10/07","製造"
"ナミデン　福岡★","九州工場","九州工場","2026/10/02","2026/10/02","26-J0146909-001-771","IKM0000N","0.00","250.0","150.0","500.0","鉄 金物","","16","生地 ｱﾝｶｰﾎﾞﾙﾄ用押えﾍﾞｰｽ板","2026/10/07","営業配達","2026/10/07","","完成","森田","2026/10/07","製造"
"三親電材　鳥取★","九州工場","九州工場","2026/10/02","2026/10/02","26-J0146999-001-771","SE0000XN","1.50","500.0","500.0","300.0","SUS PBﾄｸ 水切","","1","ｱｰｽ(位置指定) 315:185ｾﾊﾟﾚｰﾀ付","2026/10/07","福山通運　九州発送","2026/10/07","","完成","樋口","2026/10/07","製造"
"正二電気　津山★","九州工場","九州工場","2026/10/02","2026/10/02","26-J0147068-001-771","SP0000WN","2.00","900.0","600.0","300.0","SUS PBﾄｸ 被せ","","1","","2026/10/07","福山通運　九州発送","2026/10/07","","完成","樋口","2026/10/07","製造"
"三和電気商会★","九州工場","九州工場","2026/10/02","2026/10/02","26-J0147085-001-771","DP3030WN","1.60","300.0","300.0","300.0","Sﾀﾞｲﾏ PB 被せ","","1","","2026/10/07","福山通運　九州発送","2026/10/07","","完成","森田","2026/10/07","製造"
"三親電材　福山★","九州工場","九州工場","2026/10/02","2026/10/02","26-J0147092-001-771","IP0000SG","2.30","800.0","600.0","450.0","鉄 PBﾄｸ 平","","1","さび止め","2026/10/07","福山通運　九州発送","2026/10/07","","完成","服部","2026/10/07","製造"
"ナミデン　福岡★","九州工場","九州工場","2026/10/05","2026/10/05","26-J0147209-002-771","ZKM0000","0.00","300.0","0.0","0.0","ZN 金物","","2","[100x50x5x7.5 ﾛｰﾊﾞﾙ補修  C2棟 R階","2026/10/06","ヤマックス　ｽﾎﾟｯﾄ便","2026/10/07","","完成","森田","2026/10/06","製造"
"ナミデン　福岡★","九州工場","九州工場","2026/10/05","2026/10/05","26-J0147209-001-771","ZKM0000","0.00","450.0","0.0","0.0","ZN 金物","","2","[100x50x5x7.5 ﾛｰﾊﾞﾙ補修  C2棟 R階","2026/10/06","ヤマックス　ｽﾎﾟｯﾄ便","2026/10/07","","完成","森田","2026/10/06","製造"
"かごしま電工　国分★","九州工場","九州工場","2026/10/05","2026/10/05","26-J0147807-001-771","SE0000XN","2.00","1,000.0","1,000.0","500.0","SUS PBﾄｸ 水切","","1","ｱｰｽ","2026/10/07","福山通運　九州発送","2026/10/07","","完成","森田","2026/10/07","製造"
"宮地電機　新居浜","九州工場","九州工場","2026/10/05","2026/10/05","26-J0147971-001-771","IP0000SG","1.60","500.0","300.0","200.0","鉄 PBﾄｸ 平","","1","さび止め","2026/10/07","福山通運　九州発送","2026/10/07","","完成","服部","2026/10/07","製造"
"宮地電機　松山","九州工場","九州工場","2026/10/05","2026/10/05","26-J0148169-001-771","SP0000WN","1.50","600.0","400.0","300.0","SUS PBﾄｸ 被せ","","1","","2026/10/07","福山通運　九州発送","2026/10/07","","完成","倉重","2026/10/07","製造"
"山陰ﾊﾟﾅｿﾆｯｸ　松江","九州工場","九州工場","2026/10/05","2026/10/05","26-J0148247-001-771","SE4040XN","1.50","400.0","400.0","400.0","SUS PB 水切","","3","ｱｰｽ","2026/10/07","福山通運　九州発送","2026/10/07","","完成","樋口","2026/10/07","製造"
"ミツヤ電機　宇部★","九州工場","九州工場","2026/10/05","2026/10/05","26-J0148292-001-771","SP6060WN","1.50","600.0","600.0","600.0","SUS PB 被せ","","3","","2026/10/07","福山通運　九州発送","2026/10/07","","完成","樋口","2026/10/07","製造"
"宮地電機　徳島","九州工場","九州工場","2026/10/05","2026/10/05","26-J0148332-001-771","BE6040SG","1.60","600.0","600.0","400.0","国土 PB 平","","2","ｱｰｽ さび止め","2026/10/07","福山通運　九州発送","2026/10/07","","完成","倉重","2026/10/06","製造"
"Q-mast　空調管グル－プ★","九州工場","九州工場","2026/10/05","2026/10/05","26-J0148384-001-771","ZG0000","0.00","200.0","150.0","0.0","ZN 架台","","2","L50x50x6 ﾒｯｷ鋼材ﾛｰﾊﾞﾙ補修 精錬棟1階外部 ﾎﾟﾝﾌﾟ廻り1","2026/10/06","ヤマックス　ｽﾎﾟｯﾄ便","2026/10/07","","完成","森田","2026/10/06","製造"
"Q-mast　空調管グル－プ★","九州工場","九州工場","2026/10/05","2026/10/05","26-J0148384-002-771","ZG0000","0.00","200.0","355.0","0.0","ZN 架台","","1","L40x40x3 ﾒｯｷ鋼材ﾛｰﾊﾞﾙ補修 精錬棟1階外部室外機廻り5","2026/10/06","ヤマックス　ｽﾎﾟｯﾄ便","2026/10/07","","完成","森田","2026/10/06","製造"
"正和電材　長崎★","九州工場","九州工場","2026/10/05","2026/10/05","26-J0148395-001-771","SE0000XN","2.00","800.0","800.0","300.0","SUS PBﾄｸ 水切","","2","ｱｰｽ","2026/10/07","福山通運　九州発送","2026/10/07","","完成","樋口","2026/10/07","製造"
"山電　佐賀★","九州工場","九州工場","2026/10/05","2026/10/05","26-J0148465-002-771","BE0000SG","1.60","300.0","150.0","150.0","国土 PBﾄｸ 平","","1","ｱｰｽ さび止め","2026/10/07","佐川急便","2026/10/07","","完成","服部","2026/10/07","製造"
"ナミデン　広島★","九州工場","九州工場","2026/10/05","2026/10/05","26-J0148633-001-771","IP0000SG","1.60","700.0","700.0","300.0","鉄 PBﾄｸ 平","","1","さび止め","2026/10/07","佐川急便","2026/10/07","","完成","古川","2026/10/07","製造"
"カンサイ　福岡城南★","九州工場","九州工場","2026/10/06","2026/10/06","26-J0148688-001-771","SIP0000N","2.00","708.0","704.0","17.0","SUS ﾌﾟﾚｰﾄ","","1","WP蓋形状で折返し3方向 3tx30ｺﾞﾑﾊﾟｯｷﾝ","2026/10/07","佐川急便","2026/10/07","","完成","倉重","2026/10/07","製造"
"九州電業社　佐世保★","九州工場","九州工場","2026/10/06","2026/10/06","26-J0148705-001-771","IP0000SG","2.30","530.0","250.0","200.0","鉄 PBﾄｸ 平","","1","さび止め","2026/10/07","佐川急便","2026/10/07","","完成","倉重","2026/10/07","製造"
"日本電設資材　福岡★","九州工場","九州工場","2026/10/06","2026/10/06","26-J0148708-002-771","DE0000WN","1.60","500.0","300.0","400.0","Sﾀﾞｲﾏ PBﾄｸ 被せ","","4","ｱｰｽ","2026/10/07","佐川急便","2026/10/07","","完成","森田","2026/10/07","製造"
"日本電設資材　福岡★","九州工場","九州工場","2026/10/06","2026/10/06","26-J0148708-001-771","DE0000WN","1.60","500.0","300.0","400.0","Sﾀﾞｲﾏ PBﾄｸ 被せ","","4","ｱｰｽ","2026/10/06","佐川急便","2026/10/07","","完成","坂元","2026/10/06","製造"
"九州電業社　佐世保★","九州工場","九州工場","2026/10/06","2026/10/06","26-J0148714-001-771","IP0000SG","1.60","200.0","150.0","100.0","鉄 PBﾄｸ 平","","1","さび止め","2026/10/07","佐川急便","2026/10/07","","完成","倉重","2026/10/07","製造"
"東芝電材　唐津★","九州工場","九州工場","2026/10/06","2026/10/06","26-J0148898-001-771","SE6030WN","1.50","600.0","600.0","300.0","SUS PB 被せ","","2","ｱｰｽ","2026/10/07","佐川急便","2026/10/07","","完成","樋口","2026/10/07","製造"
"東芝電材　福岡★","九州工場","九州工場","2026/10/06","2026/10/06","26-J0148944-001-771","SIP0000N","1.50","120.0","90.0","0.0","SUS ﾌﾟﾚｰﾄ","","1","φ4x4","2026/10/06","ヤマックス福岡","2026/10/07","","完成","坂元","2026/10/06","製造"
"東芝電材　都城★","九州工場","九州工場","2026/10/06","2026/10/06","26-J0148952-001-771","SE0000XN","1.50","430.0","330.0","270.5","SUS PBﾄｸ 水切","","2","ｱｰｽ","2026/10/07","佐川急便","2026/10/07","","完成","樋口","2026/10/07","製造"
"正和電材　佐世保★","九州工場","九州工場","2026/10/06","2026/10/06","26-J0149065-001-771","BE6040SG","1.60","600.0","600.0","400.0","国土 PB 平","","1","ｱｰｽ さび止め","2026/10/07","佐川急便","2026/10/07","","完成","倉重","2026/10/07","製造"
"米良電機　延岡★","九州工場","九州工場","2026/10/06","2026/10/06","26-J0149192-002-771","SE0000XN","1.50","450.0","450.0","200.0","SUS PBﾄｸ 水切","","1","ｱｰｽ","2026/10/07","佐川急便","2026/10/07","","完成","樋口","2026/10/07","製造"
"米良電機　延岡★","九州工場","九州工場","2026/10/06","2026/10/06","26-J0149192-003-771","SE0000XN","1.50","600.0","600.0","200.0","SUS PBﾄｸ 水切","","1","ｱｰｽ","2026/10/07","佐川急便","2026/10/07","","完成","樋口","2026/10/07","製造"
"カンサイ　苅田★","九州工場","九州工場","2026/10/06","2026/10/06","26-J0149208-001-771","BE0000SG","1.60","600.0","600.0","200.0","国土 PBﾄｸ 平","","1","ｱｰｽ さび止め","2026/10/07","佐川急便","2026/10/07","","完成","服部","2026/10/07","製造"
"ミツヤ電機　山口★","九州工場","九州工場","2026/10/06","2026/10/06","26-J0149255-001-771","IIP0000G","1.60","150.0","150.0","0.0","鉄 ﾌﾟﾚｰﾄ","","1","開口 φ8x4 さび止め","2026/10/07","佐川急便","2026/10/07","","完成","古川","2026/10/07","製造"
"カンサイ　苅田★","九州工場","九州工場","2026/10/06","2026/10/06","26-J0149268-001-771","BE6030SG","1.60","600.0","600.0","300.0","国土 PB 平","","1","ｱｰｽ さび止め","2026/10/07","佐川急便","2026/10/07","","完成","倉重","2026/10/07","製造"
"三親電材　山口★","九州工場","九州工場","2026/10/06","2026/10/06","26-J0149353-001-771","SP0000WN","1.50","250.0","200.0","200.0","SUS PBﾄｸ 被せ","","1","","2026/10/07","福山通運　九州発送","2026/10/07","","完成","樋口","2026/10/07","製造"
"興陽電機　徳山★","九州工場","九州工場","2026/10/06","2026/10/06","26-J0149645-001-771","IP0000WG","1.60","600.0","600.0","250.0","鉄 PBﾄｸ 被せ","","1","さび止め","2026/10/07","佐川急便","2026/10/07","","完成","坂元","2026/10/07","製造"
"平和テクノ　周南★","九州工場","九州工場","2026/10/06","2026/10/06","26-J0149733-001-771","S02020XN","1.50","200.0","200.0","0.0","SUS ふた","","1","水切ふた","2026/10/07","佐川急便","2026/10/07","","完成","服部","2026/10/07","製造"
"三親電材　広島★","九州工場","九州工場","2026/10/06","2026/10/06","26-J0149819-001-771","S02040SN","1.50","400.0","400.0","0.0","SUS ふた","","1","平ふた ｺﾞﾑﾊﾟｯｷﾝ付き","2026/10/07","福山通運　九州発送","2026/10/07","","完成","岩本","2026/10/07","製造"
"ナミデン　山口★","九州工場","九州工場","2026/10/06","2026/10/06","26-J0150035-001-771","IP0000SG","1.60","400.0","300.0","200.0","鉄 PBﾄｸ 平","","1","さび止め","2026/10/07","福山通運　九州発送","2026/10/07","","完成","服部","2026/10/07","製造"
"岡本電機　安佐★","九州工場","九州工場","2026/10/07","2026/10/07","26-J0150466-001-771","BP1510SG","1.60","150.0","150.0","100.0","国土 PB 平","","1","ｱｰｽ無 さび止め","2026/10/07","佐川急便","2026/10/07","","完成","服部","2026/10/07","製造"
"中国機材設備　北★","九州工場","九州工場","2026/10/07","2026/10/07","26-J0150655-001-771","SI0000N","1.50","150.0","150.0","0.0","SUS 切板","","1","","2026/10/07","佐川急便","2026/10/07","","完成","井上","2026/10/07","製造"
"平岡電気　福岡東★","九州工場","九州工場","2026/09/14","2026/09/14","26-J0131339-001-771","AD0000N","2.00","600.0","400.0","2,330.0","ｱﾙﾐ ﾀﾞｸﾄ","","1","/1142.5 ｱｰｽ　被せ　可動式セパレータ2列","2026/10/08","福山通運　九州発送","2026/10/08","","完成","倉重","2026/10/08","製造"
"ムトウ電材　富士見★","九州工場","九州工場","2026/09/17","2026/09/17","26-J0136020-001-771","ZE0000XC","2.30","350.0","350.0","200.0","ZN PBﾄｸ 水切 焼付","5Y7/1 近似色","1","ｱｰｽ付き　端子台ベース溶接","2026/10/07","佐川急便","2026/10/08","","ｷｬﾝｾﾙ","志田","2026/09/28","製造"
"東芝電材　唐津★","九州工場","九州工場","2026/09/18","2026/09/18","26-J0136840-003-771","IP0000SC","1.60","220.0","220.0","150.0","鉄 PBﾄｸ 平 焼付","N8 3分ツヤ　近似色","2","平蓋　金物溶接　固定金具x2 【A-イ】","2026/10/08","福山通運　九州発送","2026/10/08","","完成","坂元","2026/10/02","製造"
"東芝電材　唐津★","九州工場","九州工場","2026/09/18","2026/09/18","26-J0136840-001-771","IP0000SC","1.60","230.0","230.0","200.0","鉄 PBﾄｸ 平 焼付","N8 3分ツヤ　近似色","2","/240 平蓋　金物溶接　固定金具x2 【A-ハ】","2026/10/08","福山通運　九州発送","2026/10/08","","完成","坂元","2026/10/02","製造"
"東芝電材　唐津★","九州工場","九州工場","2026/09/18","2026/09/18","26-J0136840-002-771","IP0000SC","1.60","220.0","220.0","200.0","鉄 PBﾄｸ 平 焼付","N8 3分ツヤ　近似色","2","/311 平蓋　金物溶接　固定金具x2 【A-ヘ】","2026/10/08","福山通運　九州発送","2026/10/08","","完成","倉重","2026/10/02","製造"
"東芝電材　唐津★","九州工場","九州工場","2026/09/18","2026/09/18","26-J0136840-004-771","IP0000SC","1.60","165.0","165.0","150.0","鉄 PBﾄｸ 平 焼付","N8 3分ツヤ　近似色","2","/178 平蓋　金物溶接　固定金具x2 【B-イ】","2026/10/08","福山通運　九州発送","2026/10/08","","完成","倉重","2026/10/02","製造"
"東芝電材　八代★","九州工場","九州工場","2026/09/18","2026/09/18","26-J0137254-001-771","SIP0000N","3.00","180.0","32.0","0.0","SUS ﾌﾟﾚｰﾄ","","92","2-φ12","2026/10/08","佐川急便","2026/10/08","","完成","森田","2026/10/08","製造"
"カンサイ　久留米★","九州工場","九州工場","2026/09/24","2026/09/24","26-J0138613-002-771","ZMK0000C","3.20","775.0","230.0","40.0","ZN 曲金物 焼付","2.5Y9/1 近似色","1","ﾊｯﾄ型 4-φ12 4-φ11","2026/10/08","佐川急便","2026/10/08","","完成","古川","2026/09/28","製造"
"カンサイ　久留米★","九州工場","九州工場","2026/09/24","2026/09/24","26-J0138613-001-771","ZMK0000C","3.20","600.0","180.0","40.0","ZN 曲金物 焼付","2.5Y9/1 近似色","2","ﾊｯﾄ型 12-φ11x20 6-φ15x30","2026/10/08","佐川急便","2026/10/08","","完成","古川","2026/09/28","製造"
"かごしま電工　南★","九州工場","九州工場","2026/09/24","2026/09/24","26-J0139028-001-771","ZG0000","0.00","2,415.0","0.0","0.0","ZN 架台","","4","[150x75x6.5 4-φ20　長孔4-φ15x30","2026/10/07","福山通運　九州発送","2026/10/08","","完成","倉重","2026/09/30","製造"
"Q-mast　空調管グル－プ★","九州工場","九州工場","2026/09/28","2026/09/28","26-J0140518-002-771","ZG0000","0.00","420.0","250.0","0.0","ZN 架台","","1","原動棟　ｶｰﾎﾞﾝ棟　消化配管　4","2026/10/07","ヤマックス　ｽﾎﾟｯﾄ便","2026/10/08","","完成","金光","2026/10/01","製造"
"Q-mast　空調管グル－プ★","九州工場","九州工場","2026/09/28","2026/09/28","26-J0140518-001-771","ZG0000","0.00","490.0","1,086.0","0.0","ZN 架台","","1","原動棟　ｶｰﾎﾞﾝ棟　計装配管　1","2026/10/07","ヤマックス　ｽﾎﾟｯﾄ便","2026/10/08","","完成","金光","2026/10/01","製造"
"Q-mast　空調管グル－プ★","九州工場","九州工場","2026/09/28","2026/09/28","26-J0140588-006-771","ZG0000","0.00","150.0","0.0","0.0","ZN 架台","","10","C200x80x7.5/11　室外機廻り　4","2026/10/07","ヤマックス　ｽﾎﾟｯﾄ便","2026/10/08","","完成","金光","2026/10/01","製造"
"Q-mast　空調管グル－プ★","九州工場","九州工場","2026/09/28","2026/09/28","26-J0140588-001-771","ZG0000","0.00","805.0","300.0","0.0","ZN 架台","","1","衛生配管ｴｷｽﾊﾟﾝ用　3","2026/10/07","ヤマックス　ｽﾎﾟｯﾄ便","2026/10/08","","完成","金光","2026/10/01","製造"
"Q-mast　空調管グル－プ★","九州工場","九州工場","2026/09/28","2026/09/28","26-J0140588-002-771","ZG0000","0.00","620.0","300.0","0.0","ZN 架台","","1","衛生配管ｴｷｽﾊﾟﾝ用　4","2026/10/07","ヤマックス　ｽﾎﾟｯﾄ便","2026/10/08","","完成","金光","2026/10/01","製造"
"Q-mast　空調管グル－プ★","九州工場","九州工場","2026/09/28","2026/09/28","26-J0140588-003-771","ZG0000","0.00","355.0","200.0","0.0","ZN 架台","","2","室外機廻り　1","2026/10/07","ヤマックス　ｽﾎﾟｯﾄ便","2026/10/08","","完成","金光","2026/10/01","製造"
"Q-mast　空調管グル－プ★","九州工場","九州工場","2026/09/28","2026/09/28","26-J0140588-004-771","ZG0000","0.00","355.0","200.0","0.0","ZN 架台","","2","室外機廻り　2","2026/10/07","ヤマックス　ｽﾎﾟｯﾄ便","2026/10/08","","完成","金光","2026/10/01","製造"
"Q-mast　空調管グル－プ★","九州工場","九州工場","2026/09/28","2026/09/28","26-J0140588-005-771","ZG0000","0.00","355.0","200.0","0.0","ZN 架台","","2","室外機廻り　3","2026/10/07","ヤマックス　ｽﾎﾟｯﾄ便","2026/10/08","","完成","金光","2026/10/01","製造"
"ムトウ電材　富士見★","九州工場","九州工場","2026/09/28","2026/09/28","26-J0140625-002-771","IPCB0000G","2.30","800.0","800.0","1,000.0","鉄 PCB保管箱","","1","ｶﾌﾞｾ蓋　グレー錆止め塗装 口元L-40X40X5t補強","2026/10/08","福山通運　九州発送","2026/10/08","","完成","森田","2026/10/01","製造"
"ムトウ電材　富士見★","九州工場","九州工場","2026/09/28","2026/09/28","26-J0140625-001-771","IPCB0000G","2.30","800.0","800.0","1,200.0","鉄 PCB保管箱","","1","ｶﾌﾞｾ蓋　グレー錆止め塗装 口元L-40X40X5t補強","2026/10/08","福山通運　九州発送","2026/10/08","","完成","森田","2026/10/01","製造"
"シンセイ　広島第二★","九州工場","九州工場","2026/09/28","2026/09/28","26-J0140876-001-771","IG0000C","0.00","1,150.0","300.0","125.0","鉄 架台 焼付","N8.2 近似色","5","L3x30x30 4-φ10　4-φ12　4-φ15","2026/10/08","福山通運　九州発送","2026/10/08","","完成","樫原","2026/10/02","製造"
"日本電設資材　福岡★","九州工場","九州工場","2026/09/28","2026/09/28","26-J0141030-001-771","ZG0000","0.00","600.0","600.0","0.0","ZN 架台","","2","L50x50x6t 吊穴加工あり","2026/10/08","福山通運　九州発送","2026/10/08","","完成","倉重","2026/10/01","製造"
"日本電設資材　福岡★","九州工場","九州工場","2026/09/28","2026/09/28","26-J0141030-002-771","ZG0000","0.00","500.0","500.0","0.0","ZN 架台","","3","L50x50x6t 吊穴加工あり","2026/10/08","福山通運　九州発送","2026/10/08","","完成","倉重","2026/10/01","製造"
"大洋電材　本社★","九州工場","九州工場","2026/09/28","2026/09/28","26-J0141408-019-771","IC0000C","1.60","400.0","700.0","0.0","鉄 ｶﾊﾞｰ 焼付","2.5Y9/1 近似色","1","6-φ7","2026/10/07","北九州配達","2026/10/08","","完成","古川","2026/10/02","製造"
"大洋電材　本社★","九州工場","九州工場","2026/09/28","2026/09/28","26-J0141408-017-771","IC0000C","1.60","650.0","900.0","0.0","鉄 ｶﾊﾞｰ 焼付","2.5Y9/1 近似色","1","6-φ7","2026/10/07","北九州配達","2026/10/08","","完成","ナム","2026/10/02","製造"
"大洋電材　本社★","九州工場","九州工場","2026/09/28","2026/09/28","26-J0141408-018-771","IC0000C","1.60","400.0","400.0","0.0","鉄 ｶﾊﾞｰ 焼付","2.5Y9/1 近似色","1","4-φ7","2026/10/07","北九州配達","2026/10/08","","完成","古川","2026/10/02","製造"
"大洋電材　本社★","九州工場","九州工場","2026/09/28","2026/09/28","26-J0141408-020-771","IC0000C","1.60","600.0","400.0","0.0","鉄 ｶﾊﾞｰ 焼付","2.5Y9/1 近似色","1","4-φ7","2026/10/07","北九州配達","2026/10/08","","完成","古川","2026/10/02","製造"
"三和電気商会★","九州工場","九州工場","2026/09/28","2026/09/28","26-J0141961-001-771","ZP0000S","2.30","500.0","300.0","300.0","ZN PBﾄｸ 平","","3","2面平蓋付","2026/10/08","福山通運　九州発送","2026/10/08","","完成","倉重","2026/10/01","製造"
"東芝電材　小倉★","九州工場","九州工場","2026/09/29","2026/09/29","26-J0142013-002-771","IDC0000C","1.60","500.0","175.0","250.0","鉄 ﾀﾞｸﾄｶﾊﾞｰ 焼付","5Y7/1 近似色","1","","2026/10/07","営業配達","2026/10/08","","完成","古川","2026/10/02","製造"
"東芝電材　小倉★","九州工場","九州工場","2026/09/29","2026/09/29","26-J0142013-001-771","IDC0000C","1.60","400.0","175.0","250.0","鉄 ﾀﾞｸﾄｶﾊﾞｰ 焼付","5Y7/1 近似色","1","","2026/10/07","営業配達","2026/10/08","","完成","古川","2026/10/02","製造"
"三親電材　水島★","九州工場","九州工場","2026/09/29","2026/09/29","26-J0142354-002-771","IE0000SC","1.60","190.0","170.0","80.0","鉄 PBﾄｸ 平 焼付","5Y9/1(近似色)","15","ｱｰｽ(位置指定) M4化粧ﾋﾞｽ･ﾍﾞｰｽ付･開口･穴加工ｱﾘ","2026/10/07","福山通運　九州発送","2026/10/08","","完成","倉重","2026/10/02","製造"
"三親電材　水島★","九州工場","九州工場","2026/09/29","2026/09/29","26-J0142354-001-771","IE0000SC","1.60","190.0","170.0","80.0","鉄 PBﾄｸ 平 焼付","5Y9/1(近似色)","15","ｱｰｽ(位置指定) M4化粧ﾋﾞｽ･ﾍﾞｰｽ付･開口･穴加工ｱﾘ","2026/10/06","福山通運　九州発送","2026/10/08","","完成","倉重","2026/10/01","製造"
"三親電材　水島★","九州工場","九州工場","2026/09/29","2026/09/29","26-J0142354-003-771","IE0000SC","1.60","190.0","170.0","80.0","鉄 PBﾄｸ 平 焼付","5Y9/1(近似色)","20","ｱｰｽ(位置指定) M4化粧ﾋﾞｽ･ﾍﾞｰｽ付･開口･穴加工ｱﾘ","2026/10/08","福山通運　九州発送","2026/10/08","","完成","古川","2026/10/05","製造"
"イシグロ　鹿児島★","九州工場","九州工場","2026/09/29","2026/09/29","26-J0142995-001-771","ZG0000","6.00","200.0","50.0","200.0","ZN 架台","","1","SS-L-50x50x6t　","2026/10/08","福山通運　九州発送","2026/10/08","","完成","倉重","2026/10/01","製造"
"巴電業　広島★","九州工場","九州工場","2026/09/29","2026/09/29","26-J0143148-001-771","ZG0000","5.00","50.0","100.0","990.0","ZN 架台","","2","[5x50x100 穴加工","2026/10/08","福山通運　九州発送","2026/10/08","","完成","倉重","2026/09/30","製造"
"三和電気商会★","九州工場","九州工場","2026/09/29","2026/09/29","26-J0143189-002-771","IP0000SC","1.60","240.0","150.0","100.0","鉄 PBﾄｸ 平 焼付","N9.5(近似色)","1","/150/90 開口･穴加工ｱﾘ","2026/10/08","福山通運　九州発送","2026/10/08","","完成","古川","2026/10/05","製造"
"三和電気商会★","九州工場","九州工場","2026/09/29","2026/09/29","26-J0143189-005-771","IP0000SC","1.60","250.0","200.0","100.0","鉄 PBﾄｸ 平 焼付","N9.5(近似色)","1","/150/90 開口･穴加工ｱﾘ","2026/10/08","福山通運　九州発送","2026/10/08","","完成","古川","2026/10/05","製造"
"三和電気商会★","九州工場","九州工場","2026/09/29","2026/09/29","26-J0143189-004-771","IP0000SC","1.60","300.0","250.0","100.0","鉄 PBﾄｸ 平 焼付","N9.5(近似色)","1","/150/90 開口･穴加工ｱﾘ","2026/10/08","福山通運　九州発送","2026/10/08","","完成","古川","2026/10/05","製造"
"三和電気商会★","九州工場","九州工場","2026/09/29","2026/09/29","26-J0143189-003-771","IP0000SC","1.60","400.0","250.0","100.0","鉄 PBﾄｸ 平 焼付","N9.5(近似色)","3","/150/90 開口･穴加工ｱﾘ","2026/10/08","福山通運　九州発送","2026/10/08","","完成","古川","2026/10/05","製造"
"三和電気商会★","九州工場","九州工場","2026/09/29","2026/09/29","26-J0143189-001-771","IP0000SC","1.60","235.0","150.0","100.0","鉄 PBﾄｸ 平 焼付","N9.5(近似色)","1","/150/90 開口･穴加工ｱﾘ","2026/10/08","福山通運　九州発送","2026/10/08","","完成","古川","2026/10/05","製造"
"東芝電材　唐津★","九州工場","九州工場","2026/09/30","2026/09/30","26-J0143440-001-771","DMK0000N","2.30","930.0","540.0","80.0","Sﾀﾞｲﾏ 曲金物","","1","被せ蓋形状ﾊﾟｯｷﾝ無し  正面パンチング　フチあり","2026/10/08","佐川急便","2026/10/08","","完成","古川","2026/10/08","製造"
"米良電機　宮崎★","九州工場","九州工場","2026/09/30","2026/09/30","26-J0143579-001-771","ZE2020X2","2.30","200.0","200.0","200.0","ZN PB 水切","","1","ｱｰｽ","2026/10/08","福山通運　九州発送","2026/10/08","","完成","倉重","2026/10/01","製造"
"中国機材設備　本社★","九州工場","九州工場","2026/09/30","2026/09/30","26-J0143609-001-771","I02000WC","1.60","850.0","750.0","20.0","鉄 ふたﾄｸ 焼付","5Y8/0.5 近似色","1","被せふた ﾊﾟｯｷﾝ無し 塗装用吊り穴可","2026/10/08","佐川急便","2026/10/08","","完成","古川","2026/10/02","製造"
"木村電機　玉名★","九州工場","九州工場","2026/09/30","2026/09/30","26-J0143630-001-771","IMK0000C","1.60","370.0","140.0","30.0","鉄 曲金物 焼付","5Y7/1 近似色","2","L型金物 2-φ10 2-φ9","2026/10/08","佐川急便","2026/10/08","","完成","倉重","2026/10/05","製造"
"かごしま電工　南★","九州工場","九州工場","2026/09/30","2026/09/30","26-J0143690-002-771","SE3020XCW","1.50","300.0","300.0","200.0","SUS PB 水切 焼付","2.5Y9/1 近似色","7","ｱｰｽ 内ﾜﾆｽ","2026/10/07","佐川急便","2026/10/08","","完成","古川","2026/10/01","製造"
"かごしま電工　南★","九州工場","九州工場","2026/09/30","2026/09/30","26-J0143690-003-771","SE5040XCW","1.50","500.0","500.0","400.0","SUS PB 水切 焼付","2.5Y9/1 近似色","1","ｱｰｽ 内ﾜﾆｽ","2026/10/08","佐川急便","2026/10/08","","完成","古川","2026/10/02","製造"
"かごしま電工　南★","九州工場","九州工場","2026/09/30","2026/09/30","26-J0143690-004-771","BE3020SCW","1.60","300.0","300.0","200.0","国土 PB 平 焼付","2.5Y9/1 近似色","3","ｱｰｽ  内ﾜﾆｽ","2026/10/08","佐川急便","2026/10/08","","完成","古川","2026/10/02","製造"
"かごしま電工　南★","九州工場","九州工場","2026/09/30","2026/09/30","26-J0143690-001-771","SE2020XCW","1.50","200.0","200.0","200.0","SUS PB 水切 焼付","2.5Y9/1 近似色","2","ｱｰｽ 内ﾜﾆｽ","2026/10/07","佐川急便","2026/10/08","","完成","古川","2026/10/01","製造"
"かごしま電工　南★","九州工場","九州工場","2026/09/30","2026/09/30","26-J0143757-002-771","SP0000SCW","1.50","400.0","400.0","100.0","SUS PBﾄｸ 平 焼付","2.5Y9/1 近似色","1","張出蓋(430x430)  内ﾜﾆｽ","2026/10/08","佐川急便","2026/10/08","","完成","古川","2026/10/02","製造"
"かごしま電工　南★","九州工場","九州工場","2026/09/30","2026/09/30","26-J0143757-006-771","BF0000C","1.60","500.0","300.0","300.0","国土 裏BOX 焼付","2.5Y9/1 近似色","1","ｱｰｽ  内ﾜﾆｽ","2026/10/08","佐川急便","2026/10/08","","完成","古川","2026/10/02","製造"
"かごしま電工　南★","九州工場","九州工場","2026/09/30","2026/09/30","26-J0143757-005-771","BF0000C","1.60","300.0","300.0","300.0","国土 裏BOX 焼付","2.5Y9/1 近似色","1","ｱｰｽ  内ﾜﾆｽ","2026/10/08","佐川急便","2026/10/08","","完成","古川","2026/10/02","製造"
"かごしま電工　南★","九州工場","九州工場","2026/09/30","2026/09/30","26-J0143757-004-771","BE3535SCW","1.60","350.0","350.0","350.0","国土 PB 平 焼付","2.5Y9/1 近似色","2","ｱｰｽ  内ﾜﾆｽ","2026/10/08","佐川急便","2026/10/08","","完成","倉重","2026/10/02","製造"
"かごしま電工　南★","九州工場","九州工場","2026/09/30","2026/09/30","26-J0143757-003-771","BE3030SCW","1.60","300.0","300.0","300.0","国土 PB 平 焼付","2.5Y9/1 近似色","4","ｱｰｽ  内ﾜﾆｽ","2026/10/08","佐川急便","2026/10/08","","完成","古川","2026/10/02","製造"
"かごしま電工　南★","九州工場","九州工場","2026/09/30","2026/09/30","26-J0143757-001-771","SE0000SCW","1.50","300.0","300.0","100.0","SUS PBﾄｸ 平 焼付","2.5Y9/1 近似色","1","ｱｰｽ 張出蓋(330x330)  内ﾜﾆｽ","2026/10/08","佐川急便","2026/10/08","","完成","古川","2026/10/02","製造"
"興陽電機　岩国★","九州工場","九州工場","2026/09/30","2026/09/30","26-J0143977-001-771","BE0000SC","1.60","200.0","200.0","100.0","国土 PBﾄｸ 平 焼付","2.5Y9/1 近似色","10","ｱｰｽ 足付L3x30 12ﾊﾟｲx4","2026/10/07","福山通運　九州発送","2026/10/08","","完成","古川","2026/10/02","製造"
"興陽電機　岩国★","九州工場","九州工場","2026/09/30","2026/09/30","26-J0143977-003-771","BE0000SC","1.60","300.0","300.0","300.0","国土 PBﾄｸ 平 焼付","2.5Y9/1 近似色","1","ｱｰｽ 足付L3x40　12ﾊﾟｲx4","2026/10/08","福山通運　九州発送","2026/10/08","","完成","古川","2026/10/05","製造"
"興陽電機　岩国★","九州工場","九州工場","2026/09/30","2026/09/30","26-J0143977-002-771","BE0000SC","1.60","200.0","200.0","100.0","国土 PBﾄｸ 平 焼付","2.5Y9/1 近似色","5","ｱｰｽ 足付L3x30 12ﾊﾟｲx4","2026/10/08","福山通運　九州発送","2026/10/08","","完成","古川","2026/10/05","製造"
"栗田電機　電設営業部★","九州工場","九州工場","2026/09/30","2026/09/30","26-J0144080-001-771","SIP0000C","4.00","230.0","200.0","0.0","SUS ﾌﾟﾚｰﾄ 焼付","N1(近似色)","1","ｺﾞﾑﾊﾟｯｷﾝ付 穴加工ｱﾘ R5x4","2026/10/08","福山通運　九州発送","2026/10/08","","完成","倉重","2026/10/05","製造"
"シンセイ　倉敷★","九州工場","九州工場","2026/09/30","2026/09/30","26-J0144224-002-771","IIP0000C","2.30","350.0","235.0","0.0","鉄 ﾌﾟﾚｰﾄ 焼付","5Y7/1(近似色)","1","穴加工ｱﾘ","2026/10/08","福山通運　九州発送","2026/10/08","","完成","古川","2026/10/05","製造"
"シンセイ　倉敷★","九州工場","九州工場","2026/09/30","2026/09/30","26-J0144224-001-771","IIP0000C","2.30","750.0","240.0","0.0","鉄 ﾌﾟﾚｰﾄ 焼付","5Y7/1(近似色)","1","穴加工ｱﾘ","2026/10/08","福山通運　九州発送","2026/10/08","","完成","古川","2026/10/05","製造"
"正二電気　岡山本社","九州工場","九州工場","2026/09/30","2026/09/30","26-J0144273-002-771","BE1510SC","1.60","150.0","150.0","100.0","国土 PB 平 焼付","2.5Y9/1(近似色)","4","ｱｰｽ","2026/10/08","福山通運　九州発送","2026/10/08","","完成","古川","","加工"
"正二電気　岡山本社","九州工場","九州工場","2026/09/30","2026/09/30","26-J0144273-001-771","BE2520SC","1.60","250.0","250.0","200.0","国土 PB 平 焼付","2.5Y9/1(近似色)","4","ｱｰｽ","2026/10/08","福山通運　九州発送","2026/10/08","","完成","古川","2026/10/05","製造"
"東芝電材　八幡★","九州工場","九州工場","2026/09/30","2026/09/30","26-J0144542-001-771","SE1510XC","1.50","150.0","150.0","100.0","SUS PB 水切 焼付","N-85 近似色","1","ｱｰｽ","2026/10/07","北九州配達","2026/10/08","","完成","古川","","加工"
"Q-mast　空調管グル－プ★","九州工場","九州工場","2026/10/01","2026/10/01","26-J0144595-002-771","ZG0000","0.00","200.0","355.0","0.0","ZN 架台","","1","室外機廻り架台　14","2026/10/07","ヤマックス　ｽﾎﾟｯﾄ便","2026/10/08","","完成","金光","2026/10/02","製造"
"Q-mast　空調管グル－プ★","九州工場","九州工場","2026/10/01","2026/10/01","26-J0144595-001-771","ZG0000","0.00","200.0","355.0","0.0","ZN 架台","","1","室外機廻り架台　13","2026/10/07","ヤマックス　ｽﾎﾟｯﾄ便","2026/10/08","","完成","金光","2026/10/02","製造"
"三和電気商会★","九州工場","九州工場","2026/10/01","2026/10/01","26-J0144604-001-771","IP0000SC","1.60","200.0","200.0","100.0","鉄 PBﾄｸ 平 焼付","N9.3(近似色)","6","2方耳 開口ｱﾘ","2026/10/08","福山通運　九州発送","2026/10/08","","完成","古川","2026/10/05","製造"
"山電　八幡","九州工場","九州工場","2026/10/01","2026/10/01","26-J0144649-001-771","SE3020XC","1.50","300.0","300.0","200.0","SUS PB 水切 焼付","2.5Y9/1 近似色","1","ｱｰｽ","2026/10/07","北九州配達","2026/10/08","","完成","古川","","加工"
"Q-mast　電気グル－プ★","九州工場","九州工場","2026/10/01","2026/10/01","26-J0144840-005-771","ZCPL0000","4.50","1,300.0","450.0","0.0","ZN 縞鋼板","","1","/200 5F","2026/10/07","ヤマックス　ｽﾎﾟｯﾄ便","2026/10/08","","完成","森田","2026/10/02","製造"
"Q-mast　電気グル－プ★","九州工場","九州工場","2026/10/01","2026/10/01","26-J0144840-004-771","ZCPL0000","4.50","1,300.0","300.0","0.0","ZN 縞鋼板","","1","/550 4F","2026/10/07","ヤマックス　ｽﾎﾟｯﾄ便","2026/10/08","","完成","森田","2026/10/02","製造"
"Q-mast　電気グル－プ★","九州工場","九州工場","2026/10/01","2026/10/01","26-J0144840-003-771","ZCPL0000","4.50","1,250.0","500.0","0.0","ZN 縞鋼板","","1","/250 3F","2026/10/07","ヤマックス　ｽﾎﾟｯﾄ便","2026/10/08","","完成","森田","2026/10/02","製造"
"Q-mast　電気グル－プ★","九州工場","九州工場","2026/10/01","2026/10/01","26-J0144840-002-771","ZCPL0000","4.50","1,300.0","300.0","0.0","ZN 縞鋼板","","1","/550 2F","2026/10/07","ヤマックス　ｽﾎﾟｯﾄ便","2026/10/08","","完成","森田","2026/10/02","製造"
"Q-mast　電気グル－プ★","九州工場","九州工場","2026/10/01","2026/10/01","26-J0144840-001-771","ZCPL0000","4.50","1,250.0","600.0","0.0","ZN 縞鋼板","","1","/300 1F","2026/10/07","ヤマックス　ｽﾎﾟｯﾄ便","2026/10/08","","完成","カイ","2026/10/02","製造"
"かごしま電工　城南★","九州工場","九州工場","2026/10/01","2026/10/01","26-J0144912-001-771","BE2020SCW","1.60","200.0","200.0","200.0","国土 PB 平 焼付","2.5Y9/1 近似色","5","ｱｰｽ  内ﾜﾆｽ","2026/10/08","佐川急便","2026/10/08","","完成","古川","2026/10/02","製造"
"ｹｲ･ｴｽ･ﾃﾞｰ　鹿児島★","九州工場","九州工場","2026/10/01","2026/10/01","26-J0144952-001-771","SE1515XCW","1.50","150.0","150.0","150.0","SUS PB 水切 焼付","N-87 近似色","1","ｱｰｽ 内ﾜﾆｽ","2026/10/08","佐川急便","2026/10/08","","完成","古川","2026/10/02","製造"
"ｹｲ･ｴｽ･ﾃﾞｰ　鹿児島★","九州工場","九州工場","2026/10/01","2026/10/01","26-J0144952-002-771","SE2020XCW","1.50","200.0","200.0","200.0","SUS PB 水切 焼付","N-87 近似色","2","ｱｰｽ 内ﾜﾆｽ","2026/10/08","佐川急便","2026/10/08","","完成","古川","2026/10/02","製造"
"シンセイ　福山★","九州工場","九州工場","2026/10/01","2026/10/01","26-J0145186-001-771","IDC0000C","1.60","800.0","200.0","640.0","鉄 ﾀﾞｸﾄｶﾊﾞｰ 焼付","日東工業2.5Y9/1近似色","1","平蓋  取付穴有り","2026/10/08","福山通運　九州発送","2026/10/08","","完成","古川","2026/10/05","製造"
"かごしま電工　南★","九州工場","九州工場","2026/10/01","2026/10/01","26-J0145210-002-771","IIP0000C","1.60","250.0","250.0","0.0","鉄 ﾌﾟﾚｰﾄ 焼付","5G5/10近似色","1","4-φ6","2026/10/08","佐川急便","2026/10/08","","完成","倉重","2026/10/02","製造"
"東芝電材　大牟田★","九州工場","九州工場","2026/10/01","2026/10/01","26-J0145248-001-771","SMK0000C","2.00","700.0","140.0","50.0","SUS 曲金物 焼付","N9.5 近似色","6","穴加工 2-ﾀﾞﾙﾏ穴 開口あり","2026/10/08","佐川急便","2026/10/08","","完成","古川","2026/10/05","製造"
"宮地電機　徳島","九州工場","九州工場","2026/10/01","2026/10/01","26-J0145319-001-771","BE3030SC","1.60","300.0","300.0","300.0","国土 PB 平 焼付","2.5Y9/1(近似色)","1","ｱｰｽ","2026/10/08","福山通運　九州発送","2026/10/08","","完成","古川","2026/10/05","製造"
"カンサイ　福岡西★","九州工場","九州工場","2026/10/01","2026/10/01","26-J0145329-001-771","SE3030XC","1.50","300.0","300.0","300.0","SUS PB 水切 焼付","2.5Y9/1 近似色","1","ｱｰｽ","2026/10/07","ヤマックス福岡","2026/10/08","","完成","古川","2026/10/02","製造"
"正二電気　福山★","九州工場","九州工場","2026/10/01","2026/10/01","26-J0145347-001-771","IIP0000C","2.30","290.0","240.0","0.0","鉄 ﾌﾟﾚｰﾄ 焼付","2.5Y9/1 近似色","1","穴加工　開口","2026/10/08","福山通運　九州発送","2026/10/08","","完成","倉重","2026/10/05","製造"
"東芝電材　大牟田★","九州工場","九州工場","2026/10/01","2026/10/01","26-J0145501-001-771","ZP0000W","2.30","250.0","200.0","200.0","ZN PBﾄｸ 被せ","","2","","2026/10/08","佐川急便","2026/10/08","","完成","倉重","2026/10/02","製造"
"東芝電材　岡山★","九州工場","九州工場","2026/10/01","2026/10/01","26-J0145546-005-771","BE4030SC","1.60","400.0","400.0","300.0","国土 PB 平 焼付","2.5Y9/1(近似色)","2","ｱｰｽ","2026/10/08","福山通運　九州発送","2026/10/08","","完成","古川","2026/10/06","製造"
"東芝電材　岡山★","九州工場","九州工場","2026/10/01","2026/10/01","26-J0145546-004-771","BE3020SC","1.60","300.0","300.0","200.0","国土 PB 平 焼付","2.5Y9/1(近似色)","5","ｱｰｽ","2026/10/08","福山通運　九州発送","2026/10/08","","完成","古川","","加工"
"東芝電材　岡山★","九州工場","九州工場","2026/10/01","2026/10/01","26-J0145546-003-771","BE2020SC","1.60","200.0","200.0","200.0","国土 PB 平 焼付","2.5Y9/1(近似色)","5","ｱｰｽ","2026/10/08","福山通運　九州発送","2026/10/08","","完成","古川","","加工"
"東芝電材　岡山★","九州工場","九州工場","2026/10/01","2026/10/01","26-J0145546-006-771","BE5040SC","1.60","500.0","500.0","400.0","国土 PB 平 焼付","2.5Y9/1(近似色)","1","ｱｰｽ","2026/10/08","福山通運　九州発送","2026/10/08","","完成","古川","2026/10/06","製造"
"平和テクノ　周南★","九州工場","九州工場","2026/10/01","2026/10/01","26-J0145598-001-771","SP0000WC","1.50","300.0","120.0","50.0","SUS PBﾄｸ 被せ 焼付","2.5Y9/1 近似色","1","","2026/10/08","佐川急便","2026/10/08","","完成","古川","2026/10/05","製造"
"木村電機　熊本東★","九州工場","九州工場","2026/10/01","2026/10/01","26-J0145759-001-771","SE1510XC","1.50","150.0","150.0","100.0","SUS PB 水切 焼付","2.5Y9/1 近似色","1","ｱｰｽ","2026/10/08","佐川急便","2026/10/08","","完成","古川","","加工"
"木村電機　熊本東★","九州工場","九州工場","2026/10/01","2026/10/01","26-J0145759-002-771","SE2520XC","1.50","250.0","250.0","200.0","SUS PB 水切 焼付","2.5Y9/1 近似色","2","ｱｰｽ","2026/10/08","佐川急便","2026/10/08","","完成","古川","2026/10/05","製造"
"矢島電機商会　倉敷","九州工場","九州工場","2026/10/02","2026/10/02","26-J0145879-001-771","IIP0000C","1.60","170.0","140.0","0.0","鉄 ﾌﾟﾚｰﾄ 焼付","5Y7/1(近似色)","2","穴加工ｱﾘ","2026/10/08","福山通運　九州発送","2026/10/08","","完成","古川","2026/10/06","製造"
"正二電気　岡山本社","九州工場","九州工場","2026/10/02","2026/10/02","26-J0145889-002-771","SE0000WN","1.50","600.0","500.0","400.0","SUS PBﾄｸ 被せ","","1","ｱｰｽ 内外酸洗 開口･穴加工ｱﾘ","2026/10/08","福山通運　九州発送","2026/10/08","","完成","坂元","2026/10/07","製造"
"正二電気　岡山本社","九州工場","九州工場","2026/10/02","2026/10/02","26-J0145889-001-771","SE0000XN","1.50","500.0","500.0","400.0","SUS PBﾄｸ 水切","","1","ｱｰｽ 内外酸洗 穴加工ｱﾘ","2026/10/08","福山通運　九州発送","2026/10/08","","完成","坂元","2026/10/07","製造"
"中国機材設備　本社★","九州工場","九州工場","2026/10/02","2026/10/02","26-J0146035-001-771","BE4030SC","1.60","400.0","400.0","300.0","国土 PB 平 焼付","2.5Y9/1 近似色","1","ｱｰｽ","2026/10/08","佐川急便","2026/10/08","","完成","古川","2026/10/05","製造"
"Q-mast　電気グル－プ★","九州工場","九州工場","2026/10/02","2026/10/02","26-J0146119-001-771","IG0000G","0.00","300.0","2,000.0","0.0","鉄 架台","","17","さび止め L50x50x6 材料置場 2","2026/10/07","ヤマックス　ｽﾎﾟｯﾄ便","2026/10/08","","完成","倉重","2026/10/07","製造"
"山電　八幡","九州工場","九州工場","2026/10/02","2026/10/02","26-J0146167-002-771","SC0000N","1.50","600.0","400.0","20.0","SUS ｶﾊﾞｰ","","1","","2026/10/07","北九州配達","2026/10/08","","完成","倉重","2026/10/07","製造"
"イシグロ　鹿児島★","九州工場","九州工場","2026/10/02","2026/10/02","26-J0146182-002-771","SIP0000N","2.00","60.0","18.0","140.0","SUS ﾌﾟﾚｰﾄ","","10","生地　","2026/10/08","福山通運　九州発送","2026/10/08","","完成","服部","2026/10/08","製造"
"イシグロ　鹿児島★","九州工場","九州工場","2026/10/02","2026/10/02","26-J0146182-001-771","SIP0000N","2.00","60.0","18.0","92.2","SUS ﾌﾟﾚｰﾄ","","1","生地　","2026/10/08","福山通運　九州発送","2026/10/08","","完成","服部","2026/10/08","製造"
"米良電機　高鍋★","九州工場","九州工場","2026/10/02","2026/10/02","26-J0146220-001-771","BE2020SC","1.60","200.0","200.0","200.0","国土 PB 平 焼付","2.5Y9/1 近似色","7","ｱｰｽ","2026/10/08","佐川急便","2026/10/08","","完成","古川","","加工"
"米良電機　高鍋★","九州工場","九州工場","2026/10/02","2026/10/02","26-J0146220-002-771","BE4040SC","1.60","400.0","400.0","400.0","国土 PB 平 焼付","2.5Y9/1 近似色","1","ｱｰｽ","2026/10/08","佐川急便","2026/10/08","","完成","古川","2026/10/05","製造"
"栗田電機　松山★","九州工場","九州工場","2026/10/02","2026/10/02","26-J0146291-001-771","SE2020XC","1.50","200.0","200.0","200.0","SUS PB 水切 焼付","5Y7/1(近似色)","1","ｱｰｽ","2026/10/08","福山通運　九州発送","2026/10/08","","完成","古川","2026/10/06","製造"
"小林電工　岡山★","九州工場","九州工場","2026/10/02","2026/10/02","26-J0146299-001-771","IIP0000C","1.60","230.0","230.0","0.0","鉄 ﾌﾟﾚｰﾄ 焼付","N9.5(近似色)","1","開口ｱﾘ 六角BT付","2026/10/08","福山通運　九州発送","2026/10/08","","完成","古川","2026/10/05","製造"
"小林電工　岡山★","九州工場","九州工場","2026/10/02","2026/10/02","26-J0146299-002-771","IIP0000C","1.60","235.0","197.0","0.0","鉄 ﾌﾟﾚｰﾄ 焼付","N9.5(近似色)","1","開口･穴加工ｱﾘ","2026/10/08","福山通運　九州発送","2026/10/08","","完成","古川","2026/10/05","製造"
"東芝電材　八代★","九州工場","九州工場","2026/10/02","2026/10/02","26-J0146314-001-771","IP1010SC","1.60","100.0","100.0","100.0","鉄 PB 平 焼付","10Y7/8 近似色","1","","2026/10/08","佐川急便","2026/10/08","","完成","古川","2026/10/05","製造"
"東芝電材　熊本★","九州工場","九州工場","2026/10/02","2026/10/02","26-J0146340-001-771","IIP0000C","1.60","484.0","230.0","0.0","鉄 ﾌﾟﾚｰﾄ 焼付","2.5Y9/1 近似色","2","φ5x4","2026/10/08","佐川急便","2026/10/08","","完成","倉重","2026/10/05","製造"
"米良電機　宮崎★","九州工場","九州工場","2026/10/02","2026/10/02","26-J0146343-001-771","SE1510XC","1.50","150.0","150.0","100.0","SUS PB 水切 焼付","N5.5 近似色","3","ｱｰｽ","2026/10/08","佐川急便","2026/10/08","","完成","古川","","加工"
"米良電機　宮崎★","九州工場","九州工場","2026/10/02","2026/10/02","26-J0146343-004-771","SE2010XC","1.50","200.0","200.0","100.0","SUS PB 水切 焼付","N5.5 近似色","1","ｱｰｽ","2026/10/08","佐川急便","2026/10/08","","完成","古川","","加工"
"米良電機　宮崎★","九州工場","九州工場","2026/10/02","2026/10/02","26-J0146343-002-771","SE2515XC","1.50","250.0","250.0","150.0","SUS PB 水切 焼付","N5.5 近似色","1","ｱｰｽ","2026/10/08","佐川急便","2026/10/08","","完成","古川","2026/10/05","製造"
"米良電機　宮崎★","九州工場","九州工場","2026/10/02","2026/10/02","26-J0146343-003-771","SE2020XC","1.50","200.0","200.0","200.0","SUS PB 水切 焼付","N5.5 近似色","1","ｱｰｽ","2026/10/08","佐川急便","2026/10/08","","完成","古川","","加工"
"シンセイ　広島第二★","九州工場","九州工場","2026/10/02","2026/10/02","26-J0146396-001-771","IP0000SG","1.60","700.0","600.0","500.0","鉄 PBﾄｸ 平","","1","さび止め ﾌﾀ600x400","2026/10/08","福山通運　九州発送","2026/10/08","","完成","服部","2026/10/06","製造"
"かごしま電工　南★","九州工場","九州工場","2026/10/02","2026/10/02","26-J0146447-001-771","BE0000SC","1.60","200.0","150.0","150.0","国土 PBﾄｸ 平 焼付","2.5Y9/1 近似色","1","ｱｰｽ （蓋面200ｘ150）","2026/10/08","佐川急便","2026/10/08","","完成","古川","2026/10/05","製造"
"かごしま電工　南★","九州工場","九州工場","2026/10/02","2026/10/02","26-J0146447-002-771","BP0000SC","1.60","200.0","150.0","150.0","国土 PBﾄｸ 平 焼付","2.5Y9/1 近似色","1","ｱｰｽ無 （蓋面200ｘ150）","2026/10/08","佐川急便","2026/10/08","","完成","古川","2026/10/05","製造"
"カンサイ　福岡城南★","九州工場","九州工場","2026/10/02","2026/10/02","26-J0146861-001-771","SP0000SN","2.00","900.0","350.0","200.0","SUS PBﾄｸ 平","","1","開口800x200","2026/10/07","ヤマックス福岡","2026/10/08","","完成","樋口","2026/10/07","製造"
"宮地電機　徳島","九州工場","九州工場","2026/10/02","2026/10/02","26-J0146866-003-771","BE6040SG","1.60","600.0","600.0","400.0","国土 PB 平","","1","ｱｰｽ さび止め","2026/10/08","福山通運　九州発送","2026/10/08","","完成","服部","2026/10/08","製造"
"宮地電機　徳島","九州工場","九州工場","2026/10/02","2026/10/02","26-J0146866-001-771","BE6040SG","1.60","600.0","600.0","400.0","国土 PB 平","","1","ｱｰｽ さび止め","2026/10/08","福山通運　九州発送","2026/10/08","","完成","服部","2026/10/08","製造"
"宮地電機　徳島","九州工場","九州工場","2026/10/02","2026/10/02","26-J0146866-004-771","BE6040SG","1.60","600.0","600.0","400.0","国土 PB 平","","1","ｱｰｽ さび止め","2026/10/08","福山通運　九州発送","2026/10/08","","完成","服部","2026/10/08","製造"
"柳井電機工業　本社★","九州工場","九州工場","2026/10/02","2026/10/02","26-J0147047-001-771","SE0000XN","1.50","400.0","400.0","200.0","SUS PBﾄｸ 水切","","2","ｱｰｽ 底面穴加工 受金物溶接","2026/10/08","佐川急便","2026/10/08","","完成","服部","2026/10/08","製造"
"Q-mast　電気グル－プ★","九州工場","九州工場","2026/10/02","2026/10/02","26-J0147051-002-771","DC0000N","1.60","1,205.0","125.0","145.0","Sﾀﾞｲﾏ ｶﾊﾞｰ","","1","止水プレート","2026/10/08","福山通運　九州発送","2026/10/08","","完成","古川","2026/10/08","製造"
"Q-mast　電気グル－プ★","九州工場","九州工場","2026/10/02","2026/10/02","26-J0147051-001-771","DC0000N","1.60","505.0","125.0","145.0","Sﾀﾞｲﾏ ｶﾊﾞｰ","","1","止水プレート","2026/10/08","福山通運　九州発送","2026/10/08","","完成","古川","2026/10/08","製造"
"米良電機　高鍋★","九州工場","九州工場","2026/10/05","2026/10/05","26-J0147153-001-771","SG0000N","3.00","500.0","40.0","400.0","SUS 架台","","2","SUS-L-40x40x3t　穴加工","2026/10/08","佐川急便","2026/10/08","","完成","倉重","2026/10/08","製造"
"ナミデン　福岡★","九州工場","九州工場","2026/10/05","2026/10/05","26-J0147249-004-771","DIP0000N","2.30","750.0","110.0","140.0","Sﾀﾞｲﾏ ﾌﾟﾚｰﾄ","","1","L型　穴加工  N棟","2026/10/08","ヤマックス福岡","2026/10/08","","完成","坂元","2026/10/08","製造"
"ナミデン　福岡★","九州工場","九州工場","2026/10/05","2026/10/05","26-J0147249-001-771","DIP0000N","2.30","1,340.0","160.0","0.0","Sﾀﾞｲﾏ ﾌﾟﾚｰﾄ","","31","穴加工  MS棟","2026/10/08","ヤマックス福岡","2026/10/08","","完成","坂元","2026/10/08","製造"
"ナミデン　福岡★","九州工場","九州工場","2026/10/05","2026/10/05","26-J0147249-002-771","DIP0000N","2.30","1,340.0","160.0","0.0","Sﾀﾞｲﾏ ﾌﾟﾚｰﾄ","","26","穴加工  N棟","2026/10/08","ヤマックス福岡","2026/10/08","","完成","坂元","2026/10/08","製造"
"ナミデン　福岡★","九州工場","九州工場","2026/10/05","2026/10/05","26-J0147249-003-771","DIP0000N","2.30","750.0","110.0","140.0","Sﾀﾞｲﾏ ﾌﾟﾚｰﾄ","","1","L型　穴加工  MS棟","2026/10/08","ヤマックス福岡","2026/10/08","","完成","坂元","2026/10/08","製造"
"ナミデン　広島★","九州工場","九州工場","2026/10/05","2026/10/05","26-J0147610-002-771","II0000C","1.60","680.0","700.0","0.0","鉄 切板 焼付","2.5Y9/1 近似色","1","吊穴無し","2026/10/08","福山通運　九州発送","2026/10/08","","完成","ナム","2026/10/06","製造"
"ナミデン　広島★","九州工場","九州工場","2026/10/05","2026/10/05","26-J0147610-001-771","II0000C","1.60","680.0","900.0","0.0","鉄 切板 焼付","2.5Y9/1 近似色","1","吊穴無し","2026/10/08","福山通運　九州発送","2026/10/08","","完成","古川","2026/10/06","製造"
"ナミデン　広島★","九州工場","九州工場","2026/10/05","2026/10/05","26-J0147610-003-771","II0000C","1.60","680.0","250.0","0.0","鉄 切板 焼付","2.5Y9/1 近似色","1","吊穴無し","2026/10/08","福山通運　九州発送","2026/10/08","","完成","古川","2026/10/06","製造"
"ナミデン　広島★","九州工場","九州工場","2026/10/05","2026/10/05","26-J0147716-001-771","SDC0000N","1.50","400.0","350.0","400.0","SUS ﾀﾞｸﾄｶﾊﾞｰ","","1","被せ蓋、平蓋ｘ4","2026/10/08","福山通運　九州発送","2026/10/08","","完成","坂元","2026/10/08","製造"
"興陽電機　岩国★","九州工場","九州工場","2026/10/05","2026/10/05","26-J0147734-001-771","BE0000SG","1.60","250.0","250.0","250.0","国土 PBﾄｸ 平","","2","ｱｰｽ  2-φ160　さび止め","2026/10/08","福山通運　九州発送","2026/10/08","","完成","服部","2026/10/08","製造"
"三親電材　水島★","九州工場","九州工場","2026/10/05","2026/10/05","26-J0148153-001-771","IP0000SGP","2.30","200.0","200.0","200.0","鉄 PBﾄｸ 平","","2","さび止め ｺﾞﾑﾊﾟｯｷﾝ付 外耳20 M6BN締め","2026/10/08","福山通運　九州発送","2026/10/08","","完成","服部","2026/10/08","製造"
"三親電材　水島★","九州工場","九州工場","2026/10/05","2026/10/05","26-J0148159-001-771","BE1515XG","1.60","150.0","150.0","150.0","国土 PB 水切","","2","ｱｰｽ さび止め","2026/10/08","福山通運　九州発送","2026/10/08","","完成","服部","2026/10/08","製造"
"ナミデン　福岡★","九州工場","九州工場","2026/10/05","2026/10/05","26-J0148284-001-771","DP5040WN","1.60","500.0","500.0","400.0","Sﾀﾞｲﾏ PB 被せ","","2","","2026/10/07","店頭渡し","2026/10/08","","完成","森田","2026/10/07","製造"
"かごしま電工　南★","九州工場","九州工場","2026/10/05","2026/10/05","26-J0148402-001-771","BP2010SGW","1.60","200.0","200.0","100.0","国土 PB 平","","1","ｱｰｽ無 さび止め 内ﾜﾆｽ","2026/10/08","佐川急便","2026/10/08","","完成","倉重","2026/10/07","製造"
"かごしま電工　南★","九州工場","九州工場","2026/10/05","2026/10/05","26-J0148402-002-771","BP2015SGW","1.60","200.0","200.0","150.0","国土 PB 平","","1","ｱｰｽ無 さび止め 内ﾜﾆｽ","2026/10/08","佐川急便","2026/10/08","","完成","倉重","2026/10/07","製造"
"木村電機　水俣★","九州工場","九州工場","2026/10/05","2026/10/05","26-J0148464-002-771","SE0000XN","2.00","1,000.0","500.0","300.0","SUS PBﾄｸ 水切","","1","ｱｰｽ 支持棒溶接","2026/10/08","福山通運　九州発送","2026/10/08","","完成","服部","2026/10/08","製造"
"ナミデン　広島★","九州工場","九州工場","2026/10/05","2026/10/05","26-J0148474-001-771","SC0000N","1.50","540.0","300.0","370.0","SUS ｶﾊﾞｰ","","1","開口穴","2026/10/08","福山通運　九州発送","2026/10/08","","完成","坂元","2026/10/08","製造"
"三親電材　鳥取★","九州工場","九州工場","2026/10/05","2026/10/05","26-J0148522-001-771","SE4040XN","1.50","400.0","400.0","400.0","SUS PB 水切","","4","ｱｰｽ","2026/10/08","福山通運　九州発送","2026/10/08","","完成","服部","2026/10/08","製造"
"ｹｲ･ｴｽ･ﾃﾞｰ　鹿児島★","九州工場","九州工場","2026/10/05","2026/10/05","26-J0148562-001-771","IIP0000N","1.60","400.0","400.0","0.0","鉄 ﾌﾟﾚｰﾄ","","5","φ24x4  ｻﾋﾞ生地　ｴｻﾉﾝ巻き","2026/10/08","佐川急便","2026/10/08","","完成","服部","2026/10/08","製造"
"ヤシマ電材","九州工場","九州工場","2026/10/06","2026/10/06","26-J0149017-002-771","IFS0000G","1.60","300.0","300.0","250.0","鉄 張出BOX","","1","さび止め 蓋320x320","2026/10/08","福山通運　九州発送","2026/10/08","","完成","坂元","2026/10/07","製造"
"東芝電材　福岡★","九州工場","九州工場","2026/10/06","2026/10/06","26-J0149023-001-771","SP4040XN","1.50","400.0","400.0","400.0","SUS PB 水切","","1","","2026/10/07","ヤマックス福岡","2026/10/08","","完成","樋口","2026/10/07","製造"
"東芝電材　福岡★","九州工場","九州工場","2026/10/06","2026/10/06","26-J0149028-001-771","IP4040WG","1.60","400.0","400.0","400.0","鉄 PB 被せ","","2","さび止め","2026/10/07","ヤマックス福岡","2026/10/08","","完成","倉重","2026/10/07","製造"
"ｹｲ･ｴｽ･ﾃﾞｰ　鹿児島★","九州工場","九州工場","2026/10/06","2026/10/06","26-J0149058-001-771","SE3535WNW","1.50","350.0","350.0","350.0","SUS PB 被せ","","1","ｱｰｽ 内ﾜﾆｽ","2026/10/08","佐川急便","2026/10/08","","完成","服部","2026/10/07","製造"
"木村電機　菊陽★","九州工場","九州工場","2026/10/06","2026/10/06","26-J0149093-001-771","DP0000XN","1.60","250.0","250.0","250.0","Sﾀﾞｲﾏ PBﾄｸ 水切","","1","","2026/10/08","佐川急便","2026/10/08","","完成","古川","2026/10/08","製造"
"Q-mast　電気グル－プ★","九州工場","九州工場","2026/10/06","2026/10/06","26-J0149152-001-771","IKS0000G","1.60","700.0","200.0","230.0","鉄 貫通ｽﾘｰﾌﾞ","","1","さび止め","2026/10/07","営業配達","2026/10/08","","完成","服部","2026/10/07","製造"
"カンサイエコプラス　本社★","九州工場","九州工場","2026/10/06","2026/10/06","26-J0149324-001-771","BP2010SG","1.60","200.0","200.0","100.0","国土 PB 平","","1","ｱｰｽ無 さび止め","2026/10/07","佐川急便","2026/10/08","","完成","服部","2026/10/07","製造"
"カンサイエコプラス　本社★","九州工場","九州工場","2026/10/06","2026/10/06","26-J0149324-002-771","BP1515SG","1.60","150.0","150.0","150.0","国土 PB 平","","1","ｱｰｽ無 さび止め","2026/10/07","佐川急便","2026/10/08","","完成","服部","2026/10/07","製造"
"カンサイエコプラス　本社★","九州工場","九州工場","2026/10/06","2026/10/06","26-J0149324-003-771","BP1510SG","1.60","150.0","150.0","100.0","国土 PB 平","","2","ｱｰｽ無 さび止め","2026/10/07","佐川急便","2026/10/08","","完成","服部","2026/10/07","製造"
"啓電社★","九州工場","九州工場","2026/10/06","2026/10/06","26-J0149669-001-771","BE0000SG","1.60","600.0","300.0","200.0","国土 PBﾄｸ 平","","1","ｱｰｽ さび止め","2026/10/07","ヤマックス福岡","2026/10/08","","完成","服部","2026/10/07","製造"
"啓電社★","九州工場","九州工場","2026/10/06","2026/10/06","26-J0149669-002-771","BE0000SG","1.60","600.0","300.0","300.0","国土 PBﾄｸ 平","","1","ｱｰｽ さび止め","2026/10/07","ヤマックス福岡","2026/10/08","","完成","服部","2026/10/07","製造"
"ナンリツ　松山★","九州工場","九州工場","2026/10/06","2026/10/06","26-J0149758-001-771","SP5040SN","1.50","500.0","500.0","400.0","SUS PB 平","","1","","2026/10/08","福山通運　九州発送","2026/10/08","","完成","服部","2026/10/08","製造"
"大洋電材　本社★","九州工場","九州工場","2026/10/06","2026/10/06","26-J0149922-001-771","BP2010SG","1.60","200.0","200.0","100.0","国土 PB 平","","1","ｱｰｽ無 さび止め","2026/10/07","北九州配達","2026/10/08","","完成","服部","2026/10/07","製造"
"シンセイ　広島第一★","九州工場","九州工場","2026/10/06","2026/10/06","26-J0150038-001-771","IP2020XG","1.60","200.0","200.0","200.0","鉄 PB 水切","","2","さび止め","2026/10/08","福山通運　九州発送","2026/10/08","","完成","服部","2026/10/08","製造"
"山電　佐賀★","九州工場","九州工場","2026/10/07","2026/10/07","26-J0150158-001-771","SP4020XN","1.50","400.0","400.0","200.0","SUS PB 水切","","2","","2026/10/08","佐川急便","2026/10/08","","完成","服部","2026/10/08","製造"
"三親電材　広島★","九州工場","九州工場","2026/10/07","2026/10/07","26-J0150353-001-771","SP4020SNP","1.50","400.0","400.0","200.0","SUS PB 平","","5","ｺﾞﾑﾊﾟｯｷﾝ付","2026/10/08","福山通運　九州発送","2026/10/08","","完成","服部","2026/10/08","製造"
"啓電社★","九州工場","九州工場","2026/10/07","2026/10/07","26-J0150421-001-771","BE0000SG","1.60","600.0","500.0","600.0","国土 PBﾄｸ 平","","3","ｱｰｽ さび止め","2026/10/08","佐川急便","2026/10/08","","完成","坂元","2026/10/08","製造"
"カンサイ西九州社　佐世保★","九州工場","九州工場","2026/10/07","2026/10/07","26-J0150501-001-771","BE6040SG","1.60","600.0","600.0","400.0","国土 PB 平","","1","ｱｰｽ さび止め","2026/10/08","佐川急便","2026/10/08","","完成","服部","2026/10/08","製造"
"ハッピー電気　玉名★","九州工場","九州工場","2026/10/07","2026/10/07","26-J0150790-001-771","SP0000WN","1.50","700.0","300.0","250.0","SUS PBﾄｸ 被せ","","1","","2026/10/08","佐川急便","2026/10/08","","完成","服部","2026/10/08","製造"
"三親電材　尾道★","九州工場","九州工場","2026/10/07","2026/10/07","26-J0150895-001-771","SE0000XN","1.50","600.0","300.0","300.0","SUS PBﾄｸ 水切","","1","ｱｰｽ","2026/10/08","福山通運　九州発送","2026/10/08","","完成","服部","2026/10/08","製造"
"三親電材　尾道★","九州工場","九州工場","2026/10/07","2026/10/07","26-J0151093-001-771","ZAI0000","6.00","65.0","65.0","2,000.0","ZN ｱﾝｸﾞﾙ","","1","L65x65x6t 先メッキ","2026/10/08","福山通運　九州発送","2026/10/08","","完成","倉重","2026/10/07","製造"
"岡本電機　呉★","九州工場","九州工場","2026/10/07","2026/10/07","26-J0151124-001-771","IE3015SG","1.60","300.0","300.0","150.0","鉄 PB 平","","1","ｱｰｽ さび止め","2026/10/08","佐川急便","2026/10/08","","完成","服部","2026/10/08","製造"
"九州電業社　佐世保★","九州工場","九州工場","2026/09/16","2026/09/16","26-J0134021-003-771","SE0000XNA","1.50","300.0","300.0","300.0","SUS PBﾄｸ 水切","","1","ｱｰｽ 足付 落下防止ﾁｪｰﾝ付　脱落防止ビス","2026/10/09","佐川急便","2026/10/09","","完成","倉重","2026/10/09","製造"
"九州電業社　佐世保★","九州工場","九州工場","2026/09/16","2026/09/16","26-J0134021-001-771","SE0000XNA","1.50","600.0","600.0","600.0","SUS PBﾄｸ 水切","","1","ｱｰｽ 足付 落下防止ﾁｪｰﾝ付　脱落防止ビス","2026/10/09","佐川急便","2026/10/09","","完成","倉重","2026/10/09","製造"
"東芝電材　熊本★","九州工場","九州工場","2026/09/16","2026/09/16","26-J0134977-003-771","ZE0000X","3.20","800.0","800.0","600.0","ZN PBﾄｸ 水切","","1","◆ HDZT49 ｱｰｽ","2026/10/09","福山通運　九州発送","2026/10/09","","完成","倉重","2026/10/01","製造"
"東芝電材　熊本★","九州工場","九州工場","2026/09/16","2026/09/16","26-J0134977-002-771","ZE0000X","3.20","900.0","900.0","600.0","ZN PBﾄｸ 水切","","1","◆ HDZT49 ｱｰｽ","2026/10/08","福山通運　九州発送","2026/10/09","","完成","森田","2026/09/30","製造"
"ムトウ電材　富士見★","九州工場","九州工場","2026/09/17","2026/09/17","26-J0135892-001-771","SD0000N","1.50","500.0","300.0","3,300.0","SUS ﾀﾞｸﾄ","","1","カブセ蓋　ケーブル支持材付　ｾﾊﾟﾚｰﾀ無し","2026/10/08","福山通運　九州発送","2026/10/09","","完成","坂元","2026/10/08","製造"
"ムトウ電材　富士見★","九州工場","九州工場","2026/09/17","2026/09/17","26-J0135892-002-771","SE0000WN","1.50","500.0","500.0","600.0","SUS PBﾄｸ 被せ","","1","ｱｰｽ 蓋面500x500","2026/10/08","福山通運　九州発送","2026/10/09","","完成","服部","2026/10/08","製造"
"メイク機材　大分★","九州工場","九州工場","2026/09/17","2026/09/17","26-J0135947-001-771","IBG0000C","0.00","470.0","210.0","150.0","鉄 防球ガード 焼付","2.5Y9/1 近似色","10","","2026/10/09","佐川急便","2026/10/09","","完成","古川","2026/10/05","製造"
"東芝電材　唐津★","九州工場","九州工場","2026/09/17","2026/09/17","26-J0136011-002-771","ZPA0000C","0.00","305.0","0.0","0.0","ZN ﾎﾟｰﾙｱﾀﾞﾌﾟﾀｰ 焼付","N1 近似色","3","下部110X110、上部90X90","2026/10/09","佐川急便","2026/10/09","","完成","樫原","2026/09/29","製造"
"極東商会　名古屋カパス★","九州工場","九州工場","2026/09/18","2026/09/18","26-J0136794-001-771","IBG0000C","2.30","1,406.6","716.6","1,600.0","鉄 防球ガード 焼付","日塗工19-80B(近似色)","2","L-3x40 PL-2.3t FB-38x3","2026/10/08","チャーター便","2026/10/09","","完成","古川","2026/10/01","製造"
"極東商会　名古屋カパス★","九州工場","九州工場","2026/09/18","2026/09/18","26-J0136794-005-771","IBG0000C","2.30","1,406.6","716.6","1,600.0","鉄 防球ガード 焼付","日塗工19-80B(近似色)","1","L-3x40 PL-2.3t FB-38x3 一部ｱﾝｸﾞﾙBTNT止め","2026/10/08","チャーター便","2026/10/09","","完成","古川","2026/10/05","製造"
"Q-mast　電気グル－プ★","九州工場","九州工場","2026/09/24","2026/09/24","26-J0138112-002-771","DDC0000C","1.60","600.0","350.0","3,000.0","Sﾀﾞｲﾏ ﾀﾞｸﾄｶﾊﾞｰ 焼付","5Y9/0.5 近似色","1","3分割　平蓋ﾊﾟｯｷﾝ付　既設棟","2026/10/07","ヤマックス　ｽﾎﾟｯﾄ便","2026/10/09","","完成","古川","2026/10/01","製造"
"Q-mast　電気グル－プ★","九州工場","九州工場","2026/09/24","2026/09/24","26-J0138112-001-771","DDC0000C","1.60","600.0","350.0","2,400.0","Sﾀﾞｲﾏ ﾀﾞｸﾄｶﾊﾞｰ 焼付","5Y9/0.5 近似色","1","2分割　平蓋ﾊﾟｯｷﾝ付　既設棟","2026/10/07","ヤマックス　ｽﾎﾟｯﾄ便","2026/10/09","","完成","樫原","2026/10/01","製造"
"日本電設資材　福岡★","九州工場","九州工場","2026/09/25","2026/09/25","26-J0139218-002-771","ZKM0000C","6.00","1,250.0","65.0","125.0","ZN 金物 焼付","N-25 3分艶 近似色","3","SS-C-6x65x125　穴加工 左右=1ｾｯﾄ　　イ","2026/10/08","ヤマックス　ｽﾎﾟｯﾄ便","2026/10/09","","完成","古川","2026/09/28","製造"
"日本電設資材　福岡★","九州工場","九州工場","2026/09/25","2026/09/25","26-J0139218-003-771","ZKM0000C","6.00","1,170.0","65.0","125.0","ZN 金物 焼付","N-25 3分艶 近似色","1","SS-C-6x65x125　穴加工 左右=1ｾｯﾄ    ウ","2026/10/08","ヤマックス　ｽﾎﾟｯﾄ便","2026/10/09","","完成","古川","2026/09/28","製造"
"日本電設資材　福岡★","九州工場","九州工場","2026/09/25","2026/09/25","26-J0139218-001-771","ZKM0000C","6.00","830.0","75.0","75.0","ZN 金物 焼付","N-25 3分艶 近似色","3","SS-L-75x75x6t　穴加工  　ア","2026/10/08","ヤマックス　ｽﾎﾟｯﾄ便","2026/10/09","","完成","古川","2026/09/28","製造"
"Q-mast　電気グル－プ★","九州工場","九州工場","2026/09/28","2026/09/28","26-J0140702-001-771","DC0000N","2.30","1,300.0","500.0","570.0","Sﾀﾞｲﾏ ｶﾊﾞｰ","","1","キリカギ　塩ビ板","2026/10/08","ヤマックス　ｽﾎﾟｯﾄ便","2026/10/09","","完成","古川","2026/10/08","製造"
"Q-mast　電気グル－プ★","九州工場","九州工場","2026/09/28","2026/09/28","26-J0140717-002-771","ZC0000","0.00","1,300.0","550.0","500.0","ZN ｶﾊﾞｰ","","1","カバー枠　L40x40x5t プレートx4 Sダイマ","2026/10/08","ヤマックス　ｽﾎﾟｯﾄ便","2026/10/09","","完成","倉重","2026/10/01","製造"
"アサヒ　八重山","九州工場","九州工場","2026/09/28","2026/09/28","26-J0141011-001-771","BE0000SC","1.60","320.0","100.0","130.0","国土 PBﾄｸ 平 焼付","5Y7/1","4","ｱｰｽ","2026/10/08","沖縄直送","2026/10/09","","完成","古川","2026/10/05","製造"
"興陽電機　山口★","九州工場","九州工場","2026/09/28","2026/09/28","26-J0141140-001-771","ZG0000","3.00","1,000.0","150.0","815.0","ZN 架台","","2","L-30x30x3t 補強なし","2026/10/09","佐川急便","2026/10/09","","ｷｬﾝｾﾙ","ルアン","2026/10/01","製造"
"アサヒ　八重山","九州工場","九州工場","2026/09/28","2026/09/28","26-J0141350-001-771","BE0000SG","1.60","400.0","400.0","100.0","国土 PBﾄｸ 平","","1","ｱｰｽ さび止め","2026/10/02","沖縄直送","2026/10/09","","完成","倉重","2026/10/02","製造"
"アサヒ　八重山","九州工場","九州工場","2026/09/28","2026/09/28","26-J0141350-002-771","BE5020SG","1.60","500.0","500.0","200.0","国土 PB 平","","3","ｱｰｽ さび止め","2026/10/02","沖縄直送","2026/10/09","","完成","倉重","2026/10/02","製造"
"アサヒ　八重山","九州工場","九州工場","2026/09/28","2026/09/28","26-J0141381-006-771","SE5020SC","1.50","500.0","500.0","200.0","SUS PB 平 焼付","2.5Y9/1","2","ｱｰｽ ﾊﾟｯｷﾝ付","2026/10/08","沖縄直送","2026/10/09","","完成","古川","2026/10/05","製造"
"アサヒ　八重山","九州工場","九州工場","2026/09/28","2026/09/28","26-J0141381-005-771","SE2525SC","1.50","250.0","250.0","250.0","SUS PB 平 焼付","2.5Y9/1","1","ｱｰｽ ﾊﾟｯｷﾝ付","2026/10/08","沖縄直送","2026/10/09","","完成","古川","2026/10/05","製造"
"アサヒ　八重山","九州工場","九州工場","2026/09/28","2026/09/28","26-J0141381-007-771","SE2020SC","1.50","200.0","200.0","200.0","SUS PB 平 焼付","2.5Y9/1","1","ｱｰｽ ﾊﾟｯｷﾝ付","2026/10/08","沖縄直送","2026/10/09","","完成","古川","2026/10/05","製造"
"アサヒ　八重山","九州工場","九州工場","2026/09/28","2026/09/28","26-J0141381-003-771","SE0000SC","1.50","200.0","200.0","250.0","SUS PBﾄｸ 平 焼付","2.5Y9/1","8","ｱｰｽ ﾊﾟｯｷﾝ付","2026/10/08","沖縄直送","2026/10/09","","完成","古川","2026/10/05","製造"
"アサヒ　八重山","九州工場","九州工場","2026/09/28","2026/09/28","26-J0141381-001-771","SE0000SC","1.50","200.0","200.0","250.0","SUS PBﾄｸ 平 焼付","2.5Y9/1","8","ｱｰｽ ﾊﾟｯｷﾝ付","2026/10/06","沖縄直送","2026/10/09","","完成","古川","2026/10/01","製造"
"アサヒ　八重山","九州工場","九州工場","2026/09/28","2026/09/28","26-J0141381-002-771","SE0000SC","1.50","200.0","200.0","250.0","SUS PBﾄｸ 平 焼付","2.5Y9/1","8","ｱｰｽ ﾊﾟｯｷﾝ付","2026/10/07","沖縄直送","2026/10/09","","完成","古川","2026/10/02","製造"
"アサヒ　八重山","九州工場","九州工場","2026/09/28","2026/09/28","26-J0141381-004-771","SE3030SC","1.50","300.0","300.0","300.0","SUS PB 平 焼付","2.5Y9/1","1","ｱｰｽ ﾊﾟｯｷﾝ付","2026/10/08","沖縄直送","2026/10/09","","完成","古川","2026/10/05","製造"
"丸井産業　沖縄★","九州工場","九州工場","2026/09/28","2026/09/28","26-J0141586-003-771","ZKW0000","2.30","900.0","200.0","260.0","ZN 貫通枠","","1","平蓋 C200x80x7.5t L-20x20x3t 取付穴","2026/10/08","沖縄直送","2026/10/09","","完成","倉重","2026/10/02","製造"
"丸井産業　沖縄★","九州工場","九州工場","2026/09/28","2026/09/28","26-J0141586-005-771","ZKW0000","2.30","900.0","200.0","310.0","ZN 貫通枠","","1","平蓋 C250x90x9t L-20x20x3t 取付穴","2026/10/08","沖縄直送","2026/10/09","","完成","倉重","2026/10/02","製造"
"丸井産業　沖縄★","九州工場","九州工場","2026/09/28","2026/09/28","26-J0141586-006-771","ZAI0000","4.00","1,080.0","50.0","50.0","ZN ｱﾝｸﾞﾙ","","1","L-50x50x4t 取付穴","2026/10/08","沖縄直送","2026/10/09","","完成","倉重","2026/10/02","製造"
"丸井産業　沖縄★","九州工場","九州工場","2026/09/28","2026/09/28","26-J0141586-002-771","ZAI0000","4.00","1,050.0","50.0","50.0","ZN ｱﾝｸﾞﾙ","","1","L-50x50x4t 取付穴","2026/10/08","沖縄直送","2026/10/09","","完成","倉重","2026/10/02","製造"
"丸井産業　沖縄★","九州工場","九州工場","2026/09/28","2026/09/28","26-J0141586-001-771","ZKW0000","2.30","900.0","200.0","210.0","ZN 貫通枠","","1","平蓋 C150x75x6.5t L-20x20x3t 取付穴","2026/10/08","沖縄直送","2026/10/09","","完成","倉重","2026/10/02","製造"
"丸井産業　沖縄★","九州工場","九州工場","2026/09/28","2026/09/28","26-J0141586-004-771","ZAI0000","4.00","1,060.0","50.0","50.0","ZN ｱﾝｸﾞﾙ","","1","L-50x50x4t 取付穴","2026/10/08","沖縄直送","2026/10/09","","完成","倉重","2026/10/02","製造"
"金城電気商会","九州工場","九州工場","2026/09/28","2026/09/28","26-J0141807-001-771","BE0000SC","1.60","300.0","150.0","150.0","国土 PBﾄｸ 平 焼付","2.5Y9/1","1","ｱｰｽ","2026/10/05","イトカツ","2026/10/09","2026/10/05","完成","古川","2026/09/30","製造"
"金城電気商会","九州工場","九州工場","2026/09/28","2026/09/28","26-J0141807-002-771","BE0000SC","1.60","500.0","500.0","250.0","国土 PBﾄｸ 平 焼付","2.5Y9/1","1","ｱｰｽ","2026/10/05","イトカツ","2026/10/09","2026/10/05","ｷｬﾝｾﾙ","林(浩)","2026/09/30","製造"
"金城電気商会","九州工場","九州工場","2026/09/28","2026/09/28","26-J0141816-002-771","SE0000XC","1.50","500.0","500.0","250.0","SUS PBﾄｸ 水切 焼付","2.5Y9/1","1","ｱｰｽ","2026/10/05","イトカツ","2026/10/09","2026/10/05","完成","古川","2026/10/01","製造"
"金城電気商会","九州工場","九州工場","2026/09/28","2026/09/28","26-J0141816-001-771","SE0000XC","1.50","500.0","500.0","250.0","SUS PBﾄｸ 水切 焼付","2.5Y9/1","1","ｱｰｽ","2026/10/05","イトカツ","2026/10/09","2026/10/05","ｷｬﾝｾﾙ","岩本","2026/09/30","製造"
"イシグロ　鹿児島★","九州工場","九州工場","2026/09/28","2026/09/28","26-J0141878-010-771","ZG0000","0.00","500.0","1,820.0","0.0","ZN 架台","","1","/1644トルエン配管架台5-2　[75X40X5t PL6.0t","2026/10/09","福山通運　九州発送","2026/10/09","","完成","倉重","2026/10/02","製造"
"イシグロ　鹿児島★","九州工場","九州工場","2026/09/28","2026/09/28","26-J0141878-011-771","ZG0000","0.00","500.0","245.0","0.0","ZN 架台","","1","トルエン配管架台6-1　[75X40X5t PL6.0t","2026/10/09","福山通運　九州発送","2026/10/09","","完成","倉重","2026/10/01","製造"
"イシグロ　鹿児島★","九州工場","九州工場","2026/09/28","2026/09/28","26-J0141878-012-771","ZG0000","0.00","500.0","1,823.0","0.0","ZN 架台","","1","/1647トルエン配管架台6-2　[75X40X5t PL6.0t","2026/10/09","福山通運　九州発送","2026/10/09","","完成","倉重","2026/10/02","製造"
"イシグロ　鹿児島★","九州工場","九州工場","2026/09/28","2026/09/28","26-J0141878-013-771","ZG0000","0.00","660.0","245.0","0.0","ZN 架台","","1","トルエン配管架台7-1　[75X40X5t PL6.0t","2026/10/09","福山通運　九州発送","2026/10/09","","完成","倉重","2026/10/01","製造"
"イシグロ　鹿児島★","九州工場","九州工場","2026/09/28","2026/09/28","26-J0141878-009-771","ZG0000","0.00","500.0","256.0","0.0","ZN 架台","","1","トルエン配管架台5-1　[75X40X5t PL6.0t","2026/10/09","福山通運　九州発送","2026/10/09","","完成","倉重","2026/10/01","製造"
"イシグロ　鹿児島★","九州工場","九州工場","2026/09/28","2026/09/28","26-J0141878-014-771","ZG0000","0.00","660.0","1,834.0","0.0","ZN 架台","","1","/1646トルエン配管架台7-2　[75X40X5t PL6.0t","2026/10/09","福山通運　九州発送","2026/10/09","","完成","倉重","2026/10/02","製造"
"イシグロ　鹿児島★","九州工場","九州工場","2026/09/28","2026/09/28","26-J0141878-015-771","ZG0000","0.00","650.0","245.0","0.0","ZN 架台","","1","トルエン配管架台8-1　[75X40X5t PL6.0t","2026/10/09","福山通運　九州発送","2026/10/09","","完成","倉重","2026/10/01","製造"
"イシグロ　鹿児島★","九州工場","九州工場","2026/09/28","2026/09/28","26-J0141878-016-771","ZG0000","0.00","650.0","1,835.0","0.0","ZN 架台","","1","/1646トルエン配管架台8-2　[75X40X5t PL6.0t","2026/10/09","福山通運　九州発送","2026/10/09","","完成","倉重","2026/10/02","製造"
"イシグロ　鹿児島★","九州工場","九州工場","2026/09/28","2026/09/28","26-J0141878-002-771","ZG0000","0.00","780.0","1,821.0","0.0","ZN 架台","","1","/1609トルエン配管架台1-2　[75X40X5t PL6.0t","2026/10/09","福山通運　九州発送","2026/10/09","","完成","倉重","2026/10/02","製造"
"イシグロ　鹿児島★","九州工場","九州工場","2026/09/28","2026/09/28","26-J0141878-001-771","ZG0000","0.00","780.0","259.0","0.0","ZN 架台","","1","トルエン配管架台1-1　[75X40X5t PL6.0t","2026/10/09","福山通運　九州発送","2026/10/09","","完成","倉重","2026/10/01","製造"
"イシグロ　鹿児島★","九州工場","九州工場","2026/09/28","2026/09/28","26-J0141878-008-771","ZG0000","0.00","670.0","1,839.0","0.0","ZN 架台","","1","/1632トルエン配管架台4-2　[75X40X5t PL6.0t","2026/10/09","福山通運　九州発送","2026/10/09","","完成","倉重","2026/10/02","製造"
"イシグロ　鹿児島★","九州工場","九州工場","2026/09/28","2026/09/28","26-J0141878-007-771","ZG0000","0.00","670.0","245.0","0.0","ZN 架台","","1","トルエン配管架台4-1　[75X40X5t PL6.0t","2026/10/09","福山通運　九州発送","2026/10/09","","完成","倉重","2026/10/01","製造"
"イシグロ　鹿児島★","九州工場","九州工場","2026/09/28","2026/09/28","26-J0141878-006-771","ZG0000","0.00","650.0","1,830.0","0.0","ZN 架台","","1","/1628トルエン配管架台3-2　[75X40X5t PL6.0t","2026/10/09","福山通運　九州発送","2026/10/09","","完成","倉重","2026/10/02","製造"
"イシグロ　鹿児島★","九州工場","九州工場","2026/09/28","2026/09/28","26-J0141878-005-771","ZG0000","0.00","650.0","245.0","0.0","ZN 架台","","1","トルエン配管架台3-1　[75X40X5t PL6.0t","2026/10/09","福山通運　九州発送","2026/10/09","","完成","倉重","2026/10/01","製造"
"イシグロ　鹿児島★","九州工場","九州工場","2026/09/28","2026/09/28","26-J0141878-004-771","ZG0000","0.00","780.0","1,831.0","0.0","ZN 架台","","1","/1589トルエン配管架台2-2　[75X40X5t PL6.0t","2026/10/09","福山通運　九州発送","2026/10/09","","完成","倉重","2026/10/02","製造"
"イシグロ　鹿児島★","九州工場","九州工場","2026/09/28","2026/09/28","26-J0141878-003-771","ZG0000","0.00","780.0","259.0","0.0","ZN 架台","","1","トルエン配管架台2-1　[75X40X5t PL6.0t","2026/10/09","福山通運　九州発送","2026/10/09","","完成","倉重","2026/10/01","製造"
"アサヒ　八重山","九州工場","九州工場","2026/09/28","2026/09/28","26-J0141946-001-771","SE3020XC","1.50","300.0","300.0","200.0","SUS PB 水切 焼付","2.5Y9/1","3","ｱｰｽ","2026/10/08","沖縄直送","2026/10/09","","完成","古川","2026/10/05","製造"
"アサヒ　八重山","九州工場","九州工場","2026/09/28","2026/09/28","26-J0141946-002-771","SE5020XC","1.50","500.0","500.0","200.0","SUS PB 水切 焼付","2.5Y9/1","1","ｱｰｽ","2026/10/08","沖縄直送","2026/10/09","","完成","古川","2026/10/05","製造"
"沖縄ミツヤマ電気","九州工場","九州工場","2026/09/29","2026/09/29","26-J0141996-001-771","SE0000XC","1.50","150.0","150.0","100.0","SUS PBﾄｸ 水切 焼付","2.5Y9/1","2","ｱｰｽ 蓋面開口(75x50) ﾀｯﾌﾟM4x2","2026/10/05","イトカツ","2026/10/09","2026/10/05","完成","古川","2026/09/30","製造"
"平岡電気　大牟田★","九州工場","九州工場","2026/09/29","2026/09/29","26-J0142071-001-771","ZP0000X","3.20","650.0","300.0","300.0","ZN PBﾄｸ 水切","","1","裏面開口550ｘ200 6-φ14　底面開口200ｘ200","2026/10/09","佐川急便","2026/10/09","","完成","倉重","2026/10/02","製造"
"興陽電機　八幡★","九州工場","九州工場","2026/09/29","2026/09/29","26-J0142137-001-771","ZABR350","0.00","350.0","350.0","0.0","ZN ｱﾝｸﾞﾙ引き込み架台","","3","HDZT-77  三角ﾀｲﾌﾟ  L50x50x6t","2026/10/08","北九州配達","2026/10/09","","完成","倉重","2026/10/01","製造"
"誠新産業　福岡本社★","九州工場","九州工場","2026/09/29","2026/09/29","26-J0142139-003-771","SE0000XN","1.50","600.0","500.0","250.0","SUS PBﾄｸ 水切","","1","ｱｰｽ　L側","2026/10/08","福山通運　九州発送","2026/10/09","","完成","坂元","2026/10/08","製造"
"誠新産業　福岡本社★","九州工場","九州工場","2026/09/29","2026/09/29","26-J0142139-004-771","SE0000XN","1.50","600.0","500.0","250.0","SUS PBﾄｸ 水切","","1","ｱｰｽ　R側","2026/10/08","福山通運　九州発送","2026/10/09","","完成","坂元","2026/10/08","製造"
"誠新産業　福岡本社★","九州工場","九州工場","2026/09/29","2026/09/29","26-J0142139-001-771","SE0000XNA","1.50","600.0","500.0","600.0","SUS PBﾄｸ 水切","","1","ｱｰｽ 足付","2026/10/08","福山通運　九州発送","2026/10/09","","完成","坂元","2026/10/08","製造"
"誠新産業　福岡本社★","九州工場","九州工場","2026/09/29","2026/09/29","26-J0142139-002-771","SE0000XNA","1.50","600.0","500.0","500.0","SUS PBﾄｸ 水切","","1","ｱｰｽ 足付","2026/10/08","福山通運　九州発送","2026/10/09","","完成","坂元","2026/10/08","製造"
"アサヒ　中部","九州工場","九州工場","2026/09/29","2026/09/29","26-J0142245-001-771","SE3530XC","1.50","350.0","350.0","300.0","SUS PB 水切 焼付","2.5Y9/1","1","ｱｰｽ","2026/10/05","イトカツ","2026/10/09","2026/10/05","完成","古川","2026/09/30","製造"
"山電　佐賀★","九州工場","九州工場","2026/09/29","2026/09/29","26-J0142406-001-771","IIP0000G","1.60","160.0","80.0","0.0","鉄 ﾌﾟﾚｰﾄ","","5","さび止め 穴加工","2026/10/09","佐川急便","2026/10/09","","完成","坂元","2026/10/08","製造"
"山電　佐賀★","九州工場","九州工場","2026/09/29","2026/09/29","26-J0142417-002-771","ZG0000","0.00","125.0","65.0","300.0","ZN 架台","","3","穴加工　C125x65","2026/10/09","佐川急便","2026/10/09","","完成","倉重","2026/10/02","製造"
"正二電気　岡山本社","九州工場","九州工場","2026/09/29","2026/09/29","26-J0142499-001-771","ZIP0000","2.30","500.0","500.0","0.0","ZN ﾌﾟﾚｰﾄ","","1","穴加工ｱﾘ","2026/10/09","福山通運　九州発送","2026/10/09","","完成","倉重","2026/10/01","製造"
"正二電気　岡山本社","九州工場","九州工場","2026/09/29","2026/09/29","26-J0142499-002-771","ZIP0000","2.30","250.0","250.0","0.0","ZN ﾌﾟﾚｰﾄ","","1","穴加工ｱﾘ","2026/10/09","福山通運　九州発送","2026/10/09","","完成","倉重","2026/10/01","製造"
"アサヒ　八重山","九州工場","九州工場","2026/09/29","2026/09/29","26-J0143272-002-771","BE0000SG","2.30","800.0","800.0","300.0","国土 PBﾄｸ 平","","1","蓋２分割 ｱｰｽ さび止め","2026/10/07","沖縄直送","2026/10/09","","完成","服部","2026/10/06","製造"
"アサヒ　八重山","九州工場","九州工場","2026/09/29","2026/09/29","26-J0143272-001-771","BE0000SG","2.30","1,300.0","900.0","400.0","国土 PBﾄｸ 平","","1","蓋２分割 ｱｰｽ さび止め","2026/10/07","沖縄直送","2026/10/09","","完成","服部","2026/10/06","製造"
"興陽電機　山口★","九州工場","九州工場","2026/09/30","2026/09/30","26-J0143513-001-771","IG0000G","3.00","1,000.0","150.0","815.0","鉄 架台","","2","さび止め L-30x30x3t","2026/10/09","佐川急便","2026/10/09","","完成","クイ","2026/10/07","製造"
"シンセイ　福山★","九州工場","九州工場","2026/09/30","2026/09/30","26-J0143650-001-771","IDC0000C","2.30","900.0","250.0","620.0","鉄 ﾀﾞｸﾄｶﾊﾞｰ 焼付","5Y7/1 近似色","1","平蓋 外耳40 下面開口650x205","2026/10/09","福山通運　九州発送","2026/10/09","","完成","古川","2026/10/06","製造"
"シンセイ　福山★","九州工場","九州工場","2026/09/30","2026/09/30","26-J0143650-002-771","IDC0000C","2.30","775.0","365.0","250.0","鉄 ﾀﾞｸﾄｶﾊﾞｰ 焼付","5Y7/1 近似色","1","蓋なし 外耳40 上面開口650x205 側面切欠110x15","2026/10/09","福山通運　九州発送","2026/10/09","","完成","古川","2026/10/06","製造"
"三親電材　広島★","九州工場","九州工場","2026/09/30","2026/09/30","26-J0143907-014-771","IKW0000G","1.60","700.0","250.0","170.0","鉄 貫通枠","","1","さび止め SS-C-5x50x100溶接","2026/10/09","福山通運　九州発送","2026/10/09","","完成","倉重","2026/10/08","製造"
"三親電材　広島★","九州工場","九州工場","2026/09/30","2026/09/30","26-J0143907-013-771","IKW0000G","1.60","1,250.0","300.0","170.0","鉄 貫通枠","","1","さび止め SS-C-5x50x100溶接","2026/10/09","福山通運　九州発送","2026/10/09","","完成","倉重","2026/10/08","製造"
"くまもと電設　人吉★","九州工場","九州工場","2026/09/30","2026/09/30","26-J0144231-001-771","ZE0000X","2.30","400.0","400.0","500.0","ZN PBﾄｸ 水切","","3","ｱｰｽ","2026/10/09","福山通運　九州発送","2026/10/09","","完成","倉重","2026/10/02","製造"
"平岡電気　電設営業部★","九州工場","九州工場","2026/10/01","2026/10/01","26-J0144860-001-771","DP0000WN","1.60","600.0","400.0","300.0","Sﾀﾞｲﾏ PBﾄｸ 被せ","","1","","2026/10/08","ヤマックス福岡","2026/10/09","","完成","古川","2026/10/08","製造"
"日本電設資材　福岡★","九州工場","九州工場","2026/10/01","2026/10/01","26-J0145113-001-771","IIP0000G","2.30","60.0","350.0","0.0","鉄 ﾌﾟﾚｰﾄ","","33","さび止め 穴加工","2026/10/08","ヤマックス　ｽﾎﾟｯﾄ便","2026/10/09","","完成","坂元","2026/10/08","製造"
"日本電設資材　福岡★","九州工場","九州工場","2026/10/01","2026/10/01","26-J0145113-002-771","IKM0000G","2.30","60.0","30.0","200.0","鉄 金物","","33","さび止め リップ溝形鋼-60x30x10x2.3t　","2026/10/08","ヤマックス　ｽﾎﾟｯﾄ便","2026/10/09","","完成","服部","2026/10/08","製造"
"興陽電機　福岡西★","九州工場","九州工場","2026/10/01","2026/10/01","26-J0145244-001-771","IDC0000C","1.60","600.0","315.0","392.0","鉄 ﾀﾞｸﾄｶﾊﾞｰ 焼付","N-45 近似色","1","平蓋 3点ﾊﾞﾗ式 φ8x4","2026/10/08","ヤマックス福岡","2026/10/09","","完成","古川","2026/10/05","製造"
"興陽電機　福岡西★","九州工場","九州工場","2026/10/01","2026/10/01","26-J0145244-002-771","IDC0000C","1.60","1,200.0","315.0","392.0","鉄 ﾀﾞｸﾄｶﾊﾞｰ 焼付","N-45 近似色","1","平蓋 3点ﾊﾞﾗ式 φ8x4","2026/10/08","ヤマックス福岡","2026/10/09","","完成","古川","2026/10/05","製造"
"平和テクノ　防府★","九州工場","九州工場","2026/10/01","2026/10/01","26-J0145297-001-771","ZE2010X2","2.30","200.0","200.0","100.0","ZN PB 水切","","2","ｱｰｽ","2026/10/09","福山通運　九州発送","2026/10/09","","完成","倉重","2026/10/02","製造"
"東芝電材　唐津★","九州工場","九州工場","2026/10/01","2026/10/01","26-J0145465-001-771","IG0000C","0.00","900.0","765.0","210.0","鉄 架台 焼付","5Y7/1 近似色","1","穴加工 C75x40x5x7 　【10.ガス感知警報盤】","2026/10/09","福山通運　九州発送","2026/10/09","","完成","古川","2026/10/06","製造"
"米良電機　宮崎★","九州工場","九州工場","2026/10/01","2026/10/01","26-J0145650-005-771","BE2015SC","1.60","200.0","200.0","150.0","国土 PB 平 焼付","2.5Y9/1 近似色","6","ｱｰｽ","2026/10/09","佐川急便","2026/10/09","","完成","古川","","加工"
"米良電機　宮崎★","九州工場","九州工場","2026/10/01","2026/10/01","26-J0145650-001-771","BE2020SC","1.60","200.0","200.0","200.0","国土 PB 平 焼付","2.5Y9/1 近似色","1","ｱｰｽ","2026/10/09","佐川急便","2026/10/09","","完成","古川","","加工"
"米良電機　宮崎★","九州工場","九州工場","2026/10/01","2026/10/01","26-J0145650-003-771","BE2015SC","1.60","200.0","200.0","150.0","国土 PB 平 焼付","2.5Y9/1 近似色","6","ｱｰｽ","2026/10/08","佐川急便","2026/10/09","","完成","古川","","加工"
"東芝電材　唐津★","九州工場","九州工場","2026/10/01","2026/10/01","26-J0145799-001-771","II0000C","1.60","500.0","500.0","0.0","鉄 切板 焼付","2.5Y9/1 近似色","1","吊穴不可","2026/10/09","佐川急便","2026/10/09","","完成","柴﨑","2026/10/05","製造"
"中西電機　高松本社★","九州工場","九州工場","2026/10/02","2026/10/02","26-J0145884-001-771","IIP0000C","1.60","1,000.0","630.0","0.0","鉄 ﾌﾟﾚｰﾄ 焼付","N8.7(近似色)","2","R5x4 開口ｱﾘ","2026/10/09","福山通運　九州発送","2026/10/09","","完成","古川","2026/10/06","製造"
"米良電機　延岡★","九州工場","九州工場","2026/10/02","2026/10/02","26-J0145931-002-771","SE2015XC","1.50","200.0","200.0","150.0","SUS PB 水切 焼付","2.5Y9/1 近似色","5","ｱｰｽ","2026/10/09","佐川急便","2026/10/09","","完成","古川","","加工"
"米良電機　延岡★","九州工場","九州工場","2026/10/02","2026/10/02","26-J0145931-001-771","SE2515XC","1.50","250.0","250.0","150.0","SUS PB 水切 焼付","2.5Y9/1 近似色","7","ｱｰｽ","2026/10/08","佐川急便","2026/10/09","","完成","古川","2026/10/05","製造"
"日本電設資材　福岡★","九州工場","九州工場","2026/10/02","2026/10/02","26-J0146124-003-771","IG0000G","0.00","1,100.0","930.0","190.0","鉄 架台","","1","さび止め L50x50x6t ベース6t","2026/10/08","ヤマックス福岡","2026/10/09","","完成","倉重","2026/10/07","製造"
"日本電設資材　福岡★","九州工場","九州工場","2026/10/02","2026/10/02","26-J0146124-004-771","IG0000G","0.00","1,250.0","500.0","190.0","鉄 架台","","1","さび止め L50x50x6t ベース6t","2026/10/08","ヤマックス福岡","2026/10/09","","完成","倉重","2026/10/07","製造"
"日本電設資材　福岡★","九州工場","九州工場","2026/10/02","2026/10/02","26-J0146124-001-771","IG0000G","0.00","325.0","300.0","160.0","鉄 架台","","1","さび止め L40x40x5t ベース6t","2026/10/08","ヤマックス福岡","2026/10/09","","完成","倉重","2026/10/07","製造"
"日本電設資材　福岡★","九州工場","九州工場","2026/10/02","2026/10/02","26-J0146124-002-771","IG0000G","0.00","320.0","300.0","160.0","鉄 架台","","1","さび止め L40x40x5t ベース6t","2026/10/08","ヤマックス福岡","2026/10/09","","完成","倉重","2026/10/07","製造"
"米良電機　高鍋★","九州工場","九州工場","2026/10/02","2026/10/02","26-J0146224-002-771","SE4040XC","1.50","400.0","400.0","400.0","SUS PB 水切 焼付","2.5Y9/1 近似色","4","ｱｰｽ","2026/10/09","佐川急便","2026/10/09","","完成","古川","2026/10/06","製造"
"米良電機　高鍋★","九州工場","九州工場","2026/10/02","2026/10/02","26-J0146224-001-771","SE2020XC","1.50","200.0","200.0","200.0","SUS PB 水切 焼付","2.5Y9/1 近似色","7","ｱｰｽ","2026/10/09","佐川急便","2026/10/09","","完成","古川","2026/10/06","製造"
"Q-mast　電気グル－プ★","九州工場","九州工場","2026/10/02","2026/10/02","26-J0146274-001-771","88801","0.00","0.0","0.0","0.0","その他・製","","3","再加工　さび止め→ドブ仕上げ　SS-L-65x65x6t　GP-6t","2026/10/08","ヤマックス　ｽﾎﾟｯﾄ便","2026/10/09","","完成","倉重","2026/10/02","製造"
"Q-mast　電気グル－プ★","九州工場","九州工場","2026/10/02","2026/10/02","26-J0146274-002-771","88801","0.00","0.0","0.0","0.0","その他・製","","2","再加工　さび止め→ドブ仕上げ　SS-L-50x50x6t　GP-6t","2026/10/08","ヤマックス　ｽﾎﾟｯﾄ便","2026/10/09","","完成","倉重","2026/10/02","製造"
"栗田電機　今治★","九州工場","九州工場","2026/10/02","2026/10/02","26-J0146324-001-771","SE2020SC","1.50","200.0","200.0","200.0","SUS PB 平 焼付","2.5Y9/1(近似色)","2","ｱｰｽ","2026/10/09","福山通運　九州発送","2026/10/09","","完成","古川","2026/10/06","製造"
"栗田電機　今治★","九州工場","九州工場","2026/10/02","2026/10/02","26-J0146324-003-771","SE1510XC","1.50","150.0","150.0","100.0","SUS PB 水切 焼付","2.5Y9/1(近似色)","3","ｱｰｽ","2026/10/09","福山通運　九州発送","2026/10/09","","完成","古川","","加工"
"栗田電機　今治★","九州工場","九州工場","2026/10/02","2026/10/02","26-J0146324-002-771","SE1515SC","1.50","150.0","150.0","150.0","SUS PB 平 焼付","2.5Y9/1(近似色)","1","ｱｰｽ","2026/10/09","福山通運　九州発送","2026/10/09","","完成","古川","2026/10/06","製造"
"岡本電機　広島★","九州工場","九州工場","2026/10/02","2026/10/02","26-J0146414-001-771","IDC0000C","1.60","700.0","350.0","345.0","鉄 ﾀﾞｸﾄｶﾊﾞｰ 焼付","日東工業2.5Y9/1近似色","1","平蓋 φ6x4","2026/10/09","佐川急便","2026/10/09","","完成","古川","2026/10/06","製造"
"岡本電機　広島★","九州工場","九州工場","2026/10/02","2026/10/02","26-J0146414-002-771","IDC0000C","1.60","700.0","350.0","88.0","鉄 ﾀﾞｸﾄｶﾊﾞｰ 焼付","日東工業2.5Y9/1近似色","1","平蓋 3点ﾊﾞﾗ式 φ6x4","2026/10/09","佐川急便","2026/10/09","","完成","古川","2026/10/06","製造"
"平岡電気　電設営業部★","九州工場","九州工場","2026/10/02","2026/10/02","26-J0146426-001-771","DDC0000N","1.60","950.0","300.0","500.0","Sﾀﾞｲﾏ ﾀﾞｸﾄｶﾊﾞｰ","","1","平蓋3面蓋 蓋面にﾌﾞﾗﾝｸ有り2ヶ所 φ12x6","2026/10/07","ヤマックス福岡","2026/10/09","","完成","恒川","2026/10/07","製造"
"宮地電機　今治","九州工場","九州工場","2026/10/02","2026/10/02","26-J0146430-003-771","SP0000WN","1.50","350.0","200.0","200.0","SUS PBﾄｸ 被せ","","1","","2026/10/09","福山通運　九州発送","2026/10/09","","完成","樋口","2026/10/09","製造"
"三親電材　浜田★","九州工場","九州工場","2026/10/02","2026/10/02","26-J0146529-001-771","IP4040SC","1.60","400.0","400.0","400.0","鉄 PB 平 焼付","5Y7/1(近似色)","1","","2026/10/09","福山通運　九州発送","2026/10/09","","完成","古川","2026/10/06","製造"
"三親電材　浜田★","九州工場","九州工場","2026/10/02","2026/10/02","26-J0146529-003-771","IDC0000C","1.60","600.0","800.0","200.0","鉄 ﾀﾞｸﾄｶﾊﾞｰ 焼付","5Y7/1(近似色)","1","","2026/10/09","福山通運　九州発送","2026/10/09","","完成","古川","2026/10/06","製造"
"三親電材　浜田★","九州工場","九州工場","2026/10/02","2026/10/02","26-J0146529-002-771","SP4040WC","1.50","400.0","400.0","400.0","SUS PB 被せ 焼付","5Y7/1(近似色)","1","","2026/10/09","福山通運　九州発送","2026/10/09","","完成","古川","2026/10/06","製造"
"宮地電機　徳島","九州工場","九州工場","2026/10/02","2026/10/02","26-J0146804-002-771","BE0000SG","1.60","700.0","700.0","400.0","国土 PBﾄｸ 平","","1","ｱｰｽ さび止め","2026/10/09","福山通運　九州発送","2026/10/09","","完成","倉重","2026/10/09","製造"
"宮地電機　徳島","九州工場","九州工場","2026/10/02","2026/10/02","26-J0146804-001-771","BE6040SG","1.60","600.0","600.0","400.0","国土 PB 平","","1","ｱｰｽ さび止め","2026/10/09","福山通運　九州発送","2026/10/09","","完成","倉重","2026/10/09","製造"
"新光産業　本社","九州工場","九州工場","2026/10/02","2026/10/02","26-J0146892-004-771","BE6050SC","1.60","600.0","600.0","500.0","国土 PB 平 焼付","2.5Y9/1","3","ｱｰｽ","2026/10/09","沖縄直送","2026/10/09","","完成","古川","2026/10/06","製造"
"新光産業　本社","九州工場","九州工場","2026/10/02","2026/10/02","26-J0146892-003-771","BE5040SC","1.60","500.0","500.0","400.0","国土 PB 平 焼付","2.5Y9/1","1","ｱｰｽ","2026/10/09","沖縄直送","2026/10/09","","完成","古川","2026/10/06","製造"
"新光産業　本社","九州工場","九州工場","2026/10/02","2026/10/02","26-J0146892-002-771","BE0000SC","1.60","350.0","350.0","100.0","国土 PBﾄｸ 平 焼付","2.5Y9/1","1","ｱｰｽ","2026/10/09","沖縄直送","2026/10/09","","完成","古川","2026/10/06","製造"
"新光産業　本社","九州工場","九州工場","2026/10/02","2026/10/02","26-J0146892-001-771","BE3030SC","1.60","300.0","300.0","300.0","国土 PB 平 焼付","2.5Y9/1","2","ｱｰｽ","2026/10/09","沖縄直送","2026/10/09","","完成","古川","2026/10/06","製造"
"正二電気　岡山本社","九州工場","九州工場","2026/10/02","2026/10/02","26-J0146933-001-771","IIP0000C","1.60","460.0","300.0","0.0","鉄 ﾌﾟﾚｰﾄ 焼付","2.5Y9/1(近似色)","1","開口･穴加工ｱﾘ","2026/10/09","福山通運　九州発送","2026/10/09","","完成","古川","2026/10/06","製造"
"正二電気　岡山本社","九州工場","九州工場","2026/10/02","2026/10/02","26-J0146933-002-771","IIP0000C","1.60","350.0","150.0","0.0","鉄 ﾌﾟﾚｰﾄ 焼付","2.5Y9/1(近似色)","1","開口･穴加工ｱﾘ","2026/10/09","福山通運　九州発送","2026/10/09","","完成","古川","2026/10/06","製造"
"ウチダ★","九州工場","九州工場","2026/10/02","2026/10/02","26-J0147073-001-771","SP2010XC","1.50","200.0","200.0","100.0","SUS PB 水切 焼付","5Y7/1 近似色","1","","2026/10/09","福山通運　九州発送","2026/10/09","","完成","古川","2026/10/06","製造"
"カンサイ九州昭和　北九州★","九州工場","九州工場","2026/10/02","2026/10/02","26-J0147097-001-771","SG0000N","5.00","1,004.0","570.0","100.0","SUS 架台","","1","[5x100x50　SUS板ｔ2.0-570x100 8-M6裏ﾅｯﾄ溶接 穴加工","2026/10/09","佐川急便","2026/10/09","","完成","古川","2026/10/09","製造"
"ハッピー電気　天草★","九州工場","九州工場","2026/10/05","2026/10/05","26-J0147401-001-771","IP0000SC","1.60","380.0","340.0","50.0","鉄 PBﾄｸ 平 焼付","N9.5 近似色","1","ﾊﾟｯｷﾝ付　4点ﾋﾞｽ止め","2026/10/09","佐川急便","2026/10/09","","完成","古川","2026/10/06","製造"
"米良電機　西★","九州工場","九州工場","2026/10/05","2026/10/05","26-J0147486-001-771","SE1515XC","1.50","150.0","150.0","150.0","SUS PB 水切 焼付","2.5Y9/1 近似色","3","ｱｰｽ","2026/10/09","佐川急便","2026/10/09","","完成","古川","2026/10/06","製造"
"佐川電機★","九州工場","九州工場","2026/10/05","2026/10/05","26-J0147567-001-771","DP0000XN","1.60","200.0","200.0","100.0","Sﾀﾞｲﾏ PBﾄｸ 水切","","1","","2026/10/09","福山通運　九州発送","2026/10/09","","完成","古川","2026/10/09","製造"
"平岡電気　福岡南★","九州工場","九州工場","2026/10/05","2026/10/05","26-J0148437-001-771","IP0000SG","1.60","400.0","200.0","120.0","鉄 PBﾄｸ 平","","1","さび止め 蓋面開口あり236x75","2026/10/08","ヤマックス福岡","2026/10/09","","完成","服部","2026/10/08","製造"
"三親電材　松江★","九州工場","九州工場","2026/10/05","2026/10/05","26-J0148498-001-771","SE0000WN","1.50","250.0","250.0","100.0","SUS PBﾄｸ 被せ","","1","側面ｱｰｽ 木板付","2026/10/09","福山通運　九州発送","2026/10/09","","ｷｬﾝｾﾙ","樋口","2026/10/09","製造"
"三親電材　松江★","九州工場","九州工場","2026/10/05","2026/10/05","26-J0148498-002-771","SAI0000N","0.00","3,000.0","0.0","0.0","SUS ｱﾝｸﾞﾙ","","4","穴加工ｱﾘ","2026/10/09","福山通運　九州発送","2026/10/09","","完成","古川","2026/10/09","製造"
"中国機材設備　本社★","九州工場","九州工場","2026/10/05","2026/10/05","26-J0148616-001-771","SMK0000N","2.00","300.0","300.0","150.0","SUS 曲金物","","1","取付穴6-φ5","2026/10/09","佐川急便","2026/10/09","","完成","樋口","2026/10/09","製造"
"ナミデン　福岡★","九州工場","九州工場","2026/10/06","2026/10/06","26-J0148729-001-771","IG0000G","0.00","500.0","1,500.0","0.0","鉄 架台","","1","ｺﾝﾌﾟﾚｯｻｰ配管架台　[100x50x5x7.5 さび止め","2026/10/08","営業配達","2026/10/09","","完成","倉重","2026/10/08","製造"
"宮地電機　南予","九州工場","九州工場","2026/10/06","2026/10/06","26-J0148852-001-771","SE0000XNA","1.50","300.0","300.0","200.0","SUS PBﾄｸ 水切","","1","ｱｰｽ 長足L800付L6x50Φ12","2026/10/09","福山通運　九州発送","2026/10/09","","完成","樋口","2026/10/09","製造"
"宮地電機　南予","九州工場","九州工場","2026/10/06","2026/10/06","26-J0148852-002-771","SD0000N","1.50","550.0","165.0","750.0","SUS ﾀﾞｸﾄ","","1","ｱｰｽ 支持棒･ｱﾝｸﾞﾙ･ﾒｸﾗ･ｺﾞﾑﾊﾟｯｷﾝ付","2026/10/09","福山通運　九州発送","2026/10/09","","完成","樋口","2026/10/09","製造"
"カンサイ　八幡★","九州工場","九州工場","2026/10/06","2026/10/06","26-J0149154-001-771","IP6060SG","1.60","600.0","600.0","600.0","鉄 PB 平","","2","さび止め","2026/10/08","北九州配達","2026/10/09","","完成","服部","2026/10/08","製造"
"東芝電材　福岡★","九州工場","九州工場","2026/10/06","2026/10/06","26-J0149162-001-771","DE0000XN","1.60","150.0","150.0","100.0","Sﾀﾞｲﾏ PBﾄｸ 水切","","1","ｱｰｽ","2026/10/08","ヤマックス福岡","2026/10/09","","完成","服部","2026/10/08","製造"
"かごしま電工　南★","九州工場","九州工場","2026/10/06","2026/10/06","26-J0149294-002-771","BE2525SGW","1.60","250.0","250.0","250.0","国土 PB 平","","5","ｱｰｽ さび止め 内ﾜﾆｽ","2026/10/09","佐川急便","2026/10/09","","完成","樋口","2026/10/08","製造"
"かごしま電工　南★","九州工場","九州工場","2026/10/06","2026/10/06","26-J0149294-001-771","BE2525SGW","1.60","250.0","250.0","250.0","国土 PB 平","","10","ｱｰｽ さび止め 内ﾜﾆｽ","2026/10/08","佐川急便","2026/10/09","","完成","服部","2026/10/07","製造"
"東芝電材　武雄★","九州工場","九州工場","2026/10/06","2026/10/06","26-J0149327-002-771","SE0000XN","1.50","200.0","200.0","150.0","SUS PBﾄｸ 水切","","2","ｱｰｽ 端子台用ﾍﾞｰｽ55x80x45溶接","2026/10/09","佐川急便","2026/10/09","","完成","倉重","2026/10/09","製造"
"東芝電材　武雄★","九州工場","九州工場","2026/10/06","2026/10/06","26-J0149327-001-771","SE0000XN","1.50","200.0","200.0","150.0","SUS PBﾄｸ 水切","","2","ｱｰｽ 端子台用ﾍﾞｰｽ55x95x45溶接","2026/10/09","佐川急便","2026/10/09","","完成","倉重","2026/10/09","製造"
"三親電材　水島★","九州工場","九州工場","2026/10/06","2026/10/06","26-J0149433-001-771","IP0000SGP","2.30","200.0","200.0","200.0","鉄 PBﾄｸ 平","","2","さび止め ｺﾞﾑﾊﾟｯｷﾝ付 外耳20 M6BN締め","2026/10/09","福山通運　九州発送","2026/10/09","","完成","倉重","2026/10/09","製造"
"ヤシマ電材","九州工場","九州工場","2026/10/06","2026/10/06","26-J0149497-001-771","SE0000XN","2.00","1,000.0","900.0","450.0","SUS PBﾄｸ 水切","","1","ｱｰｽ","2026/10/09","福山通運　九州発送","2026/10/09","","完成","樋口","2026/10/09","製造"
"ヤシマ電材","九州工場","九州工場","2026/10/06","2026/10/06","26-J0149497-002-771","SE0000XN","2.00","1,000.0","500.0","500.0","SUS PBﾄｸ 水切","","1","ｱｰｽ","2026/10/09","福山通運　九州発送","2026/10/09","","完成","樋口","2026/10/09","製造"
"三親電材　鳥取★","九州工場","九州工場","2026/10/06","2026/10/06","26-J0149537-001-771","SE0000XN","1.50","500.0","500.0","350.0","SUS PBﾄｸ 水切","","3","ｱｰｽ","2026/10/09","福山通運　九州発送","2026/10/09","","完成","樋口","2026/10/09","製造"
"中西電機　高松本社★","九州工場","九州工場","2026/10/06","2026/10/06","26-J0149699-001-771","SIP0000N","1.50","180.0","70.0","0.0","SUS ﾌﾟﾚｰﾄ","","3","ｺﾞﾑﾊﾟｯｷﾝ付･開口ｱﾘ","2026/10/09","福山通運　九州発送","2026/10/09","","完成","倉重","2026/10/09","製造"
"大豊産業　松山★","九州工場","九州工場","2026/10/06","2026/10/06","26-J0149715-001-771","SST0000N","0.00","300.0","300.0","1,500.0","SUS ｽﾀﾝｼｮﾝ","","2","50A ﾍﾞｰｽt6.0","2026/10/09","福山通運　九州発送","2026/10/09","","完成","樋口","2026/10/08","製造"
"ヤシマ電材 倉敷★","九州工場","九州工場","2026/10/06","2026/10/06","26-J0149896-002-771","SE3030XNA","1.50","300.0","300.0","300.0","SUS PB 水切","","1","ｱｰｽ 足付4-L3x30.12ﾊﾟｲ","2026/10/09","福山通運　九州発送","2026/10/09","","完成","倉重","2026/10/09","製造"
"ヤシマ電材 倉敷★","九州工場","九州工場","2026/10/06","2026/10/06","26-J0149896-001-771","SE3020XNA","1.50","300.0","300.0","200.0","SUS PB 水切","","2","ｱｰｽ 足付4-L3x30.12ﾊﾟｲ","2026/10/09","福山通運　九州発送","2026/10/09","","完成","倉重","2026/10/09","製造"
"三親電材　津山★","九州工場","九州工場","2026/10/06","2026/10/06","26-J0149970-001-771","SMK0000N","1.50","120.0","147.0","20.0","SUS 曲金物","","1","L型 穴加工ｱﾘ","2026/10/09","福山通運　九州発送","2026/10/09","","完成","服部","2026/10/09","製造"
"ナンリツ　徳島★","九州工場","九州工場","2026/10/07","2026/10/07","26-J0150133-001-771","BE0000SG","2.30","1,100.0","300.0","300.0","国土 PBﾄｸ 平","","1","ｱｰｽ さび止め 蓋2分割","2026/10/09","福山通運　九州発送","2026/10/09","","完成","倉重","2026/10/08","製造"
"ナミデン　福岡★","九州工場","九州工場","2026/10/07","2026/10/07","26-J0150173-001-771","DP2015WN","1.60","200.0","200.0","150.0","Sﾀﾞｲﾏ PB 被せ","","3","","2026/10/08","ヤマックス福岡","2026/10/09","","完成","服部","2026/10/08","製造"
"カンサイ　福岡南★","九州工場","九州工場","2026/10/07","2026/10/07","26-J0150344-001-771","SE0000XN","1.50","500.0","400.0","300.0","SUS PBﾄｸ 水切","","1","ｱｰｽ","2026/10/08","ヤマックス福岡","2026/10/09","","完成","坂元","2026/10/08","製造"
"正二電気　岡山本社","九州工場","九州工場","2026/10/07","2026/10/07","26-J0150584-001-771","SAI0000N","0.00","750.0","0.0","0.0","SUS ｱﾝｸﾞﾙ","","1","穴加工ｱﾘ","2026/10/09","福山通運　九州発送","2026/10/09","","完成","樋口","2026/10/09","製造"
"宮地電機　徳島","九州工場","九州工場","2026/10/07","2026/10/07","26-J0151059-001-771","SE6060XN","1.50","600.0","600.0","600.0","SUS PB 水切","","1","ｱｰｽ","2026/10/09","福山通運　九州発送","2026/10/09","","完成","樋口","2026/10/09","製造"
"正二電気　岡山本社","九州工場","九州工場","2026/10/07","2026/10/07","26-J0151130-001-771","IIP0000G","1.60","500.0","500.0","0.0","鉄 ﾌﾟﾚｰﾄ","","3","さび止め 穴加工ｱﾘ","2026/10/09","福山通運　九州発送","2026/10/09","","完成","倉重","2026/10/09","製造"
"平岡電気　八女★","九州工場","九州工場","2026/10/07","2026/10/07","26-J0151220-001-771","SIP0000N","1.50","330.0","120.0","0.0","SUS ﾌﾟﾚｰﾄ","","1","φ20 φ7x2 M5ﾀｯﾌﾟx2","2026/10/09","佐川急便","2026/10/09","","完成","服部","2026/10/09","製造"
"ナミデン　福岡★","九州工場","九州工場","2026/10/07","2026/10/07","26-J0151369-001-771","DC0000N","1.60","380.0","363.0","940.0","Sﾀﾞｲﾏ ｶﾊﾞｰ","","1","ﾌｰﾄﾞｶﾊﾞｰ","2026/10/09","福山通運　九州発送","2026/10/09","","完成","古川","2026/10/09","製造"
"ナミデン　広島★","九州工場","九州工場","2026/10/07","2026/10/07","26-J0151428-001-771","SP0000WN","1.50","500.0","300.0","200.0","SUS PBﾄｸ 被せ","","1","","2026/10/09","佐川急便","2026/10/09","","完成","樋口","2026/10/09","製造"
"シンセイ　広島第二★","九州工場","九州工場","2026/10/08","2026/10/08","26-J0151486-001-771","SE5020XN","1.50","500.0","500.0","200.0","SUS PB 水切","","2","ｱｰｽ","2026/10/09","福山通運　九州発送","2026/10/09","","完成","倉重","2026/10/09","製造"
"シンセイ　広島第二★","九州工場","九州工場","2026/10/08","2026/10/08","26-J0151488-001-771","BE5020SG","1.60","500.0","500.0","200.0","国土 PB 平","","1","ｱｰｽ さび止め","2026/10/09","福山通運　九州発送","2026/10/09","","完成","樋口","2026/10/09","製造"
"三親電材　広島★","九州工場","九州工場","2026/10/08","2026/10/08","26-J0151566-001-771","BE0000SG","1.60","400.0","350.0","200.0","国土 PBﾄｸ 平","","1","ｱｰｽ さび止め","2026/10/09","福山通運　九州発送","2026/10/09","","完成","樋口","2026/10/09","製造"
"興陽電機　岩国★","九州工場","九州工場","2026/10/08","2026/10/08","26-J0151619-001-771","BE0000SG","1.60","500.0","250.0","120.0","国土 PBﾄｸ 平","","2","ｱｰｽ さび止め","2026/10/09","福山通運　九州発送","2026/10/09","","完成","倉重","2026/10/09","製造"
"さくら電機　国分★","九州工場","九州工場","2026/10/08","2026/10/08","26-J0151685-001-771","IE4020SG","1.60","400.0","400.0","200.0","鉄 PB 平","","1","ｱｰｽ さび止め","2026/10/09","佐川急便","2026/10/09","","完成","倉重","2026/10/09","製造"
"デンザイ東亜　本社★","九州工場","九州工場","2026/10/08","2026/10/08","26-J0151825-001-771","DP4020WN","1.60","400.0","400.0","200.0","Sﾀﾞｲﾏ PB 被せ","","1","","2026/10/09","佐川急便","2026/10/09","","完成","古川","2026/10/09","製造"
"啓電社★","九州工場","九州工場","2026/10/08","2026/10/08","26-J0151864-001-771","IAI0000G","6.00","3,000.0","0.0","0.0","鉄 ｱﾝｸﾞﾙ","","4","さび止め L65x65x6t","2026/10/08","ヤマックス福岡","2026/10/09","","完成","森田","2026/10/08","製造"
"東芝電材　岡山★","九州工場","九州工場","2026/10/08","2026/10/08","26-J0152088-001-771","SE0000XN","1.50","150.0","150.0","200.0","SUS PBﾄｸ 水切","","1","ｱｰｽ","2026/10/09","福山通運　九州発送","2026/10/09","","完成","樋口","2026/10/09","製造"
"三親電材　広島★","九州工場","九州工場","2026/10/08","2026/10/08","26-J0152121-001-771","SE0000XN","1.50","350.0","350.0","100.0","SUS PBﾄｸ 水切","","1","ｱｰｽ","2026/10/09","福山通運　九州発送","2026/10/09","","完成","樋口","2026/10/09","製造"
"東芝電材　宮崎★","九州工場","九州工場","2026/10/08","2026/10/08","26-J0152122-001-771","BE0000SG","1.60","350.0","300.0","250.0","国土 PBﾄｸ 平","","1","ｱｰｽ さび止め","2026/10/09","福山通運　九州発送","2026/10/09","","完成","樋口","2026/10/09","製造"
"ナミデン　岡山★","九州工場","九州工場","2026/10/08","2026/10/08","26-J0152204-001-771","SE0000SN","1.50","600.0","300.0","300.0","SUS PBﾄｸ 平","","1","ｱｰｽ","2026/10/09","福山通運　九州発送","2026/10/09","","完成","樋口","2026/10/09","製造"
"三親電材　松江★","九州工場","九州工場","2026/10/08","2026/10/08","26-J0152264-001-771","SE0000WN","1.50","350.0","350.0","250.0","SUS PBﾄｸ 被せ","","1","ｱｰｽ","2026/10/09","福山通運　九州発送","2026/10/09","","完成","樋口","2026/10/09","製造"
"三親電材　広島★","九州工場","九州工場","2026/10/08","2026/10/08","26-J0152613-001-771","DI0000N","1.60","200.0","200.0","0.0","Sﾀﾞｲﾏ 切板","","13","","2026/10/09","福山通運　九州発送","2026/10/09","","完成","服部","2026/10/09","製造"
"シンセイ　広島第一★","九州工場","九州工場","2026/10/09","2026/10/09","26-J0152926-001-771","IP2020XG","1.60","200.0","200.0","200.0","鉄 PB 水切","","1","さび止め","2026/10/09","福山通運　九州発送","2026/10/09","","完成","樋口","2026/10/09","製造"
"日本電設資材　福岡★","九州工場","九州工場","2026/10/09","2026/10/09","26-J0153013-001-771","II0000G","2.30","200.0","200.0","0.0","鉄 切板","","16","さび止め","2026/10/09","佐川急便","2026/10/09","","完成","坂元","2026/10/09","製造"
"興陽電機　八幡★","九州工場","九州工場","2026/09/18","2026/09/18","26-J0137256-001-771","SD0000N","1.50","200.0","150.0","1,400.0","SUS ﾀﾞｸﾄ","","1","/1040/400 L型 水切 ｱｰｽ ｹｰﾌﾞﾙ支持 ｾﾊﾟﾚｰﾀ無し","2026/10/09","北九州配達","2026/10/13","","組立","樋口","2026/10/09","製造"
"日本電設資材　福岡★","九州工場","九州工場","2026/09/24","2026/09/24","26-J0138980-001-771","ZG0000","0.00","2,810.0","2,221.0","0.0","ZN 架台","","1","(GS) ﾊﾟﾜｺﾝ架台　屋根ｱﾙﾐ板付  一式","2026/10/09","ヤマックス　ｽﾎﾟｯﾄ便","2026/10/13","","完成","森田","2026/10/08","製造"
"富士商会　大村★","九州工場","九州工場","2026/09/25","2026/09/25","26-J0140411-004-771","DKW0000N","1.60","900.0","200.0","280.0","Sﾀﾞｲﾏ 貫通枠","","1","平蓋　開口部注意ｽﾃｯｶｰ","2026/10/13","福山通運　九州発送","2026/10/13","","溶接","カイ","2026/10/09","製造"
"富士商会　大村★","九州工場","九州工場","2026/09/25","2026/09/25","26-J0140411-001-771","DKW0000N","1.60","300.0","200.0","210.0","Sﾀﾞｲﾏ 貫通枠","","8","平蓋　開口部注意ｽﾃｯｶｰ","2026/10/09","福山通運　九州発送","2026/10/13","","組立","古川","2026/10/08","製造"
"富士商会　大村★","九州工場","九州工場","2026/09/25","2026/09/25","26-J0140411-003-771","DKW0000N","1.60","400.0","200.0","280.0","Sﾀﾞｲﾏ 貫通枠","","4","平蓋　開口部注意ｽﾃｯｶｰ","2026/10/13","福山通運　九州発送","2026/10/13","","溶接","カイ","2026/10/09","製造"
"富士商会　大村★","九州工場","九州工場","2026/09/25","2026/09/25","26-J0140411-002-771","DKW0000N","1.60","300.0","200.0","240.0","Sﾀﾞｲﾏ 貫通枠","","2","平蓋　開口部注意ｽﾃｯｶｰ","2026/10/13","福山通運　九州発送","2026/10/13","","溶接","カイ","2026/10/09","製造"
"佐野電機工業","九州工場","九州工場","2026/09/29","2026/09/29","26-J0142340-006-771","ZE3030X2","2.30","300.0","300.0","300.0","ZN PB 水切","","2","HDZT56 ｱｰｽ","2026/10/09","福山通運　九州発送","2026/10/13","","溶接","テイン","2026/10/02","製造"
"佐野電機工業","九州工場","九州工場","2026/09/29","2026/09/29","26-J0142340-011-771","ZE3030X2","2.30","300.0","300.0","300.0","ZN PB 水切","","2","HDZT56 ｱｰｽ","2026/10/09","福山通運　九州発送","2026/10/13","","溶接","テイン","2026/10/02","製造"
"佐野電機工業","九州工場","九州工場","2026/09/29","2026/09/29","26-J0142340-005-771","ZE2020X2","2.30","200.0","200.0","200.0","ZN PB 水切","","10","HDZT56 ｱｰｽ","2026/10/08","福山通運　九州発送","2026/10/13","","完成","森田","2026/10/01","製造"
"佐野電機工業","九州工場","九州工場","2026/09/29","2026/09/29","26-J0142340-002-771","ZE3030X2","2.30","300.0","300.0","300.0","ZN PB 水切","","4","HDZT56 ｱｰｽ","2026/10/09","福山通運　九州発送","2026/10/13","","溶接","テイン","2026/10/02","製造"
"日新電機システム","九州工場","九州工場","2026/09/29","2026/09/29","26-J0142450-001-771","BD0000C","1.60","600.0","250.0","400.0","国土 ﾀﾞｸﾄ 焼付","色見本(2.5Y9/1)","2","平蓋面ﾌﾞﾗﾝｸ ﾀﾞﾙﾏ穴x2 取付穴 支持金具","2026/10/06","イトカツ","2026/10/13","2026/10/06","完成","古川","2026/10/01","製造"
"平岡電材　大牟田★","九州工場","九州工場","2026/09/29","2026/09/29","26-J0142478-001-771","IG0000G","6.00","400.0","250.0","300.0","鉄 架台","","4","さび止め SS-L-50x50x6t　穴加工　左右＝1セット","2026/10/13","佐川急便","2026/10/13","","塗装","増井","2026/10/09","製造"
"平岡電材　大牟田★","九州工場","九州工場","2026/09/29","2026/09/29","26-J0142478-002-771","IG0000G","6.00","800.0","250.0","300.0","鉄 架台","","3","さび止め SS-L-50x50x6t　穴加工　左右＝1セット","2026/10/13","佐川急便","2026/10/13","","溶接","クイ","2026/10/09","製造"
"平岡電材　大牟田★","九州工場","九州工場","2026/09/29","2026/09/29","26-J0142478-003-771","IG0000G","6.00","400.0","250.0","300.0","鉄 架台","","7","さび止め SS-L-50x50x6t　穴加工　左右＝1セット","2026/10/13","佐川急便","2026/10/13","","溶接","クイ","2026/10/09","製造"
"カンサイ　苅田★","九州工場","九州工場","2026/09/29","2026/09/29","26-J0143000-005-771","ZCI0000","0.00","2,000.0","0.0","0.0","ZN ﾁｬﾝﾈﾙ","","4","[100x50x5t","2026/10/13","福山通運　九州発送","2026/10/13","","組立","金光","2026/10/05","製造"
"カンサイ　苅田★","九州工場","九州工場","2026/09/29","2026/09/29","26-J0143000-002-771","ZP3020W2","2.30","300.0","300.0","200.0","ZN PB 被せ","","1","","2026/10/13","福山通運　九州発送","2026/10/13","","組立","金光","2026/10/05","製造"
"カンサイ　苅田★","九州工場","九州工場","2026/09/29","2026/09/29","26-J0143000-001-771","ZP4020W2","2.30","400.0","400.0","200.0","ZN PB 被せ","","1","","2026/10/13","福山通運　九州発送","2026/10/13","","組立","金光","2026/10/05","製造"
"カンサイ　苅田★","九州工場","九州工場","2026/09/29","2026/09/29","26-J0143000-004-771","ZKM0000","6.00","50.0","50.0","3,000.0","ZN 金物","","6","L50x50x6t 片穴φ8x40","2026/10/13","福山通運　九州発送","2026/10/13","","組立","金光","2026/10/05","製造"
"カンサイ　苅田★","九州工場","九州工場","2026/09/29","2026/09/29","26-J0143000-007-771","ZKM0000","0.00","2,500.0","0.0","0.0","ZN 金物","","1","FB6tx75W","2026/10/13","福山通運　九州発送","2026/10/13","","組立","金光","2026/10/05","製造"
"カンサイ　苅田★","九州工場","九州工場","2026/09/29","2026/09/29","26-J0143000-006-771","ZI0000","6.00","150.0","150.0","0.0","ZN 切板","","2","","2026/10/13","福山通運　九州発送","2026/10/13","","組立","金光","2026/10/05","製造"
"ｹｲ･ｴｽ･ﾃﾞｰ　鹿児島★","九州工場","九州工場","2026/09/29","2026/09/29","26-J0143221-001-771","DDC0000C","1.60","250.0","300.0","1,100.0","Sﾀﾞｲﾏ ﾀﾞｸﾄｶﾊﾞｰ 焼付","LN-72 近似色","2","コ型ｶﾊﾞｰ 正面平蓋+ﾊﾟｯｷﾝ付","2026/10/13","佐川急便","2026/10/13","","塗装","樫原","2026/10/07","製造"
"三親電材　米子★","九州工場","九州工場","2026/09/30","2026/09/30","26-J0143640-001-771","ZE0000XA","2.30","300.0","300.0","200.0","ZN PBﾄｸ 水切","","1","ｱｰｽ 足付L5x40Φ12 ｶｯﾌﾟﾘﾝｸﾞ溶接 穴加工ｱﾘ HDZT56","2026/10/13","福山通運　九州発送","2026/10/13","","組立","金光","2026/10/05","製造"
"三親電材　米子★","九州工場","九州工場","2026/09/30","2026/09/30","26-J0143640-002-771","ZE0000XA","2.30","300.0","300.0","300.0","ZN PBﾄｸ 水切","","1","ｱｰｽ 足付L5x40Φ12 ｶｯﾌﾟﾘﾝｸﾞ溶接 穴加工ｱﾘ HDZT56","2026/10/13","福山通運　九州発送","2026/10/13","","組立","金光","2026/10/05","製造"
"新光産業　南","九州工場","九州工場","2026/09/30","2026/09/30","26-J0143962-001-771","SE1010WC","1.50","100.0","100.0","100.0","SUS PB 被せ 焼付","2.5Y9/1","5","ｱｰｽ","2026/10/06","イトカツ","2026/10/13","2026/10/06","完成","古川","2026/10/01","製造"
"カンサイ九州昭和　北九州★","九州工場","九州工場","2026/09/30","2026/09/30","26-J0144226-001-771","DIP0000N","1.60","100.0","70.0","0.0","Sﾀﾞｲﾏ ﾌﾟﾚｰﾄ","","40","φ25 2-M4ﾀｯﾌﾟ 2-φ5","2026/10/13","佐川急便","2026/10/13","","組立","井上","2026/10/13","製造"
"カンサイ九州昭和　北九州★","九州工場","九州工場","2026/09/30","2026/09/30","26-J0144238-002-771","IF0000C","1.60","630.0","630.0","70.0","鉄 裏BOX 焼付","N9.5 近似色","1","上面開口600x600 下面2-φ30 2-φ20 2-W3/8NT溶接","2026/10/13","佐川急便","2026/10/13","","塗装","柴﨑","2026/10/07","製造"
"カンサイ九州昭和　北九州★","九州工場","九州工場","2026/09/30","2026/09/30","26-J0144238-003-771","IF0000C","1.60","630.0","630.0","70.0","鉄 裏BOX 焼付","N9.5 近似色","1","上面開口600x600 下面φ30 2-φ20 2-W3/8NT溶接","2026/10/13","佐川急便","2026/10/13","","塗装","柴﨑","2026/10/07","製造"
"カンサイ九州昭和　北九州★","九州工場","九州工場","2026/09/30","2026/09/30","26-J0144238-004-771","IF0000C","1.60","630.0","630.0","70.0","鉄 裏BOX 焼付","N9.5 近似色","4","上面開口600x600 下面φ30 2-φ20 2-W3/8NT溶接","2026/10/13","佐川急便","2026/10/13","","塗装","柴﨑","2026/10/07","製造"
"三共電気　東★","九州工場","九州工場","2026/09/30","2026/09/30","26-J0144283-001-771","ZE1515X2","2.30","150.0","150.0","150.0","ZN PB 水切","","2","ｱｰｽ","2026/10/09","ヤマックス福岡","2026/10/13","","外注","テイン","2026/10/02","製造"
"平岡電気　電設営業部★","九州工場","九州工場","2026/09/30","2026/09/30","26-J0144532-001-771","SG0000C","0.00","1,400.0","315.0","0.0","SUS 架台 焼付","5Y7/1 近似色","1","L-50x50x6t","2026/10/13","福山通運　九州発送","2026/10/13","","塗装","柴﨑","2026/10/07","製造"
"ＳＴＥＰ　広島★","九州工場","九州工場","2026/09/30","2026/09/30","26-J0144545-001-771","IMK0000C","1.60","1,300.0","300.0","10.0","鉄 曲金物 焼付","N9.5(近似色)","5","穴加工ｱﾘ","2026/10/13","福山通運　九州発送","2026/10/13","","塗装","柴﨑","2026/10/07","製造"
"三親電材　山口★","九州工場","九州工場","2026/10/01","2026/10/01","26-J0144972-002-771","BP0000SC","1.60","100.0","100.0","50.0","国土 PBﾄｸ 平 焼付","5Y7/1 近似色","1","ｱｰｽ無","2026/10/13","福山通運　九州発送","2026/10/13","","塗装","柴﨑","2026/10/07","製造"
"三親電材　山口★","九州工場","九州工場","2026/10/01","2026/10/01","26-J0144972-001-771","BP0000SC","1.60","250.0","250.0","150.0","国土 PBﾄｸ 平 焼付","5Y7/1 近似色","1","ｱｰｽ無 下面開口210x210　足付　台座付(蓋に溶接）","2026/10/13","福山通運　九州発送","2026/10/13","","塗装","柴﨑","2026/10/07","製造"
"三親電材　山口★","九州工場","九州工場","2026/10/01","2026/10/01","26-J0144972-004-771","BE0000SC","1.60","300.0","300.0","200.0","国土 PBﾄｸ 平 焼付","5Y7/1 近似色","1","ｱｰｽ ｹｰﾌﾞﾙ支持棒付","2026/10/13","福山通運　九州発送","2026/10/13","","塗装","柴﨑","2026/10/07","製造"
"三親電材　山口★","九州工場","九州工場","2026/10/01","2026/10/01","26-J0144972-005-771","BDC0000C","1.60","300.0","220.0","750.0","国土 ﾀﾞｸﾄｶﾊﾞｰ 焼付","2.5Y9/1 近似色","1","ｱｰｽ 平蓋　脱着式ｹｰﾌﾞﾙ支持棒付　ｾﾊﾟ無","2026/10/13","福山通運　九州発送","2026/10/13","","塗装","山口","2026/10/07","製造"
"三親電材　山口★","九州工場","九州工場","2026/10/01","2026/10/01","26-J0144972-003-771","BE5020SC","1.60","500.0","500.0","200.0","国土 PB 平 焼付","5Y7/1 近似色","1","ｱｰｽ","2026/10/13","福山通運　九州発送","2026/10/13","","塗装","柴﨑","2026/10/07","製造"
"宮地電機　高知","九州工場","九州工場","2026/10/01","2026/10/01","26-J0145305-001-771","ZE2020X2","2.30","200.0","200.0","200.0","ZN PB 水切","","1","HDZT56 ｱｰｽ","2026/10/13","福山通運　九州発送","2026/10/13","","組立","金光","2026/10/05","製造"
"米良電機　宮崎★","九州工場","九州工場","2026/10/01","2026/10/01","26-J0145652-004-771","SE2015XC","1.50","200.0","200.0","150.0","SUS PB 水切 焼付","2.5Y9/1 近似色","10","ｱｰｽ","2026/10/13","佐川急便","2026/10/13","","ｷｬﾝｾﾙ","林(秀)","2026/10/07","製造"
"米良電機　宮崎★","九州工場","九州工場","2026/10/01","2026/10/01","26-J0145652-005-771","SE2015XC","1.50","200.0","200.0","150.0","SUS PB 水切 焼付","2.5Y9/1 近似色","10","ｱｰｽ","2026/10/13","佐川急便","2026/10/13","","塗装","ナム","","加工"
"カンサイ西九州社　島原★","九州工場","九州工場","2026/10/01","2026/10/01","26-J0145828-003-771","IDC0000C","1.60","1,000.0","250.0","600.0","鉄 ﾀﾞｸﾄｶﾊﾞｰ 焼付","日東工業2.5Y9/1近似色","1","平蓋 取付穴有り","2026/10/13","佐川急便","2026/10/13","","塗装","ナム","2026/10/07","製造"
"カンサイ西九州社　島原★","九州工場","九州工場","2026/10/01","2026/10/01","26-J0145828-001-771","IDC0000C","1.60","700.0","200.0","690.0","鉄 ﾀﾞｸﾄｶﾊﾞｰ 焼付","日東工業2.5Y9/1近似色","1","平蓋 取付穴有り","2026/10/13","佐川急便","2026/10/13","","塗装","ナム","2026/10/07","製造"
"カンサイ西九州社　島原★","九州工場","九州工場","2026/10/01","2026/10/01","26-J0145828-002-771","IDC0000C","1.60","600.0","200.0","195.0","鉄 ﾀﾞｸﾄｶﾊﾞｰ 焼付","日東工業2.5Y9/1近似色","1","平蓋 取付穴有り","2026/10/13","佐川急便","2026/10/13","","塗装","ナム","2026/10/07","製造"
"山電　八幡","九州工場","九州工場","2026/10/02","2026/10/02","26-J0146153-001-771","BE0000SC","1.60","350.0","300.0","150.0","国土 PBﾄｸ 平 焼付","2.5Y9/1 近似色","1","ｱｰｽ付き","2026/10/09","北九州配達","2026/10/13","","塗装","柴﨑","2026/10/06","製造"
"丸井産業　延岡★","九州工場","九州工場","2026/10/02","2026/10/02","26-J0146282-001-771","IKW0000G","1.60","1,885.0","585.0","370.0","鉄 貫通枠","","1","さび止め 丸棒溶接　袴点溶接","2026/10/13","佐川急便","2026/10/13","","塗装","坂元","2026/10/09","製造"
"三和電気商会★","九州工場","九州工場","2026/10/02","2026/10/02","26-J0146382-001-771","ZE0000S","2.30","500.0","300.0","250.0","ZN PBﾄｸ 平","","1","HDZT56 ｱｰｽ","2026/10/13","福山通運　九州発送","2026/10/13","","組立","金光","2026/10/05","製造"
"三親電材　鳥取★","九州工場","九州工場","2026/10/02","2026/10/02","26-J0146796-001-771","IP2020SC","1.60","200.0","200.0","200.0","鉄 PB 平 焼付","N9.5(近似色)","1","","2026/10/13","福山通運　九州発送","2026/10/13","","塗装","柴﨑","2026/10/08","製造"
"カンサイ　小倉★","九州工場","九州工場","2026/10/02","2026/10/02","26-J0147010-001-771","SE1010XC","1.50","100.0","100.0","100.0","SUS PB 水切 焼付","2.5Y9/1 近似色","2","ｱｰｽ","2026/10/09","北九州配達","2026/10/13","","組立","岡","2026/10/06","製造"
"田中商事　福岡","九州工場","九州工場","2026/10/02","2026/10/02","26-J0147107-001-771","IIP0000C","1.60","290.0","195.0","0.0","鉄 ﾌﾟﾚｰﾄ 焼付","5Y7/1 近似色","1","センター開口","2026/10/09","ヤマックス福岡","2026/10/13","","完成","古川","2026/10/06","製造"
"中国機材設備　本社★","九州工場","九州工場","2026/10/02","2026/10/02","26-J0147108-001-771","I02000WC","1.60","720.0","570.0","20.0","鉄 ふたﾄｸ 焼付","N9.5 近似色","1","被せふた ﾊﾟｯｷﾝ無し 塗装用吊り穴4","2026/10/13","佐川急便","2026/10/13","","塗装","柴﨑","2026/10/07","製造"
"日本電設資材　福岡★","九州工場","九州工場","2026/10/05","2026/10/05","26-J0147435-004-771","IG0000G","0.00","260.0","0.0","0.0","鉄 架台","","3","[75x40x5x7  さび止め  EPS4 7FL～9FL","2026/10/09","ヤマックス福岡","2026/10/13","","塗装","増井","2026/10/09","製造"
"日本電設資材　福岡★","九州工場","九州工場","2026/10/05","2026/10/05","26-J0147435-001-771","IG0000G","0.00","260.0","0.0","0.0","鉄 架台","","6","[75x40x5x7  さび止め  EPS1 7FL～9FL","2026/10/09","ヤマックス福岡","2026/10/13","","塗装","増井","2026/10/09","製造"
"日本電設資材　福岡★","九州工場","九州工場","2026/10/05","2026/10/05","26-J0147435-002-771","IG0000G","0.00","260.0","0.0","0.0","鉄 架台","","6","[75x40x5x7  さび止め  EPS2 7FL～9FL","2026/10/09","ヤマックス福岡","2026/10/13","","塗装","増井","2026/10/09","製造"
"日本電設資材　福岡★","九州工場","九州工場","2026/10/05","2026/10/05","26-J0147435-003-771","IG0000G","0.00","260.0","0.0","0.0","鉄 架台","","3","[75x40x5x7  さび止め  EPS3 7FL～9FL","2026/10/09","ヤマックス福岡","2026/10/13","","塗装","増井","2026/10/09","製造"
"カンサイ　八幡★","九州工場","九州工場","2026/10/05","2026/10/05","26-J0147529-001-771","BE3020SC","1.60","300.0","300.0","200.0","国土 PB 平 焼付","2.5Y9/1 近似色","1","ｱｰｽ","2026/10/09","北九州配達","2026/10/13","","塗装","柴﨑","","加工"
"カンサイ　小倉★","九州工場","九州工場","2026/10/05","2026/10/05","26-J0147541-001-771","SE1510XC","1.50","150.0","150.0","100.0","SUS PB 水切 焼付","2.5Y9/1 近似色","7","ｱｰｽ","2026/10/09","北九州配達","2026/10/13","","組立","岡","","加工"
"カンサイ　小倉★","九州工場","九州工場","2026/10/05","2026/10/05","26-J0147541-003-771","SE1515SC","1.50","150.0","150.0","150.0","SUS PB 平 焼付","2.5Y9/1 近似色","1","ｱｰｽ","2026/10/09","北九州配達","2026/10/13","","組立","岡","2026/10/06","製造"
"カンサイ　小倉★","九州工場","九州工場","2026/10/05","2026/10/05","26-J0147541-002-771","SE1515XC","1.50","150.0","150.0","150.0","SUS PB 水切 焼付","2.5Y9/1 近似色","1","ｱｰｽ","2026/10/09","北九州配達","2026/10/13","","組立","岡","2026/10/06","製造"
"興陽電機　福岡★","九州工場","九州工場","2026/10/05","2026/10/05","26-J0147576-001-771","SE5040XC","1.50","500.0","500.0","400.0","SUS PB 水切 焼付","2.5Y9/1 近似色","1","ｱｰｽ","2026/10/09","ヤマックス福岡","2026/10/13","","組立","岡","2026/10/06","製造"
"宮地電機　高松","九州工場","九州工場","2026/10/05","2026/10/05","26-J0147794-001-771","IMK0000C","1.60","400.0","133.0","30.0","鉄 曲金物 焼付","2.5Y9/1(近似色)","1","穴加工ｱﾘ","2026/10/13","福山通運　九州発送","2026/10/13","","塗装","ナム","2026/10/07","製造"
"中国機材設備　本社★","九州工場","九州工場","2026/10/05","2026/10/05","26-J0147838-001-771","IMK0000C","1.60","330.0","50.0","75.0","鉄 曲金物 焼付","シルバー","2","穴加工","2026/10/13","佐川急便","2026/10/13","","塗装","樫原","2026/10/07","製造"
"東芝電材　川内★","九州工場","九州工場","2026/10/05","2026/10/05","26-J0147856-001-771","SE2020XCW","1.50","200.0","200.0","200.0","SUS PB 水切 焼付","5Y7/1 近似色","1","ｱｰｽ 内ﾜﾆｽ","2026/10/13","佐川急便","2026/10/13","","塗装","柴﨑","2026/10/06","製造"
"興陽電機　福岡西★","九州工場","九州工場","2026/10/05","2026/10/05","26-J0148031-001-771","II0000C","1.60","350.0","300.0","0.0","鉄 切板 焼付","N-70 近似色","2","φ6x2吊穴","2026/10/09","ヤマックス福岡","2026/10/13","","完成","古川","2026/10/06","製造"
"木村電機　本社★","九州工場","九州工場","2026/10/05","2026/10/05","26-J0148095-003-771","SE6040XC","1.50","600.0","600.0","400.0","SUS PB 水切 焼付","L19-90C 近似色","2","ｱｰｽ","2026/10/13","佐川急便","2026/10/13","","塗装","樫原","2026/10/07","製造"
"木村電機　本社★","九州工場","九州工場","2026/10/05","2026/10/05","26-J0148095-002-771","SE4040XC","1.50","400.0","400.0","400.0","SUS PB 水切 焼付","L19-90C 近似色","2","ｱｰｽ","2026/10/13","佐川急便","2026/10/13","","塗装","樫原","2026/10/07","製造"
"木村電機　本社★","九州工場","九州工場","2026/10/05","2026/10/05","26-J0148095-001-771","SE4040XC","1.50","400.0","400.0","400.0","SUS PB 水切 焼付","LN-93 近似色","2","ｱｰｽ","2026/10/09","佐川急便","2026/10/13","","組立","岡","2026/10/06","製造"
"東芝電材　宮崎★","九州工場","九州工場","2026/10/05","2026/10/05","26-J0148149-002-771","SE4030XC","1.50","400.0","400.0","300.0","SUS PB 水切 焼付","2.5Y9/1 近似色","2","ｱｰｽ","2026/10/13","福山通運　九州発送","2026/10/13","","ｷｬﾝｾﾙ","平澤","2026/10/07","製造"
"東芝電材　宮崎★","九州工場","九州工場","2026/10/05","2026/10/05","26-J0148149-001-771","SE4040XC","1.50","400.0","400.0","400.0","SUS PB 水切 焼付","2.5Y9/1 近似色","1","ｱｰｽ","2026/10/13","福山通運　九州発送","2026/10/13","","ｷｬﾝｾﾙ","平澤","2026/10/07","製造"
"東芝電材　熊本★","九州工場","九州工場","2026/10/05","2026/10/05","26-J0148386-001-771","SE1515XC","1.50","150.0","150.0","150.0","SUS PB 水切 焼付","2.5Y9/1 近似色","2","ｱｰｽ","2026/10/13","佐川急便","2026/10/13","","塗装","ナム","2026/10/07","製造"
"三親電材　広島★","九州工場","九州工場","2026/10/05","2026/10/05","26-J0148448-001-771","IG0000G","6.00","400.0","1,260.0","0.0","鉄 架台","","2","さび止め L65x65x6t 2-12x20","2026/10/13","福山通運　九州発送","2026/10/13","","塗装","増井","2026/10/13","製造"
"三親電材　広島★","九州工場","九州工場","2026/10/05","2026/10/05","26-J0148448-002-771","IG0000G","6.00","400.0","1,000.0","0.0","鉄 架台","","3","さび止め L65x65x6t 2-12x20","2026/10/13","福山通運　九州発送","2026/10/13","","溶接","クイ","2026/10/13","製造"
"Q-mast　電気グル－プ★","九州工場","九州工場","2026/10/06","2026/10/06","26-J0148718-002-771","ZG0000","0.00","100.0","50.0","4,000.0","ZN 架台","","11","C100x50x5x7.5 先メッキ","2026/10/09","ヤマックス　ｽﾎﾟｯﾄ便","2026/10/13","","完成","倉重","2026/10/09","製造"
"Q-mast　電気グル－プ★","九州工場","九州工場","2026/10/06","2026/10/06","26-J0148718-003-771","ZAI0000","6.00","75.0","75.0","3,000.0","ZN ｱﾝｸﾞﾙ","","1","L75x75x6t","2026/10/09","ヤマックス　ｽﾎﾟｯﾄ便","2026/10/13","","完成","倉重","2026/10/07","製造"
"Q-mast　電気グル－プ★","九州工場","九州工場","2026/10/06","2026/10/06","26-J0148718-001-771","ZG0000","0.00","100.0","50.0","3,000.0","ZN 架台","","8","C100x50x5x7.5 先メッキ","2026/10/09","ヤマックス　ｽﾎﾟｯﾄ便","2026/10/13","","完成","倉重","2026/10/09","製造"
"岡本電機　三原★","九州工場","九州工場","2026/10/06","2026/10/06","26-J0149343-001-771","BE2020SC","1.60","200.0","200.0","200.0","国土 PB 平 焼付","2.5Y9/1 近似色","2","ｱｰｽ","2026/10/13","福山通運　九州発送","2026/10/13","","塗装","ナム","2026/10/07","製造"
"米良電機　延岡★","九州工場","九州工場","2026/10/06","2026/10/06","26-J0149551-001-771","SE1515XC","1.50","150.0","150.0","150.0","SUS PB 水切 焼付","2.5Y9/1 近似色","2","ｱｰｽ","2026/10/13","佐川急便","2026/10/13","","塗装","ナム","2026/10/07","製造"
"カンサイ　電設★","九州工場","九州工場","2026/10/06","2026/10/06","26-J0150012-003-771","DC0000N","1.60","600.0","650.0","570.0","Sﾀﾞｲﾏ ｶﾊﾞｰ","","1","被せ蓋 開口穴 フードカバー　ゴムP付","2026/10/13","福山通運　九州発送","2026/10/13","","曲げ","道上","2026/10/13","製造"
"カンサイ　電設★","九州工場","九州工場","2026/10/06","2026/10/06","26-J0150012-001-771","DC0000N","1.60","150.0","140.0","560.0","Sﾀﾞｲﾏ ｶﾊﾞｰ","","1","穴加工 フードカバー","2026/10/13","福山通運　九州発送","2026/10/13","","曲げ","道上","2026/10/13","製造"
"カンサイ　電設★","九州工場","九州工場","2026/10/06","2026/10/06","26-J0150012-004-771","DC0000N","2.30","1,370.0","595.0","620.0","Sﾀﾞｲﾏ ｶﾊﾞｰ","","1","/610  平蓋開口穴 フードカバー　ゴムP付","2026/10/13","福山通運　九州発送","2026/10/13","","曲げ","道上","2026/10/13","製造"
"カンサイ　電設★","九州工場","九州工場","2026/10/06","2026/10/06","26-J0150012-005-771","DC0000N","2.30","1,000.0","510.0","565.0","Sﾀﾞｲﾏ ｶﾊﾞｰ","","1","  平蓋開口穴 フードカバー　ゴムP付","2026/10/13","福山通運　九州発送","2026/10/13","","曲げ","道上","2026/10/13","製造"
"正和電材　佐世保★","九州工場","九州工場","2026/10/06","2026/10/06","26-J0150060-001-771","BE0000SG","2.30","1,000.0","1,000.0","500.0","国土 PBﾄｸ 平","","1","蓋2分割 ｱｰｽ 口元L3x30補強 さび止め","2026/10/13","福山通運　九州発送","2026/10/13","","溶接","カイ","2026/10/13","製造"
"東芝電材　八幡★","九州工場","九州工場","2026/10/06","2026/10/06","26-J0150098-001-771","SP0000WN","1.50","900.0","500.0","500.0","SUS PBﾄｸ 被せ","","1","底面側面開口 φ6x9","2026/10/09","北九州配達","2026/10/13","","完成","樋口","2026/10/09","製造"
"中国機材設備　東広島★","九州工場","九州工場","2026/10/06","2026/10/06","26-J0150119-001-771","IP0000SG","1.60","250.0","250.0","60.0","鉄 PBﾄｸ 平","","2","さび止め 底面開口210x210　4-φ6","2026/10/13","佐川急便","2026/10/13","","塗装","坂元","2026/10/13","製造"
"東芝電材　福岡★","九州工場","九州工場","2026/10/07","2026/10/07","26-J0150156-001-771","SE0000XN","2.00","800.0","700.0","800.0","SUS PBﾄｸ 水切","","1","ｱｰｽ","2026/10/09","ヤマックス福岡","2026/10/13","","完成","樋口","2026/10/09","製造"
"ヤシマ電材","九州工場","九州工場","2026/10/07","2026/10/07","26-J0150377-001-771","IDC0000G","1.60","450.0","250.0","3,500.0","鉄 ﾀﾞｸﾄｶﾊﾞｰ","","1","さび止め 2分割","2026/10/13","福山通運　九州発送","2026/10/13","","溶接","カイ","2026/10/13","製造"
"小林電工　岡山★","九州工場","九州工場","2026/10/07","2026/10/07","26-J0150811-001-771","SE4030XNA","1.50","400.0","400.0","300.0","SUS PB 水切","","2","ｱｰｽ 足付4-L4x50.12φ","2026/10/13","福山通運　九州発送","2026/10/13","","溶接","テイン","2026/10/13","製造"
"小林電工　岡山★","九州工場","九州工場","2026/10/07","2026/10/07","26-J0150811-002-771","SE3020XNA","1.50","300.0","300.0","200.0","SUS PB 水切","","2","ｱｰｽ 足付4-L3x40.12φ","2026/10/13","福山通運　九州発送","2026/10/13","","溶接","柳屋","2026/10/13","製造"
"小林電工　岡山★","九州工場","九州工場","2026/10/07","2026/10/07","26-J0150811-003-771","SE2020XNA","1.50","200.0","200.0","200.0","SUS PB 水切","","2","ｱｰｽ 足付4-L3x30.12φ","2026/10/13","福山通運　九州発送","2026/10/13","","曲げ","ラム","2026/10/13","製造"
"Q-mast　電気グル－プ★","九州工場","九州工場","2026/10/07","2026/10/07","26-J0150876-002-771","IIP0000G","1.60","50.0","440.0","0.0","鉄 ﾌﾟﾚｰﾄ","","33","さび止め　2階分","2026/10/13","福山通運　九州発送","2026/10/13","","塗装","坂元","2026/10/13","製造"
"Q-mast　電気グル－プ★","九州工場","九州工場","2026/10/07","2026/10/07","26-J0150876-001-771","IIP0000G","1.60","50.0","440.0","0.0","鉄 ﾌﾟﾚｰﾄ","","39","さび止め　1階分","2026/10/13","福山通運　九州発送","2026/10/13","","塗装","坂元","2026/10/13","製造"
"東芝電材　宮崎★","九州工場","九州工場","2026/10/07","2026/10/07","26-J0151214-001-771","DC0000N","1.60","600.0","300.0","330.0","Sﾀﾞｲﾏ ｶﾊﾞｰ","","1","ﾀﾞｲﾏ2.3t足付(φ8)x4","2026/10/13","福山通運　九州発送","2026/10/13","","曲げ","道上","2026/10/13","製造"
"東芝電材　宮崎★","九州工場","九州工場","2026/10/07","2026/10/07","26-J0151248-001-771","88801","1.50","400.0","400.0","400.0","その他・製","2.5Y9/1 近似色","1","SE4040XC","2026/10/13","福山通運　九州発送","2026/10/13","","塗装","山口","2026/10/07","製造"
"東芝電材　宮崎★","九州工場","九州工場","2026/10/07","2026/10/07","26-J0151248-002-771","88801","1.50","400.0","400.0","300.0","その他・製","2.5Y9/1 近似色","2","SE4030XC","2026/10/13","福山通運　九州発送","2026/10/13","","塗装","山口","2026/10/07","製造"
"シンセイ　広島第二★","九州工場","九州工場","2026/10/08","2026/10/08","26-J0151541-001-771","SP0000SN","1.50","500.0","200.0","150.0","SUS PBﾄｸ 平","","2","平蓋ｺﾞﾑﾊﾟｯｷﾝ付　 開口x2","2026/10/13","福山通運　九州発送","2026/10/13","","曲げ","道上","2026/10/13","製造"
"巴電業　広島★","九州工場","九州工場","2026/10/08","2026/10/08","26-J0151573-001-771","SP0000SNP","1.50","250.0","150.0","50.0","SUS PBﾄｸ 平","","2","ｺﾞﾑﾊﾟｯｷﾝ付 ﾌﾀ開口100x90 背面開口200x120","2026/10/13","福山通運　九州発送","2026/10/13","","曲げ","ラム","2026/10/13","製造"
"巴電業　広島★","九州工場","九州工場","2026/10/08","2026/10/08","26-J0151573-002-771","SIP0000N","1.50","190.0","110.0","0.0","SUS ﾌﾟﾚｰﾄ","","3","開口100x90 4-φ5","2026/10/13","福山通運　九州発送","2026/10/13","","未着手","","2026/10/13","製造"
"Q-mast　空調管グル－プ★","九州工場","九州工場","2026/10/08","2026/10/08","26-J0151683-001-771","ZG0000","0.00","200.0","355.0","0.0","ZN 架台","","2","L40x40x3 ﾄﾞﾌﾞﾒｯｷ鋼材  精錬棟 外部 室外機廻り 9","2026/10/09","ヤマックス　ｽﾎﾟｯﾄ便","2026/10/13","","溶接","ゴック","2026/10/09","製造"
"興陽電機　福岡西★","九州工場","九州工場","2026/10/08","2026/10/08","26-J0151927-001-771","BE5020SG","1.60","500.0","500.0","200.0","国土 PB 平","","1","ｱｰｽ さび止め","2026/10/09","ヤマックス福岡","2026/10/13","","組立","服部","2026/10/09","製造"
"シンセイ　広島第一★","九州工場","九州工場","2026/10/08","2026/10/08","26-J0152402-001-771","SE0000XN","2.00","1,000.0","400.0","550.0","SUS PBﾄｸ 水切","","1","ｱｰｽ","2026/10/13","福山通運　九州発送","2026/10/13","","曲げ","ラム","2026/10/13","製造"
"宮地電機　今治","九州工場","九州工場","2026/10/08","2026/10/08","26-J0152426-001-771","SP0000SNP","1.50","400.0","150.0","150.0","SUS PBﾄｸ 平","","1","ｺﾞﾑﾊﾟｯｷﾝ付　","2026/10/13","福山通運　九州発送","2026/10/13","","溶接","テイン","2026/10/13","製造"
"ヤシマ電材","九州工場","九州工場","2026/10/08","2026/10/08","26-J0152518-001-771","SP5030XN","1.50","500.0","500.0","300.0","SUS PB 水切","","1","","2026/10/13","福山通運　九州発送","2026/10/13","","溶接","テイン","2026/10/13","製造"
"西部産業　佐世保★","九州工場","九州工場","2026/10/08","2026/10/08","26-J0152564-001-771","SP0000WN","2.00","1,000.0","300.0","400.0","SUS PBﾄｸ 被せ","","1","","2026/10/13","佐川急便","2026/10/13","","曲げ","ラム","2026/10/13","製造"
"東芝電材　岡山★","九州工場","九州工場","2026/10/08","2026/10/08","26-J0152621-002-771","SE0000XN","1.50","550.0","270.0","400.0","SUS PBﾄｸ 水切","","1","ｱｰｽ","2026/10/13","福山通運　九州発送","2026/10/13","","曲げ","ラム","2026/10/13","製造"
"ナミデン　広島★","九州工場","九州工場","2026/10/08","2026/10/08","26-J0152627-001-771","DE0000WN","1.60","150.0","100.0","150.0","Sﾀﾞｲﾏ PBﾄｸ 被せ","","2","ｱｰｽ","2026/10/13","佐川急便","2026/10/13","","曲げ","志田","2026/10/13","製造"
"ナミデン　広島★","九州工場","九州工場","2026/10/08","2026/10/08","26-J0152718-001-771","IG0000N","0.00","800.0","600.0","235.0","鉄 架台","","1","生地　L50x50x6t","2026/10/13","福山通運　九州発送","2026/10/13","","切断","奈木野","2026/10/13","製造"
"シンセイ　福山★","九州工場","九州工場","2026/10/09","2026/10/09","26-J0152761-001-771","DP0000WN","1.60","500.0","400.0","500.0","Sﾀﾞｲﾏ PBﾄｸ 被せ","","2","","2026/10/13","福山通運　九州発送","2026/10/13","","曲げ","志田","2026/10/13","製造"
"エスエヌデー★","九州工場","九州工場","2026/10/09","2026/10/09","26-J0152828-004-771","SP0000WN","1.50","600.0","300.0","250.0","SUS PBﾄｸ 被せ","","1","","2026/10/13","福山通運　九州発送","2026/10/13","","溶接","テイン","2026/10/13","製造"
"ヤシマ電材 津山","九州工場","九州工場","2026/10/09","2026/10/09","26-J0152890-001-771","SE0000XN","1.50","400.0","200.0","300.0","SUS PBﾄｸ 水切","","1","ｱｰｽ","2026/10/13","福山通運　九州発送","2026/10/13","","曲げ","ラム","2026/10/13","製造"
"木村電機　本社★","九州工場","九州工場","2026/10/09","2026/10/09","26-J0152895-001-771","SP0000XN","1.50","600.0","400.0","350.0","SUS PBﾄｸ 水切","","1","","2026/10/13","佐川急便","2026/10/13","","溶接","テイン","2026/10/13","製造"
"宮地電機　松山","九州工場","九州工場","2026/10/09","2026/10/09","26-J0152936-001-771","IP0000WG","1.60","400.0","400.0","150.0","鉄 PBﾄｸ 被せ","","1","さび止め","2026/10/13","福山通運　九州発送","2026/10/13","","溶接","フイ","2026/10/13","製造"
"東芝電材　川内★","九州工場","九州工場","2026/10/09","2026/10/09","26-J0152945-002-771","DE6040WN","1.60","600.0","600.0","400.0","Sﾀﾞｲﾏ PB 被せ","","1","ｱｰｽ","2026/10/13","佐川急便","2026/10/13","","曲げ","志田","2026/10/13","製造"
"東芝電材　川内★","九州工場","九州工場","2026/10/09","2026/10/09","26-J0152945-001-771","DE4030WN","1.60","400.0","400.0","300.0","Sﾀﾞｲﾏ PB 被せ","","1","ｱｰｽ","2026/10/13","佐川急便","2026/10/13","","曲げ","志田","2026/10/13","製造"
"ｹｲ･ｴｽ･ﾃﾞｰ　熊本★","九州工場","九州工場","2026/10/09","2026/10/09","26-J0152989-001-771","SE0000WN","1.50","700.0","700.0","500.0","SUS PBﾄｸ 被せ","","2","ｱｰｽ","2026/10/13","福山通運　九州発送","2026/10/13","","曲げ","ラム","2026/10/13","製造"
"くまもと電設　人吉★","九州工場","九州工場","2026/10/09","2026/10/09","26-J0153237-001-771","SP0000XN","1.50","700.0","600.0","600.0","SUS PBﾄｸ 水切","","1","","2026/10/13","福山通運　九州発送","2026/10/13","","曲げ","ラム","2026/10/13","製造"
"カンサイ南九州社★","九州工場","九州工場","2026/10/09","2026/10/09","26-J0153261-001-771","SE5030SN","1.50","500.0","500.0","300.0","SUS PB 平","","2","ｱｰｽ","2026/10/13","佐川急便","2026/10/13","","曲げ","ラム","2026/10/13","製造"
"ヤシマ電材","九州工場","九州工場","2026/10/09","2026/10/09","26-J0153282-002-771","SE0000WN","1.50","400.0","300.0","550.0","SUS PBﾄｸ 被せ","","1","ｱｰｽ","2026/10/13","福山通運　九州発送","2026/10/13","","溶接","テイン","2026/10/13","製造"
"ヤシマ電材","九州工場","九州工場","2026/10/09","2026/10/09","26-J0153282-001-771","SE0000WN","1.50","400.0","400.0","250.0","SUS PBﾄｸ 被せ","","1","ｱｰｽ","2026/10/13","福山通運　九州発送","2026/10/13","","溶接","テイン","2026/10/13","製造"
"米良電機　宮崎★","九州工場","九州工場","2026/10/09","2026/10/09","26-J0153377-002-771","SP4040XN","1.50","400.0","400.0","400.0","SUS PB 水切","","1","","2026/10/13","佐川急便","2026/10/13","","溶接","テイン","2026/10/13","製造"
"ユゲデンキ　電材部★","九州工場","九州工場","2026/10/09","2026/10/09","26-J0153447-001-771","SE0000XN","1.50","600.0","300.0","300.0","SUS PBﾄｸ 水切","","1","ｱｰｽ","2026/10/13","佐川急便","2026/10/13","","溶接","テイン","2026/10/13","製造"
"三親電材　松江★","九州工場","九州工場","2026/10/09","2026/10/09","26-J0153574-001-771","SE0000WN","1.50","250.0","250.0","100.0","SUS PBﾄｸ 被せ","","1","側面ｱｰｽ 木板付","2026/10/13","福山通運　九州発送","2026/10/13","","未着手","","2026/10/13","製造"
"岡本電機　福山★","九州工場","九州工場","2026/10/09","2026/10/09","26-J0153662-001-771","SE3535SN","1.50","350.0","350.0","350.0","SUS PB 平","","2","ｱｰｽ","2026/10/13","福山通運　九州発送","2026/10/13","","曲げ","ラム","2026/10/13","製造"
"ウチダ★","九州工場","九州工場","2026/10/09","2026/10/09","26-J0153770-001-771","SP3535WN","1.50","350.0","350.0","350.0","SUS PB 被せ","","2","","2026/10/13","福山通運　九州発送","2026/10/13","","未着手","","2026/10/13","製造"
"旭電業","九州工場","九州工場","2026/08/27","2026/08/27","26-J0117685-001-771","IBG0000C","2.30","1,800.0","800.0","350.0","鉄 防球ガード 焼付","2.5Y9/1 近似色","10","天吊形空調機用　90°折返し　2-φ12x20長孔追加","2026/09/29","チャーター便","2026/10/14","","完成","森田","2026/09/24","製造"
"ナミデン　福岡★","九州工場","九州工場","2026/09/08","2026/09/08","26-J0127421-004-771","MAMEK","0.00","0.0","0.0","0.0","補修塗料 豆缶","N-90 近似色","2","","2026/10/09","ヤマックス　ｽﾎﾟｯﾄ便","2026/10/14","","ｷｬﾝｾﾙ","林(秀)","","製造"
"ナミデン　福岡★","九州工場","九州工場","2026/09/08","2026/09/08","26-J0127421-001-771","DDC0000N","2.30","2,000.0","2,100.0","3,450.0","Sﾀﾞｲﾏ ﾀﾞｸﾄｶﾊﾞｰ","N-90 近似色","1","本体7分割 蓋16分割 平蓋ﾊﾟｯｷﾝ付　重耐塩塗装","2026/10/13","ヤマックス　ｽﾎﾟｯﾄ便","2026/10/14","","ｷｬﾝｾﾙ","林(秀)","2026/09/18","製造"
"タイセイ　徳島","九州工場","九州工場","2026/09/15","2026/09/15","26-J0132654-001-771","IBG0000C","2.30","2,280.0","940.0","450.0","鉄 防球ガード 焼付","2.5Y9/1(近似色)","7","丸棒","2026/10/13","チャーター便","2026/10/14","","塗装","ナム","2026/10/07","製造"
"メイク機材　大分★","九州工場","九州工場","2026/09/17","2026/09/17","26-J0135957-001-771","IBG0000C","0.00","470.0","210.0","150.0","鉄 防球ガード 焼付","2.5Y9/1 近似色","10","","2026/10/14","佐川急便","2026/10/14","","塗装","山口","2026/10/07","製造"
"ｹｲ･ｴｽ･ﾃﾞｰ　福岡★","九州工場","九州工場","2026/09/25","2026/09/25","26-J0140146-001-771","AD0000N","2.00","500.0","300.0","2,700.0","ｱﾙﾐ ﾀﾞｸﾄ","","1","ｱｰｽ 平蓋 点検扉付 ｹｰﾌﾞﾙ支持・ｾﾊﾟ2列付 塩ﾋﾞ板3.0t","2026/10/14","チャーター便","2026/10/14","","溶接","カイ","2026/10/14","製造"
"東芝電材　小倉★","九州工場","九州工場","2026/09/28","2026/09/28","26-J0140691-001-771","IC0000C","1.60","485.2","257.0","0.0","鉄 ｶﾊﾞｰ 焼付","5Y7/1 近似色","1","重耐塩塗装","2026/10/13","営業配達","2026/10/14","","仕上","三澄","2026/09/30","製造"
"ｹｲ･ｴｽ･ﾃﾞｰ　福岡★","九州工場","九州工場","2026/09/28","2026/09/28","26-J0141018-004-771","ZG0000","0.00","4,030.0","550.0","0.0","ZN 架台","","1","[150x75x6.5tx10","2026/10/14","チャーター便","2026/10/14","","組立","金光","2026/10/05","製造"
"ｹｲ･ｴｽ･ﾃﾞｰ　福岡★","九州工場","九州工場","2026/09/28","2026/09/28","26-J0141018-002-771","ZG0000","0.00","600.0","450.0","0.0","ZN 架台","","1","L-50x50x6t 穴加工","2026/10/14","チャーター便","2026/10/14","","組立","金光","2026/10/05","製造"
"ｹｲ･ｴｽ･ﾃﾞｰ　福岡★","九州工場","九州工場","2026/09/28","2026/09/28","26-J0141018-003-771","ZG0000","0.00","600.0","0.0","0.0","ZN 架台","","1","L-50x50x6t 穴加工　4-C10","2026/10/14","チャーター便","2026/10/14","","組立","金光","2026/10/05","製造"
"ｹｲ･ｴｽ･ﾃﾞｰ　福岡★","九州工場","九州工場","2026/09/28","2026/09/28","26-J0141018-005-771","ZCPL0000","4.50","572.0","396.0","0.0","ZN 縞鋼板","","1","落とし込み取手2ヵ所","2026/10/14","チャーター便","2026/10/14","","外注","恒川","2026/10/05","製造"
"ノーベル★","九州工場","九州工場","2026/09/28","2026/09/28","26-J0141894-002-771","BE0000SC","1.60","300.0","300.0","200.0","国土 PBﾄｸ 平 焼付","2.5Y9/1(近似色)","8","ｱｰｽ 封印ﾋﾞｽ付","2026/10/13","福山通運　九州発送","2026/10/14","","塗装","ナム","2026/10/07","製造"
"ノーベル★","九州工場","九州工場","2026/09/28","2026/09/28","26-J0141894-001-771","BE0000SC","1.60","400.0","400.0","200.0","国土 PBﾄｸ 平 焼付","2.5Y9/1(近似色)","4","ｱｰｽ 封印ﾋﾞｽ付","2026/10/13","福山通運　九州発送","2026/10/14","","塗装","ナム","2026/10/07","製造"
"ノーベル★","九州工場","九州工場","2026/09/28","2026/09/28","26-J0141894-003-771","BE0000SC","1.60","250.0","250.0","200.0","国土 PBﾄｸ 平 焼付","2.5Y9/1(近似色)","14","ｱｰｽ　封印ﾋﾞｽ付","2026/10/14","福山通運　九州発送","2026/10/14","","塗装","山口","2026/10/08","製造"
"佐野電機工業","九州工場","九州工場","2026/09/29","2026/09/29","26-J0142373-008-771","ZE4030X2","2.30","400.0","400.0","300.0","ZN PB 水切","","1","HDZT56 ｱｰｽ","2026/10/14","福山通運　九州発送","2026/10/14","","外注","フイ","2026/10/06","製造"
"佐野電機工業","九州工場","九州工場","2026/09/29","2026/09/29","26-J0142373-012-771","ZE3030X2","2.30","300.0","300.0","300.0","ZN PB 水切","","5","HDZT56 ｱｰｽ","2026/10/13","福山通運　九州発送","2026/10/14","","組立","金光","2026/10/05","製造"
"佐野電機工業","九州工場","九州工場","2026/09/29","2026/09/29","26-J0142373-009-771","ZE4040X2","2.30","400.0","400.0","400.0","ZN PB 水切","","1","HDZT56 ｱｰｽ","2026/10/14","福山通運　九州発送","2026/10/14","","外注","フイ","2026/10/06","製造"
"佐野電機工業","九州工場","九州工場","2026/09/29","2026/09/29","26-J0142373-007-771","ZE4040X2","2.30","400.0","400.0","400.0","ZN PB 水切","","1","HDZT56 ｱｰｽ","2026/10/14","福山通運　九州発送","2026/10/14","","外注","フイ","2026/10/06","製造"
"佐野電機工業","九州工場","九州工場","2026/09/29","2026/09/29","26-J0142373-013-771","ZE3030X2","2.30","300.0","300.0","300.0","ZN PB 水切","","4","HDT56 ｱｰｽ","2026/10/13","福山通運　九州発送","2026/10/14","","組立","金光","2026/10/05","製造"
"ナミデン　広島★","九州工場","九州工場","2026/09/29","2026/09/29","26-J0142798-006-771","ZG0000","0.00","100.0","100.0","250.0","ZN 架台","","2","穴加工 H100x100x6x8","2026/10/14","佐川急便","2026/10/14","","外注","バン","2026/10/06","製造"
"ナミデン　広島★","九州工場","九州工場","2026/09/29","2026/09/29","26-J0142798-002-771","ZG0000","0.00","100.0","100.0","320.0","ZN 架台","","1","穴加工 H100x100x6x8","2026/10/14","佐川急便","2026/10/14","","外注","バン","2026/10/06","製造"
"ナミデン　広島★","九州工場","九州工場","2026/09/29","2026/09/29","26-J0142798-003-771","ZG0000","0.00","100.0","100.0","320.0","ZN 架台","","1","穴加工 H100x100x6x8","2026/10/14","佐川急便","2026/10/14","","外注","バン","2026/10/06","製造"
"ナミデン　広島★","九州工場","九州工場","2026/09/29","2026/09/29","26-J0142798-005-771","ZG0000","0.00","100.0","100.0","250.0","ZN 架台","","2","穴加工 H100x100x6x8","2026/10/14","佐川急便","2026/10/14","","外注","バン","2026/10/06","製造"
"ナミデン　広島★","九州工場","九州工場","2026/09/29","2026/09/29","26-J0142798-004-771","ZG0000","0.00","100.0","100.0","320.0","ZN 架台","","1","穴加工 H100x100x6x8","2026/10/14","佐川急便","2026/10/14","","外注","バン","2026/10/06","製造"
"ナミデン　広島★","九州工場","九州工場","2026/09/29","2026/09/29","26-J0142798-001-771","ZG0000","0.00","100.0","100.0","320.0","ZN 架台","","1","穴加工 H100x100x6x8","2026/10/14","佐川急便","2026/10/14","","外注","バン","2026/10/06","製造"
"丸井産業　沖縄★","九州工場","九州工場","2026/09/29","2026/09/29","26-J0142914-002-771","ZAI0000","4.00","650.0","50.0","50.0","ZN ｱﾝｸﾞﾙ","","1","L-50x50x4t 取付穴","2026/10/13","沖縄直送","2026/10/14","","外注","奈木野","2026/10/06","製造"
"丸井産業　沖縄★","九州工場","九州工場","2026/09/29","2026/09/29","26-J0142914-006-771","ZAI0000","4.00","950.0","50.0","50.0","ZN ｱﾝｸﾞﾙ","","1","L-50x50x4t 取付穴","2026/10/13","沖縄直送","2026/10/14","","外注","奈木野","2026/10/06","製造"
"丸井産業　沖縄★","九州工場","九州工場","2026/09/29","2026/09/29","26-J0142914-005-771","ZKW0000","2.30","800.0","200.0","240.0","ZN 貫通枠","","1","平蓋 C150x75x6t L-20x20x3t 取付穴","2026/10/13","沖縄直送","2026/10/14","","外注","バン","2026/10/06","製造"
"丸井産業　沖縄★","九州工場","九州工場","2026/09/29","2026/09/29","26-J0142914-004-771","ZAI0000","4.00","850.0","50.0","50.0","ZN ｱﾝｸﾞﾙ","","3","L-50x50x4t 取付穴","2026/10/13","沖縄直送","2026/10/14","","外注","奈木野","2026/10/06","製造"
"丸井産業　沖縄★","九州工場","九州工場","2026/09/29","2026/09/29","26-J0142914-003-771","ZKW0000","2.30","700.0","200.0","240.0","ZN 貫通枠","","3","平蓋 C150x75x6t L-20x20x3t 取付穴","2026/10/13","沖縄直送","2026/10/14","","外注","バン","2026/10/06","製造"
"丸井産業　沖縄★","九州工場","九州工場","2026/09/29","2026/09/29","26-J0142914-001-771","ZKW0000","2.30","500.0","200.0","240.0","ZN 貫通枠","","1","平蓋 C150x75x6t L-20x20x3t 取付穴","2026/10/13","沖縄直送","2026/10/14","","外注","バン","2026/10/06","製造"
"三共電気　朝倉★","九州工場","九州工場","2026/09/30","2026/09/30","26-J0144550-002-771","IG0000C","0.00","900.0","285.0","920.0","鉄 架台 焼付","2.5Y9/1 近似色","1","L50x50x6t 上部4-φ12　下部4-φ12","2026/10/14","佐川急便","2026/10/14","","塗装","山口","2026/10/08","製造"
"カンサイ　福岡西★","九州工場","九州工場","2026/10/01","2026/10/01","26-J0145630-002-771","IC0000C","1.60","230.0","230.0","10.0","鉄 ｶﾊﾞｰ 焼付","N9.5 近似色","11","SPHC-1.6t　φ110","2026/10/13","ヤマックス福岡","2026/10/14","","塗装","柴﨑","2026/10/07","製造"
"カンサイ　福岡西★","九州工場","九州工場","2026/10/01","2026/10/01","26-J0145630-003-771","IC0000C","1.60","230.0","230.0","10.0","鉄 ｶﾊﾞｰ 焼付","N9.5 近似色","4","SPHC-1.6t　放音用穴加工　4-金物溶接","2026/10/13","ヤマックス福岡","2026/10/14","","塗装","山口","2026/10/07","製造"
"カンサイ　福岡西★","九州工場","九州工場","2026/10/01","2026/10/01","26-J0145630-001-771","IC0000C","1.60","230.0","230.0","10.0","鉄 ｶﾊﾞｰ 焼付","N9.5 近似色","2","SPHC-1.6t　","2026/10/13","ヤマックス福岡","2026/10/14","","塗装","柴﨑","2026/10/07","製造"
"興陽電機　下関★","九州工場","九州工場","2026/10/02","2026/10/02","26-J0146419-001-771","ZE0000X","2.30","200.0","200.0","150.0","ZN PBﾄｸ 水切","","2","ｱｰｽ  脱落防止化粧ﾋﾞｽ","2026/10/14","福山通運　九州発送","2026/10/14","","溶接","フイ","2026/10/06","製造"
"興陽電機　下関★","九州工場","九州工場","2026/10/02","2026/10/02","26-J0146419-002-771","ZE0000X","2.30","200.0","200.0","200.0","ZN PBﾄｸ 水切","","1","ｱｰｽ  脱落防止化粧ﾋﾞｽ","2026/10/14","福山通運　九州発送","2026/10/14","","溶接","フイ","2026/10/06","製造"
"正二電気　岡山本社","九州工場","九州工場","2026/10/02","2026/10/02","26-J0147110-001-771","ICPL0000G","3.20","1,200.0","514.4","15.0","鉄 縞鋼板","","13","さび止め ｺﾞﾑﾊﾟｯｷﾝ付","2026/10/14","福山通運　九州発送","2026/10/14","","塗装","増井","2026/10/13","製造"
"宮地電機　西讃","九州工場","九州工場","2026/10/05","2026/10/05","26-J0147174-001-771","IG0000C","3.20","1,009.0","300.0","200.0","鉄 架台 焼付","N-87(近似色)","1","ﾍﾞｰｽt9.0 金物･平蓋付","2026/10/14","福山通運　九州発送","2026/10/14","","塗装","樫原","2026/10/08","製造"
"東芝電材　熊本★","九州工場","九州工場","2026/10/05","2026/10/05","26-J0147251-002-771","ZE1515X2","2.30","150.0","150.0","150.0","ZN PB 水切","","1","ｱｰｽ","2026/10/14","佐川急便","2026/10/14","","外注","フイ","2026/10/06","製造"
"東芝電材　熊本★","九州工場","九州工場","2026/10/05","2026/10/05","26-J0147251-001-771","ZE2515X2","2.30","250.0","250.0","150.0","ZN PB 水切","","3","ｱｰｽ","2026/10/14","佐川急便","2026/10/14","","溶接","フイ","2026/10/06","製造"
"平和テクノ　周南★","九州工場","九州工場","2026/10/05","2026/10/05","26-J0147759-001-771","ZP1515X2","2.30","150.0","150.0","150.0","ZN PB 水切","","1","座無しｼｰﾙ付","2026/10/14","佐川急便","2026/10/14","","外注","フイ","2026/10/06","製造"
"平和テクノ　周南★","九州工場","九州工場","2026/10/05","2026/10/05","26-J0147759-002-771","ZP1510X2","2.30","150.0","150.0","100.0","ZN PB 水切","","1","座無しｼｰﾙ付","2026/10/14","佐川急便","2026/10/14","","外注","フイ","2026/10/06","製造"
"カンサイ　小倉★","九州工場","九州工場","2026/10/05","2026/10/05","26-J0148179-001-771","SE0000XN","2.00","1,000.0","600.0","1,000.0","SUS PBﾄｸ 水切","","1","ｱｰｽ  3-ｹｰﾌﾞﾙ支持材付き　","2026/10/13","北九州配達","2026/10/14","","曲げ","ラム","2026/10/13","製造"
"カンサイ　小倉★","九州工場","九州工場","2026/10/05","2026/10/05","26-J0148179-002-771","SE0000XN","2.00","1,000.0","1,000.0","1,000.0","SUS PBﾄｸ 水切","","1","ｱｰｽ  2-ｹｰﾌﾞﾙ支持材付き　","2026/10/13","北九州配達","2026/10/14","","曲げ","ラム","2026/10/13","製造"
"正和電材　佐世保★","九州工場","九州工場","2026/10/05","2026/10/05","26-J0148370-001-771","BE0000SG","2.30","1,000.0","800.0","400.0","国土 PBﾄｸ 平","","1","ｱｰｽ さび止め　蓋分割　口元アングル補強L-30X30X3t","2026/10/13","福山通運　九州発送","2026/10/14","","溶接","カイ","2026/10/13","製造"
"大洋電材　本社★","九州工場","九州工場","2026/10/06","2026/10/06","26-J0148667-001-771","SE1515XC","1.50","150.0","150.0","150.0","SUS PB 水切 焼付","2.5Y9/1 近似色","1","ｱｰｽ","2026/10/13","北九州配達","2026/10/14","","塗装","ナム","2026/10/07","製造"
"興陽電機　福岡★","九州工場","九州工場","2026/10/06","2026/10/06","26-J0148674-001-771","SE5040XC","1.50","500.0","500.0","400.0","SUS PB 水切 焼付","2.5Y9/1 近似色","1","ｱｰｽ","2026/10/13","ヤマックス福岡","2026/10/14","","塗装","ナム","2026/10/07","製造"
"シンセイ　福山★","九州工場","九州工場","2026/10/06","2026/10/06","26-J0148721-001-771","BE0000SC","1.60","250.0","250.0","150.0","国土 PBﾄｸ 平 焼付","2.5Y9/1 近似色","10","ｱｰｽ 封印ビス付(対角２箇所)","2026/10/14","福山通運　九州発送","2026/10/14","","塗装","山口","2026/10/08","製造"
"かごしま電工　奄美★","九州工場","九州工場","2026/10/06","2026/10/06","26-J0148816-001-771","SE1515XCW","1.50","150.0","150.0","150.0","SUS PB 水切 焼付","5Y7/1 近似色","4","ｱｰｽ 内ﾜﾆｽ","2026/10/14","佐川急便","2026/10/14","","塗装","山口","2026/10/07","製造"
"興陽電機　岩国★","九州工場","九州工場","2026/10/06","2026/10/06","26-J0148840-001-771","II0000C","1.60","160.0","160.0","0.0","鉄 切板 焼付","N-93 近似色","19","吊穴不可","2026/10/14","福山通運　九州発送","2026/10/14","","塗装","柴﨑","2026/10/07","製造"
"かごしま電工　南★","九州工場","九州工場","2026/10/06","2026/10/06","26-J0148998-001-771","SE1510XCW","1.50","150.0","150.0","100.0","SUS PB 水切 焼付","2.5Y9/1 近似色","1","ｱｰｽ 内ﾜﾆｽ","2026/10/14","佐川急便","2026/10/14","","塗装","山口","2026/10/07","製造"
"三親電材　水島★","九州工場","九州工場","2026/10/06","2026/10/06","26-J0149030-002-771","IIP0000C","6.00","885.0","50.0","0.0","鉄 ﾌﾟﾚｰﾄ 焼付","5Y7/1(近似色)","1","穴加工ｱﾘ","2026/10/14","福山通運　九州発送","2026/10/14","","塗装","山口","2026/10/08","製造"
"三親電材　水島★","九州工場","九州工場","2026/10/06","2026/10/06","26-J0149030-001-771","IIP0000C","6.00","360.0","40.0","0.0","鉄 ﾌﾟﾚｰﾄ 焼付","5Y7/1(近似色)","2","穴加工ｱﾘ","2026/10/14","福山通運　九州発送","2026/10/14","","塗装","山口","2026/10/08","製造"
"東芝電材　熊本★","九州工場","九州工場","2026/10/06","2026/10/06","26-J0149627-001-771","SE5030XC","1.50","500.0","500.0","300.0","SUS PB 水切 焼付","2.5Y9/1 近似色","2","ｱｰｽ","2026/10/14","佐川急便","2026/10/14","","塗装","山口","2026/10/08","製造"
"東芝電材　熊本★","九州工場","九州工場","2026/10/06","2026/10/06","26-J0149627-002-771","SE1515XC","1.50","150.0","150.0","150.0","SUS PB 水切 焼付","2.5Y9/1 近似色","2","ｱｰｽ","2026/10/14","佐川急便","2026/10/14","","塗装","山口","2026/10/08","製造"
"宮地電機　松山","九州工場","九州工場","2026/10/06","2026/10/06","26-J0149653-001-771","IP0000SC","1.60","600.0","600.0","540.0","鉄 PBﾄｸ 平 焼付","日東5Y7/1(近似色)","1","","2026/10/14","福山通運　九州発送","2026/10/14","","塗装","山口","2026/10/08","製造"
"山陰ﾊﾟﾅｿﾆｯｸ　浜田★","九州工場","九州工場","2026/10/06","2026/10/06","26-J0149894-001-771","IKM0000G","0.00","150.0","50.0","0.0","鉄 金物","","1","さび止め SGP90A PLt3.2","2026/10/14","福山通運　九州発送","2026/10/14","","切断","森山","2026/10/13","製造"
"ナミデン　福岡★","九州工場","九州工場","2026/10/06","2026/10/06","26-J0150081-004-771","ITG0000G","0.00","400.0","1,860.0","0.0","鉄 耐震架台","","1","L90x90x7 さび止め 縦材R.L ｶﾞｾｯﾄ ｹｰﾌﾞﾙﾗｯｸ耐震架台","2026/10/13","ヤマックス　ｽﾎﾟｯﾄ便","2026/10/14","","塗装","増井","2026/10/13","製造"
"ナミデン　福岡★","九州工場","九州工場","2026/10/06","2026/10/06","26-J0150081-002-771","IKM0000G","0.00","2,330.0","1,320.0","300.0","鉄 金物","","2","L65x65x6 さび止め  2Fﾃﾞｨｽﾌﾟﾚｲ NE-C","2026/10/13","ヤマックス　ｽﾎﾟｯﾄ便","2026/10/14","","塗装","増井","2026/10/13","製造"
"ナミデン　福岡★","九州工場","九州工場","2026/10/06","2026/10/06","26-J0150081-003-771","IKM0000G","0.00","2,630.0","1,320.0","300.0","鉄 金物","","1","L65x65x6 さび止め  2Fﾃﾞｨｽﾌﾟﾚｲ NE-B","2026/10/13","ヤマックス　ｽﾎﾟｯﾄ便","2026/10/14","","塗装","増井","2026/10/13","製造"
"ナミデン　福岡★","九州工場","九州工場","2026/10/06","2026/10/06","26-J0150081-001-771","IKM0000G","0.00","1,130.0","1,320.0","300.0","鉄 金物","","1","L65x65x6 さび止め  2Fﾃﾞｨｽﾌﾟﾚｲ NE-A","2026/10/13","ヤマックス　ｽﾎﾟｯﾄ便","2026/10/14","","塗装","増井","2026/10/13","製造"
"富士商会　佐賀★","九州工場","九州工場","2026/10/06","2026/10/06","26-J0150097-001-771","IMK0000C","1.60","35.0","50.0","2,695.0","鉄 曲金物 焼付","2.5Y9/1 近似色","1","コ型 塗装用吊穴","2026/10/14","福山通運　九州発送","2026/10/14","","塗装","山口","2026/10/08","製造"
"木村電機　本社★","九州工場","九州工場","2026/10/07","2026/10/07","26-J0150575-001-771","SE2010XC","1.50","200.0","200.0","100.0","SUS PB 水切 焼付","N9.5 近似色","1","ｱｰｽ","2026/10/14","佐川急便","2026/10/14","","塗装","柴﨑","","加工"
"かごしま電工　南★","九州工場","九州工場","2026/10/07","2026/10/07","26-J0150620-003-771","SE3025XC","1.50","300.0","300.0","250.0","SUS PB 水切 焼付","2.5Y9/1 近似色","1","ｱｰｽ","2026/10/14","佐川急便","2026/10/14","","塗装","山口","2026/10/08","製造"
"かごしま電工　南★","九州工場","九州工場","2026/10/07","2026/10/07","26-J0150620-001-771","SP1510XC","1.50","150.0","150.0","100.0","SUS PB 水切 焼付","2.5Y9/1 近似色","4","","2026/10/14","佐川急便","2026/10/14","","塗装","山口","2026/10/08","製造"
"かごしま電工　南★","九州工場","九州工場","2026/10/07","2026/10/07","26-J0150620-002-771","SP2010XC","1.50","200.0","200.0","100.0","SUS PB 水切 焼付","2.5Y9/1 近似色","1","","2026/10/14","佐川急便","2026/10/14","","塗装","山口","2026/10/08","製造"
"日新電気興業★","九州工場","九州工場","2026/10/07","2026/10/07","26-J0151011-001-771","SE0000XC","1.50","400.0","300.0","300.0","SUS PBﾄｸ 水切 焼付","5Y7/1(近似色)","1","側面ｱｰｽ 蓋2分割･ｾﾊﾟﾚｰﾀ･穴加工ｱﾘ","2026/10/14","福山通運　九州発送","2026/10/14","","塗装","山口","2026/10/09","製造"
"日新電気興業★","九州工場","九州工場","2026/10/07","2026/10/07","26-J0151011-002-771","SE3020XC","1.50","300.0","300.0","200.0","SUS PB 水切 焼付","5Y7/1(近似色)","1","ｱｰｽ","2026/10/14","福山通運　九州発送","2026/10/14","","塗装","山口","2026/10/09","製造"
"中国機材設備　本社★","九州工場","九州工場","2026/10/07","2026/10/07","26-J0151088-001-771","SE1515XC","1.50","150.0","150.0","150.0","SUS PB 水切 焼付","2.5Y9/1 近似色","2","ｱｰｽ","2026/10/14","佐川急便","2026/10/14","","塗装","山口","2026/10/08","製造"
"かごしま電工　鹿屋★","九州工場","九州工場","2026/10/07","2026/10/07","26-J0151092-002-771","DIP0000N","1.60","670.0","340.0","0.0","Sﾀﾞｲﾏ ﾌﾟﾚｰﾄ","","1","2分割　穴加工","2026/10/14","佐川急便","2026/10/14","","切断","岩本","2026/10/14","製造"
"かごしま電工　鹿屋★","九州工場","九州工場","2026/10/07","2026/10/07","26-J0151092-001-771","DIP0000N","1.60","620.0","400.0","0.0","Sﾀﾞｲﾏ ﾌﾟﾚｰﾄ","","1","2分割　穴加工","2026/10/14","佐川急便","2026/10/14","","切断","岩本","2026/10/14","製造"
"かごしま電工　南★","九州工場","九州工場","2026/10/07","2026/10/07","26-J0151258-001-771","BE3020SGW","1.60","300.0","300.0","200.0","国土 PB 平","","3","ｱｰｽ さび止め 内ﾜﾆｽ","2026/10/14","佐川急便","2026/10/14","","塗装","坂元","2026/10/09","製造"
"かごしま電工　南★","九州工場","九州工場","2026/10/07","2026/10/07","26-J0151258-003-771","BE2020SGW","1.60","200.0","200.0","200.0","国土 PB 平","","1","ｱｰｽ さび止め 内ﾜﾆｽ","2026/10/14","佐川急便","2026/10/14","","塗装","坂元","2026/10/09","製造"
"かごしま電工　南★","九州工場","九州工場","2026/10/07","2026/10/07","26-J0151258-002-771","BE0000SGW","1.60","400.0","400.0","250.0","国土 PBﾄｸ 平","","2","ｱｰｽ さび止め 内ﾜﾆｽ","2026/10/14","佐川急便","2026/10/14","","塗装","坂元","2026/10/09","製造"
"ナミデン　福岡★","九州工場","九州工場","2026/10/07","2026/10/07","26-J0151374-003-771","DC0000N","1.60","380.0","363.0","940.0","Sﾀﾞｲﾏ ｶﾊﾞｰ","","1","ﾌｰﾄﾞｶﾊﾞｰ","2026/10/13","ヤマックス　ｽﾎﾟｯﾄ便","2026/10/14","","曲げ","道上","2026/10/13","製造"
"ナミデン　福岡★","九州工場","九州工場","2026/10/07","2026/10/07","26-J0151374-001-771","DC0000N","1.60","380.0","363.0","940.0","Sﾀﾞｲﾏ ｶﾊﾞｰ","","1","ﾌｰﾄﾞｶﾊﾞｰ","2026/10/13","ヤマックス　ｽﾎﾟｯﾄ便","2026/10/14","","曲げ","道上","2026/10/13","製造"
"ナミデン　福岡★","九州工場","九州工場","2026/10/07","2026/10/07","26-J0151374-002-771","DC0000N","1.60","300.0","363.0","940.0","Sﾀﾞｲﾏ ｶﾊﾞｰ","","1","ﾌｰﾄﾞｶﾊﾞｰ","2026/10/13","ヤマックス　ｽﾎﾟｯﾄ便","2026/10/14","","曲げ","道上","2026/10/13","製造"
"かごしま電工　鹿屋★","九州工場","九州工場","2026/10/08","2026/10/08","26-J0151708-003-771","DMK0000N","1.60","140.0","65.0","1,030.0","Sﾀﾞｲﾏ 曲金物","","1","5-φ7","2026/10/14","佐川急便","2026/10/14","","曲げ","道上","2026/10/14","製造"
"かごしま電工　鹿屋★","九州工場","九州工場","2026/10/08","2026/10/08","26-J0151708-001-771","DMK0000N","1.60","120.0","65.0","1,030.0","Sﾀﾞｲﾏ 曲金物","","1","5-φ7","2026/10/14","佐川急便","2026/10/14","","曲げ","道上","2026/10/14","製造"
"かごしま電工　鹿屋★","九州工場","九州工場","2026/10/08","2026/10/08","26-J0151708-004-771","DMK0000N","1.60","140.0","65.0","1,540.0","Sﾀﾞｲﾏ 曲金物","","1","6-φ7","2026/10/14","佐川急便","2026/10/14","","曲げ","道上","2026/10/14","製造"
"かごしま電工　鹿屋★","九州工場","九州工場","2026/10/08","2026/10/08","26-J0151708-002-771","DMK0000N","1.60","120.0","65.0","1,540.0","Sﾀﾞｲﾏ 曲金物","","1","6-φ7","2026/10/14","佐川急便","2026/10/14","","曲げ","道上","2026/10/14","製造"
"三親電材　水島★","九州工場","九州工場","2026/10/08","2026/10/08","26-J0152086-001-771","II0000C","1.60","480.0","245.0","0.0","鉄 切板 焼付","5Y7/1(近似色)","1","吊穴ナシ","2026/10/14","福山通運　九州発送","2026/10/14","","塗装","山口","2026/10/09","製造"
"三和電気商会★","九州工場","九州工場","2026/10/08","2026/10/08","26-J0152189-001-771","IP0000SG","2.30","1,100.0","400.0","150.0","鉄 PBﾄｸ 平","","1","さび止め 14点ﾋﾞｽ指定","2026/10/14","福山通運　九州発送","2026/10/14","","溶接","カイ","2026/10/13","製造"
"ナミデン　福岡★","九州工場","九州工場","2026/10/08","2026/10/08","26-J0152246-001-771","DP4040WN","1.60","400.0","400.0","400.0","Sﾀﾞｲﾏ PB 被せ","","1","","2026/10/13","ヤマックス福岡","2026/10/14","","仕上","山口","2026/10/13","製造"
"シンセイ　広島第一★","九州工場","九州工場","2026/10/08","2026/10/08","26-J0152404-001-771","SE0000XN","2.00","800.0","700.0","550.0","SUS PBﾄｸ 水切","","1","ｱｰｽ","2026/10/14","福山通運　九州発送","2026/10/14","","切断","岩本","2026/10/14","製造"
"三和電気商会★","九州工場","九州工場","2026/10/08","2026/10/08","26-J0152634-001-771","SE0000XN","1.50","400.0","350.0","250.0","SUS PBﾄｸ 水切","","1","ｱｰｽ 開口･穴加工ｱﾘ","2026/10/14","福山通運　九州発送","2026/10/14","","曲げ","ラム","2026/10/14","製造"
"かごしま電工　南★","九州工場","九州工場","2026/10/09","2026/10/09","26-J0152974-001-771","BP2010SGW","1.60","200.0","200.0","100.0","国土 PB 平","","3","ｱｰｽ無 さび止め 内ﾜﾆｽ","2026/10/14","佐川急便","2026/10/14","","溶接","フイ","2026/10/13","製造"
"かごしま電工　南★","九州工場","九州工場","2026/10/09","2026/10/09","26-J0152974-003-771","BP5020SGW","1.60","500.0","500.0","200.0","国土 PB 平","","1","ｱｰｽ無 さび止め 内ﾜﾆｽ","2026/10/14","佐川急便","2026/10/14","","溶接","フイ","2026/10/13","製造"
"かごしま電工　南★","九州工場","九州工場","2026/10/09","2026/10/09","26-J0152974-002-771","BP3030SGW","1.60","300.0","300.0","300.0","国土 PB 平","","1","ｱｰｽ無 さび止め 内ﾜﾆｽ","2026/10/14","佐川急便","2026/10/14","","溶接","フイ","2026/10/13","製造"
"カンサイ　小倉★","九州工場","九州工場","2026/10/09","2026/10/09","26-J0153149-001-771","SE0000XN","1.50","600.0","600.0","250.0","SUS PBﾄｸ 水切","","1","ｱｰｽ","2026/10/13","北九州配達","2026/10/14","","溶接","テイン","2026/10/13","製造"
"東芝電材　南福岡★","九州工場","九州工場","2026/10/09","2026/10/09","26-J0153218-001-771","BKM0000N","2.30","880.0","300.0","20.0","処理鋼板 金物","","1","ｶｯﾄ有り折返し2方向  M6ﾀｯﾌﾟx12  φ12x4  ｻﾋﾞ生地","2026/10/14","佐川急便","2026/10/14","","曲げ","道上","2026/10/14","製造"
"東芝電材　南福岡★","九州工場","九州工場","2026/10/09","2026/10/09","26-J0153218-002-771","BKM0000N","2.30","880.0","300.0","20.0","処理鋼板 金物","","1","ｶｯﾄ有り折返し2方向  M6ﾀｯﾌﾟx8  φ12x4  ｻﾋﾞ生地","2026/10/14","佐川急便","2026/10/14","","曲げ","道上","2026/10/14","製造"
"中国機材設備　呉★","九州工場","九州工場","2026/10/09","2026/10/09","26-J0153236-002-771","BE0000SG","1.60","500.0","500.0","300.0","国土 PBﾄｸ 平","","1","ｱｰｽ L形ｾﾊﾟﾚｰﾀ さび止め","2026/10/14","佐川急便","2026/10/14","","曲げ","志田","2026/10/14","製造"
"中国機材設備　呉★","九州工場","九州工場","2026/10/09","2026/10/09","26-J0153236-001-771","BE0000SG","1.60","400.0","300.0","200.0","国土 PBﾄｸ 平","","2","ｱｰｽ ｾﾊﾟﾚｰﾀ さび止め","2026/10/14","佐川急便","2026/10/14","","切断","林(浩)","2026/10/14","製造"
"米良電機　宮崎★","九州工場","九州工場","2026/10/09","2026/10/09","26-J0153383-001-771","SP0000XN","2.00","1,400.0","500.0","500.0","SUS PBﾄｸ 水切","","1","","2026/10/14","福山通運　九州発送","2026/10/14","","切断","岩本","2026/10/14","製造"
"栗田電機　電設営業部★","九州工場","九州工場","2026/10/09","2026/10/09","26-J0153436-001-771","BE3535SG","1.60","350.0","350.0","350.0","国土 PB 平","","2","ｱｰｽ さび止め","2026/10/14","福山通運　九州発送","2026/10/14","","曲げ","志田","2026/10/14","製造"
"三親電材　岡山★","九州工場","九州工場","2026/10/09","2026/10/09","26-J0153712-002-771","SP0000SN","1.50","400.0","400.0","250.0","SUS PBﾄｸ 平","","1","","2026/10/14","福山通運　九州発送","2026/10/14","","未着手","","2026/10/14","製造"
"三親電材　岡山★","九州工場","九州工場","2026/10/09","2026/10/09","26-J0153712-001-771","SP0000SN","1.50","350.0","350.0","250.0","SUS PBﾄｸ 平","","1","","2026/10/14","福山通運　九州発送","2026/10/14","","未着手","","2026/10/14","製造"
"かごしま電工　城南★","九州工場","九州工場","2026/10/09","2026/10/09","26-J0153735-001-771","DE0000XN","1.60","600.0","600.0","300.0","Sﾀﾞｲﾏ PBﾄｸ 水切","","1","ｱｰｽ","2026/10/14","佐川急便","2026/10/14","","未着手","","2026/10/14","製造"
"ナミデン　岡山★","九州工場","九州工場","2026/10/09","2026/10/09","26-J0153768-001-771","SE6060WN","1.50","600.0","600.0","600.0","SUS PB 被せ","","2","ｱｰｽ","2026/10/14","福山通運　九州発送","2026/10/14","","未着手","","2026/10/14","製造"
"山電　佐賀★","九州工場","九州工場","2026/10/09","2026/10/09","26-J0153807-002-771","IIP0000G","1.60","150.0","150.0","0.0","鉄 ﾌﾟﾚｰﾄ","","1","さび止め 穴加工φ7ｘ5","2026/10/14","佐川急便","2026/10/14","","未着手","","2026/10/14","製造"
"山電　佐賀★","九州工場","九州工場","2026/10/09","2026/10/09","26-J0153807-001-771","IIP0000G","1.60","150.0","150.0","0.0","鉄 ﾌﾟﾚｰﾄ","","3","さび止め 穴加工φ7ｘ4　φ11ｘ1","2026/10/14","佐川急便","2026/10/14","","未着手","","2026/10/14","製造"
"山電　佐賀★","九州工場","九州工場","2026/10/09","2026/10/09","26-J0153807-003-771","IIP0000G","1.60","120.0","120.0","0.0","鉄 ﾌﾟﾚｰﾄ","","3","さび止め 穴加工φ7ｘ2 φ11ｘ1","2026/10/14","佐川急便","2026/10/14","","未着手","","2026/10/14","製造"
"大洋電材　本社★","九州工場","九州工場","2026/10/09","2026/10/09","26-J0153812-001-771","SIP0000N","2.00","550.0","450.0","0.0","SUS ﾌﾟﾚｰﾄ","","1","φ12x4","2026/10/13","北九州配達","2026/10/14","","未着手","","2026/10/13","製造"
"東芝電材　小倉★","九州工場","九州工場","2026/10/09","2026/10/09","26-J0153855-001-771","SE3535XN","1.50","350.0","350.0","350.0","SUS PB 水切","","3","ｱｰｽ","2026/10/13","北九州配達","2026/10/14","","未着手","","2026/10/13","製造"
"南四国ﾅｼｮﾅﾙ　本社★","九州工場","九州工場","2026/10/09","2026/10/09","26-J0153932-001-771","SE0000XN","1.50","600.0","300.0","300.0","SUS PBﾄｸ 水切","","1","ｱｰｽ","2026/10/14","福山通運　九州発送","2026/10/14","","未着手","","2026/10/14","製造"
"啓電社★","九州工場","九州工場","2026/10/09","2026/10/09","26-J0153944-001-771","IAI0000G","0.00","3,000.0","0.0","0.0","鉄 ｱﾝｸﾞﾙ","","5","さび止め L65x65x6t","2026/10/13","ヤマックス福岡","2026/10/14","","未着手","","2026/10/13","製造"
"日本電設資材　福岡★","九州工場","九州工場","2026/08/06","2026/08/06","26-J0104501-001-771","ZIP0000","6.00","180.0","40.0","0.0","ZN ﾌﾟﾚｰﾄ","","222","穴加工  西側 A","2026/10/14","ヤマックス　ｽﾎﾟｯﾄ便","2026/10/15","","未着手","","2026/08/17","製造"
"日本電設資材　福岡★","九州工場","九州工場","2026/08/06","2026/08/06","26-J0104501-002-771","ZIP0000","6.00","220.0","240.0","0.0","ZN ﾌﾟﾚｰﾄ","","18","穴加工　西側 B","2026/10/14","ヤマックス　ｽﾎﾟｯﾄ便","2026/10/15","","未着手","","2026/08/17","製造"
"イシグロ　福岡★","九州工場","九州工場","2026/09/24","2026/09/24","26-J0137744-001-771","ZG0000","6.00","650.0","65.0","500.0","ZN 架台","","1","HDZT77 SS-L-65x65x6t　穴加工　LRｾｯﾄ  室外機架台1","2026/10/08","ヤマックス　ｽﾎﾟｯﾄ便","2026/10/15","","完成","森田","2026/10/01","製造"
"イシグロ　福岡★","九州工場","九州工場","2026/09/24","2026/09/24","26-J0137744-004-771","ZG0000","5.00","765.0","60.0","75.0","ZN 架台","","24","HDZT77 SS-C-5x40x75　穴加工　 室外機架台3-2","2026/10/06","ヤマックス　ｽﾎﾟｯﾄ便","2026/10/15","","完成","森田","2026/09/29","製造"
"イシグロ　福岡★","九州工場","九州工場","2026/09/24","2026/09/24","26-J0137744-005-771","ZKM0000","5.00","200.0","40.0","75.0","ZN 金物","","6","HDZT77 SS-C-5x40x75　穴加工   配管架台","2026/10/08","ヤマックス　ｽﾎﾟｯﾄ便","2026/10/15","","完成","森田","2026/10/01","製造"
"イシグロ　福岡★","九州工場","九州工場","2026/09/24","2026/09/24","26-J0137744-002-771","ZG0000","6.00","650.0","65.0","500.0","ZN 架台","","2","HDZT77 SS-L-65x65x6t　穴加工　LRｾｯﾄ  室外機架台2","2026/10/08","ヤマックス　ｽﾎﾟｯﾄ便","2026/10/15","","完成","森田","2026/10/01","製造"
"イシグロ　福岡★","九州工場","九州工場","2026/09/24","2026/09/24","26-J0137744-003-771","ZG0000","6.00","650.0","65.0","500.0","ZN 架台","","9","HDZT77 SS-L-65x65x6t　穴加工　LRｾｯﾄ  室外機架台3-1","2026/10/07","ヤマックス　ｽﾎﾟｯﾄ便","2026/10/15","","完成","倉重","2026/09/30","製造"
"ナミデン　広島★","九州工場","九州工場","2026/09/24","2026/09/24","26-J0138978-001-771","IE0000SG","1.60","500.0","300.0","150.0","鉄 PBﾄｸ 平","","1","ｱｰｽ さび止め","2026/09/30","佐川急便","2026/10/15","","完成","坂元","2026/09/29","製造"
"日本電設資材　福岡★","九州工場","九州工場","2026/09/24","2026/09/24","26-J0139142-002-771","IG0000G","0.00","215.0","210.0","1,100.0","鉄 架台","","1","さび止め [150×75×6.5t　L65×65×6t QR70用(EPS3)","2026/10/14","ヤマックス福岡","2026/10/15","","切断","奈木野","2026/10/08","製造"
"日本電設資材　福岡★","九州工場","九州工場","2026/09/24","2026/09/24","26-J0139142-004-771","IG0000G","0.00","215.0","210.0","900.0","鉄 架台","","1","さび止め [150x75x6.5t L65x65x6t QR50用(EPS4)","2026/10/14","ヤマックス福岡","2026/10/15","","切断","奈木野","2026/10/08","製造"
"日本電設資材　福岡★","九州工場","九州工場","2026/09/24","2026/09/24","26-J0139142-001-771","IG0000G","0.00","215.0","210.0","1,100.0","鉄 架台","","1","さび止め [150×75×6.5t　L65×65×6t QR70用(EPS1)","2026/10/14","ヤマックス福岡","2026/10/15","","切断","奈木野","2026/10/08","製造"
"日本電設資材　福岡★","九州工場","九州工場","2026/09/24","2026/09/24","26-J0139142-003-771","IG0000G","0.00","215.0","210.0","900.0","鉄 架台","","1","さび止め [150x75x6.5t L65x65x6t QR50用(EPS2)","2026/10/14","ヤマックス福岡","2026/10/15","","切断","奈木野","2026/10/08","製造"
"日本電設資材　福岡★","九州工場","九州工場","2026/09/24","2026/09/24","26-J0139144-003-771","IMK0000G","4.50","1,100.0","100.0","40.0","鉄 曲金物","","1","さび止め　穴加工　EPS3","2026/10/14","ヤマックス福岡","2026/10/15","","曲げ","道上","2026/10/08","製造"
"日本電設資材　福岡★","九州工場","九州工場","2026/09/24","2026/09/24","26-J0139144-004-771","IMK0000G","4.50","900.0","100.0","40.0","鉄 曲金物","","1","さび止め　穴加工　EPS4","2026/10/14","ヤマックス福岡","2026/10/15","","曲げ","道上","2026/10/08","製造"
"日本電設資材　福岡★","九州工場","九州工場","2026/09/24","2026/09/24","26-J0139144-002-771","IMK0000G","4.50","900.0","100.0","40.0","鉄 曲金物","","1","さび止め　穴加工　EPS2","2026/10/14","ヤマックス福岡","2026/10/15","","曲げ","道上","2026/10/08","製造"
"日本電設資材　福岡★","九州工場","九州工場","2026/09/24","2026/09/24","26-J0139144-001-771","IMK0000G","4.50","1,100.0","100.0","40.0","鉄 曲金物","","1","さび止め　穴加工　EPS1","2026/10/14","ヤマックス福岡","2026/10/15","","曲げ","道上","2026/10/08","製造"
"佐野電機工業","九州工場","九州工場","2026/09/29","2026/09/29","26-J0142394-003-771","ZE6040X3","3.20","600.0","600.0","400.0","ZN PB 水切","","1","◆空冷 HDZT63 ｱｰｽ","2026/10/15","福山通運　九州発送","2026/10/15","","溶接","フイ","2026/10/06","製造"
"佐野電機工業","九州工場","九州工場","2026/09/29","2026/09/29","26-J0142394-010-771","ZE5030X2","2.30","500.0","500.0","300.0","ZN PB 水切","","2","HDZT56 ｱｰｽ","2026/10/14","福山通運　九州発送","2026/10/15","","溶接","フイ","2026/10/06","製造"
"アサヒ　本社","九州工場","九州工場","2026/09/29","2026/09/29","26-J0142963-001-771","BD0000C","1.60","180.0","100.0","1,630.0","国土 ﾀﾞｸﾄ 焼付","2.5Y9/1","1","ｱｰｽ 平蓋２分割 支持棒x2","2026/10/07","イトカツ","2026/10/15","2026/10/07","完成","古川","2026/10/02","製造"
"平和テクノ　下関★","九州工場","九州工場","2026/09/29","2026/09/29","26-J0143005-001-771","ZG0000","0.00","900.0","1,100.0","650.0","ZN 架台","","3","トラスコキャスター付","2026/10/14","店頭渡し","2026/10/15","","外注","平澤","2026/10/02","製造"
"正和電材　佐世保★","九州工場","九州工場","2026/09/30","2026/09/30","26-J0143924-002-771","BE1510XC","1.60","150.0","150.0","100.0","国土 PB 水切 焼付","5Y9/1.5近似色","2","ｱｰｽ","2026/10/15","佐川急便","2026/10/15","","ｷｬﾝｾﾙ","林(秀)","2026/10/08","製造"
"正和電材　佐世保★","九州工場","九州工場","2026/09/30","2026/09/30","26-J0143924-001-771","ZE0000XC","2.30","150.0","150.0","100.0","ZN PBﾄｸ 水切 焼付","N8.5 近似色","1","HDZT-56 ｱｰｽ 足L30x3t 取付穴 水抜穴 G22溶接","2026/10/15","佐川急便","2026/10/15","","組立","金光","2026/10/02","製造"
"正和電材　佐世保★","九州工場","九州工場","2026/09/30","2026/09/30","26-J0143924-005-771","BE1510SC","1.60","150.0","150.0","100.0","国土 PB 平 焼付","5Y9/1.5近似色","2","ｱｰｽ","2026/10/14","佐川急便","2026/10/15","","塗装","樫原","","加工"
"アサヒ　中部","九州工場","九州工場","2026/09/30","2026/09/30","26-J0144476-001-771","IE5020SC","1.60","500.0","500.0","200.0","鉄 PB 平 焼付","2.5Y9/1","1","ｱｰｽ","2026/10/07","イトカツ","2026/10/15","2026/10/07","完成","古川","2026/10/02","製造"
"アサヒ　中部","九州工場","九州工場","2026/09/30","2026/09/30","26-J0144496-001-771","IE0000SC","1.60","150.0","100.0","150.0","鉄 PBﾄｸ 平 焼付","N5.5","16","ｱｰｽ ﾊﾟｯｷﾝ付","2026/10/07","イトカツ","2026/10/15","2026/10/07","完成","古川","2026/10/02","製造"
"アサヒ　中部","九州工場","九州工場","2026/09/30","2026/09/30","26-J0144497-001-771","IE0000SC","1.60","150.0","100.0","150.0","鉄 PBﾄｸ 平 焼付","N5.5","16","ｱｰｽ","2026/10/08","イトカツ","2026/10/15","2026/10/08","完成","古川","2026/10/05","製造"
"東芝電材　唐津★","九州工場","九州工場","2026/10/01","2026/10/01","26-J0144568-001-771","DD0000N","2.30","860.0","660.0","2,550.0","Sﾀﾞｲﾏ ﾀﾞｸﾄ","","1","開口穴　平蓋2分割　ケーブル支持","2026/10/14","ヤマックス　ｽﾎﾟｯﾄ便","2026/10/15","","溶接","恒川","2026/10/13","製造"
"アサヒ　南部","九州工場","九州工場","2026/10/01","2026/10/01","26-J0144575-002-771","SDC0000C","1.50","1,000.0","250.0","755.0","SUS ﾀﾞｸﾄｶﾊﾞｰ 焼付","25-70B (5Y7/1)","1","平蓋ｺﾞﾑP 取付穴 ﾌﾞﾗﾝｸ","2026/10/09","イトカツ","2026/10/15","2026/10/09","完成","柴﨑","2026/10/06","製造"
"アサヒ　南部","九州工場","九州工場","2026/10/01","2026/10/01","26-J0144575-001-771","SDC0000C","1.50","600.0","160.0","945.0","SUS ﾀﾞｸﾄｶﾊﾞｰ 焼付","25-70B (5Y7/1)","1","平蓋ｺﾞﾑP 取付穴 ﾌﾞﾗﾝｸ","2026/10/09","イトカツ","2026/10/15","2026/10/09","完成","柴﨑","2026/10/06","製造"
"共和電気","九州工場","九州工場","2026/10/01","2026/10/01","26-J0144873-001-771","SE0000XC","1.50","350.0","350.0","300.0","SUS PBﾄｸ 水切 焼付","2.5Y9/1","1","ｱｰｽ ｾﾝﾀｰｾﾊﾟ付","2026/10/07","イトカツ","2026/10/15","2026/10/07","完成","古川","2026/10/02","製造"
"共和電気","九州工場","九州工場","2026/10/01","2026/10/01","26-J0144873-002-771","SE0000XC","1.50","350.0","350.0","150.0","SUS PBﾄｸ 水切 焼付","2.5Y9/1","1","ｱｰｽ","2026/10/07","イトカツ","2026/10/15","2026/10/07","完成","古川","2026/10/02","製造"
"Q-mast　南九州★","九州工場","九州工場","2026/10/01","2026/10/01","26-J0144925-002-771","ZDC0000","3.20","500.0","550.0","3,430.0","ZN ﾀﾞｸﾄｶﾊﾞｰ","","1","/250","2026/10/15","福山通運　九州発送","2026/10/15","","外注","カイ","2026/10/07","製造"
"Q-mast　南九州★","九州工場","九州工場","2026/10/01","2026/10/01","26-J0144925-001-771","ZDC0000","3.20","550.0","550.0","4,435.0","ZN ﾀﾞｸﾄｶﾊﾞｰ","","1","/250","2026/10/14","福山通運　九州発送","2026/10/15","","外注","カイ","2026/10/06","製造"
"小林電工　広島★","九州工場","九州工場","2026/10/01","2026/10/01","26-J0145061-001-771","ZST0000","0.00","1,300.0","0.0","0.0","ZN ｽﾀﾝｼｮﾝ","","3","SGP-50A ベース6.0t 250X250　リブ4.5t","2026/10/15","福山通運　九州発送","2026/10/15","","溶接","クイ","2026/10/07","製造"
"三親電材　米子★","九州工場","九州工場","2026/10/02","2026/10/02","26-J0145961-001-771","ZE0000XA","2.30","300.0","300.0","200.0","ZN PBﾄｸ 水切","","2","HDZT56 ｱｰｽ 足付L5x40Φ12 ｶｯﾌﾟﾘﾝｸﾞ付 穴加工ｱﾘ","2026/10/15","福山通運　九州発送","2026/10/15","","外注","フイ","2026/10/06","製造"
"佐野電機工業","九州工場","九州工場","2026/10/02","2026/10/02","26-J0146548-001-771","ZE0000X","2.30","400.0","300.0","200.0","ZN PBﾄｸ 水切","","1","HDZT56 ｱｰｽ","2026/10/15","福山通運　九州発送","2026/10/15","","外注","バン","2026/10/07","製造"
"佐野電機工業","九州工場","九州工場","2026/10/02","2026/10/02","26-J0146548-002-771","ZE3030X2","2.30","300.0","300.0","300.0","ZN PB 水切","","1","HDZT56 ｱｰｽ","2026/10/15","福山通運　九州発送","2026/10/15","","外注","バン","2026/10/07","製造"
"富士電機E＆C★","九州工場","九州工場","2026/10/05","2026/10/05","26-J0147307-001-771","ZE3020X2","2.30","300.0","300.0","200.0","ZN PB 水切","","1","ｱｰｽ","2026/10/15","福山通運　九州発送","2026/10/15","","溶接","フイ","2026/10/06","製造"
"興陽電機　小倉★","九州工場","九州工場","2026/10/05","2026/10/05","26-J0147581-003-771","SD0000C","2.00","950.0","600.0","400.0","SUS ﾀﾞｸﾄ 焼付","N-75 近似色","1","ｱｰｽ　水切り　","2026/10/14","北九州配達","2026/10/15","","塗装","山口","2026/10/08","製造"
"梶電機工業★","九州工場","九州工場","2026/10/05","2026/10/05","26-J0147939-001-771","ZE2015X2","2.30","200.0","200.0","150.0","ZN PB 水切","","1","ｱｰｽ　HDZT56","2026/10/15","福山通運　九州発送","2026/10/15","","外注","バン","2026/10/08","製造"
"タツミ電材　佐賀本社★","九州工場","九州工場","2026/10/05","2026/10/05","26-J0148098-002-771","ZG0000","5.00","545.0","200.0","475.0","ZN 架台","","1","HDZT-63  L5x40 φ15x8","2026/10/15","佐川急便","2026/10/15","","溶接","ゴック","2026/10/07","製造"
"宮地電機　徳島","九州工場","九州工場","2026/10/05","2026/10/05","26-J0148123-002-771","ZE3030X2","2.30","300.0","300.0","300.0","ZN PB 水切","","1","HDZT56 ｱｰｽ","2026/10/15","福山通運　九州発送","2026/10/15","","外注","バン","2026/10/07","製造"
"宮地電機　徳島","九州工場","九州工場","2026/10/05","2026/10/05","26-J0148123-001-771","ZE5050X2","2.30","500.0","500.0","500.0","ZN PB 水切","","1","HDZT56 ｱｰｽ","2026/10/15","福山通運　九州発送","2026/10/15","","外注","バン","2026/10/07","製造"
"正和電材　佐世保★","九州工場","九州工場","2026/10/05","2026/10/05","26-J0148279-003-771","ZE2010X2","2.30","200.0","200.0","100.0","ZN PB 水切","","2","HDZT49 ｱｰｽ","2026/10/15","佐川急便","2026/10/15","","外注","テイン","2026/10/07","製造"
"正和電材　佐世保★","九州工場","九州工場","2026/10/05","2026/10/05","26-J0148279-002-771","ZE3020X2","2.30","300.0","300.0","200.0","ZN PB 水切","","2","HDZT49 ｱｰｽ","2026/10/15","佐川急便","2026/10/15","","外注","テイン","2026/10/07","製造"
"正和電材　佐世保★","九州工場","九州工場","2026/10/05","2026/10/05","26-J0148279-001-771","ZE5020X2","2.30","500.0","500.0","200.0","ZN PB 水切","","2","HDZT49 ｱｰｽ","2026/10/15","佐川急便","2026/10/15","","外注","バン","2026/10/07","製造"
"正和電材　佐世保★","九州工場","九州工場","2026/10/05","2026/10/05","26-J0148429-001-771","IIP0000C","2.30","650.0","450.0","0.0","鉄 ﾌﾟﾚｰﾄ 焼付","5Y7/1 近似色","1","φ5x10 ｺｰﾅｰR加工","2026/10/14","佐川急便","2026/10/15","","塗装","山口","2026/10/08","製造"
"徳島電材★","九州工場","九州工場","2026/10/05","2026/10/05","26-J0148459-001-771","ZIP0000","3.20","450.0","300.0","0.0","ZN ﾌﾟﾚｰﾄ","","2","HDZT63 穴加工ｱﾘ","2026/10/15","福山通運　九州発送","2026/10/15","","外注","森山","2026/10/07","製造"
"広島電機器材","九州工場","九州工場","2026/10/05","2026/10/05","26-J0148543-001-771","ZE1515X2","2.30","150.0","150.0","150.0","ZN PB 水切","","1","ｱｰｽ","2026/10/15","福山通運　九州発送","2026/10/15","","外注","バン","2026/10/07","製造"
"シンセイ　福山★","九州工場","九州工場","2026/10/06","2026/10/06","26-J0148730-001-771","BE0000SC","1.60","250.0","250.0","150.0","国土 PBﾄｸ 平 焼付","2.5Y9/1 近似色","10","ｱｰｽ 封印ビス付(対角２箇所)","2026/10/15","福山通運　九州発送","2026/10/15","","仕上","山口","2026/10/09","製造"
"大成　（沖縄）","九州工場","九州工場","2026/10/06","2026/10/06","26-J0148962-001-771","SDC0000N","1.50","455.0","405.0","1,050.0","SUS ﾀﾞｸﾄｶﾊﾞｰ","","4","平蓋 ﾒｯｼｭ 曲金物","2026/10/09","イトカツ","2026/10/15","2026/10/09","完成","倉重","2026/10/08","製造"
"中国機材設備　呉★","九州工場","九州工場","2026/10/06","2026/10/06","26-J0149727-002-771","SE1515XC","1.50","150.0","150.0","150.0","SUS PB 水切 焼付","2.5Y9/1 近似色","6","ｱｰｽ","2026/10/15","佐川急便","2026/10/15","","溶接","テイン","2026/10/09","製造"
"中国機材設備　呉★","九州工場","九州工場","2026/10/06","2026/10/06","26-J0149727-001-771","SE1515XC","1.50","150.0","150.0","150.0","SUS PB 水切 焼付","2.5Y9/1 近似色","6","ｱｰｽ","2026/10/14","佐川急便","2026/10/15","","塗装","山口","2026/10/08","製造"
"東芝電材　広島★","九州工場","九州工場","2026/10/06","2026/10/06","26-J0149807-001-771","I02060SG","1.60","600.0","600.0","0.0","鉄 ふた","","2","平ふた さび止め","2026/10/08","福山通運　九州発送","2026/10/15","","完成","服部","2026/10/08","製造"
"東芝電材　広島★","九州工場","九州工場","2026/10/06","2026/10/06","26-J0149875-001-771","BIP0000C","1.60","180.0","0.0","0.0","処理鋼板 ﾌﾟﾚｰﾄ 焼付","N9.5 近似色","1","φ180丸形 開口 M4ﾀｯﾌﾟx2 M4小頭皿ﾋﾞｽ用穴加工","2026/10/15","福山通運　九州発送","2026/10/15","","塗装","柴﨑","2026/10/09","製造"
"カンサイ　日進商会★","九州工場","九州工場","2026/10/06","2026/10/06","26-J0149890-001-771","SE2510XC","1.50","250.0","250.0","100.0","SUS PB 水切 焼付","N7.5 近似色","1","ｱｰｽ","2026/10/14","北九州配達","2026/10/15","","塗装","山口","2026/10/08","製造"
"平岡電気　福岡東★","九州工場","九州工場","2026/10/06","2026/10/06","26-J0150028-001-771","SE2010XC","1.50","200.0","200.0","100.0","SUS PB 水切 焼付","5Y9/1 近似色","5","ｱｰｽ","2026/10/14","ヤマックス福岡","2026/10/15","","塗装","山口","","加工"
"ヤシマ電材 津山","九州工場","九州工場","2026/10/07","2026/10/07","26-J0150136-001-771","IMK0000C","6.00","688.0","64.0","60.0","鉄 曲金物 焼付","5Y7/1(近似色)","1","L型 穴加工ｱﾘ","2026/10/15","福山通運　九州発送","2026/10/15","","曲げ","道上","2026/10/09","製造"
"ヤシマ電材 津山","九州工場","九州工場","2026/10/07","2026/10/07","26-J0150136-002-771","IMK0000C","6.00","688.0","64.0","64.0","鉄 曲金物 焼付","5Y7/1(近似色)","2","L型 穴加工ｱﾘ","2026/10/15","福山通運　九州発送","2026/10/15","","曲げ","道上","2026/10/09","製造"
"ヤシマ電材 津山","九州工場","九州工場","2026/10/07","2026/10/07","26-J0150136-003-771","IMK0000C","6.00","688.0","64.0","70.0","鉄 曲金物 焼付","5Y7/1(近似色)","1","L型 穴加工ｱﾘ","2026/10/15","福山通運　九州発送","2026/10/15","","曲げ","道上","2026/10/14","製造"
"ナミデン　岡山★","九州工場","九州工場","2026/10/07","2026/10/07","26-J0150528-004-771","DMK0000N","1.60","750.0","300.0","98.0","Sﾀﾞｲﾏ 曲金物","","1","L型 ﾊﾟﾝﾁﾝｸﾞ加工","2026/10/15","福山通運　九州発送","2026/10/15","","ｷｬﾝｾﾙ","林(秀)","2026/10/14","製造"
"ナミデン　岡山★","九州工場","九州工場","2026/10/07","2026/10/07","26-J0150528-003-771","DMK0000N","1.60","750.0","300.0","108.0","Sﾀﾞｲﾏ 曲金物","","1","L型 ﾊﾟﾝﾁﾝｸﾞ加工","2026/10/15","福山通運　九州発送","2026/10/15","","ｷｬﾝｾﾙ","林(秀)","2026/10/14","製造"
"ナミデン　岡山★","九州工場","九州工場","2026/10/07","2026/10/07","26-J0150528-001-771","DMK0000N","1.60","1,900.0","300.0","155.0","Sﾀﾞｲﾏ 曲金物","","2","L型 ﾊﾟﾝﾁﾝｸﾞ加工","2026/10/15","福山通運　九州発送","2026/10/15","","ｷｬﾝｾﾙ","林(秀)","2026/10/14","製造"
"ナミデン　岡山★","九州工場","九州工場","2026/10/07","2026/10/07","26-J0150528-002-771","DMK0000N","1.60","1,660.0","300.0","105.0","Sﾀﾞｲﾏ 曲金物","","2","L型 ﾊﾟﾝﾁﾝｸﾞ加工","2026/10/15","福山通運　九州発送","2026/10/15","","ｷｬﾝｾﾙ","林(秀)","2026/10/14","製造"
"カンサイ　八幡★","九州工場","九州工場","2026/10/07","2026/10/07","26-J0150921-001-771","BIP0000C","1.60","550.0","550.0","0.0","処理鋼板 ﾌﾟﾚｰﾄ 焼付","2.5Y9/1 近似色","2","φ6x4","2026/10/14","北九州配達","2026/10/15","","塗装","山口","2026/10/08","製造"
"平岡電気　福岡南★","九州工場","九州工場","2026/10/07","2026/10/07","26-J0151033-001-771","B02000SC","1.60","350.0","300.0","0.0","国土 ふたﾄｸ 焼付","5Y7/1 近似色","1","平ふた","2026/10/14","ヤマックス福岡","2026/10/15","","塗装","山口","2026/10/08","製造"
"三親電材　山口★","九州工場","九州工場","2026/10/07","2026/10/07","26-J0151073-001-771","BDC0000C","2.30","700.0","250.0","390.0","国土 ﾀﾞｸﾄｶﾊﾞｰ 焼付","2.5Y9/1 近似色","1","平蓋1.6t 本体2.3t ｱｰｽ φ16x4 φ14x4","2026/10/15","福山通運　九州発送","2026/10/15","","仕上","三澄","2026/10/09","製造"
"岡本電機　広島★","九州工場","九州工場","2026/10/07","2026/10/07","26-J0151083-001-771","IDC0000C","1.60","600.0","350.0","400.0","鉄 ﾀﾞｸﾄｶﾊﾞｰ 焼付","色見本ｱﾘ","1","平蓋 φ8x6 色見本(ｴｽｹｰ化研F1707B4326)","2026/10/15","佐川急便","2026/10/15","","仕上","三澄","2026/10/09","製造"
"岡本電機　広島★","九州工場","九州工場","2026/10/07","2026/10/07","26-J0151083-003-771","30PLA","0.00","0.0","0.0","0.0","補修塗料 筆付","色見本ｱﾘ","1","ﾌﾟﾗ30ml 色見本(ｴｽｹｰ化研F1707B4326)","2026/10/15","佐川急便","2026/10/15","","未着手","","","製造"
"岡本電機　広島★","九州工場","九州工場","2026/10/07","2026/10/07","26-J0151083-002-771","IDC0000C","1.60","1,000.0","350.0","400.0","鉄 ﾀﾞｸﾄｶﾊﾞｰ 焼付","色見本ｱﾘ","2","平蓋 φ8x6 色見本(ｴｽｹｰ化研F1707B4326)","2026/10/15","佐川急便","2026/10/15","","仕上","三澄","2026/10/09","製造"
"ムトウ電材　富士見★","九州工場","九州工場","2026/10/07","2026/10/07","26-J0151154-001-771","IP5030SC","1.60","500.0","500.0","300.0","鉄 PB 平 焼付","2.5Y9/1 近似色","1","","2026/10/15","佐川急便","2026/10/15","","仕上","三澄","2026/10/09","製造"
"ムトウ電材　富士見★","九州工場","九州工場","2026/10/08","2026/10/08","26-J0151649-001-771","IIP0000C","1.60","1,300.0","260.0","0.0","鉄 ﾌﾟﾚｰﾄ 焼付","N9.5 近似色","4","2-φ12","2026/10/15","佐川急便","2026/10/15","","切断","森山","2026/10/09","製造"
"木村電機　本社★","九州工場","九州工場","2026/10/08","2026/10/08","26-J0151674-001-771","SE0000XC","1.50","500.0","300.0","300.0","SUS PBﾄｸ 水切 焼付","5Y7/1 近似色","3","ｱｰｽ","2026/10/15","佐川急便","2026/10/15","","溶接","テイン","2026/10/09","製造"
"三親電材　鳥取★","九州工場","九州工場","2026/10/08","2026/10/08","26-J0151675-001-771","IIP0000C","1.60","700.0","430.0","0.0","鉄 ﾌﾟﾚｰﾄ 焼付","2.5Y9/1(近似色)","1","穴加工ｱﾘ","2026/10/15","福山通運　九州発送","2026/10/15","","切断","森山","2026/10/09","製造"
"日本電設資材　福岡★","九州工場","九州工場","2026/10/08","2026/10/08","26-J0151740-010-771","DP4030WN","1.60","400.0","400.0","300.0","Sﾀﾞｲﾏ PB 被せ","","2","   B工区1階","2026/10/14","ヤマックス　ｽﾎﾟｯﾄ便","2026/10/15","","切断","岩本","2026/10/14","製造"
"日本電設資材　福岡★","九州工場","九州工場","2026/10/08","2026/10/08","26-J0151740-001-771","DP1510WN","1.60","150.0","150.0","100.0","Sﾀﾞｲﾏ PB 被せ","","2","   B工区2階","2026/10/13","ヤマックス　ｽﾎﾟｯﾄ便","2026/10/15","","仕上","山口","2026/10/13","製造"
"日本電設資材　福岡★","九州工場","九州工場","2026/10/08","2026/10/08","26-J0151740-002-771","DP2010WN","1.60","200.0","200.0","100.0","Sﾀﾞｲﾏ PB 被せ","","1","   B工区2階","2026/10/13","ヤマックス　ｽﾎﾟｯﾄ便","2026/10/15","","仕上","山口","2026/10/13","製造"
"日本電設資材　福岡★","九州工場","九州工場","2026/10/08","2026/10/08","26-J0151740-003-771","DP1515WN","1.60","150.0","150.0","150.0","Sﾀﾞｲﾏ PB 被せ","","4","   B工区2階","2026/10/13","ヤマックス　ｽﾎﾟｯﾄ便","2026/10/15","","溶接","フイ","2026/10/13","製造"
"日本電設資材　福岡★","九州工場","九州工場","2026/10/08","2026/10/08","26-J0151740-004-771","DP2020WN","1.60","200.0","200.0","200.0","Sﾀﾞｲﾏ PB 被せ","","2","   B工区2階","2026/10/14","ヤマックス　ｽﾎﾟｯﾄ便","2026/10/15","","溶接","フイ","2026/10/14","製造"
"日本電設資材　福岡★","九州工場","九州工場","2026/10/08","2026/10/08","26-J0151740-005-771","DP3030WN","1.60","300.0","300.0","300.0","Sﾀﾞｲﾏ PB 被せ","","1","   B工区2階","2026/10/14","ヤマックス　ｽﾎﾟｯﾄ便","2026/10/15","","溶接","フイ","2026/10/14","製造"
"日本電設資材　福岡★","九州工場","九州工場","2026/10/08","2026/10/08","26-J0151740-006-771","DP4030WN","1.60","400.0","400.0","300.0","Sﾀﾞｲﾏ PB 被せ","","1","   B工区2階","2026/10/14","ヤマックス　ｽﾎﾟｯﾄ便","2026/10/15","","切断","岩本","2026/10/14","製造"
"日本電設資材　福岡★","九州工場","九州工場","2026/10/08","2026/10/08","26-J0151740-007-771","DP5050WN","1.60","500.0","500.0","500.0","Sﾀﾞｲﾏ PB 被せ","","1","   B工区2階","2026/10/14","ヤマックス　ｽﾎﾟｯﾄ便","2026/10/15","","曲げ","志田","2026/10/14","製造"
"日本電設資材　福岡★","九州工場","九州工場","2026/10/08","2026/10/08","26-J0151740-008-771","DP1515WN","1.60","150.0","150.0","150.0","Sﾀﾞｲﾏ PB 被せ","","5","   B工区1階","2026/10/13","ヤマックス　ｽﾎﾟｯﾄ便","2026/10/15","","溶接","フイ","2026/10/13","製造"
"日本電設資材　福岡★","九州工場","九州工場","2026/10/08","2026/10/08","26-J0151740-009-771","DP2020WN","1.60","200.0","200.0","200.0","Sﾀﾞｲﾏ PB 被せ","","2","   B工区1階","2026/10/14","ヤマックス　ｽﾎﾟｯﾄ便","2026/10/15","","切断","岩本","2026/10/14","製造"
"岡本電機　呉★","九州工場","九州工場","2026/10/08","2026/10/08","26-J0152069-001-771","BE2020SC","1.60","200.0","200.0","200.0","国土 PB 平 焼付","2.5Y9/1 近似色","8","ｱｰｽ","2026/10/15","佐川急便","2026/10/15","","未着手","","","加工"
"かごしま電工　南★","九州工場","九州工場","2026/10/08","2026/10/08","26-J0152315-001-771","SE0000XC","1.50","400.0","400.0","150.0","SUS PBﾄｸ 水切 焼付","2.5Y9/1 近似色","2","ｱｰｽ","2026/10/15","佐川急便","2026/10/15","","仕上","三澄","2026/10/09","製造"
"かごしま電工　南★","九州工場","九州工場","2026/10/08","2026/10/08","26-J0152315-002-771","SE3015XC","1.50","300.0","300.0","150.0","SUS PB 水切 焼付","2.5Y9/1 近似色","2","ｱｰｽ","2026/10/15","佐川急便","2026/10/15","","仕上","三澄","2026/10/09","製造"
"三和電気商会★","九州工場","九州工場","2026/10/08","2026/10/08","26-J0152535-001-771","IIP0000C","1.60","300.0","300.0","0.0","鉄 ﾌﾟﾚｰﾄ 焼付","5Y7/1(近似色)","1","開口･穴加工ｱﾘ R5x4","2026/10/15","福山通運　九州発送","2026/10/15","","切断","林(浩)","2026/10/14","製造"
"興陽電機　福岡西★","九州工場","九州工場","2026/10/09","2026/10/09","26-J0153411-001-771","SE0000WN","2.00","600.0","600.0","800.0","SUS PBﾄｸ 被せ","","2","ｱｰｽ側面","2026/10/14","ヤマックス福岡","2026/10/15","","切断","岩本","2026/10/14","製造"
"三和電気商会★","九州工場","九州工場","2026/10/09","2026/10/09","26-J0153565-001-771","DP2515WN","1.60","250.0","250.0","150.0","Sﾀﾞｲﾏ PB 被せ","","2","","2026/10/15","福山通運　九州発送","2026/10/15","","未着手","","2026/10/14","製造"
"かごしま電工　加世田★","九州工場","九州工場","2026/10/09","2026/10/09","26-J0153764-002-771","SE1510XNW","1.50","150.0","150.0","100.0","SUS PB 水切","","5","ｱｰｽ 内ﾜﾆｽ","2026/10/15","佐川急便","2026/10/15","","未着手","","2026/10/14","製造"
"かごしま電工　加世田★","九州工場","九州工場","2026/10/09","2026/10/09","26-J0153764-001-771","SE2010XNW","1.50","200.0","200.0","100.0","SUS PB 水切","","2","ｱｰｽ 内ﾜﾆｽ","2026/10/15","佐川急便","2026/10/15","","未着手","","2026/10/14","製造"
"かごしま電工　加世田★","九州工場","九州工場","2026/10/09","2026/10/09","26-J0153803-001-771","SE2010XNW","1.50","200.0","200.0","100.0","SUS PB 水切","","1","ｱｰｽ 内ﾜﾆｽ","2026/10/15","佐川急便","2026/10/15","","未着手","","2026/10/14","製造"
"矢島電機商会　倉敷","九州工場","九州工場","2026/10/09","2026/10/09","26-J0153910-002-771","IP0000WG","1.60","250.0","250.0","100.0","鉄 PBﾄｸ 被せ","","1","さび止め 穴加工ｱﾘ","2026/10/15","福山通運　九州発送","2026/10/15","","未着手","","2026/10/15","製造"
"矢島電機商会　倉敷","九州工場","九州工場","2026/10/09","2026/10/09","26-J0153910-001-771","IP0000WG","1.60","250.0","250.0","100.0","鉄 PBﾄｸ 被せ","","1","さび止め 穴加工ｱﾘ","2026/10/15","福山通運　九州発送","2026/10/15","","未着手","","2026/10/15","製造"
"矢島電機商会　倉敷","九州工場","九州工場","2026/10/09","2026/10/09","26-J0153910-003-771","IP0000WG","1.60","250.0","250.0","100.0","鉄 PBﾄｸ 被せ","","2","さび止め 穴加工ｱﾘ","2026/10/15","福山通運　九州発送","2026/10/15","","未着手","","2026/10/15","製造"
"金城電気商会","九州工場","九州工場","2026/09/25","2026/09/25","26-J0140369-002-771","SE1510XC","1.50","150.0","150.0","100.0","SUS PB 水切 焼付","5Y7/1","13","ｱｰｽ","2026/10/05","イトカツ","2026/10/16","2026/10/05","完成","古川","2026/09/30","製造"
"金城電気商会","九州工場","九州工場","2026/09/25","2026/09/25","26-J0140369-001-771","SE3015XC","1.50","300.0","300.0","150.0","SUS PB 水切 焼付","5Y7/1","3","ｱｰｽ","2026/10/05","イトカツ","2026/10/16","2026/10/05","完成","古川","2026/09/30","製造"
"平岡電気　大牟田★","九州工場","九州工場","2026/09/25","2026/09/25","26-J0140372-001-771","BP0000XN","2.30","1,000.0","500.0","400.0","国土 PBﾄｸ 水切","5Y7/1全艶 近似色","1","ｱｰｽ無 開口 穴加工 塩ﾋﾞ板 耐塩塗装 化粧ﾋﾞｽ止め","2026/10/14","福山通運　九州発送","2026/10/16","","溶接","恒川","2026/09/29","製造"
"平岡電気　城南★","九州工場","九州工場","2026/09/28","2026/09/28","26-J0141727-001-771","ZG0000C","4.00","600.0","250.0","150.0","ZN 架台 焼付","10YR 3/0.5近似色","1","L-50x50x4.0t 4-M8ﾀｯﾌﾟ 4-φ14 補強 側面背面PL溶接","2026/10/15","ヤマックス福岡","2026/10/16","","切断","林(浩)","2026/10/02","製造"
"金城電気商会","九州工場","九州工場","2026/09/29","2026/09/29","26-J0142200-001-771","DE5050SNP","1.60","500.0","500.0","500.0","Sﾀﾞｲﾏ PB 平","","1","ｱｰｽ ｺﾞﾑﾊﾟｯｷﾝ付","2026/10/02","イトカツ","2026/10/16","2026/10/02","完成","古川","2026/10/01","製造"
"Q-mast　電気グル－プ★","九州工場","九州工場","2026/09/29","2026/09/29","26-J0142973-003-771","ZG0000","0.00","1,100.0","300.0","700.0","ZN 架台","","1","タップ加工　L50x50x6t　プレートSダイマ1.6t","2026/10/15","ヤマックス　ｽﾎﾟｯﾄ便","2026/10/16","","溶接","ゴック","2026/10/06","製造"
"Q-mast　電気グル－プ★","九州工場","九州工場","2026/09/29","2026/09/29","26-J0142973-004-771","ZG0000","0.00","950.0","600.0","700.0","ZN 架台","","1","タップ加工　L50x50x6t　プレートSダイマ1.6t","2026/10/15","ヤマックス　ｽﾎﾟｯﾄ便","2026/10/16","","溶接","石松","2026/10/06","製造"
"Q-mast　電気グル－プ★","九州工場","九州工場","2026/09/29","2026/09/29","26-J0142973-001-771","ZG0000","0.00","1,320.0","420.0","650.0","ZN 架台","","1","タップ加工　L50x50x6t　プレートSダイマ1.6t","2026/10/15","ヤマックス　ｽﾎﾟｯﾄ便","2026/10/16","","溶接","ゴック","2026/10/06","製造"
"Q-mast　電気グル－プ★","九州工場","九州工場","2026/09/29","2026/09/29","26-J0142973-002-771","ZG0000","0.00","2,350.0","300.0","700.0","ZN 架台","","1","タップ加工　L50x50x6t　プレートSダイマ1.6t","2026/10/15","ヤマックス　ｽﾎﾟｯﾄ便","2026/10/16","","溶接","ゴック","2026/10/06","製造"
"Q-mast　電気グル－プ★","九州工場","九州工場","2026/09/29","2026/09/29","26-J0142994-005-771","DC0000N","2.30","1,430.0","400.0","550.0","Sﾀﾞｲﾏ ｶﾊﾞｰ","","1","穴加工","2026/10/15","ヤマックス　ｽﾎﾟｯﾄ便","2026/10/16","","曲げ","道上","2026/10/14","製造"
"Q-mast　電気グル－プ★","九州工場","九州工場","2026/09/29","2026/09/29","26-J0142994-006-771","DC0000N","2.30","1,430.0","600.0","550.0","Sﾀﾞｲﾏ ｶﾊﾞｰ","","1","穴加工","2026/10/15","ヤマックス　ｽﾎﾟｯﾄ便","2026/10/16","","曲げ","道上","2026/10/14","製造"
"アサヒ　中部","九州工場","九州工場","2026/09/30","2026/09/30","26-J0144501-001-771","IE0000SC","1.60","150.0","100.0","150.0","鉄 PBﾄｸ 平 焼付","N5.5","20","ｱｰｽ ﾊﾟｯｷﾝ付","2026/10/09","イトカツ","2026/10/16","2026/10/09","完成","古川","2026/10/06","製造"
"アサヒ　中部","九州工場","九州工場","2026/10/01","2026/10/01","26-J0144750-001-771","IE3520SC","1.60","350.0","350.0","200.0","鉄 PB 平 焼付","2.5Y9/1","2","ｱｰｽ","2026/10/07","イトカツ","2026/10/16","2026/10/07","完成","古川","2026/10/02","製造"
"三共電気　本社★","九州工場","九州工場","2026/10/01","2026/10/01","26-J0145041-002-771","ZG0000","0.00","500.0","500.0","0.0","ZN 架台","","1","L-50x50x6t 穴加工　φ12　三角支え付ﾀｲﾌﾟ（左）B中","2026/10/16","福山通運　九州発送","2026/10/16","","溶接","ズオン","2026/10/08","製造"
"三共電気　本社★","九州工場","九州工場","2026/10/01","2026/10/01","26-J0145041-004-771","ZG0000","0.00","300.0","0.0","0.0","ZN 架台","","10","L-50x50x6t 穴加工","2026/10/16","福山通運　九州発送","2026/10/16","","外注","田中","2026/10/08","製造"
"三共電気　本社★","九州工場","九州工場","2026/10/01","2026/10/01","26-J0145041-001-771","ZG0000","0.00","500.0","500.0","0.0","ZN 架台","","3","L-50x50x6t 穴加工　三角ﾀｲﾌﾟ（右）A中","2026/10/16","福山通運　九州発送","2026/10/16","","溶接","石松","2026/10/08","製造"
"三共電気　本社★","九州工場","九州工場","2026/10/01","2026/10/01","26-J0145041-003-771","ZG0000","0.00","500.0","500.0","0.0","ZN 架台","","1","L-50x50x6t 穴加工　φ12　三角支え付ﾀｲﾌﾟ（右）B中","2026/10/16","福山通運　九州発送","2026/10/16","","溶接","ズオン","2026/10/08","製造"
"カンサイ　福岡城南★","九州工場","九州工場","2026/10/01","2026/10/01","26-J0145217-002-771","BD0000C","1.60","600.0","200.0","2,630.0","国土 ﾀﾞｸﾄ 焼付","色見本ｱﾘ","1","平蓋　 ｱｰｽ　 ｹｰﾌﾞﾙ支持","2026/10/15","ヤマックス福岡","2026/10/16","","仕上","山口","2026/10/09","製造"
"カンサイ　福岡城南★","九州工場","九州工場","2026/10/01","2026/10/01","26-J0145217-001-771","BD0000C","1.60","600.0","200.0","2,420.0","国土 ﾀﾞｸﾄ 焼付","色見本ｱﾘ","3","平蓋　 ｱｰｽ　 ｹｰﾌﾞﾙ支持","2026/10/14","ヤマックス福岡","2026/10/16","","塗装","山口","2026/10/08","製造"
"九州管材　福岡★","九州工場","九州工場","2026/10/01","2026/10/01","26-J0145235-002-771","ZG0000","0.00","400.0","400.0","0.0","ZN 架台","","2","L-40x40x3t　長孔穴加工","2026/10/16","チャーター便","2026/10/16","","溶接","石松","2026/10/08","製造"
"九州管材　福岡★","九州工場","九州工場","2026/10/01","2026/10/01","26-J0145235-003-771","ZG0000","0.00","600.0","600.0","0.0","ZN 架台","","25","L-40x40x3t　長孔穴加工","2026/10/16","チャーター便","2026/10/16","","溶接","石松","2026/10/06","製造"
"九州管材　福岡★","九州工場","九州工場","2026/10/01","2026/10/01","26-J0145235-004-771","ZG0000","0.00","700.0","700.0","0.0","ZN 架台","","4","L-40x40x3t　長孔穴加工","2026/10/16","チャーター便","2026/10/16","","溶接","クイ","2026/10/08","製造"
"九州管材　福岡★","九州工場","九州工場","2026/10/01","2026/10/01","26-J0145235-001-771","ZG0000","0.00","300.0","450.0","0.0","ZN 架台","","9","L-40x40x3t　長孔穴加工","2026/10/16","チャーター便","2026/10/16","","溶接","石松","2026/10/08","製造"
"九州管材　福岡★","九州工場","九州工場","2026/10/01","2026/10/01","26-J0145235-008-771","ZG0000","0.00","600.0","600.0","0.0","ZN 架台","","24","L-40x40x3t　長孔穴加工","2026/10/16","チャーター便","2026/10/16","","溶接","ゴック","2026/10/07","製造"
"新光産業　やんばる","九州工場","九州工場","2026/10/01","2026/10/01","26-J0145810-001-771","SE4030XC","1.50","400.0","400.0","300.0","SUS PB 水切 焼付","2.5Y9/1","1","ｱｰｽ","2026/10/08","イトカツ","2026/10/16","2026/10/08","完成","古川","2026/10/05","製造"
"Q-mast　電気グル－プ★","九州工場","九州工場","2026/10/01","2026/10/01","26-J0145820-001-771","ZG0000","0.00","1,075.0","1,160.0","400.0","ZN 架台","","1","穴加工 C100x50x7x7.5　【2FL】","2026/10/15","ヤマックス　ｽﾎﾟｯﾄ便","2026/10/16","","溶接","横澤","2026/10/08","製造"
"Q-mast　電気グル－プ★","九州工場","九州工場","2026/10/01","2026/10/01","26-J0145820-002-771","ZG0000","0.00","1,075.0","1,160.0","400.0","ZN 架台","","1","穴加工 C100x50x7x7.5　【4FL】","2026/10/15","ヤマックス　ｽﾎﾟｯﾄ便","2026/10/16","","溶接","横澤","2026/10/08","製造"
"Q-mast　電気グル－プ★","九州工場","九州工場","2026/10/01","2026/10/01","26-J0145820-003-771","ZG0000","0.00","1,160.0","1,300.0","400.0","ZN 架台","","1","穴加工 C100x50x7x7.5　【6FL】","2026/10/15","ヤマックス　ｽﾎﾟｯﾄ便","2026/10/16","","溶接","横澤","2026/10/08","製造"
"Q-mast　電気グル－プ★","九州工場","九州工場","2026/10/01","2026/10/01","26-J0145824-003-771","ZG0000","0.00","2,600.0","1,050.0","400.0","ZN 架台","","1","穴加工 C100x50x7x7.5　【ローリー出荷場】","2026/10/15","ヤマックス　ｽﾎﾟｯﾄ便","2026/10/16","","溶接","ゴック","2026/10/07","製造"
"新光産業　やんばる","九州工場","九州工場","2026/10/01","2026/10/01","26-J0145858-002-771","BE0000SC","1.60","450.0","450.0","300.0","国土 PBﾄｸ 平 焼付","2.5Y9/1","1","ｱｰｽ","2026/10/08","イトカツ","2026/10/16","2026/10/08","完成","古川","2026/10/05","製造"
"新光産業　やんばる","九州工場","九州工場","2026/10/01","2026/10/01","26-J0145858-001-771","BE4030SC","1.60","400.0","400.0","300.0","国土 PB 平 焼付","2.5Y9/1","2","ｱｰｽ","2026/10/08","イトカツ","2026/10/16","2026/10/08","完成","古川","2026/10/05","製造"
"Q-mast　電気グル－プ★","九州工場","九州工場","2026/10/02","2026/10/02","26-J0146006-002-771","ZG0000","0.00","1,215.0","1,385.0","250.0","ZN 架台","","1","穴加工 C100x50x5x7.5","2026/10/15","ヤマックス　ｽﾎﾟｯﾄ便","2026/10/16","","溶接","ゴック","2026/10/08","製造"
"日本電設資材　福岡★","九州工場","九州工場","2026/10/02","2026/10/02","26-J0146176-004-771","ZG0000","6.00","50.0","50.0","300.0","ZN 架台","","1","穴加工　L50x50x6t スペーサーx2","2026/10/15","ヤマックス福岡","2026/10/16","","外注","奈木野","2026/10/07","製造"
"イシグロ　鹿児島★","九州工場","九州工場","2026/10/05","2026/10/05","26-J0147164-001-771","ZG0000","3.00","110.0","260.0","300.0","ZN 架台","","5","SS-L30x30x3t","2026/10/16","福山通運　九州発送","2026/10/16","","溶接","ゴック","2026/10/08","製造"
"佐野電機工業","九州工場","九州工場","2026/10/05","2026/10/05","26-J0147519-011-771","ZE3030X2","2.30","300.0","300.0","300.0","ZN PB 水切","","2","HDZT56 ｱｰｽ","2026/10/15","福山通運　九州発送","2026/10/16","","外注","バン","2026/10/07","製造"
"佐野電機工業","九州工場","九州工場","2026/10/05","2026/10/05","26-J0147519-010-771","ZE3020X2","2.30","300.0","300.0","200.0","ZN PB 水切","","1","HDZT56 ｱｰｽ","2026/10/15","福山通運　九州発送","2026/10/16","","外注","バン","2026/10/07","製造"
"佐野電機工業","九州工場","九州工場","2026/10/05","2026/10/05","26-J0147519-009-771","ZE2020X2","2.30","200.0","200.0","200.0","ZN PB 水切","","2","HDZT56 ｱｰｽ","2026/10/15","福山通運　九州発送","2026/10/16","","外注","テイン","2026/10/07","製造"
"佐野電機工業","九州工場","九州工場","2026/10/05","2026/10/05","26-J0147519-008-771","ZE2010X2","2.30","200.0","200.0","100.0","ZN PB 水切","","2","HDZT56 ｱｰｽ","2026/10/15","福山通運　九州発送","2026/10/16","","外注","テイン","2026/10/07","製造"
"佐野電機工業","九州工場","九州工場","2026/10/05","2026/10/05","26-J0147552-012-771","ZE0000X","2.30","200.0","200.0","100.0","ZN PBﾄｸ 水切","","4","HDZT56 ｱｰｽ ｾﾝﾀｰ直線ｾﾊﾟﾚｰﾄ付き","2026/10/16","福山通運　九州発送","2026/10/16","","外注","バン","2026/10/08","製造"
"佐野電機工業","九州工場","九州工場","2026/10/05","2026/10/05","26-J0147552-014-771","ZE0000X","2.30","300.0","300.0","200.0","ZN PBﾄｸ 水切","","1","HDZT56 ｱｰｽ ｾﾝﾀｰ直線ｾﾊﾟﾚｰﾄ付き","2026/10/16","福山通運　九州発送","2026/10/16","","外注","バン","2026/10/08","製造"
"佐野電機工業","九州工場","九州工場","2026/10/05","2026/10/05","26-J0147552-013-771","ZE0000X","2.30","200.0","200.0","200.0","ZN PBﾄｸ 水切","","1","HDZT56 ｱｰｽ ｾﾝﾀｰ直線ｾﾊﾟﾚｰﾄ付き","2026/10/16","福山通運　九州発送","2026/10/16","","外注","バン","2026/10/08","製造"
"佐野電機工業","九州工場","九州工場","2026/10/05","2026/10/05","26-J0147584-004-771","BE0000SG","1.60","200.0","200.0","100.0","国土 PBﾄｸ 平","","18","ｱｰｽ さび止め ｾﾝﾀｰ直線ｾﾊﾟﾚｰﾄ付き","2026/10/14","福山通運　九州発送","2026/10/16","","ｷｬﾝｾﾙ","林(秀)","2026/10/14","製造"
"佐野電機工業","九州工場","九州工場","2026/10/05","2026/10/05","26-J0147584-006-771","BE0000SG","1.60","300.0","300.0","200.0","国土 PBﾄｸ 平","","3","ｱｰｽ さび止め ｾﾝﾀｰ直線ｾﾊﾟﾚｰﾄ付き","2026/10/14","福山通運　九州発送","2026/10/16","","ｷｬﾝｾﾙ","林(秀)","2026/10/14","製造"
"佐野電機工業","九州工場","九州工場","2026/10/05","2026/10/05","26-J0147584-005-771","BE0000SG","1.60","200.0","200.0","200.0","国土 PBﾄｸ 平","","1","ｱｰｽ さび止め ｾﾝﾀｰ直線ｾﾊﾟﾚｰﾄ付き","2026/10/14","福山通運　九州発送","2026/10/16","","ｷｬﾝｾﾙ","林(秀)","2026/10/14","製造"
"日新電機システム","九州工場","九州工場","2026/10/05","2026/10/05","26-J0148168-001-771","SE0000SC","1.50","300.0","200.0","150.0","SUS PBﾄｸ 平 焼付","5Y7/1","1","ｱｰｽ ﾊﾟｯｷﾝ付","2026/10/09","イトカツ","2026/10/16","2026/10/09","完成","古川","2026/10/06","製造"
"日新電機システム","九州工場","九州工場","2026/10/05","2026/10/05","26-J0148168-002-771","SE0000SC","1.50","300.0","150.0","150.0","SUS PBﾄｸ 平 焼付","5Y7/1","1","ｱｰｽ ﾊﾟｯｷﾝ付","2026/10/09","イトカツ","2026/10/16","2026/10/09","完成","古川","2026/10/06","製造"
"日新電機システム","九州工場","九州工場","2026/10/05","2026/10/05","26-J0148168-003-771","SE2015SC","1.50","200.0","200.0","150.0","SUS PB 平 焼付","5Y7/1","1","ｱｰｽ ﾊﾟｯｷﾝ付","2026/10/09","イトカツ","2026/10/16","2026/10/09","完成","古川","2026/10/06","製造"
"アサヒ　本社","九州工場","九州工場","2026/10/05","2026/10/05","26-J0148635-001-771","SE0000SN","1.50","800.0","400.0","300.0","SUS PBﾄｸ 平","","1","ｱｰｽ 蓋２分割ﾊﾟｯｷﾝ付 開口 取付穴 水抜穴","2026/10/07","イトカツ","2026/10/16","2026/10/07","完成","樋口","2026/10/07","製造"
"ナミデン　福岡★","九州工場","九州工場","2026/10/06","2026/10/06","26-J0148763-002-771","ZTG0000","0.00","1,200.0","1,095.0","250.0","ZN 耐震架台","","1","L65x65x6  地下ﾋﾟｯﾄ架台 耐震支持No2","2026/10/15","ヤマックス　ｽﾎﾟｯﾄ便","2026/10/16","","溶接","横澤","2026/10/08","製造"
"ナミデン　福岡★","九州工場","九州工場","2026/10/06","2026/10/06","26-J0148763-001-771","ZTG0000","0.00","1,200.0","595.0","250.0","ZN 耐震架台","","1","L65x65x6  地下ﾋﾟｯﾄ架台 耐震支持No1","2026/10/15","ヤマックス　ｽﾎﾟｯﾄ便","2026/10/16","","溶接","横澤","2026/10/08","製造"
"シンセイ　福山★","九州工場","九州工場","2026/10/06","2026/10/06","26-J0148766-002-771","SE0000XC","1.50","300.0","300.0","200.0","SUS PBﾄｸ 水切 焼付","2.5Y9/1 近似色","10","ｱｰｽ 封印ビス(対角２箇所)付","2026/10/16","福山通運　九州発送","2026/10/16","","溶接","テイン","2026/10/13","製造"
"ナミデン　福岡★","九州工場","九州工場","2026/10/06","2026/10/06","26-J0148792-001-771","ITG0000G","0.00","1,030.0","0.0","0.0","鉄 耐震架台","","1","L65x65x6 横材 4階冷凍機室 さび止め 耐震支持No54","2026/10/15","ヤマックス　ｽﾎﾟｯﾄ便","2026/10/16","","未着手","","2026/10/15","製造"
"ナミデン　福岡★","九州工場","九州工場","2026/10/06","2026/10/06","26-J0148908-001-771","ITG0000G","0.00","2,495.0","1,640.0","0.0","鉄 耐震架台","","1","L65x65x6  さび止め  1階ﾗｯｸ用 1","2026/10/15","ヤマックス　ｽﾎﾟｯﾄ便","2026/10/16","","切断","森山","2026/10/15","製造"
"共和電気","九州工場","九州工場","2026/10/06","2026/10/06","26-J0149303-001-771","SE2515SC","1.50","250.0","250.0","150.0","SUS PB 平 焼付","2.5Y9/1","11","ｱｰｽ ﾊﾟｯｷﾝ付","2026/10/14","沖縄直送","2026/10/16","","塗装","山口","2026/10/08","製造"
"共和電気","九州工場","九州工場","2026/10/06","2026/10/06","26-J0149303-004-771","SE6040SC","1.50","600.0","600.0","400.0","SUS PB 平 焼付","2.5Y9/1","1","ｱｰｽ ﾊﾟｯｷﾝ付","2026/10/16","沖縄直送","2026/10/16","","溶接","テイン","2026/10/13","製造"
"共和電気","九州工場","九州工場","2026/10/06","2026/10/06","26-J0149303-003-771","SE0000SC","1.50","600.0","500.0","350.0","SUS PBﾄｸ 平 焼付","2.5Y9/1","1","ｱｰｽ ﾊﾟｯｷﾝ付","2026/10/16","沖縄直送","2026/10/16","","溶接","テイン","2026/10/13","製造"
"共和電気","九州工場","九州工場","2026/10/06","2026/10/06","26-J0149303-002-771","SE2515SC","1.50","250.0","250.0","150.0","SUS PB 平 焼付","2.5Y9/1","11","ｱｰｽ ﾊﾟｯｷﾝ付","2026/10/15","沖縄直送","2026/10/16","","仕上","三澄","2026/10/09","製造"
"共和電気","九州工場","九州工場","2026/10/06","2026/10/06","26-J0149337-003-771","IE2510SC","1.60","250.0","250.0","100.0","鉄 PB 平 焼付","2.5Y9/1","8","ｱｰｽ ﾊﾟｯｷﾝ付","2026/10/15","沖縄直送","2026/10/16","","仕上","山口","2026/10/09","製造"
"共和電気","九州工場","九州工場","2026/10/06","2026/10/06","26-J0149337-001-771","IE2510SC","1.60","250.0","250.0","100.0","鉄 PB 平 焼付","2.5Y9/1","8","ｱｰｽ ﾊﾟｯｷﾝ付","2026/10/13","沖縄直送","2026/10/16","","塗装","ナム","2026/10/07","製造"
"共和電気","九州工場","九州工場","2026/10/06","2026/10/06","26-J0149337-002-771","IE2510SC","1.60","250.0","250.0","100.0","鉄 PB 平 焼付","2.5Y9/1","8","ｱｰｽ ﾊﾟｯｷﾝ付","2026/10/14","沖縄直送","2026/10/16","","塗装","山口","2026/10/08","製造"
"共和電気","九州工場","九州工場","2026/10/06","2026/10/06","26-J0149337-004-771","IE2510SC","1.60","250.0","250.0","100.0","鉄 PB 平 焼付","2.5Y9/1","6","ｱｰｽ ﾊﾟｯｷﾝ付","2026/10/16","沖縄直送","2026/10/16","","溶接","フイ","2026/10/13","製造"
"イシグロ　鹿児島★","九州工場","九州工場","2026/10/06","2026/10/06","26-J0149464-001-771","ZG0000","0.00","625.0","450.0","50.0","ZN 架台","","1","ドブ架台 C100x50x5t L50x50x6t","2026/10/16","佐川急便","2026/10/16","","溶接","ゴック","2026/10/08","製造"
"宮地電機　高知","九州工場","九州工場","2026/10/06","2026/10/06","26-J0149675-001-771","ZE3030X2","2.30","300.0","300.0","300.0","ZN PB 水切","","1","HDZT56 ｱｰｽ","2026/10/16","福山通運　九州発送","2026/10/16","","外注","フイ","2026/10/08","製造"
"大成商会　新居浜★","九州工場","九州工場","2026/10/06","2026/10/06","26-J0149749-002-771","ZP4030X2","2.30","400.0","400.0","300.0","ZN PB 水切","","1","","2026/10/16","福山通運　九州発送","2026/10/16","","溶接","フイ","2026/10/08","製造"
"正和電材　佐世保★","九州工場","九州工場","2026/10/06","2026/10/06","26-J0150118-001-771","SDC0000C","1.50","700.0","200.0","100.0","SUS ﾀﾞｸﾄｶﾊﾞｰ 焼付","5Y7/1 近似色","2","平蓋　12-φ12 上下ﾊﾟｯｷﾝ貼付 40x3t","2026/10/16","佐川急便","2026/10/16","","溶接","カイ","2026/10/13","製造"
"東芝電材　川内★","九州工場","九州工場","2026/10/07","2026/10/07","26-J0150311-001-771","SE2020XCW","1.50","200.0","200.0","200.0","SUS PB 水切 焼付","5Y7/1 近似色","9","ｱｰｽ 内ﾜﾆｽ","2026/10/16","佐川急便","2026/10/16","","仕上","ハイ","2026/10/09","製造"
"東芝電材　川内★","九州工場","九州工場","2026/10/07","2026/10/07","26-J0150311-002-771","SE0000XCW","1.50","300.0","200.0","300.0","SUS PBﾄｸ 水切 焼付","5Y7/1 近似色","2","ｱｰｽ 内ﾜﾆｽ","2026/10/15","佐川急便","2026/10/16","","仕上","三澄","2026/10/08","製造"
"メイク機材★","九州工場","九州工場","2026/10/07","2026/10/07","26-J0150430-006-771","IG0000G","0.00","790.0","845.0","0.0","鉄 架台","","1","さび止め [75x40x5x7","2026/10/16","店頭渡し","2026/10/16","","溶接","石松","2026/10/16","製造"
"メイク機材★","九州工場","九州工場","2026/10/07","2026/10/07","26-J0150430-001-771","IG0000G","0.00","800.0","350.0","0.0","鉄 架台","","1","さび止め [75x40x5x7","2026/10/16","店頭渡し","2026/10/16","","溶接","バン","2026/10/16","製造"
"メイク機材★","九州工場","九州工場","2026/10/07","2026/10/07","26-J0150430-004-771","IG0000G","0.00","725.0","588.0","450.0","鉄 架台","","1","さび止め L-50x50x6t","2026/10/16","店頭渡し","2026/10/16","","溶接","ゴック","2026/10/16","製造"
"メイク機材★","九州工場","九州工場","2026/10/07","2026/10/07","26-J0150430-003-771","IG0000G","0.00","725.0","653.0","450.0","鉄 架台","","1","さび止め L-50x50x6t","2026/10/16","店頭渡し","2026/10/16","","溶接","ゴック","2026/10/16","製造"
"メイク機材★","九州工場","九州工場","2026/10/07","2026/10/07","26-J0150430-002-771","IG0000G","0.00","800.0","350.0","0.0","鉄 架台","","1","さび止め [75x40x5x7","2026/10/16","店頭渡し","2026/10/16","","溶接","バン","2026/10/16","製造"
"メイク機材★","九州工場","九州工場","2026/10/07","2026/10/07","26-J0150430-005-771","IG0000G","0.00","750.0","290.0","300.0","鉄 架台","","1","さび止め L-50x50x6t","2026/10/16","店頭渡し","2026/10/16","","溶接","ゴック","2026/10/16","製造"
"岡本電機　安佐★","九州工場","九州工場","2026/10/07","2026/10/07","26-J0150478-001-771","ZP1515X2","2.30","150.0","150.0","150.0","ZN PB 水切","","1","座無ｼｰﾙ付","2026/10/16","佐川急便","2026/10/16","","溶接","フイ","2026/10/08","製造"
"東芝電材　八代★","九州工場","九州工場","2026/10/07","2026/10/07","26-J0150683-001-771","ZE2015X2","2.30","200.0","200.0","150.0","ZN PB 水切","","4","ｱｰｽ","2026/10/16","佐川急便","2026/10/16","","外注","フイ","2026/10/08","製造"
"ナミデン　山口★","九州工場","九州工場","2026/10/07","2026/10/07","26-J0150781-001-771","ZE3030X2A","2.30","300.0","300.0","300.0","ZN PB 水切","","4","ｱｰｽ 足付L3x40 12ﾊﾟｲx4","2026/10/16","福山通運　九州発送","2026/10/16","","溶接","フイ","2026/10/08","製造"
"ミツヤ電機　本社★","九州工場","九州工場","2026/10/07","2026/10/07","26-J0150899-001-771","BE0000SC","1.60","250.0","250.0","100.0","国土 PBﾄｸ 平 焼付","2.5Y9/1 近似色","1","ｱｰｽ 脱落防止化粧ﾋﾞｽ","2026/10/16","福山通運　九州発送","2026/10/16","","溶接","フイ","2026/10/13","製造"
"デンザイ東亜　本社★","九州工場","九州工場","2026/10/07","2026/10/07","26-J0150954-002-771","DP0000SC","1.60","200.0","100.0","100.0","Sﾀﾞｲﾏ PBﾄｸ 平 焼付","N-10 近似色","1","開口","2026/10/16","佐川急便","2026/10/16","","溶接","カイ","2026/10/13","製造"
"平岡電気　電設営業部★","九州工場","九州工場","2026/10/07","2026/10/07","26-J0151143-002-771","BE2020SC","1.60","200.0","200.0","200.0","国土 PB 平 焼付","2.5Y9/1 近似色","3","ｱｰｽ","2026/10/15","ヤマックス福岡","2026/10/16","","仕上","山口","2026/10/09","製造"
"平岡電気　電設営業部★","九州工場","九州工場","2026/10/07","2026/10/07","26-J0151143-001-771","BE2010SC","1.60","200.0","200.0","100.0","国土 PB 平 焼付","2.5Y9/1 近似色","3","ｱｰｽ","2026/10/15","ヤマックス福岡","2026/10/16","","未着手","","","加工"
"シンセイ　岡山★","九州工場","九州工場","2026/10/07","2026/10/07","26-J0151333-001-771","IIP0000C","1.60","450.0","280.0","0.0","鉄 ﾌﾟﾚｰﾄ 焼付","2.5Y9/1(近似色)","1","開口･穴加工ｱﾘ","2026/10/16","福山通運　九州発送","2026/10/16","","切断","森山","2026/10/13","製造"
"シンセイ　岡山★","九州工場","九州工場","2026/10/07","2026/10/07","26-J0151333-002-771","II0000G","1.60","695.0","395.0","0.0","鉄 切板","","1","さび止め","2026/10/16","福山通運　九州発送","2026/10/16","","未着手","","2026/10/15","製造"
"啓電社★","九州工場","九州工場","2026/10/08","2026/10/08","26-J0151549-001-771","ZKM0000","6.00","200.0","200.0","800.0","ZN 金物","","1","L65x65x6","2026/10/16","ヤマックス福岡","2026/10/16","","溶接","ズオン","2026/10/09","製造"
"中国機材設備　本社★","九州工場","九州工場","2026/10/08","2026/10/08","26-J0151629-001-771","IIP0000C","3.20","800.0","200.0","0.0","鉄 ﾌﾟﾚｰﾄ 焼付","2.5Y9/1 近似色","1","吊穴不可","2026/10/16","佐川急便","2026/10/16","","切断","森山","2026/10/09","製造"
"宮地電機　高松","九州工場","九州工場","2026/10/08","2026/10/08","26-J0151642-001-771","DDC0000N","2.30","1,000.0","300.0","450.0","Sﾀﾞｲﾏ ﾀﾞｸﾄｶﾊﾞｰ","","1","2面蓋付","2026/10/16","福山通運　九州発送","2026/10/16","","CAD/CAM","熊谷","2026/10/15","製造"
"ｹｲ･ｴｽ･ﾃﾞｰ　鹿児島★","九州工場","九州工場","2026/10/08","2026/10/08","26-J0151724-001-771","SE0000XCW","1.50","400.0","400.0","250.0","SUS PBﾄｸ 水切 焼付","5Y7/1 近似色","1","ｱｰｽ 内ﾜﾆｽ","2026/10/16","佐川急便","2026/10/16","","仕上","三澄","2026/10/09","製造"
"ｹｲ･ｴｽ･ﾃﾞｰ　鹿児島★","九州工場","九州工場","2026/10/08","2026/10/08","26-J0151724-002-771","SE0000XCW","1.50","350.0","350.0","250.0","SUS PBﾄｸ 水切 焼付","5Y7/1 近似色","1","ｱｰｽ 内ﾜﾆｽ","2026/10/16","佐川急便","2026/10/16","","溶接","ロン","2026/10/09","製造"
"ナカキュウ★","九州工場","九州工場","2026/10/08","2026/10/08","26-J0151769-001-771","IP0000SC","2.30","800.0","400.0","300.0","鉄 PBﾄｸ 平 焼付","2.5Y9/1 近似色","1","","2026/10/16","福山通運　九州発送","2026/10/16","","曲げ","志田","2026/10/13","製造"
"ナミデン　岡山★","九州工場","九州工場","2026/10/08","2026/10/08","26-J0151845-001-771","IF0000C","1.60","200.0","110.0","100.0","鉄 裏BOX 焼付","N9.5(近似色)","6","蓋無 耳付 開口･穴加工ｱﾘ","2026/10/16","福山通運　九州発送","2026/10/16","","曲げ","志田","2026/10/13","製造"
"ハッピー電気　山鹿★","九州工場","九州工場","2026/10/08","2026/10/08","26-J0151868-001-771","SE1510XC","1.50","150.0","150.0","100.0","SUS PB 水切 焼付","2.5Y9/1 近似色","2","ｱｰｽ","2026/10/15","佐川急便","2026/10/16","","未着手","","","加工"
"ハッピー電気　山鹿★","九州工場","九州工場","2026/10/08","2026/10/08","26-J0151868-004-771","SE3020XC","1.50","300.0","300.0","200.0","SUS PB 水切 焼付","2.5Y9/1 近似色","8","ｱｰｽ","2026/10/16","佐川急便","2026/10/16","","未着手","","","加工"
"ハッピー電気　山鹿★","九州工場","九州工場","2026/10/08","2026/10/08","26-J0151868-005-771","SE5050XC","1.50","500.0","500.0","500.0","SUS PB 水切 焼付","2.5Y9/1 近似色","1","ｱｰｽ","2026/10/16","佐川急便","2026/10/16","","曲げ","ラム","2026/10/13","製造"
"ハッピー電気　山鹿★","九州工場","九州工場","2026/10/08","2026/10/08","26-J0151868-003-771","SE0000XC","1.50","300.0","200.0","200.0","SUS PBﾄｸ 水切 焼付","2.5Y9/1 近似色","1","ｱｰｽ","2026/10/15","佐川急便","2026/10/16","","仕上","三澄","2026/10/09","製造"
"ハッピー電気　山鹿★","九州工場","九州工場","2026/10/08","2026/10/08","26-J0151868-002-771","SE2020XC","1.50","200.0","200.0","200.0","SUS PB 水切 焼付","2.5Y9/1 近似色","6","ｱｰｽ","2026/10/15","佐川急便","2026/10/16","","未着手","","","加工"
"シンセイ　福山★","九州工場","九州工場","2026/10/08","2026/10/08","26-J0151879-001-771","IP0000SC","2.30","1,650.0","400.0","200.0","鉄 PBﾄｸ 平 焼付","5Y7/1 近似色","1","平蓋2分割 M4ﾄﾗｽﾋﾞｽ(NW付)止 底開口・穴・L3x30補強","2026/10/16","福山通運　九州発送","2026/10/16","","曲げ","道上","2026/10/13","製造"
"アサヒ　本社","九州工場","九州工場","2026/10/08","2026/10/08","26-J0151891-001-771","SE0000XC","1.50","350.0","350.0","250.0","SUS PBﾄｸ 水切 焼付","2.5Y9/1 全ﾂﾔ","1","ｱｰｽ","2026/10/15","九州航空","2026/10/16","2026/10/15","仕上","三澄","2026/10/09","製造"
"金城電気商会","九州工場","九州工場","2026/10/08","2026/10/08","26-J0151925-001-771","DE5020SNP","1.60","500.0","500.0","200.0","Sﾀﾞｲﾏ PB 平","","1","ｱｰｽ ｺﾞﾑﾊﾟｯｷﾝ付","2026/10/09","イトカツ","2026/10/16","2026/10/09","完成","古川","2026/10/09","製造"
"沖縄ミツヤマ電気","九州工場","九州工場","2026/10/08","2026/10/08","26-J0151958-001-771","ZE0000X","2.30","300.0","200.0","200.0","ZN PBﾄｸ 水切","","2","ｱｰｽ","2026/10/16","九州航空","2026/10/16","","外注","マイン","2026/10/09","製造"
"かごしま電工　城南★","九州工場","九州工場","2026/10/08","2026/10/08","26-J0151963-002-771","SE2015XCW","1.50","200.0","200.0","150.0","SUS PB 水切 焼付","5Y7/1 近似色","1","ｱｰｽ 内ﾜﾆｽ","2026/10/16","佐川急便","2026/10/16","","塗装","林(秀)","2026/10/09","製造"
"かごしま電工　城南★","九州工場","九州工場","2026/10/08","2026/10/08","26-J0151963-001-771","SE1510XCW","1.50","150.0","150.0","100.0","SUS PB 水切 焼付","5Y7/1 近似色","1","ｱｰｽ 内ﾜﾆｽ","2026/10/16","佐川急便","2026/10/16","","塗装","林(秀)","2026/10/09","製造"
"Q-mast　電気グル－プ★","九州工場","九州工場","2026/10/08","2026/10/08","26-J0151968-006-771","IG0000G","0.00","510.0","0.0","0.0","鉄 架台","","6","C100x50x5x7.5 さび止め　ﾊﾞｽﾀﾞｸﾄ17-19F","2026/10/15","ヤマックス　ｽﾎﾟｯﾄ便","2026/10/16","","未着手","","2026/10/15","製造"
"Q-mast　電気グル－プ★","九州工場","九州工場","2026/10/08","2026/10/08","26-J0151968-007-771","IG0000G","0.00","400.0","0.0","0.0","鉄 架台","","3","C100x50x5x7.5 さび止め　ﾊﾞｽﾀﾞｸﾄ17-19F","2026/10/15","ヤマックス　ｽﾎﾟｯﾄ便","2026/10/16","","未着手","","2026/10/15","製造"
"Q-mast　電気グル－プ★","九州工場","九州工場","2026/10/08","2026/10/08","26-J0151968-002-771","IG0000G","0.00","700.0","780.0","3,000.0","鉄 架台","","1","L50x50x6 L65x65x6 さび止め  ﾊﾞｽﾀﾞｸﾄ15F 2 EPS2","2026/10/15","ヤマックス　ｽﾎﾟｯﾄ便","2026/10/16","","未着手","","2026/10/15","製造"
"Q-mast　電気グル－プ★","九州工場","九州工場","2026/10/08","2026/10/08","26-J0151968-001-771","IG0000G","0.00","700.0","720.0","3,000.0","鉄 架台","","1","L50x50x6 L65x65x6 さび止め  ﾊﾞｽﾀﾞｸﾄ15F 1 EPS1","2026/10/15","ヤマックス　ｽﾎﾟｯﾄ便","2026/10/16","","未着手","","2026/10/15","製造"
"Q-mast　電気グル－プ★","九州工場","九州工場","2026/10/08","2026/10/08","26-J0151968-005-771","IG0000G","0.00","400.0","0.0","0.0","鉄 架台","","3","C100x50x5x7.5 さび止め　ﾊﾞｽﾀﾞｸﾄ17-19F","2026/10/15","ヤマックス　ｽﾎﾟｯﾄ便","2026/10/16","","未着手","","2026/10/15","製造"
"Q-mast　電気グル－プ★","九州工場","九州工場","2026/10/08","2026/10/08","26-J0151968-004-771","IG0000G","0.00","510.0","0.0","0.0","鉄 架台","","6","C100x50x5x7.5 さび止め　ﾊﾞｽﾀﾞｸﾄ17-19F","2026/10/15","ヤマックス　ｽﾎﾟｯﾄ便","2026/10/16","","未着手","","2026/10/15","製造"
"Q-mast　電気グル－プ★","九州工場","九州工場","2026/10/08","2026/10/08","26-J0151968-003-771","IG0000G","0.00","390.0","510.0","200.0","鉄 架台","","2","[100x50x5x7.5 さび止め  ﾊﾞｽﾀﾞｸﾄ16F","2026/10/15","ヤマックス　ｽﾎﾟｯﾄ便","2026/10/16","","未着手","","2026/10/15","製造"
"かごしま電工　南★","九州工場","九州工場","2026/10/08","2026/10/08","26-J0152026-002-771","BE2020SCW","1.60","200.0","200.0","200.0","国土 PB 平 焼付","5Y7/1 近似色","1","ｱｰｽ  内ﾜﾆｽ","2026/10/16","佐川急便","2026/10/16","","塗装","林(秀)","2026/10/09","製造"
"かごしま電工　南★","九州工場","九州工場","2026/10/08","2026/10/08","26-J0152026-001-771","BE1515SCW","1.60","150.0","150.0","150.0","国土 PB 平 焼付","5Y7/1 近似色","1","ｱｰｽ  内ﾜﾆｽ","2026/10/16","佐川急便","2026/10/16","","溶接","フイ","2026/10/09","製造"
"イシグロ　鹿児島★","九州工場","九州工場","2026/10/08","2026/10/08","26-J0152035-001-771","IG0000G","0.00","250.0","75.0","1,621.0","鉄 架台","","1","さび止め SS-C-6.5x75x150　PL-6t.9t 左右１ｾｯﾄ","2026/10/16","福山通運　九州発送","2026/10/16","","CAD/CAM","熊谷","2026/10/16","製造"
"誠新産業　長崎★","九州工場","九州工場","2026/10/08","2026/10/08","26-J0152148-001-771","SC0000N","1.50","500.0","300.0","550.0","SUS ｶﾊﾞｰ","","1","平蓋ゴムパッキン　ツバ付き","2026/10/16","福山通運　九州発送","2026/10/16","","CAD/CAM","熊谷","2026/10/16","製造"
"誠新産業　長崎★","九州工場","九州工場","2026/10/08","2026/10/08","26-J0152159-001-771","ZG0000","0.00","1,275.0","315.0","0.0","ZN 架台","","1","転倒防止架台　L50x50x6t　先メッキ　（L)(R)各1台","2026/10/16","福山通運　九州発送","2026/10/16","","未着手","","2026/10/16","製造"
"誠新産業　長崎★","九州工場","九州工場","2026/10/08","2026/10/08","26-J0152159-002-771","ZG0000","0.00","1,700.0","600.0","0.0","ZN 架台","","2","盤架台　L50x50x6t　先メッキ　（L)(R)各1台","2026/10/16","福山通運　九州発送","2026/10/16","","未着手","","2026/10/16","製造"
"三親電材　岡山★","九州工場","九州工場","2026/10/08","2026/10/08","26-J0152263-002-771","BE0000SG","1.60","800.0","450.0","600.0","国土 PBﾄｸ 平","","1","側面ｱｰｽ さび止め 2面蓋 開口･穴加工ｱﾘ","2026/10/16","福山通運　九州発送","2026/10/16","","CAD/CAM","熊谷","2026/10/16","製造"
"三親電材　岡山★","九州工場","九州工場","2026/10/08","2026/10/08","26-J0152263-001-771","BE0000SG","1.60","800.0","350.0","600.0","国土 PBﾄｸ 平","","1","側面ｱｰｽ さび止め 開口･穴加工ｱﾘ","2026/10/16","福山通運　九州発送","2026/10/16","","CAD/CAM","熊谷","2026/10/16","製造"
"中西電機　丸亀★","九州工場","九州工場","2026/10/08","2026/10/08","26-J0152316-001-771","IP0000SC","1.60","350.0","300.0","55.0","鉄 PBﾄｸ 平 焼付","N9.0(近似色)","3","8点ﾋﾞｽ止指定･開口･穴加工ｱﾘ","2026/10/16","福山通運　九州発送","2026/10/16","","曲げ","志田","2026/10/13","製造"
"中西電機　丸亀★","九州工場","九州工場","2026/10/08","2026/10/08","26-J0152316-002-771","30PLA","0.00","0.0","0.0","0.0","補修塗料 筆付","N9.0(近似色)","1","ﾌﾟﾗ30ml","2026/10/16","福山通運　九州発送","2026/10/16","","未着手","","","製造"
"米良電機　延岡★","九州工場","九州工場","2026/10/08","2026/10/08","26-J0152388-001-771","SE0000XC","1.50","400.0","400.0","150.0","SUS PBﾄｸ 水切 焼付","2.5Y9/1 近似色","1","ｱｰｽ","2026/10/16","佐川急便","2026/10/16","","溶接","テイン","2026/10/13","製造"
"三親電材　浜田★","九州工場","九州工場","2026/10/08","2026/10/08","26-J0152415-002-771","BE2010SC","1.60","200.0","200.0","100.0","国土 PB 平 焼付","2.5Y9/1(近似色)","4","ｱｰｽ","2026/10/16","福山通運　九州発送","2026/10/16","","塗装","林(秀)","2026/10/13","製造"
"三親電材　浜田★","九州工場","九州工場","2026/10/08","2026/10/08","26-J0152415-004-771","BE2015SC","1.60","200.0","200.0","150.0","国土 PB 平 焼付","2.5Y9/1(近似色)","1","ｱｰｽ","2026/10/16","福山通運　九州発送","2026/10/16","","塗装","林(秀)","2026/10/13","製造"
"三親電材　浜田★","九州工場","九州工場","2026/10/08","2026/10/08","26-J0152415-003-771","BE3020SC","1.60","300.0","300.0","200.0","国土 PB 平 焼付","2.5Y9/1(近似色)","1","ｱｰｽ","2026/10/16","福山通運　九州発送","2026/10/16","","塗装","林(秀)","2026/10/13","製造"
"三親電材　浜田★","九州工場","九州工場","2026/10/08","2026/10/08","26-J0152415-001-771","BE0000SC","1.60","700.0","300.0","300.0","国土 PBﾄｸ 平 焼付","2.5Y9/1(近似色)","1","側面ｱｰｽ 開口･穴加工ｱﾘ","2026/10/16","福山通運　九州発送","2026/10/16","","溶接","フイ","2026/10/13","製造"
"カンサイ　福岡城南★","九州工場","九州工場","2026/10/08","2026/10/08","26-J0152508-001-771","SP0000SC","1.50","600.0","400.0","200.0","SUS PBﾄｸ 平 焼付","5Y7/1 近似色","2","蓋面ﾌﾞﾗﾝｸ有り 開口有り","2026/10/15","ヤマックス福岡","2026/10/16","","曲げ","ラム","2026/10/13","製造"
"正二電気　岡山本社","九州工場","九州工場","2026/10/08","2026/10/08","26-J0152543-001-771","IIP0000C","1.60","480.0","300.0","0.0","鉄 ﾌﾟﾚｰﾄ 焼付","2.5Y9/1(近似色)","1","開口･穴加工ｱﾘ","2026/10/16","福山通運　九州発送","2026/10/16","","切断","森山","2026/10/13","製造"
"宮地ナショナル　尾道★","九州工場","九州工場","2026/10/09","2026/10/09","26-J0152803-002-771","IIP0000C","1.60","200.0","200.0","0.0","鉄 ﾌﾟﾚｰﾄ 焼付","N9.5 近似色","1","開口70x50　2-φ5","2026/10/16","福山通運　九州発送","2026/10/16","","切断","林(浩)","2026/10/13","製造"
"宮地ナショナル　尾道★","九州工場","九州工場","2026/10/09","2026/10/09","26-J0152803-001-771","IIP0000C","1.60","100.0","100.0","0.0","鉄 ﾌﾟﾚｰﾄ 焼付","N9.5 近似色","1","開口70x50　2-φ5","2026/10/16","福山通運　九州発送","2026/10/16","","切断","林(浩)","2026/10/13","製造"
"カンサイ南九州社★","九州工場","九州工場","2026/10/09","2026/10/09","26-J0152820-001-771","SE6060WN","1.50","600.0","600.0","600.0","SUS PB 被せ","","1","ｱｰｽ","2026/10/16","佐川急便","2026/10/16","","未着手","","2026/10/16","製造"
"ｹｲ･ｴｽ･ﾃﾞｰ　鹿児島★","九州工場","九州工場","2026/10/09","2026/10/09","26-J0152917-001-771","DE0000WC","1.60","250.0","160.0","50.0","Sﾀﾞｲﾏ PBﾄｸ 被せ 焼付","N1 艶消し 近似色","1","ｱｰｽ  蓋面開口183x93  台座145x50溶接","2026/10/16","佐川急便","2026/10/16","","ｷｬﾝｾﾙ","林(秀)","2026/10/13","製造"
"ｹｲ･ｴｽ･ﾃﾞｰ　鹿児島★","九州工場","九州工場","2026/10/09","2026/10/09","26-J0152917-003-771","DE0000WC","1.60","250.0","153.0","50.0","Sﾀﾞｲﾏ PBﾄｸ 被せ 焼付","N1 艶消し 近似色","1","ｱｰｽ  蓋面開口183x93  台座145x50溶接","2026/10/16","佐川急便","2026/10/16","","未着手","","2026/10/13","製造"
"ｹｲ･ｴｽ･ﾃﾞｰ　熊本★","九州工場","九州工場","2026/10/09","2026/10/09","26-J0152984-001-771","IE2015SC","1.60","200.0","200.0","150.0","鉄 PB 平 焼付","5Y7/1 近似色","3","ｱｰｽ","2026/10/16","福山通運　九州発送","2026/10/16","","溶接","フイ","2026/10/13","製造"
"かごしま電工　南★","九州工場","九州工場","2026/10/09","2026/10/09","26-J0153225-001-771","SE3015XC","1.50","300.0","300.0","150.0","SUS PB 水切 焼付","2.5Y9/1 近似色","4","ｱｰｽ","2026/10/16","佐川急便","2026/10/16","","曲げ","ラム","2026/10/13","製造"
"かごしま電工　鹿屋★","九州工場","九州工場","2026/10/09","2026/10/09","26-J0153283-001-771","SE3020XCW","1.50","300.0","300.0","200.0","SUS PB 水切 焼付","2.5Y9/1 近似色","1","ｱｰｽ 内ﾜﾆｽ","2026/10/16","佐川急便","2026/10/16","","塗装","林(秀)","2026/10/13","製造"
"正和電材　佐世保★","九州工場","九州工場","2026/10/09","2026/10/09","26-J0153453-001-771","BE2020SC","1.60","200.0","200.0","200.0","国土 PB 平 焼付","P25-90C 近似色","2","ｱｰｽ","2026/10/16","佐川急便","2026/10/16","","未着手","","2026/10/13","製造"
"米良電機　宮崎★","九州工場","九州工場","2026/10/09","2026/10/09","26-J0153476-001-771","IP1510SC","1.60","150.0","150.0","100.0","鉄 PB 平 焼付","2.5Y9/1 近似色","1","","2026/10/16","佐川急便","2026/10/16","","ｷｬﾝｾﾙ","林(秀)","2026/10/13","製造"
"東芝電材　川内★","九州工場","九州工場","2026/10/09","2026/10/09","26-J0153513-001-771","BE2015SC","1.60","200.0","200.0","150.0","国土 PB 平 焼付","2.5Y9/1 近似色","1","ｱｰｽ","2026/10/16","佐川急便","2026/10/16","","未着手","","","加工"
"赤木電機★","九州工場","九州工場","2026/10/09","2026/10/09","26-J0153644-003-771","IKW0000G","1.60","900.0","300.0","130.0","鉄 貫通枠","","2","さび止め ｱﾝｸﾞﾙ","2026/10/16","福山通運　九州発送","2026/10/16","","CAD/CAM","熊谷","2026/10/16","製造"
"赤木電機★","九州工場","九州工場","2026/10/09","2026/10/09","26-J0153644-002-771","IKW0000G","1.60","400.0","200.0","130.0","鉄 貫通枠","","2","さび止め ｱﾝｸﾞﾙ","2026/10/16","福山通運　九州発送","2026/10/16","","CAD/CAM","熊谷","2026/10/16","製造"
"赤木電機★","九州工場","九州工場","2026/10/09","2026/10/09","26-J0153644-001-771","IKW0000G","1.60","500.0","200.0","130.0","鉄 貫通枠","","2","さび止め ｱﾝｸﾞﾙ","2026/10/15","福山通運　九州発送","2026/10/16","","CAD/CAM","熊谷","2026/10/15","製造"
"赤木電機★","九州工場","九州工場","2026/10/09","2026/10/09","26-J0153644-004-771","IKW0000G","1.60","600.0","200.0","205.0","鉄 貫通枠","","2","さび止め ｱﾝｸﾞﾙ","2026/10/15","福山通運　九州発送","2026/10/16","","切断","バック","2026/10/15","製造"
"カンサイ西九州社　佐世保★","九州工場","九州工場","2026/08/28","2026/08/28","26-J0119086-005-771","ZE0000XC","3.20","600.0","600.0","300.0","ZN PBﾄｸ 水切 焼付","色後で","1","◆HDZT49 ｱｰｽ 穴加工 側面開口 PB-E","2026/10/16","福山通運　九州発送","2026/10/19","","組立","金光","2026/09/09","製造"
"三親電材　広島★","九州工場","九州工場","2026/09/25","2026/09/25","26-J0139505-006-771","DKM0000N","0.00","0.0","0.0","600.0","Sﾀﾞｲﾏ 金物","","135","ｽｰﾊﾟｰﾀﾞｲﾏD1切断品　ラック支持金物2 3 4用","2026/10/13","福山通運　九州発送","2026/10/19","2026/10/13","溶接","バン","2026/10/13","製造"
"三親電材　広島★","九州工場","九州工場","2026/09/25","2026/09/25","26-J0139505-005-771","DKM0000N","0.00","1,100.0","0.0","0.0","Sﾀﾞｲﾏ 金物","","4","ｽｰﾊﾟｰﾀﾞｲﾏD1切断品　ラック支持金物1用　","2026/10/13","福山通運　九州発送","2026/10/19","2026/10/13","溶接","バン","2026/10/13","製造"
"三親電材　水島★","九州工場","九州工場","2026/09/29","2026/09/29","26-J0142368-005-771","IE0000SC","1.60","190.0","170.0","80.0","鉄 PBﾄｸ 平 焼付","5Y9/1(近似色)","15","ｱｰｽ(位置指定) M4化粧ﾋﾞｽ･ﾍﾞｰｽ付･開口･穴加工ｱﾘ","2026/10/19","福山通運　九州発送","2026/10/19","","切断","バック","2026/10/14","製造"
"三親電材　水島★","九州工場","九州工場","2026/09/29","2026/09/29","26-J0142368-002-771","IE0000SC","1.60","190.0","170.0","80.0","鉄 PBﾄｸ 平 焼付","5Y9/1(近似色)","15","ｱｰｽ(位置指定) M4化粧ﾋﾞｽ･ﾍﾞｰｽ付･開口･穴加工ｱﾘ","2026/10/14","福山通運　九州発送","2026/10/19","","塗装","山口","2026/10/08","製造"
"三親電材　水島★","九州工場","九州工場","2026/09/29","2026/09/29","26-J0142368-001-771","IE0000SC","1.60","190.0","170.0","80.0","鉄 PBﾄｸ 平 焼付","5Y9/1(近似色)","15","ｱｰｽ(位置指定) M4化粧ﾋﾞｽ･ﾍﾞｰｽ付･開口･穴加工ｱﾘ","2026/10/13","福山通運　九州発送","2026/10/19","","塗装","柴﨑","2026/10/07","製造"
"三親電材　水島★","九州工場","九州工場","2026/09/29","2026/09/29","26-J0142368-003-771","IE0000SC","1.60","190.0","170.0","80.0","鉄 PBﾄｸ 平 焼付","5Y9/1(近似色)","15","ｱｰｽ(位置指定) M4化粧ﾋﾞｽ･ﾍﾞｰｽ付･開口･穴加工ｱﾘ","2026/10/15","福山通運　九州発送","2026/10/19","","仕上","三澄","2026/10/09","製造"
"三親電材　水島★","九州工場","九州工場","2026/09/29","2026/09/29","26-J0142368-004-771","IE0000SC","1.60","190.0","170.0","80.0","鉄 PBﾄｸ 平 焼付","5Y9/1(近似色)","15","ｱｰｽ(位置指定) M4化粧ﾋﾞｽ･ﾍﾞｰｽ付･開口･穴加工ｱﾘ","2026/10/16","福山通運　九州発送","2026/10/19","","曲げ","志田","2026/10/13","製造"
"イシグロ　鹿児島★","九州工場","九州工場","2026/10/01","2026/10/01","26-J0145594-001-771","ZKM0000","6.50","250.0","75.0","150.0","ZN 金物","","5","SS-C-6.5x75x150　穴加工 65A用","2026/10/19","福山通運　九州発送","2026/10/19","","外注","奈木野","2026/10/09","製造"
"イシグロ　鹿児島★","九州工場","九州工場","2026/10/01","2026/10/01","26-J0145594-002-771","ZKM0000","6.50","250.0","75.0","150.0","ZN 金物","","5","SS-C-6.5x75x150　穴加工 100A用","2026/10/19","福山通運　九州発送","2026/10/19","","外注","奈木野","2026/10/09","製造"
"ナミデン　福岡★","九州工場","九州工場","2026/10/02","2026/10/02","26-J0146063-001-771","SDC0000C","2.00","1,500.0","350.0","2,900.0","SUS ﾀﾞｸﾄｶﾊﾞｰ 焼付","N-85 全艶 近似色","1","","2026/10/16","ヤマックス　ｽﾎﾟｯﾄ便","2026/10/19","","溶接","恒川","2026/10/09","製造"
"イシグロ　宮崎★","九州工場","九州工場","2026/10/02","2026/10/02","26-J0146400-003-771","IBG0000C","0.00","250.0","250.0","1,000.0","鉄 防球ガード 焼付","2.5Y9/1 近似色","5","配管ガード","2026/10/16","佐川急便","2026/10/19","","溶接","ハイ","2026/10/09","製造"
"佐野電機工業","九州工場","九州工場","2026/10/05","2026/10/05","26-J0147628-001-771","BE2010SC","1.60","200.0","200.0","100.0","国土 PB 平 焼付","2.5Y9/1(近似色)","6","ｱｰｽ","2026/10/15","福山通運　九州発送","2026/10/19","","未着手","","","加工"
"佐野電機工業","九州工場","九州工場","2026/10/05","2026/10/05","26-J0147628-003-771","BE3020SC","1.60","300.0","300.0","200.0","国土 PB 平 焼付","2.5Y9/1(近似色)","8","ｱｰｽ","2026/10/16","福山通運　九州発送","2026/10/19","","溶接","フイ","2026/10/13","製造"
"佐野電機工業","九州工場","九州工場","2026/10/05","2026/10/05","26-J0147628-002-771","BE2020SC","1.60","200.0","200.0","200.0","国土 PB 平 焼付","2.5Y9/1(近似色)","1","ｱｰｽ","2026/10/15","福山通運　九州発送","2026/10/19","","仕上","山口","2026/10/09","製造"
"米良電機　西★","九州工場","九州工場","2026/10/05","2026/10/05","26-J0148337-001-771","ZE0000XA","2.30","300.0","300.0","300.0","ZN PBﾄｸ 水切","","1","◆HDZT-49  ｱｰｽ 足付L4x50(φ12)x4 G22ｶｯﾌﾟﾘﾝｸﾞx2","2026/10/16","佐川急便","2026/10/19","","外注","バン","2026/10/07","製造"
"イシグロ　宮崎★","九州工場","九州工場","2026/10/05","2026/10/05","26-J0148634-002-771","ZG0000","0.00","2,000.0","1,130.0","500.0","ZN 架台","","2","室内機用架台　L50x50x4t","2026/10/16","チャーター便","2026/10/19","","溶接","ゴック","2026/10/09","製造"
"イシグロ　宮崎★","九州工場","九州工場","2026/10/05","2026/10/05","26-J0148634-007-771","ZG0000","0.00","2,000.0","1,130.0","500.0","ZN 架台","","3","室内機用架台 L50x50x4t","2026/10/16","チャーター便","2026/10/19","","溶接","ゴック","2026/10/13","製造"
"シンセイ　福山★","九州工場","九州工場","2026/10/06","2026/10/06","26-J0148876-001-771","SE0000XC","1.50","300.0","300.0","200.0","SUS PBﾄｸ 水切 焼付","2.5Y9/1 近似色","10","ｱｰｽ 封印ビス(対角２箇所)付","2026/10/19","福山通運　九州発送","2026/10/19","","曲げ","ラム","2026/10/14","製造"
"ナミデン　山口★","九州工場","九州工場","2026/10/06","2026/10/06","26-J0148878-004-771","ZE0000XA","2.30","150.0","150.0","100.0","ZN PBﾄｸ 水切","","1","ｱｰｽ 足付 φ21.6　水抜穴2-φ10","2026/10/19","福山通運　九州発送","2026/10/19","","溶接","フイ","2026/10/09","製造"
"ナミデン　山口★","九州工場","九州工場","2026/10/06","2026/10/06","26-J0148878-001-771","ZE0000XA","2.30","150.0","150.0","100.0","ZN PBﾄｸ 水切","","1","ｱｰｽ 足付 2-φ21.6　水抜穴2-φ10","2026/10/19","福山通運　九州発送","2026/10/19","","外注","フイ","2026/10/09","製造"
"ナミデン　山口★","九州工場","九州工場","2026/10/06","2026/10/06","26-J0148878-002-771","ZE0000XA","2.30","300.0","150.0","100.0","ZN PBﾄｸ 水切","","1","ｱｰｽ 足付 φ21.6　水抜穴2-φ10","2026/10/19","福山通運　九州発送","2026/10/19","","外注","フイ","2026/10/09","製造"
"ナミデン　山口★","九州工場","九州工場","2026/10/06","2026/10/06","26-J0148878-003-771","ZE0000XA","2.30","150.0","150.0","100.0","ZN PBﾄｸ 水切","","4","ｱｰｽ 足付 2-φ21.6　水抜穴2-φ10","2026/10/19","福山通運　九州発送","2026/10/19","","外注","フイ","2026/10/09","製造"
"カンサイ　熊本★","九州工場","九州工場","2026/10/06","2026/10/06","26-J0149283-001-771","SE6050WN","1.50","600.0","600.0","500.0","SUS PB 被せ","","1","ｱｰｽ","2026/10/19","福山通運　九州発送","2026/10/19","","未着手","","2026/10/19","製造"
"カンサイ　熊本★","九州工場","九州工場","2026/10/06","2026/10/06","26-J0149283-002-771","SE0000WN","2.00","800.0","600.0","500.0","SUS PBﾄｸ 被せ","","1","ｱｰｽ","2026/10/19","福山通運　九州発送","2026/10/19","","CAD/CAM","熊谷","2026/10/19","製造"
"三親電材　広島★","九州工場","九州工場","2026/10/06","2026/10/06","26-J0149505-010-771","DKM0000N","0.00","0.0","0.0","1,900.0","Sﾀﾞｲﾏ 金物","","4","ｽｰﾊﾟｰﾀﾞｲﾏD1切断品　馬架台4用","2026/10/13","福山通運　九州発送","2026/10/19","2026/10/13","未着手","","2026/10/13","製造"
"三親電材　広島★","九州工場","九州工場","2026/10/06","2026/10/06","26-J0149505-011-771","DKM0000N","0.00","0.0","0.0","1,700.0","Sﾀﾞｲﾏ 金物","","3","ｽｰﾊﾟｰﾀﾞｲﾏD1切断品　馬架台5用","2026/10/13","福山通運　九州発送","2026/10/19","2026/10/13","未着手","","2026/10/13","製造"
"かごしま電工　南★","九州工場","九州工場","2026/10/06","2026/10/06","26-J0149568-001-771","ZE4020X2W","2.30","400.0","400.0","200.0","ZN PB 水切","","1","HDZT49 ｱｰｽ 内ﾜﾆｽ 足付 L4x50(φ12)x4","2026/10/19","佐川急便","2026/10/19","","外注","テイン","2026/10/08","製造"
"かごしま電工　南★","九州工場","九州工場","2026/10/06","2026/10/06","26-J0149568-002-771","ZE3020X2W","2.30","300.0","300.0","200.0","ZN PB 水切","","1","HDZT49 ｱｰｽ 内ﾜﾆｽ 足付 L3x40(φ12)x4","2026/10/19","佐川急便","2026/10/19","","外注","バン","2026/10/08","製造"
"かごしま電工　南★","九州工場","九州工場","2026/10/06","2026/10/06","26-J0149568-003-771","ZE1515X2W","2.30","150.0","150.0","150.0","ZN PB 水切","","1","HDZT49 ｱｰｽ 内ﾜﾆｽ 足付 L3x30(φ12)x4","2026/10/19","佐川急便","2026/10/19","","外注","バン","2026/10/08","製造"
"かごしま電工　南★","九州工場","九州工場","2026/10/06","2026/10/06","26-J0149568-004-771","ZE3535X2W","2.30","350.0","350.0","350.0","ZN PB 水切","","1","HDZT49 ｱｰｽ 内ﾜﾆｽ 足付 L4x50(φ12)x4","2026/10/19","佐川急便","2026/10/19","","外注","テイン","2026/10/08","製造"
"三共電気　本社★","九州工場","九州工場","2026/10/06","2026/10/06","26-J0150040-001-771","SMK0000C","2.00","2,000.0","250.0","215.0","SUS 曲金物 焼付","5Y7/1 近似色","1","L型　8-φ8　切欠60x60","2026/10/16","ヤマックス福岡","2026/10/19","","曲げ","道上","2026/10/13","製造"
"三共電気　本社★","九州工場","九州工場","2026/10/06","2026/10/06","26-J0150040-002-771","SMK0000C","2.00","2,000.0","250.0","195.0","SUS 曲金物 焼付","5Y7/1 近似色","1","L型　8-φ8　切欠40x40","2026/10/16","ヤマックス福岡","2026/10/19","","曲げ","道上","2026/10/13","製造"
"Q-mast　電気グル－プ★","九州工場","九州工場","2026/10/06","2026/10/06","26-J0150066-002-771","ZTG0000","0.00","430.0","200.0","250.0","ZN 耐震架台","","2","L65x65x6  床用架台","2026/10/16","ヤマックス　ｽﾎﾟｯﾄ便","2026/10/19","","溶接","クイ","2026/10/09","製造"
"中電プラント　岩国総合技術C★","九州工場","九州工場","2026/10/07","2026/10/07","26-J0150664-001-771","Z02000S","2.30","848.0","298.0","0.0","ZN ふたﾄｸ","","1","平ふた ﾀﾞﾙﾏ穴 穴加工ｱﾘ","2026/10/19","福山通運　九州発送","2026/10/19","","外注","森山","2026/10/08","製造"
"東芝電材　益田★","九州工場","九州工場","2026/10/07","2026/10/07","26-J0150795-003-771","SI0000N","1.50","300.0","300.0","0.0","SUS 切板","","1","","2026/10/19","福山通運　九州発送","2026/10/19","","未着手","","2026/10/19","製造"
"大洋電材　本社★","九州工場","九州工場","2026/10/07","2026/10/07","26-J0150837-001-771","ZP3015X2","2.30","300.0","300.0","150.0","ZN PB 水切","","1","","2026/10/16","北九州配達","2026/10/19","","溶接","フイ","2026/10/08","製造"
"かごしま電工　南★","九州工場","九州工場","2026/10/07","2026/10/07","26-J0151179-010-771","BE4040SCW","1.60","400.0","400.0","400.0","国土 PB 平 焼付","2.5Y9/1 近似色","4","ｱｰｽ  内ﾜﾆｽ","2026/10/16","福山通運　九州発送","2026/10/19","","溶接","フイ","2026/10/09","製造"
"かごしま電工　南★","九州工場","九州工場","2026/10/07","2026/10/07","26-J0151179-008-771","BE3030SCW","1.60","300.0","300.0","300.0","国土 PB 平 焼付","2.5Y9/1 近似色","2","ｱｰｽ  内ﾜﾆｽ","2026/10/16","福山通運　九州発送","2026/10/19","","溶接","フイ","2026/10/09","製造"
"かごしま電工　南★","九州工場","九州工場","2026/10/07","2026/10/07","26-J0151179-009-771","BE3535SCW","1.60","350.0","350.0","350.0","国土 PB 平 焼付","2.5Y9/1 近似色","6","ｱｰｽ  内ﾜﾆｽ","2026/10/19","福山通運　九州発送","2026/10/19","","溶接","フイ","2026/10/13","製造"
"日本電設資材　福岡★","九州工場","九州工場","2026/10/07","2026/10/07","26-J0151388-002-771","IG0000G","6.00","200.0","50.0","850.0","鉄 架台","","8","さび止め SS-L-50x50x6t","2026/10/16","ヤマックス　ｽﾎﾟｯﾄ便","2026/10/19","","溶接","バン","2026/10/09","製造"
"日本電設資材　福岡★","九州工場","九州工場","2026/10/07","2026/10/07","26-J0151388-003-771","IG0000G","6.00","200.0","50.0","850.0","鉄 架台","","37","さび止め SS-L-50x50x6t","2026/10/16","ヤマックス　ｽﾎﾟｯﾄ便","2026/10/19","","溶接","バン","2026/10/13","製造"
"日本電設資材　福岡★","九州工場","九州工場","2026/10/07","2026/10/07","26-J0151388-001-771","IG0000G","6.00","200.0","50.0","850.0","鉄 架台","","29","さび止め SS-L-50x50x6t","2026/10/16","ヤマックス　ｽﾎﾟｯﾄ便","2026/10/19","","溶接","バン","2026/10/09","製造"
"シンセイ　広島第一★","九州工場","九州工場","2026/10/08","2026/10/08","26-J0151806-001-771","ZE1515X2","2.30","150.0","150.0","150.0","ZN PB 水切","","1","ｱｰｽ","2026/10/19","福山通運　九州発送","2026/10/19","","外注","フイ","2026/10/09","製造"
"正和電材　佐世保★","九州工場","九州工場","2026/10/08","2026/10/08","26-J0151902-001-771","ZE2525X2","2.30","250.0","250.0","250.0","ZN PB 水切","","1","HDZT49 ｱｰｽ","2026/10/19","佐川急便","2026/10/19","","外注","フイ","2026/10/09","製造"
"ナミデン　山口★","九州工場","九州工場","2026/10/08","2026/10/08","26-J0151962-001-771","ZKM0000","2.30","180.0","170.0","20.0","ZN 金物","","1","L型ｾﾊﾟﾚｰﾀ金物 200x200x200用","2026/10/19","福山通運　九州発送","2026/10/19","","外注","志田","2026/10/09","製造"
"東芝電材　下関★","九州工場","九州工場","2026/10/08","2026/10/08","26-J0152105-003-771","IIP0000C","1.60","700.0","500.0","0.0","鉄 ﾌﾟﾚｰﾄ 焼付","N9.5 近似色","35","枠形 開口450x450","2026/10/19","福山通運　九州発送","2026/10/19","","切断","林(浩)","2026/10/14","製造"
"東芝電材　下関★","九州工場","九州工場","2026/10/08","2026/10/08","26-J0152105-001-771","IIP0000C","1.60","700.0","500.0","0.0","鉄 ﾌﾟﾚｰﾄ 焼付","N9.5 近似色","30","枠形 開口450x450","2026/10/16","福山通運　九州発送","2026/10/19","","切断","バック","2026/10/13","製造"
"ナミデン　福岡★","九州工場","九州工場","2026/10/08","2026/10/08","26-J0152155-001-771","DI0000C","1.60","250.0","150.0","0.0","Sﾀﾞｲﾏ 切板 焼付","N-90 近似色","1","吊穴不可","2026/10/16","ヤマックス福岡","2026/10/19","","切断","岩本","2026/10/09","製造"
"ナミデン　福岡★","九州工場","九州工場","2026/10/08","2026/10/08","26-J0152155-002-771","DI0000C","1.60","250.0","170.0","0.0","Sﾀﾞｲﾏ 切板 焼付","N-90 近似色","1","吊穴不可","2026/10/16","ヤマックス福岡","2026/10/19","","切断","岩本","2026/10/09","製造"
"ナミデン　福岡★","九州工場","九州工場","2026/10/08","2026/10/08","26-J0152155-004-771","DI0000C","1.60","400.0","200.0","0.0","Sﾀﾞｲﾏ 切板 焼付","N-90 近似色","1","吊穴不可","2026/10/16","ヤマックス福岡","2026/10/19","","切断","森山","2026/10/09","製造"
"ナミデン　福岡★","九州工場","九州工場","2026/10/08","2026/10/08","26-J0152155-003-771","DI0000C","1.60","500.0","200.0","0.0","Sﾀﾞｲﾏ 切板 焼付","N-90 近似色","1","吊穴不可","2026/10/16","ヤマックス福岡","2026/10/19","","切断","岩本","2026/10/09","製造"
"木村電機　本社★","九州工場","九州工場","2026/10/08","2026/10/08","26-J0152359-002-771","SE2020XC","1.50","200.0","200.0","200.0","SUS PB 水切 焼付","LN-75 近似色","1","ｱｰｽ","2026/10/16","佐川急便","2026/10/19","","未着手","","","加工"
"木村電機　本社★","九州工場","九州工場","2026/10/08","2026/10/08","26-J0152359-005-771","SE4020XC","1.50","400.0","400.0","200.0","SUS PB 水切 焼付","L19-90C 近似色","2","ｱｰｽ","2026/10/19","佐川急便","2026/10/19","","曲げ","ラム","2026/10/14","製造"
"木村電機　本社★","九州工場","九州工場","2026/10/08","2026/10/08","26-J0152359-004-771","SE3030XC","1.50","300.0","300.0","300.0","SUS PB 水切 焼付","L19-90C 近似色","3","ｱｰｽ","2026/10/19","佐川急便","2026/10/19","","切断","林(浩)","2026/10/14","製造"
"木村電機　本社★","九州工場","九州工場","2026/10/08","2026/10/08","26-J0152359-001-771","SE2020XC","1.50","200.0","200.0","200.0","SUS PB 水切 焼付","L19-90C 近似色","3","ｱｰｽ","2026/10/16","佐川急便","2026/10/19","","未着手","","","加工"
"木村電機　本社★","九州工場","九州工場","2026/10/08","2026/10/08","26-J0152359-003-771","SE3020XC","1.50","300.0","300.0","200.0","SUS PB 水切 焼付","L19-90C 近似色","2","ｱｰｽ","2026/10/16","佐川急便","2026/10/19","","未着手","","","加工"
"イシグロ　鹿児島★","九州工場","九州工場","2026/10/08","2026/10/08","26-J0152567-001-771","SG0000N","6.00","50.0","200.0","300.0","SUS 架台","","16","生地　SUS-L-50x50x6　穴加工","2026/10/19","福山通運　九州発送","2026/10/19","","未着手","","2026/10/19","製造"
"ナミデン　山口★","九州工場","九州工場","2026/10/08","2026/10/08","26-J0152687-001-771","IBG0000C","0.00","220.0","170.0","50.0","鉄 防球ガード 焼付","N9.5 近似色","2","コンセント用ガード　ベース2.3ｔ　丸鋼φ6","2026/10/19","福山通運　九州発送","2026/10/19","","切断","林(浩)","2026/10/14","製造"
"ｹｲ･ｴｽ･ﾃﾞｰ　鹿児島★","九州工場","九州工場","2026/10/09","2026/10/09","26-J0152801-001-771","SE3020XCW","1.50","300.0","300.0","200.0","SUS PB 水切 焼付","5Y7/1 近似色","1","ｱｰｽ 内ﾜﾆｽ","2026/10/19","佐川急便","2026/10/19","","塗装","林(秀)","2026/10/13","製造"
"大成商会　松山★","九州工場","九州工場","2026/10/09","2026/10/09","26-J0152981-001-771","IPA0000C","0.00","201.0","0.0","0.0","鉄 ﾎﾟｰﾙｱﾀﾞﾌﾟﾀｰ 焼付","05-20B","6","SGP90A PLt4.5","2026/10/19","福山通運　九州発送","2026/10/19","","切断","森山","2026/10/14","製造"
"かごしま電工　出水★","九州工場","九州工場","2026/10/09","2026/10/09","26-J0153087-001-771","SE3030WCW","1.50","300.0","300.0","300.0","SUS PB 被せ 焼付","5YR2/1.5 近似色","3","ｱｰｽ 内ﾜﾆｽ","2026/10/19","佐川急便","2026/10/19","","曲げ","ラム","2026/10/13","製造"
"ミューハウス　熊本★","九州工場","九州工場","2026/10/09","2026/10/09","26-J0153683-001-771","SE2015XC","1.50","200.0","200.0","150.0","SUS PB 水切 焼付","7.5YR5/6 近似色","1","ｱｰｽ","2026/10/19","佐川急便","2026/10/19","","未着手","","","加工"
"シンセイ　広島第二★","九州工場","九州工場","2026/07/27","2026/07/27","26-J0094371-001-771","SD0000N","2.00","250.0","150.0","4,000.0","SUS ﾀﾞｸﾄ","","2","ｱｰｽ 平蓋 SUSD15溶接","2026/10/19","福山通運　九州発送","2026/10/20","","CAD/CAM","熊谷","2026/10/16","製造"
"杉本電機　広島★","九州工場","九州工場","2026/09/16","2026/09/16","26-J0134035-002-771","ZST0000","0.00","3,000.0","0.0","0.0","ZN ｽﾀﾝｼｮﾝ","","1","HDZT63 125A ﾍﾞｰｽt12-600x600 4-φ20 ﾘﾌﾞt4.5 φ14","2026/10/15","チャーター便","2026/10/20","","組立","金光","2026/10/05","製造"
"宮地電機　松山","九州工場","九州工場","2026/09/28","2026/09/28","26-J0140948-001-771","ZCPL0000","4.50","500.0","450.0","300.0","ZN 縞鋼板","","1","HDZT49 ｱﾝｸﾞﾙ付","2026/10/20","福山通運　九州発送","2026/10/20","","切断","森山","2026/10/13","製造"
"新光産業　中部","九州工場","九州工場","2026/10/01","2026/10/01","26-J0144890-001-771","ZX0000","3.20","1,200.0","600.0","100.0","ZN その他","","1","□75x3.2t FB3tx50w PL6t 取付穴 固定金具","2026/10/14","イトカツ","2026/10/20","2026/10/14","溶接","ゴック","2026/10/07","製造"
"平岡電気　福岡南★","九州工場","九州工場","2026/10/01","2026/10/01","26-J0145442-001-771","SP0000WN","1.50","600.0","300.0","300.0","SUS PBﾄｸ 被せ","","1","","2026/10/16","ヤマックス福岡","2026/10/20","","未着手","","2026/10/16","製造"
"Q-mast　電気グル－プ★","九州工場","九州工場","2026/10/02","2026/10/02","26-J0146553-001-771","DD0000N","1.60","200.0","300.0","4,250.0","Sﾀﾞｲﾏ ﾀﾞｸﾄ","","1","3分割","2026/10/20","福山通運　九州発送","2026/10/20","","CAD/CAM","熊谷","2026/10/19","製造"
"Q-mast　電気グル－プ★","九州工場","九州工場","2026/10/02","2026/10/02","26-J0146560-003-771","DD0000N","1.60","200.0","300.0","4,000.0","Sﾀﾞｲﾏ ﾀﾞｸﾄ","","1","/1300 3分割　平蓋【6FL】","2026/10/20","福山通運　九州発送","2026/10/20","","未着手","","2026/10/19","製造"
"東芝電材　鳥取★","九州工場","九州工場","2026/10/05","2026/10/05","26-J0147144-001-771","SE3020XNA","1.50","300.0","300.0","200.0","SUS PB 水切","","1","ｱｰｽ 足付4-L3x40 12Φ","2026/10/20","福山通運　九州発送","2026/10/20","","未着手","","2026/10/20","製造"
"佐野電機工業","九州工場","九州工場","2026/10/05","2026/10/05","26-J0148418-001-771","BE0000SC","1.60","200.0","200.0","100.0","国土 PBﾄｸ 平 焼付","2.5Y9/1(近似色)","8","ｱｰｽ ｾﾝﾀ-直線ｾﾊﾟﾚｰﾄ付き","2026/10/16","福山通運　九州発送","2026/10/20","","溶接","フイ","2026/10/13","製造"
"佐野電機工業","九州工場","九州工場","2026/10/05","2026/10/05","26-J0148418-004-771","BE0000SC","1.60","200.0","200.0","200.0","国土 PBﾄｸ 平 焼付","2.5Y9/1(近似色)","1","ｱｰｽ ｾﾝﾀ-直線ｾﾊﾟﾚｰﾄ付き","2026/10/15","福山通運　九州発送","2026/10/20","","仕上","三澄","2026/10/09","製造"
"佐野電機工業","九州工場","九州工場","2026/10/05","2026/10/05","26-J0148418-005-771","BE0000SC","1.60","300.0","300.0","200.0","国土 PBﾄｸ 平 焼付","2.5Y9/1(近似色)","3","ｱｰｽ ｾﾝﾀ-直線ｾﾊﾟﾚｰﾄ付き","2026/10/15","福山通運　九州発送","2026/10/20","","仕上","三澄","2026/10/09","製造"
"佐野電機工業","九州工場","九州工場","2026/10/05","2026/10/05","26-J0148418-006-771","BE0000SC","1.60","200.0","200.0","100.0","国土 PBﾄｸ 平 焼付","2.5Y9/1(近似色)","10","ｱｰｽ ｾﾝﾀ-直線ｾﾊﾟﾚｰﾄ付き","2026/10/19","福山通運　九州発送","2026/10/20","","切断","林(浩)","2026/10/14","製造"
"木村電機　菊陽★","九州工場","九州工場","2026/10/06","2026/10/06","26-J0148664-002-771","ZP3520X2","2.30","350.0","350.0","200.0","ZN PB 水切","","1","","2026/10/19","福山通運　九州発送","2026/10/20","","溶接","フイ","2026/10/09","製造"
"木村電機　菊陽★","九州工場","九州工場","2026/10/06","2026/10/06","26-J0148664-001-771","ZP6030X3","3.20","600.0","600.0","300.0","ZN PB 水切","","1","","2026/10/19","福山通運　九州発送","2026/10/20","","外注","フイ","2026/10/09","製造"
"シンセイ　福山★","九州工場","九州工場","2026/10/06","2026/10/06","26-J0148892-003-771","SE0000XC","1.50","400.0","400.0","300.0","SUS PBﾄｸ 水切 焼付","2.5Y9/1 近似色","8","ｱｰｽ 封印ビス(対角２箇所)付","2026/10/20","福山通運　九州発送","2026/10/20","","CAD/CAM","熊谷","2026/10/15","製造"
"日本電設資材　福岡★","九州工場","九州工場","2026/10/06","2026/10/06","26-J0149203-001-771","II0000C","1.60","250.0","250.0","0.0","鉄 切板 焼付","N9.5 近似色","45","吊穴不可","2026/10/19","ヤマックス福岡","2026/10/20","","保留","－","2026/10/09","製造"
"クリエイト　長崎★","九州工場","九州工場","2026/10/06","2026/10/06","26-J0149401-002-771","ZG0000","22.00","0.0","45.0","65.0","ZN 架台","","2","HDZT-77  SS-22t 加工 　側点1.2","2026/10/20","福山通運　九州発送","2026/10/20","","曲げ","道上","2026/10/13","製造"
"クリエイト　長崎★","九州工場","九州工場","2026/10/06","2026/10/06","26-J0149401-013-771","ZG0000","0.00","0.0","0.0","200.0","ZN 架台","","2","HDZT-77  SS400-FB-75x6t 加工 　側点5.6","2026/10/20","福山通運　九州発送","2026/10/20","","曲げ","道上","2026/10/13","製造"
"クリエイト　長崎★","九州工場","九州工場","2026/10/06","2026/10/06","26-J0149401-014-771","ZG0000","22.00","0.0","45.0","65.0","ZN 架台","","2","HDZT-77  SS-22t 加工 　側点5.6","2026/10/20","福山通運　九州発送","2026/10/20","","曲げ","道上","2026/10/13","製造"
"クリエイト　長崎★","九州工場","九州工場","2026/10/06","2026/10/06","26-J0149401-016-771","ZG0000","22.00","0.0","45.0","65.0","ZN 架台","","4","HDZT-77  SS-22t 加工 　側点7.8.9.10","2026/10/20","福山通運　九州発送","2026/10/20","","曲げ","道上","2026/10/13","製造"
"クリエイト　長崎★","九州工場","九州工場","2026/10/06","2026/10/06","26-J0149401-001-771","ZG0000","0.00","0.0","0.0","200.0","ZN 架台","","2","HDZT-77  SS400-FB-75x6t 加工 　側点1.2","2026/10/20","福山通運　九州発送","2026/10/20","","曲げ","道上","2026/10/13","製造"
"クリエイト　長崎★","九州工場","九州工場","2026/10/06","2026/10/06","26-J0149401-015-771","ZG0000","0.00","0.0","0.0","200.0","ZN 架台","","4","HDZT-77  SS400-FB-75x6t 加工 　側点7.8.9.10","2026/10/20","福山通運　九州発送","2026/10/20","","曲げ","道上","2026/10/13","製造"
"クリエイト　長崎★","九州工場","九州工場","2026/10/06","2026/10/06","26-J0149401-006-771","ZG0000","0.00","200.0","200.0","850.0","ZN 架台","","1","HDZT-77  H100X50X5/7　側点3","2026/10/20","福山通運　九州発送","2026/10/20","","切断","森山","2026/10/13","製造"
"クリエイト　長崎★","九州工場","九州工場","2026/10/06","2026/10/06","26-J0149401-007-771","ZG0000","0.00","200.0","200.0","855.0","ZN 架台","","1","HDZT-77  H100X50X5/7　側点4","2026/10/20","福山通運　九州発送","2026/10/20","","切断","森山","2026/10/13","製造"
"イシグロ　沖縄★","九州工場","九州工場","2026/10/06","2026/10/06","26-J0149416-001-771","ZG0000","6.00","620.0","700.0","50.0","ZN 架台","","1","L-50x6t 補強ﾘﾌﾞ6t 取付穴　Ｌ","2026/10/14","イトカツ","2026/10/20","2026/10/14","溶接","クイ","2026/10/07","製造"
"イシグロ　沖縄★","九州工場","九州工場","2026/10/06","2026/10/06","26-J0149416-002-771","ZG0000","6.00","620.0","700.0","50.0","ZN 架台","","1","L-50x6t 補強ﾘﾌﾞ6t 取付穴　Ｒ","2026/10/14","イトカツ","2026/10/20","2026/10/14","溶接","クイ","2026/10/07","製造"
"クリエイト　長崎★","九州工場","九州工場","2026/10/06","2026/10/06","26-J0149443-005-771","IG0000N","0.00","500.0","75.0","0.0","鉄 架台","","2","SS400-FB75x6t  ｻﾋﾞ生地　　側点7","2026/10/20","福山通運　九州発送","2026/10/20","","未着手","","2026/10/20","製造"
"クリエイト　長崎★","九州工場","九州工場","2026/10/06","2026/10/06","26-J0149443-009-771","IG0000N","0.00","0.0","0.0","300.0","鉄 架台","","1","連結用　L-75X75X6t　ｻﾋﾞ生地　　側点3.4連結用","2026/10/20","福山通運　九州発送","2026/10/20","","未着手","","2026/10/20","製造"
"カンサイ　福岡西★","九州工場","九州工場","2026/10/06","2026/10/06","26-J0149836-005-771","IG0000G","6.00","300.0","150.0","1,800.0","鉄 架台","","4","さび止め SS-L-65x65x6t　穴加工 左右ｾｯﾄ　2F","2026/10/19","ヤマックス福岡","2026/10/20","","未着手","","2026/10/15","製造"
"カンサイ　福岡西★","九州工場","九州工場","2026/10/06","2026/10/06","26-J0149836-002-771","IG0000G","6.00","300.0","150.0","300.0","鉄 架台","","6","さび止め SS-L-50x50x6t　穴加工 左右ｾｯﾄ　1F-5F","2026/10/19","ヤマックス福岡","2026/10/20","","未着手","","2026/10/15","製造"
"カンサイ　福岡西★","九州工場","九州工場","2026/10/06","2026/10/06","26-J0149836-001-771","IG0000G","6.00","300.0","150.0","300.0","鉄 架台","","10","さび止め SS-L-50x50x6t　穴加工 左右ｾｯﾄ　1F-5F","2026/10/19","ヤマックス福岡","2026/10/20","","未着手","","2026/10/14","製造"
"カワショウ★","九州工場","九州工場","2026/10/06","2026/10/06","26-J0149852-001-771","ZG0000","6.00","500.0","500.0","500.0","ZN 架台","","1","HDZT-77 三角支え付 L-50x50x6t 6-φ15","2026/10/20","佐川急便","2026/10/20","","溶接","横澤","2026/10/13","製造"
"新光産業　北","九州工場","九州工場","2026/10/06","2026/10/06","26-J0149921-001-771","AD0000N","2.00","1,000.0","250.0","350.0","ｱﾙﾐ ﾀﾞｸﾄ","","1","平蓋２分分割 ｱｰｽ 支持棒","2026/10/13","イトカツ","2026/10/20","2026/10/13","溶接","カイ","2026/10/09","製造"
"正二電気　備前★","九州工場","九州工場","2026/10/06","2026/10/06","26-J0150034-001-771","ZG0000","0.00","500.0","500.0","500.0","ZN 架台","","7","HDZT-77 ｱﾝｸﾞﾙ","2026/10/20","福山通運　九州発送","2026/10/20","","切断","奈木野","2026/10/13","製造"
"正二電気　備前★","九州工場","九州工場","2026/10/06","2026/10/06","26-J0150034-002-771","ZBC0000","0.00","500.0","500.0","50.0","ZN ﾌﾞﾗｹｯﾄ","","7","HDZT-77 ｱﾝｸﾞﾙ","2026/10/20","福山通運　九州発送","2026/10/20","","溶接","クイ","2026/10/09","製造"
"因幡電機　熊本(415)","九州工場","九州工場","2026/10/07","2026/10/07","26-J0150446-001-771","IG0000C","0.00","600.0","215.0","200.0","鉄 架台 焼付","色見本ｱﾘ","1","L50x50x6t ﾍﾞｰｽ6.0t　穴加工","2026/10/20","福山通運　九州発送","2026/10/20","","未着手","","2026/10/15","製造"
"タツミ電材　佐賀本社★","九州工場","九州工場","2026/10/07","2026/10/07","26-J0150497-001-771","ZG0000","6.00","450.0","0.0","0.0","ZN 架台","","3","HDZT77 溝形鋼125x65x6x8 TW溶接x2 φ13x5 長穴x3","2026/10/20","佐川急便","2026/10/20","","切断","林(浩)","2026/10/13","製造"
"不二電機　藤井寺★","九州工場","九州工場","2026/10/07","2026/10/07","26-J0150563-001-771","ZP0000W","3.20","600.0","600.0","250.0","ZN PBﾄｸ 被せ","","1","開口ｱﾘ","2026/10/20","福山通運　九州発送","2026/10/20","","外注","志田","2026/10/13","製造"
"Q-mast　電気グル－プ★","九州工場","九州工場","2026/10/07","2026/10/07","26-J0150611-001-771","DC0000N","2.30","1,200.0","300.0","600.0","Sﾀﾞｲﾏ ｶﾊﾞｰ","","1","平蓋パッキン付き　外ｺｰｷﾝｸﾞ代　脱着式サン","2026/10/20","福山通運　九州発送","2026/10/20","","未着手","","2026/10/20","製造"
"Q-mast　電気グル－プ★","九州工場","九州工場","2026/10/07","2026/10/07","26-J0150611-002-771","DC0000N","2.30","1,200.0","300.0","800.0","Sﾀﾞｲﾏ ｶﾊﾞｰ","","1","平蓋パッキン付き　脱着式サン","2026/10/20","福山通運　九州発送","2026/10/20","","未着手","","2026/10/20","製造"
"シンセイ　広島第一★","九州工場","九州工場","2026/10/07","2026/10/07","26-J0150666-004-771","ID0000C","1.60","250.0","150.0","730.0","鉄 ﾀﾞｸﾄ 焼付","N2 近似色","1","正面平蓋 ｱｰｽ/支持棒/ｾﾊﾟﾚｰﾀ溶接　ﾌﾗﾝｼﾞ付","2026/10/20","福山通運　九州発送","2026/10/20","","曲げ","道上","2026/10/14","製造"
"シンセイ　広島第一★","九州工場","九州工場","2026/10/07","2026/10/07","26-J0150666-001-771","IPCP0000C","4.50","560.0","250.0","0.0","鉄 ｼﾏﾋﾟｯﾄ蓋 焼付","N-5 近似色","2","縞鋼板 補強FB9x25　","2026/10/20","福山通運　九州発送","2026/10/20","","切断","林(浩)","2026/10/14","製造"
"シンセイ　広島第一★","九州工場","九州工場","2026/10/07","2026/10/07","26-J0150666-002-771","IPCP0000C","4.50","560.0","250.0","0.0","鉄 ｼﾏﾋﾟｯﾄ蓋 焼付","N-5 近似色","1","縞鋼板 補強FB9x25　2-φ30","2026/10/20","福山通運　九州発送","2026/10/20","","切断","森山","2026/10/14","製造"
"シンセイ　広島第一★","九州工場","九州工場","2026/10/07","2026/10/07","26-J0150666-003-771","IPCP0000C","4.50","530.0","250.0","0.0","鉄 ｼﾏﾋﾟｯﾄ蓋 焼付","N-5 近似色","1","縞鋼板 補強FB9x25　","2026/10/20","福山通運　九州発送","2026/10/20","","切断","森山","2026/10/14","製造"
"アサヒ　本社","九州工場","九州工場","2026/10/08","2026/10/08","26-J0151644-001-771","SE0000SC","1.50","500.0","400.0","300.0","SUS PBﾄｸ 平 焼付","2.5Y9/1","1","ｱｰｽ ﾊﾟｯｷﾝ付","2026/10/13","イトカツ","2026/10/20","2026/10/13","塗装","ナム","2026/10/08","製造"
"Q-mast　電気グル－プ★","九州工場","九州工場","2026/10/08","2026/10/08","26-J0151992-001-771","ZG0000","0.00","430.0","300.0","250.0","ZN 架台","","6","L65x65x6  16階ｹｰﾌﾞﾙﾗｯｸ架台","2026/10/19","ヤマックス　ｽﾎﾟｯﾄ便","2026/10/20","","溶接","横澤","2026/10/13","製造"
"Q-mast　電気グル－プ★","九州工場","九州工場","2026/10/08","2026/10/08","26-J0152008-003-771","IG0000G","0.00","1,130.0","530.0","3,000.0","鉄 架台","","2","L65x65x6 L75x75x6  さび止め 19階ｹｰﾌﾞﾙﾗｯｸ W1000-19F","2026/10/19","ヤマックス　ｽﾎﾟｯﾄ便","2026/10/20","","未着手","","2026/10/19","製造"
"Q-mast　電気グル－プ★","九州工場","九州工場","2026/10/08","2026/10/08","26-J0152008-002-771","IG0000G","0.00","1,030.0","510.0","2,000.0","鉄 架台","","1","L65x65x6 L75x75x6  さび止め 19階ｹｰﾌﾞﾙﾗｯｸ  W900-19F","2026/10/19","ヤマックス　ｽﾎﾟｯﾄ便","2026/10/20","","未着手","","2026/10/19","製造"
"Q-mast　電気グル－プ★","九州工場","九州工場","2026/10/08","2026/10/08","26-J0152008-001-771","IG0000G","0.00","730.0","510.0","2,000.0","鉄 架台","","2","L65x65x6 L75x75x6  さび止め 19階ｹｰﾌﾞﾙﾗｯｸ  W600-19F","2026/10/19","ヤマックス　ｽﾎﾟｯﾄ便","2026/10/20","","未着手","","2026/10/19","製造"
"大興電機★","九州工場","九州工場","2026/10/08","2026/10/08","26-J0152087-001-771","ZP0000W","3.20","600.0","500.0","300.0","ZN PBﾄｸ 被せ","","2","","2026/10/19","北九州配達","2026/10/20","","外注","志田","2026/10/09","製造"
"日本電商　九州★","九州工場","九州工場","2026/10/08","2026/10/08","26-J0152578-001-771","IIP0000C","1.60","600.0","360.0","0.0","鉄 ﾌﾟﾚｰﾄ 焼付","5Y8/0.5 近似色","6","センター開口350x180 4-φ8","2026/10/20","佐川急便","2026/10/20","","切断","林(浩)","2026/10/14","製造"
"興陽電機　福岡西★","九州工場","九州工場","2026/10/09","2026/10/09","26-J0152864-001-771","SC0000N","2.00","2,000.0","500.0","270.0","SUS ｶﾊﾞｰ","","1","蓋なし　傾斜あり　2分割　取付穴φ8","2026/10/19","ヤマックス福岡","2026/10/20","","未着手","","2026/10/19","製造"
"ｹｲ･ｴｽ･ﾃﾞｰ　鹿児島★","九州工場","九州工場","2026/10/09","2026/10/09","26-J0152957-001-771","IG0000C","6.00","590.0","700.0","56.0","鉄 架台 焼付","2.5Y9/1 近似色","2","3-[100x50x5溶接 4-φ16 4-M10ﾀｯﾌﾟ 4-M12裏NT溶接","2026/10/20","佐川急便","2026/10/20","","CAD/CAM","熊谷","2026/10/15","製造"
"平岡電気　福岡中央★","九州工場","九州工場","2026/10/09","2026/10/09","26-J0153044-001-771","ZKM0000","4.50","200.0","50.0","960.0","ZN 金物","","1","","2026/10/19","ヤマックス福岡","2026/10/20","","外注","道上","2026/10/13","製造"
"カンサイ西九州社　諫早★","九州工場","九州工場","2026/10/09","2026/10/09","26-J0153048-001-771","ZE1510X2","2.30","150.0","150.0","100.0","ZN PB 水切","","1","HDZT49 ｱｰｽ","2026/10/20","佐川急便","2026/10/20","","曲げ","志田","2026/10/13","製造"
"ナミデン　福岡★","九州工場","九州工場","2026/10/09","2026/10/09","26-J0153121-001-771","ZG0000","0.00","700.0","700.0","0.0","ZN 架台","","2","L50x50x6  三角ﾌﾞﾗｹｯﾄ","2026/10/20","ヤマックス福岡","2026/10/20","","未着手","","2026/10/14","製造"
"Q-mast　空調管グル－プ★","九州工場","九州工場","2026/10/09","2026/10/09","26-J0153806-001-771","ZIP0000","6.00","150.0","150.0","0.0","ZN ﾌﾟﾚｰﾄ","","6","ﾍﾞｰｽ板","2026/10/19","ヤマックス　ｽﾎﾟｯﾄ便","2026/10/20","","未着手","","2026/10/13","製造"
"東芝電材　武雄★","九州工場","九州工場","2026/10/09","2026/10/09","26-J0153824-003-771","SD0000N","1.50","500.0","400.0","3,700.0","SUS ﾀﾞｸﾄ","","1","水切蓋　ｱｰｽ/支持棒溶接　ｾﾊﾟﾚｰﾀ除外　開口ﾂﾊﾞ付","2026/10/20","佐川急便","2026/10/20","","未着手","","2026/10/20","製造"
"三親電材　浜田★","九州工場","九州工場","2026/10/09","2026/10/09","26-J0153879-001-771","BE0000SC","1.60","300.0","150.0","125.0","国土 PBﾄｸ 平 焼付","2.5Y9/1(近似色)","1","ｱｰｽ","2026/10/20","福山通運　九州発送","2026/10/20","","未着手","","2026/10/15","製造"
"東芝電材　松江★","九州工場","九州工場","2026/10/09","2026/10/09","26-J0153893-002-771","BD0000C","1.60","200.0","100.0","800.0","国土 ﾀﾞｸﾄ 焼付","N1(近似色)","1","ｱｰｽ","2026/10/20","福山通運　九州発送","2026/10/20","","未着手","","2026/10/15","製造"
"シンセイ　広島第二★","九州工場","九州工場","2026/07/27","2026/07/27","26-J0094375-001-771","SD0000N","2.00","250.0","150.0","4,000.0","SUS ﾀﾞｸﾄ","","2","ｱｰｽ 平蓋 SUSD15溶接","2026/10/20","福山通運　九州発送","2026/10/21","","未着手","","2026/10/19","製造"
"平岡電気　久留米★","九州工場","九州工場","2026/09/24","2026/09/24","26-J0138516-001-771","IG0000C","0.00","800.0","730.0","50.0","鉄 架台 焼付","5Y7/1 近似色","1","[100x50x5t L50x50x6t 12-φ15","2026/10/06","佐川急便","2026/10/21","","完成","古川","2026/10/01","製造"
"平岡電気　福岡中央★","九州工場","九州工場","2026/09/24","2026/09/24","26-J0138688-001-771","ZE3020X2","2.30","300.0","300.0","200.0","ZN PB 水切","","5","HDZT49 ｱｰｽ","2026/10/20","ヤマックス福岡","2026/10/21","","外注","志田","2026/10/13","製造"
"Q-mast　電気グル－プ★","九州工場","九州工場","2026/09/30","2026/09/30","26-J0143544-003-771","IE0000SG","1.60","400.0","350.0","250.0","鉄 PBﾄｸ 平","","3","ｱｰｽ さび止め 下面開口340x190 4-φ12","2026/10/21","福山通運　九州発送","2026/10/21","","未着手","","2026/10/20","製造"
"Q-mast　電気グル－プ★","九州工場","九州工場","2026/09/30","2026/09/30","26-J0143544-002-771","IE0000SG","1.60","600.0","350.0","300.0","鉄 PBﾄｸ 平","","1","ｱｰｽ さび止め 下面開口540x240 4-φ12","2026/10/20","福山通運　九州発送","2026/10/21","","CAD/CAM","熊谷","2026/10/19","製造"
"Q-mast　電気グル－プ★","九州工場","九州工場","2026/09/30","2026/09/30","26-J0143544-004-771","IE0000SG","1.60","300.0","350.0","250.0","鉄 PBﾄｸ 平","","5","ｱｰｽ さび止め 下面開口240x190 4-φ12","2026/10/21","福山通運　九州発送","2026/10/21","","未着手","","2026/10/20","製造"
"Q-mast　電気グル－プ★","九州工場","九州工場","2026/09/30","2026/09/30","26-J0143544-001-771","IE0000SG","1.60","500.0","350.0","250.0","鉄 PBﾄｸ 平","","6","ｱｰｽ さび止め 下面開口440x190 4-φ12","2026/10/20","福山通運　九州発送","2026/10/21","","未着手","","2026/10/19","製造"
"Q-mast　電気グル－プ★","九州工場","九州工場","2026/09/30","2026/09/30","26-J0143544-005-771","IE0000SG","1.60","600.0","350.0","250.0","鉄 PBﾄｸ 平","","1","ｱｰｽ さび止め 下面開口540x190 4-φ12","2026/10/20","福山通運　九州発送","2026/10/21","","未着手","","2026/10/19","製造"
"シンセイ　広島第一★","九州工場","九州工場","2026/09/30","2026/09/30","26-J0144222-001-771","IP1510WC","1.60","150.0","150.0","100.0","鉄 PB 被せ 焼付","5Y7/1 近似色","16","","2026/10/20","福山通運　九州発送","2026/10/21","","溶接","フイ","2026/10/09","製造"
"かごしま電工　城南★","九州工場","九州工場","2026/10/01","2026/10/01","26-J0144675-001-771","BE3030SCW","1.60","300.0","300.0","300.0","国土 PB 平 焼付","2.5Y9/1 近似色","7","ｱｰｽ  内ﾜﾆｽ","2026/10/21","佐川急便","2026/10/21","","切断","林(浩)","2026/10/14","製造"
"平岡電気　城南★","九州工場","九州工場","2026/10/02","2026/10/02","26-J0146362-001-771","ZG0000C","4.00","600.0","250.0","150.0","ZN 架台 焼付","10YR 3/0.5近似色","1","L-50x50x4.0t 4-M8ﾀｯﾌﾟ 4-φ14 補強 側面背面PL溶接","2026/10/20","ヤマックス福岡","2026/10/21","","溶接","ズオン","2026/10/08","製造"
"Q-mast　電気グル－プ★","九州工場","九州工場","2026/10/02","2026/10/02","26-J0146567-001-771","DD0000N","1.60","200.0","300.0","5,000.0","Sﾀﾞｲﾏ ﾀﾞｸﾄ","","1","/1160 4分割　平蓋 【2FL】","2026/10/21","福山通運　九州発送","2026/10/21","","未着手","","2026/10/20","製造"
"Q-mast　電気グル－プ★","九州工場","九州工場","2026/10/02","2026/10/02","26-J0146567-002-771","DD0000N","1.60","200.0","300.0","5,000.0","Sﾀﾞｲﾏ ﾀﾞｸﾄ","","1","/1160 4分割　平蓋【4FL】","2026/10/21","福山通運　九州発送","2026/10/21","","未着手","","2026/10/20","製造"
"平岡電気　福岡東★","九州工場","九州工場","2026/10/05","2026/10/05","26-J0147290-001-771","ZG0000","0.00","650.0","650.0","100.0","ZN 架台","","1","L100x100x7  機器固定用ﾍﾞｰｽ","2026/10/21","ヤマックス福岡","2026/10/21","","未着手","","2026/10/14","製造"
"ハッピー電気　清水★","九州工場","九州工場","2026/10/05","2026/10/05","26-J0148136-002-771","ZST0000","0.00","700.0","0.0","0.0","ZN ｽﾀﾝｼｮﾝ","","2","STK100Ax3.5t内径φ107.3 ﾍﾞｰｽ6t ﾘﾌﾞ4.5t","2026/10/21","佐川急便","2026/10/21","","溶接","ズオン","2026/10/09","製造"
"新光産業　本社","九州工場","九州工場","2026/10/05","2026/10/05","26-J0148260-002-771","BE5020SC","1.60","500.0","500.0","200.0","国土 PB 平 焼付","2.5Y9/1","1","ｱｰｽ","2026/10/13","イトカツ","2026/10/21","2026/10/13","塗装","ナム","2026/10/07","製造"
"新光産業　本社","九州工場","九州工場","2026/10/05","2026/10/05","26-J0148260-001-771","BE0000SC","1.60","600.0","600.0","200.0","国土 PBﾄｸ 平 焼付","2.5Y9/1","1","ｱｰｽ","2026/10/13","イトカツ","2026/10/21","2026/10/13","塗装","ナム","2026/10/07","製造"
"光電商会","九州工場","九州工場","2026/10/05","2026/10/05","26-J0148405-001-771","SE0000XC","2.00","700.0","700.0","300.0","SUS PBﾄｸ 水切 焼付","2.5Y9/1","2","ｱｰｽ","2026/10/13","イトカツ","2026/10/21","2026/10/13","塗装","ナム","2026/10/07","製造"
"シンセイ　福山★","九州工場","九州工場","2026/10/06","2026/10/06","26-J0148739-001-771","BE0000SC","1.60","250.0","250.0","150.0","国土 PBﾄｸ 平 焼付","2.5Y9/1 近似色","5","ｱｰｽ 封印ビス付(対角２箇所)","2026/10/21","福山通運　九州発送","2026/10/21","","CAD/CAM","熊谷","2026/10/16","製造"
"シンセイ　福山★","九州工場","九州工場","2026/10/06","2026/10/06","26-J0148901-004-771","SE0000XC","1.50","500.0","500.0","300.0","SUS PBﾄｸ 水切 焼付","2.5Y9/1 近似色","2","ｱｰｽ 封印ビス(対角２箇所)付","2026/10/21","福山通運　九州発送","2026/10/21","","CAD/CAM","熊谷","2026/10/16","製造"
"アサヒ　中部","九州工場","九州工場","2026/10/06","2026/10/06","26-J0148920-001-771","BE0000SC","1.60","400.0","200.0","200.0","国土 PBﾄｸ 平 焼付","2.5Y9/1","1","ｱｰｽ","2026/10/13","イトカツ","2026/10/21","2026/10/13","塗装","ナム","2026/10/07","製造"
"イシグロ　福岡★","九州工場","九州工場","2026/10/06","2026/10/06","26-J0148939-001-771","ZG0000","6.00","280.0","250.0","1,350.0","ZN 架台","","1","SS-L-50x50x6t　計装・感震器架台","2026/10/21","福山通運　九州発送","2026/10/21","","未着手","","2026/10/14","製造"
"光電気産業","九州工場","九州工場","2026/10/06","2026/10/06","26-J0149068-001-771","SDC0000C","1.50","1,000.0","800.0","1,140.0","SUS ﾀﾞｸﾄｶﾊﾞｰ 焼付","35-40D(5GY4/2)","1","水切 ｱｰｽ 取付穴 水抜穴","2026/10/15","イトカツ","2026/10/21","2026/10/15","溶接","恒川","2026/10/09","製造"
"光電気産業","九州工場","九州工場","2026/10/06","2026/10/06","26-J0149068-002-771","30PLA","0.00","0.0","0.0","0.0","補修塗料 筆付","35-40D(5GY4/2)","1","ﾌﾟﾗ30ml","2026/10/15","イトカツ","2026/10/21","2026/10/15","未着手","","","製造"
"アサヒ　本社","九州工場","九州工場","2026/10/06","2026/10/06","26-J0149572-001-771","SE0000SC","1.50","900.0","500.0","400.0","SUS PBﾄｸ 平 焼付","2.5Y9/1","1","蓋２分割ﾊﾟｯｷﾝ付 ｱｰｽ","2026/10/14","イトカツ","2026/10/21","2026/10/14","塗装","山口","2026/10/08","製造"
"東芝電材　唐津★","九州工場","九州工場","2026/10/06","2026/10/06","26-J0149637-002-771","IG0000C","0.00","1,200.0","900.0","200.0","鉄 架台 焼付","5Y7/1 近似色","2","穴加工　L75x75x6t 【操作盤】","2026/10/19","福山通運　九州発送","2026/10/21","","未着手","","2026/10/15","製造"
"東芝電材　唐津★","九州工場","九州工場","2026/10/06","2026/10/06","26-J0149637-001-771","IG0000C","0.00","800.0","360.0","200.0","鉄 架台 焼付","5Y7/1 近似色","1","穴加工　L65x65x6t 【小口監視盤】","2026/10/19","福山通運　九州発送","2026/10/21","","未着手","","2026/10/15","製造"
"カンサイ　電設★","九州工場","九州工場","2026/10/06","2026/10/06","26-J0149707-002-771","DC0000N","1.60","1,240.0","400.0","420.0","Sﾀﾞｲﾏ ｶﾊﾞｰ","","1","平蓋ﾊﾟｯｷﾝ付　内ｺｰｷﾝｸﾞ代 脱着式ｻﾝ　10階CR1000用-2","2026/10/21","福山通運　九州発送","2026/10/21","","未着手","","2026/10/21","製造"
"カンサイ　電設★","九州工場","九州工場","2026/10/06","2026/10/06","26-J0149707-003-771","DC0000N","1.60","1,340.0","500.0","420.0","Sﾀﾞｲﾏ ｶﾊﾞｰ","","1","平蓋ﾊﾟｯｷﾝ付　内ｺｰｷﾝｸﾞ代 脱着式ｻﾝ　10階CR1000用-3","2026/10/21","福山通運　九州発送","2026/10/21","","未着手","","2026/10/21","製造"
"カンサイ　電設★","九州工場","九州工場","2026/10/06","2026/10/06","26-J0149707-001-771","DC0000N","1.60","1,240.0","500.0","420.0","Sﾀﾞｲﾏ ｶﾊﾞｰ","","1","平蓋ﾊﾟｯｷﾝ付　内ｺｰｷﾝｸﾞ代 脱着式ｻﾝ　10階CR1000用-1","2026/10/21","福山通運　九州発送","2026/10/21","","未着手","","2026/10/21","製造"
"平岡電気　福岡南★","九州工場","九州工場","2026/10/06","2026/10/06","26-J0149925-002-771","SD0000C","1.50","800.0","200.0","400.0","SUS ﾀﾞｸﾄ 焼付","内外電機 5Y7/1 近似色","1","平蓋 ｱｰｽ無し 開口 穴加工   岩戸北","2026/10/20","ヤマックス福岡","2026/10/21","","切断","岩本","2026/10/14","製造"
"平岡電気　福岡南★","九州工場","九州工場","2026/10/06","2026/10/06","26-J0149925-001-771","SD0000C","1.50","800.0","200.0","400.0","SUS ﾀﾞｸﾄ 焼付","内外電機 5Y7/1 近似色","1","平蓋 ｱｰｽ無し 開口 穴加工   岩戸北","2026/10/20","ヤマックス福岡","2026/10/21","","曲げ","道上","2026/10/14","製造"
"平岡電気　福岡南★","九州工場","九州工場","2026/10/06","2026/10/06","26-J0149934-004-771","SD0000C","2.00","1,300.0","200.0","400.0","SUS ﾀﾞｸﾄ 焼付","内外電機 5Y7/1 近似色","1","平蓋2分割 ｱｰｽ無し 開口 穴加工   片縄","2026/10/20","ヤマックス福岡","2026/10/21","","切断","岩本","2026/10/14","製造"
"ウチダ★","九州工場","九州工場","2026/10/07","2026/10/07","26-J0150966-003-771","SE0000XN","1.50","300.0","300.0","250.0","SUS PBﾄｸ 水切","","4","ｱｰｽ 足付 支持(D15)溶接 1-φ76 脱落ﾋﾞｽ 落下防止ﾜｲﾔ","2026/10/21","福山通運　九州発送","2026/10/21","","未着手","","2026/10/21","製造"
"ウチダ★","九州工場","九州工場","2026/10/07","2026/10/07","26-J0150966-001-771","SE0000XN","1.50","300.0","300.0","250.0","SUS PBﾄｸ 水切","","15","ｱｰｽ 足付 支持(D15)溶接 1-φ76 脱落ﾋﾞｽ 落下防止ﾜｲﾔ","2026/10/20","福山通運　九州発送","2026/10/21","","未着手","","2026/10/20","製造"
"ウチダ★","九州工場","九州工場","2026/10/07","2026/10/07","26-J0150966-002-771","SE0000XN","1.50","200.0","200.0","200.0","SUS PBﾄｸ 水切","","2","ｱｰｽ 足付 支持(D15)溶接 1-φ60 脱落ﾋﾞｽ 落下防止ﾜｲﾔ","2026/10/21","福山通運　九州発送","2026/10/21","","未着手","","2026/10/21","製造"
"沖縄ミツヤマ電気","九州工場","九州工場","2026/10/08","2026/10/08","26-J0151507-001-771","SE0000SC","1.50","400.0","400.0","250.0","SUS PBﾄｸ 平 焼付","2.5Y9/1","2","ｱｰｽ ﾊﾟｯｷﾝ付","2026/10/15","イトカツ","2026/10/21","2026/10/15","仕上","三澄","2026/10/09","製造"
"ウチダ★","九州工場","九州工場","2026/10/08","2026/10/08","26-J0151839-002-771","SE0000XN","1.50","450.0","450.0","200.0","SUS PBﾄｸ 水切","","2","ｱｰｽ","2026/10/21","福山通運　九州発送","2026/10/21","","未着手","","2026/10/21","製造"
"ウチダ★","九州工場","九州工場","2026/10/08","2026/10/08","26-J0151839-001-771","SE0000XN","1.50","600.0","400.0","200.0","SUS PBﾄｸ 水切","","2","ｱｰｽ","2026/10/21","福山通運　九州発送","2026/10/21","","未着手","","2026/10/21","製造"
"新光産業　中部","九州工場","九州工場","2026/10/08","2026/10/08","26-J0151972-002-771","IG0000G","3.00","2,286.0","712.0","550.0","鉄 架台","","1","さび止め L-40x40x3t 取付穴12-φ15","2026/10/13","イトカツ","2026/10/21","2026/10/13","溶接","ゴック","2026/10/13","製造"
"日新電器産業　中部","九州工場","九州工場","2026/10/08","2026/10/08","26-J0152468-001-771","SE0000SC","1.50","500.0","300.0","200.0","SUS PBﾄｸ 平 焼付","2.5Y9/1","1","ｱｰｽ ﾊﾟｯｷﾝ付","2026/10/15","イトカツ","2026/10/21","2026/10/15","仕上","三澄","2026/10/09","製造"
"アサヒ　本社","九州工場","九州工場","2026/10/08","2026/10/08","26-J0152624-001-771","SDC0000C","2.00","1,200.0","400.0","900.0","SUS ﾀﾞｸﾄｶﾊﾞｰ 焼付","2.5Y9/1","1","平蓋２分割ﾊﾟｯｷﾝ付","2026/10/16","イトカツ","2026/10/21","2026/10/16","曲げ","道上","2026/10/13","製造"
"新光産業　本社","九州工場","九州工場","2026/10/09","2026/10/09","26-J0152766-001-771","IKM0000C","0.00","690.0","0.0","0.0","鉄 金物 焼付","2.5Y9/1","1","支持棒10A","2026/10/16","イトカツ","2026/10/21","2026/10/16","切断","奈木野","2026/10/13","製造"
"新光産業　本社","九州工場","九州工場","2026/10/09","2026/10/09","26-J0152766-002-771","BE0000SC","1.60","400.0","300.0","200.0","国土 PBﾄｸ 平 焼付","2.5Y9/1","2","ｱｰｽ　　/2F時刻　1工区","2026/10/16","イトカツ","2026/10/21","2026/10/16","曲げ","志田","2026/10/13","製造"
"新光産業　本社","九州工場","九州工場","2026/10/09","2026/10/09","26-J0152766-003-771","BE0000SC","1.60","400.0","200.0","200.0","国土 PBﾄｸ 平 焼付","2.5Y9/1","2","ｱｰｽ　　/4通信　1工区､2工区","2026/10/16","イトカツ","2026/10/21","2026/10/16","曲げ","志田","2026/10/13","製造"
"新光産業　本社","九州工場","九州工場","2026/10/09","2026/10/09","26-J0152766-004-771","BE0000SC","1.60","500.0","200.0","200.0","国土 PBﾄｸ 平 焼付","2.5Y9/1","1","ｱｰｽ　　/4通信　2工区","2026/10/16","イトカツ","2026/10/21","2026/10/16","曲げ","志田","2026/10/13","製造"
"新光産業　本社","九州工場","九州工場","2026/10/09","2026/10/09","26-J0152766-005-771","BE0000SC","1.60","400.0","200.0","100.0","国土 PBﾄｸ 平 焼付","2.5Y9/1","1","ｱｰｽ　　/4通信　2工区","2026/10/16","イトカツ","2026/10/21","2026/10/16","曲げ","志田","2026/10/13","製造"
"三親電材　水島★","九州工場","九州工場","2026/10/09","2026/10/09","26-J0153309-001-771","IMK0000C","1.60","600.0","240.0","100.0","鉄 曲金物 焼付","5Y7/1(近似色)","1","穴加工ｱﾘ","2026/10/21","福山通運　九州発送","2026/10/21","","CAD/CAM","熊谷","2026/10/16","製造"
"三親電材　水島★","九州工場","九州工場","2026/10/09","2026/10/09","26-J0153309-002-771","IIP0000C","1.60","80.0","80.0","0.0","鉄 ﾌﾟﾚｰﾄ 焼付","5Y7/1(近似色)","6","ｽﾀｯﾄﾎﾞﾙﾄ･穴加工ｱﾘ","2026/10/21","福山通運　九州発送","2026/10/21","","CAD/CAM","熊谷","2026/10/16","製造"
"広島電機器材","九州工場","九州工場","2026/10/09","2026/10/09","26-J0153745-002-771","ZE2020X2","2.30","200.0","200.0","200.0","ZN PB 水切","","1","ｱｰｽ","2026/10/21","福山通運　九州発送","2026/10/21","","未着手","","2026/10/14","製造"
"広島電機器材","九州工場","九州工場","2026/10/09","2026/10/09","26-J0153745-001-771","ZE3020X2","2.30","300.0","300.0","200.0","ZN PB 水切","","1","ｱｰｽ","2026/10/21","福山通運　九州発送","2026/10/21","","未着手","","2026/10/14","製造"
"木村電機　八代★","九州工場","九州工場","2026/10/09","2026/10/09","26-J0153845-001-771","ZIP0000","3.20","32.0","350.0","0.0","ZN ﾌﾟﾚｰﾄ","","2","2-φ18　W350㎜","2026/10/21","佐川急便","2026/10/21","","未着手","","2026/10/14","製造"
"日本テクロ　広島★","九州工場","九州工場","2026/08/20","2026/08/20","26-J0111924-001-771","ZE0000WA","2.30","250.0","250.0","150.0","ZN PBﾄｸ 被せ","","1","ｱｰｽ 足付","2026/10/22","佐川急便","2026/10/22","","組立","金光","2026/09/15","製造"
"啓電社★","九州工場","九州工場","2026/09/07","2026/09/07","26-J0125225-002-771","IG0000C","0.00","2,350.0","235.0","0.0","鉄 架台 焼付","5Y7/1 近似色","1","盤架台上部用転倒防止架台　L50x50x6t  R.L","2026/10/19","ヤマックス福岡","2026/10/22","","溶接","石松","2026/10/09","製造"
"啓電社★","九州工場","九州工場","2026/09/07","2026/09/07","26-J0125225-001-771","IG0000C","0.00","5,700.0","550.0","450.0","鉄 架台 焼付","5Y7/1 近似色","1","引込開閉器盤用架台　ｱｰｽ 4分割 L50x50x6t 平蓋P付","2026/10/19","ヤマックス福岡","2026/10/22","","溶接","ズオン","2026/10/09","製造"
"日本テクロ　広島★","九州工場","九州工場","2026/09/17","2026/09/17","26-J0136081-002-771","SE3020WNA","1.50","300.0","300.0","200.0","SUS PB 被せ","","1","ｱｰｽ 足付 L3x40(φ12)x4","2026/10/22","佐川急便","2026/10/22","","未着手","","2026/10/22","製造"
"カンサイ　電設★","九州工場","九州工場","2026/09/29","2026/09/29","26-J0142741-003-771","ZG0000","6.00","1,400.0","248.0","1,295.0","ZN 架台","","1","SS-L-65x65x6t　SPHC-6t　3","2026/10/21","ヤマックス福岡","2026/10/22","","溶接","ズオン","2026/10/09","製造"
"カンサイ　電設★","九州工場","九州工場","2026/09/29","2026/09/29","26-J0142741-001-771","ZG0000","6.00","2,730.0","65.0","795.0","ZN 架台","","1","SS-L-65x65x6t　SPHC-6t　1","2026/10/21","ヤマックス福岡","2026/10/22","","溶接","ズオン","2026/10/09","製造"
"カンサイ　電設★","九州工場","九州工場","2026/09/29","2026/09/29","26-J0142741-002-771","ZG0000","6.00","2,290.0","65.0","1,345.0","ZN 架台","","1","SS-L-65x65x6t　SPHC-6t　2","2026/10/21","ヤマックス福岡","2026/10/22","","溶接","ズオン","2026/10/09","製造"
"カンサイ　電設★","九州工場","九州工場","2026/09/29","2026/09/29","26-J0142741-004-771","ZG0000","6.00","1,400.0","248.0","1,360.0","ZN 架台","","2","SS-L-65x65x6t　SPHC-6t　4","2026/10/21","ヤマックス福岡","2026/10/22","","溶接","ズオン","2026/10/09","製造"
"Q-mast　電気グル－プ★","九州工場","九州工場","2026/10/02","2026/10/02","26-J0146558-002-771","DD0000N","1.60","150.0","300.0","945.0","Sﾀﾞｲﾏ ﾀﾞｸﾄ","","1","/4350 開口穴平蓋5分割","2026/10/22","福山通運　九州発送","2026/10/22","","未着手","","2026/10/21","製造"
"ナミデン　福岡★","九州工場","九州工場","2026/10/06","2026/10/06","26-J0149003-001-771","ZG0000","0.00","1,000.0","300.0","0.0","ZN 架台","","32","L40x40x5 最上床ﾗｯｸ架台","2026/10/21","ヤマックス　ｽﾎﾟｯﾄ便","2026/10/22","","切断","森山","2026/10/13","製造"
"ナミデン　福岡★","九州工場","九州工場","2026/10/06","2026/10/06","26-J0149003-002-771","ZG0000","0.00","1,000.0","900.0","0.0","ZN 架台","","4","L40x40x5 最上床ﾗｯｸ架台","2026/10/21","ヤマックス　ｽﾎﾟｯﾄ便","2026/10/22","","切断","林(浩)","2026/10/14","製造"
"カンサイ　電設★","九州工場","九州工場","2026/10/06","2026/10/06","26-J0150099-001-771","IP0000SC","1.60","400.0","350.0","150.0","鉄 PBﾄｸ 平 焼付","N9.5 近似色","1","3面蓋  脱着ｻﾝ付  開口  6-φ6  勾配付","2026/10/21","ヤマックス福岡","2026/10/22","","未着手","","2026/10/16","製造"
"イシグロ　宮崎★","九州工場","九州工場","2026/10/07","2026/10/07","26-J0150540-002-771","IBG0000C","0.00","250.0","250.0","1,000.0","鉄 防球ガード 焼付","2.5Y9/1 近似色","5","配管ガード（片側閉じ）","2026/10/21","チャーター便","2026/10/22","","未着手","","2026/10/19","製造"
"イシグロ　宮崎★","九州工場","九州工場","2026/10/07","2026/10/07","26-J0150540-001-771","IBG0000C","0.00","250.0","250.0","1,000.0","鉄 防球ガード 焼付","2.5Y9/1 近似色","5","配管ガード","2026/10/20","チャーター便","2026/10/22","","未着手","","2026/10/16","製造"
"ユゲデンキ　電材部★","九州工場","九州工場","2026/10/08","2026/10/08","26-J0151529-001-771","SD0000N","1.50","600.0","200.0","2,600.0","SUS ﾀﾞｸﾄ","","1","ｶﾌﾞｾ蓋　ｱｰｽ  ｹｰﾌﾞﾙ支持材付","2026/10/21","福山通運　九州発送","2026/10/22","","未着手","","2026/10/21","製造"
"イシグロ　福岡★","九州工場","九州工場","2026/10/08","2026/10/08","26-J0152047-002-771","ZG0000","6.00","150.0","50.0","50.0","ZN 架台","","1","SS-L-50x50x6t　 タンク架台取付架台QR20A用","2026/10/22","福山通運　九州発送","2026/10/22","","切断","森山","2026/10/15","製造"
"イシグロ　福岡★","九州工場","九州工場","2026/10/08","2026/10/08","26-J0152047-001-771","ZG0000","6.00","520.0","65.0","1,445.0","ZN 架台","","2","SS-L-65x65x6t　PL-6t  0用架台","2026/10/22","福山通運　九州発送","2026/10/22","","切断","森山","2026/10/15","製造"
"イシグロ　福岡★","九州工場","九州工場","2026/10/08","2026/10/08","26-J0152047-003-771","ZG0000","6.00","65.0","65.0","830.0","ZN 架台","","2","SS-L-65x65x6t　PL-6t  0用架台","2026/10/22","福山通運　九州発送","2026/10/22","","切断","森山","2026/10/15","製造"
"南国殖産","九州工場","九州工場","2026/10/08","2026/10/08","26-J0152314-007-771","ZG0000","6.00","650.0","65.0","800.0","ZN 架台","","2","SS-L-65x65x6t  NO.3　3階冷温水配管用架台-1","2026/10/21","チャーター便","2026/10/22","","未着手","","2026/10/14","製造"
"南国殖産","九州工場","九州工場","2026/10/08","2026/10/08","26-J0152314-012-771","ZKM0000","6.00","5,500.0","50.0","50.0","ZN 金物","","4","先メッキ-L-50x50x6t  NO.4-3","2026/10/21","チャーター便","2026/10/22","","未着手","","2026/10/21","製造"
"南国殖産","九州工場","九州工場","2026/10/08","2026/10/08","26-J0152314-011-771","ZKM0000","6.00","1,150.0","65.0","65.0","ZN 金物","","1","先メッキ-L-65x65x6t  NO.4-2","2026/10/21","チャーター便","2026/10/22","","未着手","","2026/10/21","製造"
"南国殖産","九州工場","九州工場","2026/10/08","2026/10/08","26-J0152314-010-771","ZG0000","6.00","1,150.0","65.0","1,250.0","ZN 架台","","1","SS-L-65x65x6t  NO.4-1","2026/10/21","チャーター便","2026/10/22","","未着手","","2026/10/14","製造"
"南国殖産","九州工場","九州工場","2026/10/08","2026/10/08","26-J0152314-009-771","ZG0000","6.00","800.0","65.0","800.0","ZN 架台","","4","SS-L-65x65x6t  NO.3　3階冷温水配管用架台-3","2026/10/21","チャーター便","2026/10/22","","未着手","","2026/10/14","製造"
"南国殖産","九州工場","九州工場","2026/10/08","2026/10/08","26-J0152314-008-771","ZG0000","6.00","600.0","65.0","800.0","ZN 架台","","8","SS-L-65x65x6t  NO.3　3階冷温水配管用架台-2","2026/10/21","チャーター便","2026/10/22","","未着手","","2026/10/14","製造"
"南国殖産","九州工場","九州工場","2026/10/08","2026/10/08","26-J0152314-006-771","ZG0000","6.00","1,050.0","65.0","500.0","ZN 架台","","1","SS-L-65x65x6t  NO.3　2階冷温水配管用架台-4","2026/10/21","チャーター便","2026/10/22","","未着手","","2026/10/14","製造"
"南国殖産","九州工場","九州工場","2026/10/08","2026/10/08","26-J0152314-005-771","ZG0000","6.00","1,150.0","65.0","500.0","ZN 架台","","1","SS-L-65x65x6t  NO.3　2階冷温水配管用架台-3","2026/10/21","チャーター便","2026/10/22","","未着手","","2026/10/14","製造"
"南国殖産","九州工場","九州工場","2026/10/08","2026/10/08","26-J0152314-004-771","ZG0000","6.00","740.0","65.0","800.0","ZN 架台","","1","SS-L-65x65x6t  NO.3　2階冷温水配管用架台-2","2026/10/21","チャーター便","2026/10/22","","未着手","","2026/10/14","製造"
"南国殖産","九州工場","九州工場","2026/10/08","2026/10/08","26-J0152314-003-771","ZG0000","6.00","650.0","65.0","700.0","ZN 架台","","1","SS-L-65x65x6t  NO.3　2階冷温水配管用架台-1","2026/10/21","チャーター便","2026/10/22","","未着手","","2026/10/14","製造"
"南国殖産","九州工場","九州工場","2026/10/08","2026/10/08","26-J0152314-002-771","ZG0000","5.00","1,300.0","969.0","1,300.0","ZN 架台","","2","SS-C-5x50x100　PL-9t  NO.2　AHU-4系統","2026/10/21","チャーター便","2026/10/22","","切断","森山","2026/10/14","製造"
"南国殖産","九州工場","九州工場","2026/10/08","2026/10/08","26-J0152314-001-771","ZG0000","5.00","1,300.0","1,329.0","1,300.0","ZN 架台","","1","SS-C-5x50x100　PL-9t  NO.1　AHU-3系統","2026/10/21","チャーター便","2026/10/22","","切断","森山","2026/10/14","製造"
"イシグロ　鹿児島★","九州工場","九州工場","2026/10/09","2026/10/09","26-J0152860-003-771","ZG0000","6.00","620.0","240.0","790.0","ZN 架台","","2","SS-L-50x50x6t 　G-3","2026/10/22","福山通運　九州発送","2026/10/22","","未着手","","2026/10/15","製造"
"イシグロ　鹿児島★","九州工場","九州工場","2026/10/09","2026/10/09","26-J0152860-001-771","ZG0000","6.00","620.0","250.0","1,775.0","ZN 架台","","2","SS-L-50x50x6t 　G-1","2026/10/22","福山通運　九州発送","2026/10/22","","未着手","","2026/10/15","製造"
"イシグロ　鹿児島★","九州工場","九州工場","2026/10/09","2026/10/09","26-J0152860-002-771","ZG0000","6.00","620.0","240.0","925.0","ZN 架台","","1","SS-L-50x50x6t 　G-2","2026/10/22","福山通運　九州発送","2026/10/22","","未着手","","2026/10/15","製造"
"宮地電機　南予","九州工場","九州工場","2026/09/24","2026/09/24","26-J0138058-001-771","SD0000N","1.50","350.0","200.0","6,050.0","SUS ﾀﾞｸﾄ","","1","/4100 6分割 WP ﾊﾟｯﾁﾝ錠･支持棒付","2026/10/22","福山通運　九州発送","2026/10/23","","未着手","","2026/10/21","製造"
"宮地電機　南予","九州工場","九州工場","2026/09/24","2026/09/24","26-J0138058-002-771","SMK0000N","1.50","359.0","60.0","21.5","SUS 曲金物","","5","蓋帯","2026/10/23","福山通運　九州発送","2026/10/23","","未着手","","2026/10/23","製造"
"カンサイ　筑豊★","九州工場","九州工場","2026/09/29","2026/09/29","26-J0143275-002-771","ZG0000","0.00","800.0","500.0","250.0","ZN 架台","","1","L6x50x50 穴加工　取付穴φ12","2026/10/23","佐川急便","2026/10/23","","未着手","","2026/10/16","製造"
"カンサイ　筑豊★","九州工場","九州工場","2026/09/29","2026/09/29","26-J0143276-001-771","AD0000N","2.00","800.0","500.0","1,500.0","ｱﾙﾐ ﾀﾞｸﾄ","","1","/1020　平蓋 ｱｰｽ/支持棒溶接　ｾﾊﾟﾚｰﾀ1列 ｱﾝｸﾞﾙ補強","2026/10/23","佐川急便","2026/10/23","","未着手","","2026/10/23","製造"
"新興計器製作所","九州工場","九州工場","2026/10/01","2026/10/01","26-J0144946-003-771","ZIR0000","4.50","100.0","100.0","0.0","ZN ﾗｲﾅｰ","","8","","2026/10/22","チャーター便","2026/10/23","","外注","森山","2026/10/14","製造"
"新興計器製作所","九州工場","九州工場","2026/10/01","2026/10/01","26-J0144946-004-771","ZATR350","0.00","350.0","350.0","350.0","ZN ｱﾝｸﾞﾙ引き込み架台","","1","三角支え付ﾀｲﾌﾟ　L-50X50X6t","2026/10/22","チャーター便","2026/10/23","","溶接","横澤","2026/10/13","製造"
"新興計器製作所","九州工場","九州工場","2026/10/01","2026/10/01","26-J0144946-001-771","ZG0000","0.00","0.0","1,240.0","1,600.0","ZN 架台","","1","既設スタンション部用門型架台　[100X50X5t　","2026/10/22","チャーター便","2026/10/23","","切断","森山","2026/10/14","製造"
"新興計器製作所","九州工場","九州工場","2026/10/01","2026/10/01","26-J0144946-002-771","ZIR0000","9.00","100.0","100.0","0.0","ZN ﾗｲﾅｰ","","8","","2026/10/22","チャーター便","2026/10/23","","外注","森山","2026/10/14","製造"
"新興計器製作所","九州工場","九州工場","2026/10/01","2026/10/01","26-J0145025-005-771","IG0000G","0.00","0.0","0.0","2,900.0","鉄 架台","","2","既設H鋼渡し材　[100X50X5t　さび止め","2026/10/22","チャーター便","2026/10/23","","未着手","","2026/10/21","製造"
"日本電設資材　福岡★","九州工場","九州工場","2026/10/05","2026/10/05","26-J0147725-001-771","ZATR700","0.00","700.0","700.0","700.0","ZN ｱﾝｸﾞﾙ引き込み架台","","1","L50x50x6t  三角支え付ﾀｲﾌﾟ　右勝手用","2026/10/22","ヤマックス福岡","2026/10/23","","未着手","","2026/10/15","製造"
"三親電材　浜田★","九州工場","九州工場","2026/10/06","2026/10/06","26-J0149731-002-771","SE2020WC","1.50","200.0","200.0","200.0","SUS PB 被せ 焼付","5YR2/1.5全艶(近似色)","4","ｱｰｽ","2026/10/23","福山通運　九州発送","2026/10/23","","未着手","","2026/10/19","製造"
"三親電材　浜田★","九州工場","九州工場","2026/10/06","2026/10/06","26-J0149731-001-771","SE2525WC","1.50","250.0","250.0","250.0","SUS PB 被せ 焼付","5YR2/1.5全艶(近似色)","8","ｱｰｽ","2026/10/23","福山通運　九州発送","2026/10/23","","未着手","","2026/10/19","製造"
"Q-mast　電気グル－プ★","九州工場","九州工場","2026/10/07","2026/10/07","26-J0150441-001-771","DD0000N","1.60","200.0","300.0","900.0","Sﾀﾞｲﾏ ﾀﾞｸﾄ","","1","/1300 2分割","2026/10/22","福山通運　九州発送","2026/10/23","","未着手","","2026/10/22","製造"
"Q-mast　電気グル－プ★","九州工場","九州工場","2026/10/07","2026/10/07","26-J0150474-002-771","ZG0000","0.00","1,160.0","1,300.0","400.0","ZN 架台","","1","穴加工 C100x50x5x7.5 ベース6t","2026/10/22","福山通運　九州発送","2026/10/23","","未着手","","2026/10/15","製造"
"日本電設資材　福岡★","九州工場","九州工場","2026/10/07","2026/10/07","26-J0151061-001-771","SE0000XC","1.50","600.0","500.0","300.0","SUS PBﾄｸ 水切 焼付","10YR9/0.5 近似色","1","ｱｰｽ 穴加工 背面開口","2026/10/22","ヤマックス福岡","2026/10/23","","CAD/CAM","熊谷","2026/10/19","製造"
"カンサイ　小倉★","九州工場","九州工場","2026/10/08","2026/10/08","26-J0151835-002-771","SMK0000N","1.50","209.0","50.0","45.0","SUS 曲金物","","2","照明器具取付金物　1","2026/10/22","北九州配達","2026/10/23","","未着手","","2026/10/22","製造"
"カンサイ　小倉★","九州工場","九州工場","2026/10/08","2026/10/08","26-J0151835-001-771","SMK0000N","1.50","186.0","50.0","45.0","SUS 曲金物","","1","照明器具取付金物　1","2026/10/22","北九州配達","2026/10/23","","未着手","","2026/10/22","製造"
"三親電材　広島★","九州工場","九州工場","2026/10/08","2026/10/08","26-J0152529-001-771","SE4040SN","1.50","400.0","400.0","400.0","SUS PB 平","","1","ｱｰｽ","2026/10/23","福山通運　九州発送","2026/10/23","","未着手","","2026/10/23","製造"
"三親電材　広島★","九州工場","九州工場","2026/10/08","2026/10/08","26-J0152529-002-771","SE4030SN","1.50","400.0","400.0","300.0","SUS PB 平","","2","ｱｰｽ","2026/10/23","福山通運　九州発送","2026/10/23","","未着手","","2026/10/23","製造"
"三親電材　山口★","九州工場","九州工場","2026/10/09","2026/10/09","26-J0152781-001-771","ZP0000S","3.20","1,000.0","800.0","500.0","ZN PBﾄｸ 平","","1","◆ 平蓋ｺﾞﾑﾊﾟｯｷﾝ付  開口  φ16x4","2026/10/22","福山通運　九州発送","2026/10/23","","CAD/CAM","熊谷","2026/10/14","製造"
"ハッピー電気　人吉★","九州工場","九州工場","2026/10/09","2026/10/09","26-J0153785-002-771","ZP0000S","3.20","400.0","400.0","200.0","ZN PBﾄｸ 平","","1","2面蓋　下面開口あり","2026/10/23","佐川急便","2026/10/23","","未着手","","2026/10/16","製造"
"九州三菱電機販売　中津","九州工場","九州工場","2026/08/03","2026/08/03","26-J0101187-003-771","IBGE1800C","2.30","1,800.0","800.0","350.0","鉄 防球ガード 焼付","","10","天吊形空調機用　フルオープン","2026/10/07","自社便","2026/10/26","2026/10/23","完成","森田","2026/10/01","製造"
"九州三菱電機販売　中津","九州工場","九州工場","2026/08/03","2026/08/03","26-J0101190-001-771","IBGE1800C","2.30","1,800.0","800.0","350.0","鉄 防球ガード 焼付","","10","天吊形空調機用　フルオープン","2026/10/13","自社便","2026/10/26","2026/10/23","塗装","ナム","2026/10/05","製造"
"九州三菱電機販売　中津","九州工場","九州工場","2026/08/03","2026/08/03","26-J0101194-001-771","IBGE1800C","2.30","1,800.0","800.0","350.0","鉄 防球ガード 焼付","","12","天吊形空調機用　フルオープン","2026/10/01","自社便","2026/10/26","2026/10/23","完成","ナム","2026/09/24","製造"
"木村電機　熊本東★","九州工場","九州工場","2026/08/27","2026/08/27","26-J0117367-001-771","BE5040WC","1.60","500.0","500.0","400.0","国土 PB 被せ 焼付","2.5Y9/1 近似色","1","ｱｰｽ","2026/10/26","佐川急便","2026/10/26","","未着手","","2026/10/20","製造"
"宮地電機　南予","九州工場","九州工場","2026/09/24","2026/09/24","26-J0138180-003-771","SMK0000N","1.50","309.0","60.0","21.5","SUS 曲金物","","1","蓋帯","2026/10/26","福山通運　九州発送","2026/10/26","","未着手","","2026/10/26","製造"
"宮地電機　南予","九州工場","九州工場","2026/09/24","2026/09/24","26-J0138180-001-771","SD0000N","1.50","300.0","200.0","3,500.0","SUS ﾀﾞｸﾄ","","1","3分割 WP･ﾊﾟｯﾁﾝ錠･支持棒付","2026/10/23","福山通運　九州発送","2026/10/26","","未着手","","2026/10/22","製造"
"宮地電機　南予","九州工場","九州工場","2026/09/24","2026/09/24","26-J0138180-002-771","SMK0000N","1.50","309.0","60.0","21.5","SUS 曲金物","","1","蓋帯","2026/10/26","福山通運　九州発送","2026/10/26","","未着手","","2026/10/26","製造"
"イシグロ　福岡★","九州工場","九州工場","2026/09/29","2026/09/29","26-J0142562-012-771","ZG0000","6.00","200.0","50.0","235.0","ZN 架台","","1","SS-L-50x50x6t　ドブ吊り穴位置任意","2026/10/23","ヤマックス　ｽﾎﾟｯﾄ便","2026/10/26","","組立","金光","2026/10/02","製造"
"イシグロ　福岡★","九州工場","九州工場","2026/09/29","2026/09/29","26-J0142562-013-771","ZG0000","6.00","200.0","50.0","510.0","ZN 架台","","2","SS-L-50x50x6t　ドブ吊り穴位置任意","2026/10/23","ヤマックス　ｽﾎﾟｯﾄ便","2026/10/26","","組立","金光","2026/10/02","製造"
"イシグロ　福岡★","九州工場","九州工場","2026/09/29","2026/09/29","26-J0142562-014-771","ZG0000","6.00","200.0","50.0","446.0","ZN 架台","","1","SS-L-50x50x6t　ドブ吊り穴位置任意","2026/10/23","ヤマックス　ｽﾎﾟｯﾄ便","2026/10/26","","組立","金光","2026/10/02","製造"
"イシグロ　福岡★","九州工場","九州工場","2026/09/29","2026/09/29","26-J0142562-015-771","ZG0000","6.00","350.0","50.0","223.0","ZN 架台","","1","SS-L-50x50x6t　ドブ吊り穴位置任意","2026/10/23","ヤマックス　ｽﾎﾟｯﾄ便","2026/10/26","","組立","金光","2026/10/02","製造"
"イシグロ　福岡★","九州工場","九州工場","2026/09/29","2026/09/29","26-J0142562-003-771","ZG0000","6.00","750.0","50.0","883.0","ZN 架台","","8","SS-L-50x50x6t　ドブ吊り穴位置任意","2026/10/23","ヤマックス　ｽﾎﾟｯﾄ便","2026/10/26","","溶接","ゴック","2026/10/05","製造"
"イシグロ　福岡★","九州工場","九州工場","2026/09/29","2026/09/29","26-J0142562-002-771","ZG0000","6.00","1,330.0","50.0","1,083.0","ZN 架台","","1","SS-L-50x50x6t　ドブ吊り穴位置任意","2026/10/23","ヤマックス　ｽﾎﾟｯﾄ便","2026/10/26","","組立","金光","2026/10/02","製造"
"イシグロ　福岡★","九州工場","九州工場","2026/09/29","2026/09/29","26-J0142562-001-771","ZG0000","6.00","1,330.0","50.0","827.0","ZN 架台","","1","SS-L-50x50x6t　ドブ吊り穴位置任意","2026/10/23","ヤマックス　ｽﾎﾟｯﾄ便","2026/10/26","","組立","金光","2026/10/02","製造"
"イシグロ　福岡★","九州工場","九州工場","2026/09/29","2026/09/29","26-J0142562-016-771","ZIP0000","6.00","50.0","200.0","0.0","ZN ﾌﾟﾚｰﾄ","","280","SPHC-6t　穴加工","2026/10/23","ヤマックス　ｽﾎﾟｯﾄ便","2026/10/26","","外注","森山","2026/10/01","製造"
"イシグロ　福岡★","九州工場","九州工場","2026/09/29","2026/09/29","26-J0142562-006-771","ZG0000","6.00","750.0","50.0","310.0","ZN 架台","","3","SS-L-50x50x6t　ドブ吊り穴位置任意","2026/10/23","ヤマックス　ｽﾎﾟｯﾄ便","2026/10/26","","組立","金光","2026/10/02","製造"
"イシグロ　福岡★","九州工場","九州工場","2026/09/29","2026/09/29","26-J0142562-005-771","ZG0000","6.00","750.0","50.0","870.0","ZN 架台","","3","SS-L-50x50x6t　ドブ吊り穴位置任意","2026/10/23","ヤマックス　ｽﾎﾟｯﾄ便","2026/10/26","","組立","金光","2026/10/02","製造"
"イシグロ　福岡★","九州工場","九州工場","2026/09/29","2026/09/29","26-J0142562-004-771","ZG0000","6.00","750.0","50.0","645.0","ZN 架台","","20","SS-L-50x50x6t　ドブ吊り穴位置任意","2026/10/23","ヤマックス　ｽﾎﾟｯﾄ便","2026/10/26","","溶接","石松","2026/10/05","製造"
"イシグロ　福岡★","九州工場","九州工場","2026/09/29","2026/09/29","26-J0142562-011-771","ZG0000","6.00","300.0","50.0","2,189.0","ZN 架台","","3","SS-L-50x50x6t　ドブ吊り穴位置任意","2026/10/23","ヤマックス　ｽﾎﾟｯﾄ便","2026/10/26","","組立","金光","2026/10/02","製造"
"イシグロ　福岡★","九州工場","九州工場","2026/09/29","2026/09/29","26-J0142562-009-771","ZG0000","6.00","400.0","50.0","402.0","ZN 架台","","3","SS-L-50x50x6t　ドブ吊り穴位置任意","2026/10/23","ヤマックス　ｽﾎﾟｯﾄ便","2026/10/26","","組立","金光","2026/10/02","製造"
"イシグロ　福岡★","九州工場","九州工場","2026/09/29","2026/09/29","26-J0142562-010-771","ZG0000","6.00","400.0","50.0","235.0","ZN 架台","","2","SS-L-50x50x6t　ドブ吊り穴位置任意","2026/10/23","ヤマックス　ｽﾎﾟｯﾄ便","2026/10/26","","組立","金光","2026/10/02","製造"
"イシグロ　福岡★","九州工場","九州工場","2026/09/29","2026/09/29","26-J0142562-007-771","ZG0000","6.00","450.0","50.0","340.0","ZN 架台","","3","SS-L-50x50x6t　ドブ吊り穴位置任意","2026/10/23","ヤマックス　ｽﾎﾟｯﾄ便","2026/10/26","","組立","金光","2026/10/02","製造"
"イシグロ　福岡★","九州工場","九州工場","2026/09/29","2026/09/29","26-J0142562-008-771","ZG0000","6.00","600.0","50.0","235.0","ZN 架台","","7","SS-L-50x50x6t　ドブ吊り穴位置任意","2026/10/23","ヤマックス　ｽﾎﾟｯﾄ便","2026/10/26","","組立","金光","2026/10/02","製造"
"アサヒ　中部","九州工場","九州工場","2026/10/08","2026/10/08","26-J0152729-005-771","IE4020SC","1.60","400.0","400.0","200.0","鉄 PB 平 焼付","N5.5","1","ｱｰｽ","2026/10/16","イトカツ","2026/10/26","2026/10/16","溶接","フイ","2026/10/13","製造"
"アサヒ　中部","九州工場","九州工場","2026/10/08","2026/10/08","26-J0152729-002-771","IE0000SC","1.60","600.0","300.0","250.0","鉄 PBﾄｸ 平 焼付","2.5Y9/1","1","ｱｰｽ","2026/10/16","イトカツ","2026/10/26","2026/10/16","溶接","フイ","2026/10/13","製造"
"アサヒ　中部","九州工場","九州工場","2026/10/08","2026/10/08","26-J0152729-001-771","IE3010SC","1.60","300.0","300.0","100.0","鉄 PB 平 焼付","2.5Y9/1","2","ｱｰｽ","2026/10/16","イトカツ","2026/10/26","2026/10/16","溶接","フイ","2026/10/13","製造"
"アサヒ　中部","九州工場","九州工場","2026/10/08","2026/10/08","26-J0152729-003-771","IE3020SC","1.60","300.0","300.0","200.0","鉄 PB 平 焼付","N5.5","3","ｱｰｽ","2026/10/16","イトカツ","2026/10/26","2026/10/16","溶接","フイ","2026/10/13","製造"
"アサヒ　中部","九州工場","九州工場","2026/10/08","2026/10/08","26-J0152729-004-771","IE3030SC","1.60","300.0","300.0","300.0","鉄 PB 平 焼付","N5.5","2","ｱｰｽ","2026/10/16","イトカツ","2026/10/26","2026/10/16","溶接","フイ","2026/10/13","製造"
"アサヒ　中部","九州工場","九州工場","2026/10/08","2026/10/08","26-J0152735-002-771","IE2010SC","1.60","200.0","200.0","100.0","鉄 PB 平 焼付","N5.5","5","ｱｰｽ","2026/10/19","イトカツ","2026/10/26","2026/10/19","溶接","フイ","2026/10/14","製造"
"アサヒ　中部","九州工場","九州工場","2026/10/08","2026/10/08","26-J0152735-001-771","IE1510SC","1.60","150.0","150.0","100.0","鉄 PB 平 焼付","N5.5","10","ｱｰｽ","2026/10/19","イトカツ","2026/10/26","2026/10/19","未着手","","2026/10/14","製造"
"沖縄ミツヤマ電気","九州工場","九州工場","2026/10/09","2026/10/09","26-J0152797-002-771","SE0000XC","1.50","400.0","400.0","200.0","SUS PBﾄｸ 水切 焼付","2.5Y9/1","2","ｱｰｽ ｺﾝ柱金具x2","2026/10/16","イトカツ","2026/10/26","2026/10/16","曲げ","ラム","2026/10/13","製造"
"沖縄ミツヤマ電気","九州工場","九州工場","2026/10/09","2026/10/09","26-J0152797-001-771","SE0000XC","1.50","300.0","300.0","200.0","SUS PBﾄｸ 水切 焼付","2.5Y9/1","2","ｱｰｽ ｺﾝ柱金具","2026/10/16","イトカツ","2026/10/26","2026/10/16","曲げ","ラム","2026/10/13","製造"
"沖縄ミツヤマ電気","九州工場","九州工場","2026/10/09","2026/10/09","26-J0152814-001-771","SE0000XC","1.50","300.0","300.0","200.0","SUS PBﾄｸ 水切 焼付","2.5Y9/1","4","ｱｰｽ ｺﾝ柱金具","2026/10/19","イトカツ","2026/10/26","2026/10/19","切断","岩本","2026/10/14","製造"
"沖縄ミツヤマ電気","九州工場","九州工場","2026/10/09","2026/10/09","26-J0152814-002-771","SE0000XC","1.50","400.0","400.0","200.0","SUS PBﾄｸ 水切 焼付","2.5Y9/1","4","ｱｰｽ ｺﾝ柱金具x2","2026/10/19","イトカツ","2026/10/26","2026/10/19","切断","岩本","2026/10/14","製造"
"イシグロ　福岡★","九州工場","九州工場","2026/10/09","2026/10/09","26-J0153035-003-771","ZKM0000","6.00","575.0","65.0","1,500.0","ZN 金物","","6","SS-L-65x65x6t　PL-6t　 B-003","2026/10/26","店頭渡し","2026/10/26","","未着手","","2026/10/19","製造"
"イシグロ　福岡★","九州工場","九州工場","2026/10/09","2026/10/09","26-J0153035-002-771","ZKM0000","5.00","2,690.0","40.0","75.0","ZN 金物","","2","SS-C-5x40x75 　防止架台1-2","2026/10/26","店頭渡し","2026/10/26","","未着手","","2026/10/19","製造"
"イシグロ　福岡★","九州工場","九州工場","2026/10/09","2026/10/09","26-J0153035-001-771","ZKM0000","5.00","2,690.0","40.0","75.0","ZN 金物","","2","SS-C-5x40x75 　転倒防止架台-1-1","2026/10/26","店頭渡し","2026/10/26","","未着手","","2026/10/19","製造"
"イシグロ　福岡★","九州工場","九州工場","2026/10/09","2026/10/09","26-J0153035-004-771","ZKM0000","6.00","735.0","65.0","1,500.0","ZN 金物","","6","SS-L-65x65x6t　PL-6t　 B-004","2026/10/26","店頭渡し","2026/10/26","","未着手","","2026/10/19","製造"
"デンザイ東亜　本社★","九州工場","九州工場","2026/10/09","2026/10/09","26-J0153052-001-771","SE6060WN","1.50","600.0","600.0","600.0","SUS PB 被せ","","2","ｱｰｽ","2026/10/26","佐川急便","2026/10/26","","未着手","","2026/10/26","製造"
"イシグロ　鹿児島★","九州工場","九州工場","2026/10/09","2026/10/09","26-J0153827-002-771","ZG0000","6.00","500.0","50.0","700.0","ZN 架台","","4","SS-L-50x50x6t　PL-6t","2026/10/26","福山通運　九州発送","2026/10/26","","未着手","","2026/10/19","製造"
"イシグロ　鹿児島★","九州工場","九州工場","2026/10/09","2026/10/09","26-J0153827-001-771","ZG0000","6.00","200.0","50.0","700.0","ZN 架台","","4","SS-L-50x50x6t　PL-6t","2026/10/26","福山通運　九州発送","2026/10/26","","未着手","","2026/10/19","製造"
"アサヒ　宜野湾","九州工場","九州工場","2026/09/29","2026/09/29","26-J0142779-001-771","SE0000XC","2.00","1,000.0","300.0","300.0","SUS PBﾄｸ 水切 焼付","2.5Y9/1","1","ｱｰｽ","2026/10/27","沖縄直送","2026/10/27","","未着手","","2026/10/22","製造"
"アサヒ　宜野湾","九州工場","九州工場","2026/09/29","2026/09/29","26-J0142822-002-771","BE5030SC","1.60","500.0","500.0","300.0","国土 PB 平 焼付","2.5Y9/1","3","ｱｰｽ","2026/10/27","沖縄直送","2026/10/27","","未着手","","2026/10/22","製造"
"アサヒ　宜野湾","九州工場","九州工場","2026/09/29","2026/09/29","26-J0142822-001-771","BE3020SC","1.60","300.0","300.0","200.0","国土 PB 平 焼付","2.5Y9/1","2","ｱｰｽ","2026/10/27","沖縄直送","2026/10/27","","未着手","","2026/10/22","製造"
"シンセイ　広島第一★","九州工場","九州工場","2026/10/02","2026/10/02","26-J0146918-001-771","ZIP0000","3.20","40.0","495.0","0.0","ZN ﾌﾟﾚｰﾄ","","50","HDZT49 穴加工","2026/10/27","福山通運　九州発送","2026/10/27","","外注","森山","2026/10/07","製造"
"ハッピー電気　人吉★","九州工場","九州工場","2026/10/07","2026/10/07","26-J0151224-001-771","SE0000XN","1.50","300.0","150.0","100.0","SUS PBﾄｸ 水切","","1","ｱｰｽ","2026/10/27","佐川急便","2026/10/27","","未着手","","2026/10/27","製造"
"ｹｲ･ｴｽ･ﾃﾞｰ　大分★","九州工場","九州工場","2026/10/07","2026/10/07","26-J0151440-001-771","BDC0000C","1.60","700.0","160.0","946.0","国土 ﾀﾞｸﾄｶﾊﾞｰ 焼付","日東工業2.5Y9/1近似色","1","SL2-3 平蓋 ET無 蓋に金物溶接 10A脱着式","2026/10/26","佐川急便","2026/10/27","","未着手","","2026/10/19","製造"
"ｹｲ･ｴｽ･ﾃﾞｰ　大分★","九州工場","九州工場","2026/10/07","2026/10/07","26-J0151440-003-771","BDC0000C","1.60","700.0","160.0","1,230.0","国土 ﾀﾞｸﾄｶﾊﾞｰ 焼付","日東工業2.5Y9/1近似色","1","SL4-4 平蓋 ET無 蓋に金物溶接 10A脱着式","2026/10/26","佐川急便","2026/10/27","","未着手","","2026/10/19","製造"
"ｹｲ･ｴｽ･ﾃﾞｰ　大分★","九州工場","九州工場","2026/10/07","2026/10/07","26-J0151440-002-771","BDC0000C","1.60","700.0","160.0","1,116.0","国土 ﾀﾞｸﾄｶﾊﾞｰ 焼付","日東工業2.5Y9/1近似色","1","SL3-3 平蓋 ET無 蓋に金物溶接 10A脱着式","2026/10/26","佐川急便","2026/10/27","","未着手","","2026/10/19","製造"
"松堂電材","九州工場","九州工場","2026/10/09","2026/10/09","26-J0152966-001-771","SE0000XC","1.50","400.0","400.0","200.0","SUS PBﾄｸ 水切 焼付","2.5Y9/1","1","ｱｰｽ 平面ﾊﾝﾄﾞﾙ 外蝶番","2026/10/19","イトカツ","2026/10/27","2026/10/19","切断","岩本","2026/10/14","製造"
"アサヒ　宜野湾","九州工場","九州工場","2026/10/09","2026/10/09","26-J0153291-001-771","SE0000XC","1.50","1,100.0","350.0","300.0","SUS PBﾄｸ 水切 焼付","N-75 (N7.5)","1","ｱｰｽ","2026/10/19","イトカツ","2026/10/27","2026/10/19","切断","岩本","2026/10/14","製造"
"アサヒ　宜野湾","九州工場","九州工場","2026/10/09","2026/10/09","26-J0153291-002-771","SKM0000N","1.50","1,050.0","180.0","61.5","SUS 金物","","1","開口(990x120)","2026/10/16","イトカツ","2026/10/27","2026/10/19","CAD/CAM","熊谷","2026/10/15","製造"
"アサヒ　宜野湾","九州工場","九州工場","2026/10/09","2026/10/09","26-J0153291-004-771","30PLA","0.00","0.0","0.0","0.0","補修塗料 筆付","N-75 (N7.5)","1","● ﾌﾟﾗ30ml","2026/10/19","イトカツ","2026/10/27","2026/10/19","未着手","","","製造"
"日本電設資材　福岡★","九州工場","九州工場","2026/09/24","2026/09/24","26-J0139143-004-771","IG0000G","0.00","215.0","210.0","900.0","鉄 架台","","1","さび止め [150x75x6.5t L65x65x6t QR50用(EPS4)","2026/10/27","ヤマックス福岡","2026/10/28","","未着手","","2026/10/22","製造"
"日本電設資材　福岡★","九州工場","九州工場","2026/09/24","2026/09/24","26-J0139143-001-771","IG0000G","0.00","215.0","210.0","1,100.0","鉄 架台","","1","さび止め [150×75×6.5t　L65×65×6t QR70用(EPS1)","2026/10/27","ヤマックス福岡","2026/10/28","","未着手","","2026/10/22","製造"
"日本電設資材　福岡★","九州工場","九州工場","2026/09/24","2026/09/24","26-J0139143-002-771","IG0000G","0.00","215.0","210.0","1,100.0","鉄 架台","","1","さび止め [150×75×6.5t　L65×65×6t QR70用(EPS3)","2026/10/27","ヤマックス福岡","2026/10/28","","未着手","","2026/10/22","製造"
"日本電設資材　福岡★","九州工場","九州工場","2026/09/24","2026/09/24","26-J0139143-003-771","IG0000G","0.00","215.0","210.0","900.0","鉄 架台","","1","さび止め [150x75x6.5t L65x65x6t QR50用(EPS2)","2026/10/27","ヤマックス福岡","2026/10/28","","未着手","","2026/10/22","製造"
"日本電設資材　福岡★","九州工場","九州工場","2026/09/24","2026/09/24","26-J0139145-002-771","IMK0000G","4.50","900.0","100.0","40.0","鉄 曲金物","","1","さび止め　穴加工　EPS2","2026/10/27","ヤマックス福岡","2026/10/28","","未着手","","2026/10/22","製造"
"日本電設資材　福岡★","九州工場","九州工場","2026/09/24","2026/09/24","26-J0139145-001-771","IMK0000G","4.50","1,100.0","100.0","40.0","鉄 曲金物","","1","さび止め　穴加工　EPS1","2026/10/27","ヤマックス福岡","2026/10/28","","未着手","","2026/10/22","製造"
"日本電設資材　福岡★","九州工場","九州工場","2026/09/24","2026/09/24","26-J0139145-004-771","IMK0000G","4.50","900.0","100.0","40.0","鉄 曲金物","","1","さび止め　穴加工　EPS4","2026/10/27","ヤマックス福岡","2026/10/28","","未着手","","2026/10/22","製造"
"日本電設資材　福岡★","九州工場","九州工場","2026/09/24","2026/09/24","26-J0139145-003-771","IMK0000G","4.50","1,100.0","100.0","40.0","鉄 曲金物","","1","さび止め　穴加工　EPS3","2026/10/27","ヤマックス福岡","2026/10/28","","未着手","","2026/10/22","製造"
"栗田電機　宇和島★","九州工場","九州工場","2026/09/28","2026/09/28","26-J0141759-001-771","IIP0000C","1.60","1,300.0","300.0","0.0","鉄 ﾌﾟﾚｰﾄ 焼付","N9.5(近似色)","17","穴加工ｱﾘ","2026/10/28","福山通運　九州発送","2026/10/28","","未着手","","2026/10/23","製造"
"三親電材　米子★","九州工場","九州工場","2026/09/28","2026/09/28","26-J0141797-001-771","SE0000XN","1.50","600.0","450.0","600.0","SUS PBﾄｸ 水切","","1","ｱｰｽ(位置指定)","2026/10/28","福山通運　九州発送","2026/10/28","","未着手","","2026/10/28","製造"
"平岡電気　大牟田★","九州工場","九州工場","2026/10/02","2026/10/02","26-J0145940-001-771","AD0000N","2.00","800.0","400.0","2,200.0","ｱﾙﾐ ﾀﾞｸﾄ","","1","平蓋 点検窓 支持棒+ｾﾊﾟ3枚 ｱﾝｸﾞﾙ補強有 開口あり","2026/10/28","チャーター便","2026/10/28","","未着手","","2026/10/28","製造"
"平岡電気　大牟田★","九州工場","九州工場","2026/10/02","2026/10/02","26-J0146083-002-771","IG0000C","0.00","1,800.0","740.0","255.0","鉄 架台 焼付","5Y7/1 近似色","1","ﾌﾘｱｸ架台 [100x50x5t L40x40x5t SGP50A","2026/10/28","チャーター便","2026/10/28","","未着手","","2026/10/22","製造"
"宮地電機　徳島","九州工場","九州工場","2026/10/02","2026/10/02","26-J0147011-003-771","ZE3020X2","2.30","300.0","300.0","200.0","ZN PB 水切","","1","HDZT56 ｱｰｽ","2026/10/27","福山通運　九州発送","2026/10/28","","未着手","","2026/10/20","製造"
"カンサイエコプラス　本社★","九州工場","九州工場","2026/10/05","2026/10/05","26-J0147484-001-771","BE3020SC","1.60","300.0","300.0","200.0","国土 PB 平 焼付","N70 近似色","2","ｱｰｽ","2026/10/28","佐川急便","2026/10/28","","ｷｬﾝｾﾙ","林(秀)","","加工"
"カンサイエコプラス　本社★","九州工場","九州工場","2026/10/05","2026/10/05","26-J0147484-002-771","BE4020SC","1.60","400.0","400.0","200.0","国土 PB 平 焼付","N70 近似色","2","ｱｰｽ","2026/10/28","佐川急便","2026/10/28","","CAD/CAM","林(秀)","2026/10/22","製造"
"カンサイエコプラス　本社★","九州工場","九州工場","2026/10/05","2026/10/05","26-J0147484-005-771","SF0000C","1.50","700.0","200.0","50.0","SUS 裏BOX 焼付","N70 近似色","3","ｱｰｽ　開口 穴加工 ﾅｯﾄ溶接","2026/10/28","佐川急便","2026/10/28","","CAD/CAM","林(秀)","2026/10/22","製造"
"カンサイエコプラス　本社★","九州工場","九州工場","2026/10/05","2026/10/05","26-J0147484-007-771","BE3030SC","1.60","300.0","300.0","300.0","国土 PB 平 焼付","N70 近似色","2","ｱｰｽ","2026/10/28","佐川急便","2026/10/28","","CAD/CAM","林(秀)","2026/10/22","製造"
"イシグロ　福岡★","九州工場","九州工場","2026/10/09","2026/10/09","26-J0153071-002-771","ZKM0000","6.50","2,690.0","75.0","150.0","ZN 金物","","2","SS-C-6.5x75x150　左右各1台  室外機架台-1-2","2026/10/28","店頭渡し","2026/10/28","","未着手","","2026/10/20","製造"
"イシグロ　福岡★","九州工場","九州工場","2026/10/09","2026/10/09","26-J0153071-011-771","ZKM0000","6.50","2,690.0","75.0","150.0","ZN 金物","","2","SS-C-6.5x75x150　左右各1台  室外機架台-1-1","2026/10/28","店頭渡し","2026/10/28","","未着手","","2026/10/21","製造"
"イシグロ　福岡★","九州工場","九州工場","2026/10/09","2026/10/09","26-J0153071-010-771","ZKM0000","5.00","799.0","50.0","100.0","ZN 金物","","2","SS-C-5x50x100　左右各1台  ルーム架台3","2026/10/28","店頭渡し","2026/10/28","","未着手","","2026/10/20","製造"
"イシグロ　福岡★","九州工場","九州工場","2026/10/09","2026/10/09","26-J0153071-009-771","ZKM0000","5.00","799.0","50.0","100.0","ZN 金物","","4","SS-C-5x50x100　左右各1台  ルーム架台2・4","2026/10/28","店頭渡し","2026/10/28","","未着手","","2026/10/20","製造"
"イシグロ　福岡★","九州工場","九州工場","2026/10/09","2026/10/09","26-J0153071-008-771","ZKM0000","5.00","799.0","50.0","100.0","ZN 金物","","2","SS-C-5x50x100　左右各1台  ルーム架台1","2026/10/28","店頭渡し","2026/10/28","","未着手","","2026/10/20","製造"
"イシグロ　福岡★","九州工場","九州工場","2026/10/09","2026/10/09","26-J0153071-007-771","ZKM0000","6.50","2,690.0","75.0","150.0","ZN 金物","","2","SS-C-6.5x75x150　左右各1台  室外機架台-2-2","2026/10/28","店頭渡し","2026/10/28","","未着手","","2026/10/20","製造"
"イシグロ　福岡★","九州工場","九州工場","2026/10/09","2026/10/09","26-J0153071-006-771","ZKM0000","6.50","2,690.0","75.0","150.0","ZN 金物","","2","SS-C-6.5x75x150　左右各1台  室外機架台-2-1","2026/10/28","店頭渡し","2026/10/28","","未着手","","2026/10/20","製造"
"イシグロ　福岡★","九州工場","九州工場","2026/10/09","2026/10/09","26-J0153071-005-771","ZKM0000","6.50","2,690.0","75.0","150.0","ZN 金物","","4","SS-C-6.5x75x150　左右各1台  室外機架台-1-5・2-5","2026/10/28","店頭渡し","2026/10/28","","未着手","","2026/10/20","製造"
"イシグロ　福岡★","九州工場","九州工場","2026/10/09","2026/10/09","26-J0153071-004-771","ZKM0000","6.50","75.0","150.0","0.0","ZN 金物","","4","SS-C-6.5x75x150　左右各1台  室外機架台-1-4・2-4","2026/10/28","店頭渡し","2026/10/28","","未着手","","2026/10/20","製造"
"イシグロ　福岡★","九州工場","九州工場","2026/10/09","2026/10/09","26-J0153071-003-771","ZKM0000","6.50","2,690.0","75.0","150.0","ZN 金物","","4","SS-C-6.5x75x150　左右各1台  室外機架台-1-3・2-3","2026/10/28","店頭渡し","2026/10/28","","未着手","","2026/10/20","製造"
"イシグロ　福岡★","九州工場","九州工場","2026/10/09","2026/10/09","26-J0153071-001-771","ZKM0000","6.50","2,690.0","75.0","150.0","ZN 金物","","2","SS-C-6.5x75x150　左右各1台  室外機架台-1-1","2026/10/28","店頭渡し","2026/10/28","","未着手","","2026/10/20","製造"
"イシグロ　福岡★","九州工場","九州工場","2026/10/09","2026/10/09","26-J0153071-014-771","ZKM0000","5.00","1,110.0","50.0","100.0","ZN 金物","","6","SS-C-5x50x100　左右各1台  ルーム架台1","2026/10/28","店頭渡し","2026/10/28","","未着手","","2026/10/21","製造"
"イシグロ　福岡★","九州工場","九州工場","2026/10/09","2026/10/09","26-J0153071-013-771","ZKM0000","6.50","2,690.0","75.0","150.0","ZN 金物","","2","SS-C-6.5x75x150　左右各1台  室外機架台-1-1","2026/10/28","店頭渡し","2026/10/28","","未着手","","2026/10/21","製造"
"イシグロ　福岡★","九州工場","九州工場","2026/10/09","2026/10/09","26-J0153071-012-771","ZKM0000","6.50","2,690.0","75.0","150.0","ZN 金物","","2","SS-C-6.5x75x150　左右各1台  室外機架台-1-1","2026/10/28","店頭渡し","2026/10/28","","未着手","","2026/10/21","製造"
"アサヒ　本社","九州工場","九州工場","2026/10/09","2026/10/09","26-J0153551-001-771","ID0000C","1.60","500.0","200.0","1,100.0","鉄 ﾀﾞｸﾄ 焼付","2.5Y9/1","1","平蓋 ｱｰｽ","2026/10/20","イトカツ","2026/10/28","2026/10/20","CAD/CAM","熊谷","2026/10/15","製造"
"アサヒ　本社","九州工場","九州工場","2026/10/09","2026/10/09","26-J0153551-003-771","ID0000C","1.60","500.0","150.0","1,400.0","鉄 ﾀﾞｸﾄ 焼付","2.5Y9/1","1","平蓋 ｱｰｽ","2026/10/20","イトカツ","2026/10/28","2026/10/20","CAD/CAM","熊谷","2026/10/15","製造"
"アサヒ　本社","九州工場","九州工場","2026/10/09","2026/10/09","26-J0153551-002-771","ID0000C","1.60","500.0","150.0","600.0","鉄 ﾀﾞｸﾄ 焼付","2.5Y9/1","1","平蓋 ｱｰｽ","2026/10/20","イトカツ","2026/10/28","2026/10/20","切断","林(浩)","2026/10/15","製造"
"カンサイエコプラス　本社★","九州工場","九州工場","2026/10/09","2026/10/09","26-J0153552-001-771","BE0000SC","1.60","200.0","100.0","100.0","国土 PBﾄｸ 平 焼付","N70 近似色","2","ｱｰｽ","2026/10/28","佐川急便","2026/10/28","","未着手","","2026/10/22","製造"
"栗田電機　宇和島★","九州工場","九州工場","2026/09/28","2026/09/28","26-J0141766-001-771","IIP0000C","1.60","1,300.0","300.0","0.0","鉄 ﾌﾟﾚｰﾄ 焼付","N9.5(近似色)","17","穴加工ｱﾘ","2026/10/29","福山通運　九州発送","2026/10/29","","未着手","","2026/10/26","製造"
"栗田電機　宇和島★","九州工場","九州工場","2026/09/29","2026/09/29","26-J0142327-001-771","IIP0000C","1.60","1,276.0","272.0","0.0","鉄 ﾌﾟﾚｰﾄ 焼付","N9.5(近似色)","4","開口ｱﾘ","2026/10/29","福山通運　九州発送","2026/10/29","","未着手","","2026/10/26","製造"
"平岡電気　福岡西","九州工場","九州工場","2026/09/29","2026/09/29","26-J0142580-001-771","SE2010XC","1.50","200.0","200.0","100.0","SUS PB 水切 焼付","2.5Y9/1 近似色","1","ｱｰｽ","2026/10/05","ヤマックス福岡","2026/10/29","","完成","坂元","","加工"
"平岡電気　福岡西","九州工場","九州工場","2026/09/29","2026/09/29","26-J0142580-003-771","SE4020XC","1.50","400.0","400.0","200.0","SUS PB 水切 焼付","2.5Y9/1 近似色","1","ｱｰｽ","2026/10/05","ヤマックス福岡","2026/10/29","","完成","坂元","2026/09/30","製造"
"平岡電気　福岡西","九州工場","九州工場","2026/09/29","2026/09/29","26-J0142580-002-771","SE2020XC","1.50","200.0","200.0","200.0","SUS PB 水切 焼付","2.5Y9/1 近似色","2","ｱｰｽ","2026/10/05","ヤマックス福岡","2026/10/29","","完成","坂元","","加工"
"平岡電気　福岡西","九州工場","九州工場","2026/09/29","2026/09/29","26-J0142580-004-771","BE4030SC","1.60","400.0","400.0","300.0","国土 PB 平 焼付","2.5Y9/1 近似色","1","ｱｰｽ","2026/10/05","ヤマックス福岡","2026/10/29","","完成","坂元","2026/09/30","製造"
"イシグロ　福岡★","九州工場","九州工場","2026/10/09","2026/10/09","26-J0153188-014-771","ZG0000","5.00","2,690.0","40.0","75.0","ZN 架台","","2","SS-L-5x40x75　PL-6t 左右各1台  転倒防止架台-1-4","2026/10/29","店頭渡し","2026/10/29","","未着手","","2026/10/22","製造"
"イシグロ　福岡★","九州工場","九州工場","2026/10/09","2026/10/09","26-J0153188-001-771","ZG0000","6.00","700.0","65.0","630.0","ZN 架台","","2","SS-L-65x65x6t　屋上架台1","2026/10/29","店頭渡し","2026/10/29","","未着手","","2026/10/21","製造"
"イシグロ　福岡★","九州工場","九州工場","2026/10/09","2026/10/09","26-J0153188-002-771","ZG0000","6.00","500.0","65.0","630.0","ZN 架台","","6","SS-L-65x65x6t　屋上架台2","2026/10/29","店頭渡し","2026/10/29","","未着手","","2026/10/21","製造"
"イシグロ　福岡★","九州工場","九州工場","2026/10/09","2026/10/09","26-J0153188-003-771","ZG0000","6.00","500.0","65.0","630.0","ZN 架台","","4","SS-L-65x65x6t　屋上架台3","2026/10/29","店頭渡し","2026/10/29","","未着手","","2026/10/21","製造"
"イシグロ　福岡★","九州工場","九州工場","2026/10/09","2026/10/09","26-J0153188-004-771","ZG0000","6.00","300.0","65.0","280.0","ZN 架台","","2","SS-L-65x65x6t　屋上架台4","2026/10/29","店頭渡し","2026/10/29","","未着手","","2026/10/21","製造"
"イシグロ　福岡★","九州工場","九州工場","2026/10/09","2026/10/09","26-J0153188-005-771","ZG0000","6.00","300.0","65.0","630.0","ZN 架台","","2","SS-L-65x65x6t　屋上架台5","2026/10/29","店頭渡し","2026/10/29","","未着手","","2026/10/21","製造"
"イシグロ　福岡★","九州工場","九州工場","2026/10/09","2026/10/09","26-J0153188-006-771","ZG0000","6.00","335.0","300.0","915.0","ZN 架台","","10","SS-L-65x65x6t　屋上架台6","2026/10/29","店頭渡し","2026/10/29","","未着手","","2026/10/22","製造"
"イシグロ　福岡★","九州工場","九州工場","2026/10/09","2026/10/09","26-J0153188-007-771","ZG0000","6.00","300.0","65.0","270.0","ZN 架台","","3","SS-L-65x65x6t　屋上架台7","2026/10/29","店頭渡し","2026/10/29","","未着手","","2026/10/21","製造"
"イシグロ　福岡★","九州工場","九州工場","2026/10/09","2026/10/09","26-J0153188-008-771","ZG0000","6.00","350.0","65.0","555.0","ZN 架台","","12","SS-L-65x65x6t　屋上架台8","2026/10/29","店頭渡し","2026/10/29","","未着手","","2026/10/22","製造"
"イシグロ　福岡★","九州工場","九州工場","2026/10/09","2026/10/09","26-J0153188-009-771","ZG0000","6.00","260.0","70.0","0.0","ZN 架台","","40","SPHC-6t　屋上冷媒繋ぎ架台","2026/10/29","店頭渡し","2026/10/29","","未着手","","2026/10/15","製造"
"イシグロ　福岡★","九州工場","九州工場","2026/10/09","2026/10/09","26-J0153188-011-771","ZG0000","6.00","315.0","430.0","915.0","ZN 架台","","1","SS-L-65x65x6t　屋上架台26","2026/10/29","店頭渡し","2026/10/29","","未着手","","2026/10/22","製造"
"イシグロ　福岡★","九州工場","九州工場","2026/10/09","2026/10/09","26-J0153188-012-771","ZG0000","6.00","150.0","40.0","450.0","ZN 架台","","1","SS-L-40x40x3t　屋上架台27","2026/10/29","店頭渡し","2026/10/29","","未着手","","2026/10/22","製造"
"イシグロ　福岡★","九州工場","九州工場","2026/10/09","2026/10/09","26-J0153188-013-771","ZG0000","5.00","2,690.0","40.0","75.0","ZN 架台","","2","SS-L-5x40x75　PL-6t 左右各1台  転倒防止架台-1-3","2026/10/29","店頭渡し","2026/10/29","","未着手","","2026/10/22","製造"
"イシグロ　福岡★","九州工場","九州工場","2026/10/09","2026/10/09","26-J0153188-015-771","ZG0000","5.00","2,690.0","40.0","75.0","ZN 架台","","2","SS-L-5x40x75　PL-6t 左右各1台  転倒防止架台-1-5","2026/10/29","店頭渡し","2026/10/29","","未着手","","2026/10/22","製造"
"イシグロ　福岡★","九州工場","九州工場","2026/10/09","2026/10/09","26-J0153188-016-771","ZG0000","5.00","2,690.0","40.0","75.0","ZN 架台","","2","SS-L-5x40x75　PL-6t 左右各1台  転倒防止架台-1-6","2026/10/29","店頭渡し","2026/10/29","","未着手","","2026/10/22","製造"
"イシグロ　福岡★","九州工場","九州工場","2026/10/09","2026/10/09","26-J0153188-017-771","ZG0000","5.00","2,690.0","40.0","75.0","ZN 架台","","4","SS-L-5x40x75　PL-6t 左右各1台  転倒防止架台-1-7","2026/10/29","店頭渡し","2026/10/29","","未着手","","2026/10/22","製造"
"イシグロ　福岡★","九州工場","九州工場","2026/10/09","2026/10/09","26-J0153188-018-771","ZG0000","5.00","2,690.0","40.0","75.0","ZN 架台","","2","SS-L-5x40x75　PL-6t 左右各1台  転倒防止架台-1-8","2026/10/29","店頭渡し","2026/10/29","","未着手","","2026/10/22","製造"
"イシグロ　福岡★","九州工場","九州工場","2026/10/09","2026/10/09","26-J0153188-019-771","ZG0000","5.00","2,690.0","40.0","75.0","ZN 架台","","2","SS-L-5x40x75　PL-6t 左右各1台  転倒防止架台-1-9","2026/10/29","店頭渡し","2026/10/29","","未着手","","2026/10/22","製造"
"宮地電機　松山","九州工場","九州工場","2026/08/25","2026/08/25","26-J0115105-001-771","SE0000XN","1.50","300.0","300.0","200.0","SUS PBﾄｸ 水切","","4","ｱｰｽ ｺﾝ柱取付金具t2.0付","2026/10/30","福山通運　九州発送","2026/10/30","","未着手","","2026/10/30","製造"
"宮地電機　今治","九州工場","九州工場","2026/09/02","2026/09/02","26-J0122729-001-771","SMK0000N","1.50","150.0","100.0","100.0","SUS 曲金物","","16","穴加工ｱﾘ","2026/10/30","福山通運　九州発送","2026/10/30","","未着手","","2026/10/30","製造"
"栗田電機　宇和島★","九州工場","九州工場","2026/09/28","2026/09/28","26-J0141771-001-771","IIP0000C","1.60","1,300.0","300.0","0.0","鉄 ﾌﾟﾚｰﾄ 焼付","N9.5(近似色)","17","穴加工ｱﾘ","2026/10/30","福山通運　九州発送","2026/10/30","","未着手","","2026/10/27","製造"
"中国機材設備　中央★","九州工場","九州工場","2026/10/02","2026/10/02","26-J0147037-001-771","IC0000C","1.60","560.0","415.0","130.0","鉄 ｶﾊﾞｰ 焼付","5Y7/1 近似色","1","外耳20　電灯盤用","2026/10/30","佐川急便","2026/10/30","","未着手","","2026/10/27","製造"
"中国機材設備　中央★","九州工場","九州工場","2026/10/02","2026/10/02","26-J0147037-002-771","IC0000C","1.60","960.0","560.0","130.0","鉄 ｶﾊﾞｰ 焼付","5Y7/1 近似色","1","外耳20　動力盤用","2026/10/30","佐川急便","2026/10/30","","未着手","","2026/10/27","製造"
"デンザイ東亜　本社★","九州工場","九州工場","2026/10/06","2026/10/06","26-J0150120-001-771","SE0000XC","1.50","600.0","600.0","600.0","SUS PBﾄｸ 水切 焼付","N9.5 近似色","1","ｱｰｽ 側面1-φ90 1-φ8　底面1-φ200 4-φ12　","2026/10/30","佐川急便","2026/10/30","","未着手","","2026/10/27","製造"
"デンザイ東亜　本社★","九州工場","九州工場","2026/10/07","2026/10/07","26-J0150140-001-771","BE6060SG","1.60","600.0","600.0","600.0","国土 PB 平","","2","ｱｰｽ さび止め","2026/10/30","佐川急便","2026/10/30","","未着手","","2026/10/30","製造"
"三共電気　沖縄★","九州工場","九州工場","2026/09/08","2026/09/08","26-J0127550-002-771","DDC0000N","2.30","700.0","275.0","830.0","Sﾀﾞｲﾏ ﾀﾞｸﾄｶﾊﾞｰ","","1","蓋のみﾄﾞﾌﾞ縞鋼板 内部SUSｱﾝｸﾞﾙ補強 開口 取付穴","2026/10/02","イトカツ","2026/11/02","2026/10/02","完成","古川","2026/09/18","製造"
"三共電気　沖縄★","九州工場","九州工場","2026/09/08","2026/09/08","26-J0127550-003-771","ZCPL0000","3.20","800.0","600.0","0.0","ZN 縞鋼板","","1","◆空冷 蓋のみ(1行目)","2026/10/02","イトカツ","2026/11/02","2026/10/02","完成","古川","2026/09/25","製造"
"三共電気　沖縄★","九州工場","九州工場","2026/09/08","2026/09/08","26-J0127550-001-771","DDC0000N","2.30","800.0","400.0","930.0","Sﾀﾞｲﾏ ﾀﾞｸﾄｶﾊﾞｰ","","1","蓋のみﾄﾞﾌﾞ縞鋼板 内部SUSｱﾝｸﾞﾙ補強 開口 取付穴","2026/09/25","イトカツ","2026/11/02","2026/10/02","完成","服部","2026/09/18","製造"
"三共電気　沖縄★","九州工場","九州工場","2026/09/08","2026/09/08","26-J0127550-004-771","ZCPL0000","3.20","700.0","400.0","0.0","ZN 縞鋼板","","1","◆空冷 蓋のみ(3行目)","2026/10/02","イトカツ","2026/11/02","2026/10/02","完成","古川","2026/09/25","製造"
"日本電商　九州★","九州工場","九州工場","2026/09/10","2026/09/10","26-J0128878-001-771","IMK0000C","1.60","435.0","240.0","10.0","鉄 曲金物 焼付","N9.5 近似色","10","4-M4ﾀｯﾌﾟ　長穴  小頭皿ビスM4ﾀｯﾌﾟ　切欠有","2026/11/04","佐川急便","2026/11/04","","未着手","","2026/10/29","製造"
"ウチダ★","九州工場","九州工場","2026/10/05","2026/10/05","26-J0148475-001-771","SP0000XN","1.50","300.0","300.0","150.0","SUS PBﾄｸ 水切","","2","酸洗い　取付足、端子台ﾍﾞｰｽ、 ﾈｼﾞ付管筒　溶接","2026/11/04","福山通運　九州発送","2026/11/04","","未着手","","2026/11/02","製造"
"宮地電機　西讃","九州工場","九州工場","2026/10/07","2026/10/07","26-J0150425-001-771","IP0000SC","1.60","800.0","400.0","160.0","鉄 PBﾄｸ 平 焼付","2.5Y9/1(近似色)","1","開口・穴加工ｱﾘ ﾍﾞｰｽ･化粧ﾋﾞｽ付","2026/11/04","福山通運　九州発送","2026/11/04","","ｷｬﾝｾﾙ","林(秀)","2026/10/30","製造"
"宮地電機　西讃","九州工場","九州工場","2026/10/07","2026/10/07","26-J0150627-002-771","BP0000SC","1.60","800.0","400.0","160.0","国土 PBﾄｸ 平 焼付","2.5Y9/1(近似色)","1","ｱｰｽ無 開口・穴加工ｱﾘ ﾍﾞｰｽ･化粧ﾋﾞｽ付 R5x4","2026/11/04","福山通運　九州発送","2026/11/04","","未着手","","2026/10/30","製造"
"三親電材　山口★","九州工場","九州工場","2026/10/07","2026/10/07","26-J0151457-026-771","ITG0000G","0.00","2,178.0","325.0","3,367.0","鉄 耐震架台","","1","さび止め SS-C-5x50x100　PL-9t.6t 図番1535-26","2026/10/22","チャーター便","2026/11/04","","未着手","","2026/10/19","製造"
"三親電材　山口★","九州工場","九州工場","2026/10/07","2026/10/07","26-J0151457-025-771","ITG0000G","0.00","1,895.0","325.0","3,328.0","鉄 耐震架台","","1","さび止め SS-C-5x50x100　PL-9t.6t 図番1535-25","2026/10/22","チャーター便","2026/11/04","","未着手","","2026/10/19","製造"
"三親電材　山口★","九州工場","九州工場","2026/10/07","2026/10/07","26-J0151457-002-771","ITG0000G","0.00","2,108.0","313.0","3,383.0","鉄 耐震架台","","1","さび止め SS-C-6x65x125　PL-9t.6t図番1535-2","2026/10/15","チャーター便","2026/11/04","","切断","森山","2026/10/13","製造"
"三親電材　山口★","九州工場","九州工場","2026/10/07","2026/10/07","26-J0151457-001-771","ITG0000G","0.00","3,079.3","313.0","3,529.0","鉄 耐震架台","","1","さび止め SS-C-6x65x125　PL-9t.6t　図番1535-1","2026/10/15","チャーター便","2026/11/04","","切断","森山","2026/10/13","製造"
"三親電材　山口★","九州工場","九州工場","2026/10/07","2026/10/07","26-J0151457-013-771","ITG0000G","0.00","700.0","325.0","3,215.0","鉄 耐震架台","","1","さび止め SS-C-5x50x100　PL-9t.6t　図番1535-13","2026/10/16","チャーター便","2026/11/04","","切断","森山","2026/10/14","製造"
"三親電材　山口★","九州工場","九州工場","2026/10/07","2026/10/07","26-J0151457-024-771","ITG0000G","0.00","1,550.0","325.0","3,408.0","鉄 耐震架台","","1","さび止め SS-C-5x50x100　PL-9t.6t 図番1535-24","2026/10/22","チャーター便","2026/11/04","","未着手","","2026/10/19","製造"
"三親電材　山口★","九州工場","九州工場","2026/10/07","2026/10/07","26-J0151457-012-771","ITG0000G","0.00","950.0","250.0","3,444.0","鉄 耐震架台","","1","さび止め SS-C-5x50x100　PL-9t.6t　図番1535-12","2026/10/16","チャーター便","2026/11/04","","切断","森山","2026/10/14","製造"
"三親電材　山口★","九州工場","九州工場","2026/10/07","2026/10/07","26-J0151457-009-771","ITG0000G","0.00","550.0","325.0","3,398.0","鉄 耐震架台","","1","さび止め SS-L-75x75x6t　PL-6t　図番1535-9","2026/10/16","チャーター便","2026/11/04","","切断","森山","2026/10/14","製造"
"三親電材　山口★","九州工場","九州工場","2026/10/07","2026/10/07","26-J0151457-010-771","ITG0000G","0.00","690.0","324.0","2,914.0","鉄 耐震架台","","1","さび止め SS-L-75x75x6t　PL-6t　図番1535-10","2026/10/16","チャーター便","2026/11/04","","切断","森山","2026/10/14","製造"
"三親電材　山口★","九州工場","九州工場","2026/10/07","2026/10/07","26-J0151457-016-771","ITG0000G","0.00","1,946.0","450.0","3,365.0","鉄 耐震架台","","1","さび止め SS-C-5x50x100　PL-9t.6t　図番1535-16","2026/10/20","チャーター便","2026/11/04","","未着手","","2026/10/16","製造"
"三親電材　山口★","九州工場","九州工場","2026/10/07","2026/10/07","26-J0151457-004-771","ITG0000G","0.00","1,337.5","325.0","3,519.0","鉄 耐震架台","","1","さび止め SS-C-5x50x100　PL-9t.6t　図番1535-4","2026/10/16","チャーター便","2026/11/04","","切断","森山","2026/10/13","製造"
"三親電材　山口★","九州工場","九州工場","2026/10/07","2026/10/07","26-J0151457-005-771","ITG0000G","0.00","1,463.5","325.0","3,408.0","鉄 耐震架台","","1","さび止め SS-C-5x50x100　PL-9t.6t　図番1535-5","2026/10/16","チャーター便","2026/11/04","","切断","森山","2026/10/13","製造"
"三親電材　山口★","九州工場","九州工場","2026/10/07","2026/10/07","26-J0151457-006-771","ITG0000G","0.00","1,690.0","450.0","2,753.0","鉄 耐震架台","","1","さび止め SS-C-5x50x100　PL-9t.6t　図番1535-6","2026/10/16","チャーター便","2026/11/04","","切断","森山","2026/10/13","製造"
"三親電材　山口★","九州工場","九州工場","2026/10/07","2026/10/07","26-J0151457-007-771","ITG0000G","0.00","2,381.0","325.0","3,428.0","鉄 耐震架台","","1","さび止め SS-C-5x50x100/L6x50　PL-9t.6t　図番1535-7","2026/10/16","チャーター便","2026/11/04","","切断","森山","2026/10/13","製造"
"三親電材　山口★","九州工場","九州工場","2026/10/07","2026/10/07","26-J0151457-015-771","ITG0000G","0.00","3,433.0","450.0","3,229.0","鉄 耐震架台","","1","さび止め SS-C-5x50x100　PL-9t.6t　図番1535-15","2026/10/16","チャーター便","2026/11/04","","切断","森山","2026/10/14","製造"
"三親電材　山口★","九州工場","九州工場","2026/10/07","2026/10/07","26-J0151457-014-771","ITG0000G","0.00","3,131.0","450.0","3,401.0","鉄 耐震架台","","1","さび止め SS-C-5x50x100　PL-9t.6t　図番1535-14","2026/10/16","チャーター便","2026/11/04","","切断","森山","2026/10/14","製造"
"三親電材　山口★","九州工場","九州工場","2026/10/07","2026/10/07","26-J0151457-008-771","ITG0000G","0.00","690.0","324.0","3,310.0","鉄 耐震架台","","1","さび止め SS-L-75x75x6t　PL-6t　図番1535-8","2026/10/16","チャーター便","2026/11/04","","切断","森山","2026/10/14","製造"
"三親電材　山口★","九州工場","九州工場","2026/10/07","2026/10/07","26-J0151457-021-771","ITG0000G","0.00","966.5","324.0","2,960.0","鉄 耐震架台","","1","さび止め SS-C-5x50x100/L6x65　PL-9t.6t図番1535-21","2026/10/22","チャーター便","2026/11/04","","未着手","","2026/10/19","製造"
"三親電材　山口★","九州工場","九州工場","2026/10/07","2026/10/07","26-J0151457-003-771","ITG0000G","0.00","1,500.0","450.0","3,094.0","鉄 耐震架台","","1","さび止め SS-C-5x50x100　PL-9t.6t　図番1535-3","2026/10/16","チャーター便","2026/11/04","","切断","森山","2026/10/13","製造"
"三親電材　山口★","九州工場","九州工場","2026/10/07","2026/10/07","26-J0151457-022-771","ITG0000G","0.00","1,948.0","325.0","3,599.0","鉄 耐震架台","","1","さび止め SS-C-5x50x100　PL-9t.6t 図番1535-22","2026/10/22","チャーター便","2026/11/04","","未着手","","2026/10/19","製造"
"三親電材　山口★","九州工場","九州工場","2026/10/07","2026/10/07","26-J0151457-023-771","ITG0000G","0.00","1,550.0","325.0","3,519.0","鉄 耐震架台","","1","さび止め SS-C-5x50x100　PL-9t.6t 図番1535-23","2026/10/22","チャーター便","2026/11/04","","未着手","","2026/10/19","製造"
"三親電材　山口★","九州工場","九州工場","2026/10/07","2026/10/07","26-J0151457-011-771","ITG0000G","0.00","700.0","325.0","3,670.0","鉄 耐震架台","","1","さび止め SS-C-5x50x100　PL-9t.6t　図番1535-11","2026/10/16","チャーター便","2026/11/04","","切断","森山","2026/10/14","製造"
"三親電材　山口★","九州工場","九州工場","2026/10/07","2026/10/07","26-J0151457-020-771","ITG0000G","0.00","966.0","324.0","2,960.0","鉄 耐震架台","","1","さび止め SS-C-5x50x100/L6x65　PL-9t.6t図番1535-20","2026/10/20","チャーター便","2026/11/04","","未着手","","2026/10/16","製造"
"三親電材　山口★","九州工場","九州工場","2026/10/07","2026/10/07","26-J0151457-019-771","ITG0000G","0.00","927.0","324.0","3,356.0","鉄 耐震架台","","1","さび止め SS-C-5x50x100/L6x65　PL-9t.6t図番1535-19","2026/10/20","チャーター便","2026/11/04","","未着手","","2026/10/16","製造"
"三親電材　山口★","九州工場","九州工場","2026/10/07","2026/10/07","26-J0151457-018-771","ITG0000G","0.00","927.0","324.0","3,356.0","鉄 耐震架台","","1","さび止め SS-C-5x50x100/L6x65　PL-9t.6t図番1535-18","2026/10/20","チャーター便","2026/11/04","","未着手","","2026/10/16","製造"
"三親電材　山口★","九州工場","九州工場","2026/10/07","2026/10/07","26-J0151457-017-771","ITG0000G","0.00","1,915.0","450.0","3,230.0","鉄 耐震架台","","1","さび止め SS-C-5x50x100　PL-9t.6t　図番1535-17","2026/10/20","チャーター便","2026/11/04","","未着手","","2026/10/16","製造"
"福西電機　情報・防災","九州工場","九州工場","2026/10/05","2026/10/05","26-J0147138-001-771","SP0000SN","1.50","300.0","300.0","200.0","SUS PBﾄｸ 平","","2","開口･穴加工ｱﾘ","2026/11/09","福山通運　九州発送","2026/11/09","","未着手","","2026/11/09","製造"
"三親電材　山口★","九州工場","九州工場","2026/10/09","2026/10/09","26-J0153936-001-771","DD0000C","1.60","370.0","600.0","1,300.0","Sﾀﾞｲﾏ ﾀﾞｸﾄ 焼付","5R4/14 近似色","1","被せ蓋　本体2分割　SUS配管32A溶接　　高圧","2026/11/09","福山通運　九州発送","2026/11/09","","未着手","","2026/11/04","製造"
"三親電材　山口★","九州工場","九州工場","2026/10/09","2026/10/09","26-J0153951-001-771","DD0000N","1.60","560.0","400.0","800.0","Sﾀﾞｲﾏ ﾀﾞｸﾄ","","1","被せ蓋　本体2分割    低圧","2026/11/09","福山通運　九州発送","2026/11/09","","未着手","","2026/11/05","製造"
"極東商会　名古屋カパス★","九州工場","九州工場","2026/10/09","2026/10/09","26-J0153119-001-771","IBG0000C","2.30","1,404.6","716.6","1,200.0","鉄 防球ガード 焼付","2.5Y9/1(近似色）","9","ｱﾝｸﾞﾙ PL2.3t","2026/11/09","チャーター便","2026/11/11","","未着手","","2026/11/02","製造"
"シンセイ　広島第二★","九州工場","九州工場","2026/09/07","2026/09/07","26-J0125643-001-771","ZG0000","0.00","700.0","175.0","375.0","ZN 架台","","1","HDZT63  盤下架台　L-50X50X4t","2026/11/11","福山通運　九州発送","2026/11/12","","未着手","","2026/11/04","製造"
"シンセイ　広島第二★","九州工場","九州工場","2026/09/07","2026/09/07","26-J0125643-002-771","ZG0000","0.00","700.0","200.0","1,200.0","ZN 架台","","1","HDZT63  背面架台　L-50X50X4t　","2026/11/11","福山通運　九州発送","2026/11/12","","未着手","","2026/11/04","製造"
"栗田電機　松山★","九州工場","九州工場","2026/09/11","2026/09/11","26-J0130463-001-771","SIP0000N","1.50","200.0","200.0","0.0","SUS ﾌﾟﾚｰﾄ","","23","R3x4 ｺﾞﾑﾊﾟｯｷﾝ付･開口･穴加工ｱﾘ","2026/11/12","福山通運　九州発送","2026/11/12","","未着手","","2026/11/12","製造"
"イシグロ　宮崎★","九州工場","九州工場","2026/10/05","2026/10/05","26-J0148499-001-771","IBG0000C","0.00","500.0","300.0","300.0","鉄 防球ガード 焼付","2.5Y9/1 近似色","5","配管ガード 丸鋼φ6","2026/11/11","チャーター便","2026/11/12","","未着手","","2026/11/05","製造"
"イシグロ　宮崎★","九州工場","九州工場","2026/10/05","2026/10/05","26-J0148499-002-771","IBG0000C","0.00","500.0","250.0","250.0","鉄 防球ガード 焼付","2.5Y9/1 近似色","2","配管ガード 丸鋼φ6","2026/11/11","チャーター便","2026/11/12","","未着手","","2026/11/05","製造"
"宮地電機　西讃","九州工場","九州工場","2026/10/07","2026/10/07","26-J0151036-001-771","IIP0000C","1.60","620.0","520.0","0.0","鉄 ﾌﾟﾚｰﾄ 焼付","2.5Y9/1(近似色)","1","開口ｱﾘ","2026/11/12","福山通運　九州発送","2026/11/12","","未着手","","2026/11/09","製造"
"極東商会　名古屋カパス★","九州工場","九州工場","2026/10/09","2026/10/09","26-J0153258-001-771","IBG0000C","2.30","1,404.6","716.6","1,200.0","鉄 防球ガード 焼付","2.5Y9/1(近似色）","11","ｱﾝｸﾞﾙ PL2.3t","2026/11/11","チャーター便","2026/11/13","","未着手","","2026/11/05","製造"
"富士商会★","九州工場","九州工場","2026/08/24","2026/08/24","26-J0113555-001-771","AD0000N","2.00","250.0","200.0","2,000.0","ｱﾙﾐ ﾀﾞｸﾄ","","1","平蓋 ｱｰｽ付 ｾﾊﾟﾚｰﾀ1枚付　補強なし","2026/11/19","福山通運　九州発送","2026/11/19","","未着手","","2026/11/19","製造"
"イシグロ　福岡★","九州工場","九州工場","2026/09/29","2026/09/29","26-J0142317-015-771","IBG0000C","0.00","1,200.0","250.0","250.0","鉄 防球ガード 焼付","2.5Y9/1 近似色","1","配管ガード　SPB-4 B","2026/11/17","ヤマックス　ｽﾎﾟｯﾄ便","2026/11/19","","未着手","","2026/11/12","製造"
"イシグロ　福岡★","九州工場","九州工場","2026/09/29","2026/09/29","26-J0142317-001-771","IBG0000C","0.00","650.0","450.0","450.0","鉄 防球ガード 焼付","2.5Y9/1 近似色","1","配管ガード　SPB-1　A　プレートx1","2026/11/11","ヤマックス　ｽﾎﾟｯﾄ便","2026/11/19","","未着手","","2026/11/06","製造"
"イシグロ　福岡★","九州工場","九州工場","2026/09/29","2026/09/29","26-J0142317-002-771","IBG0000C","0.00","400.0","770.0","300.0","鉄 防球ガード 焼付","2.5Y9/1 近似色","1","配管ガード　SPB-1　B　プレートx1","2026/11/11","ヤマックス　ｽﾎﾟｯﾄ便","2026/11/19","","未着手","","2026/11/06","製造"
"イシグロ　福岡★","九州工場","九州工場","2026/09/29","2026/09/29","26-J0142317-003-771","IBG0000C","0.00","940.0","250.0","250.0","鉄 防球ガード 焼付","2.5Y9/1 近似色","1","配管ガード　SPB-1　C","2026/11/11","ヤマックス　ｽﾎﾟｯﾄ便","2026/11/19","","未着手","","2026/11/06","製造"
"イシグロ　福岡★","九州工場","九州工場","2026/09/29","2026/09/29","26-J0142317-004-771","IBG0000C","0.00","300.0","260.0","0.0","鉄 防球ガード 焼付","2.5Y9/1 近似色","1","配管ガード　SPB-1　D","2026/11/11","ヤマックス　ｽﾎﾟｯﾄ便","2026/11/19","","未着手","","2026/11/06","製造"
"イシグロ　福岡★","九州工場","九州工場","2026/09/29","2026/09/29","26-J0142317-005-771","IBG0000C","0.00","250.0","960.0","475.0","鉄 防球ガード 焼付","2.5Y9/1 近似色","1","配管ガード　SPB-1　E","2026/11/12","ヤマックス　ｽﾎﾟｯﾄ便","2026/11/19","","未着手","","2026/11/09","製造"
"イシグロ　福岡★","九州工場","九州工場","2026/09/29","2026/09/29","26-J0142317-006-771","IBG0000C","0.00","250.0","1,010.0","490.0","鉄 防球ガード 焼付","2.5Y9/1 近似色","1","配管ガード　SPB-2 A","2026/11/12","ヤマックス　ｽﾎﾟｯﾄ便","2026/11/19","","未着手","","2026/11/09","製造"
"イシグロ　福岡★","九州工場","九州工場","2026/09/29","2026/09/29","26-J0142317-007-771","IBG0000C","0.00","90.0","250.0","250.0","鉄 防球ガード 焼付","2.5Y9/1 近似色","1","配管ガード　SPB-2 B","2026/11/12","ヤマックス　ｽﾎﾟｯﾄ便","2026/11/19","","未着手","","2026/11/09","製造"
"イシグロ　福岡★","九州工場","九州工場","2026/09/29","2026/09/29","26-J0142317-008-771","IBG0000C","0.00","1,000.0","450.0","450.0","鉄 防球ガード 焼付","2.5Y9/1 近似色","1","配管ガード　SPB-2 C 塞ぎプレートx1","2026/11/12","ヤマックス　ｽﾎﾟｯﾄ便","2026/11/19","","未着手","","2026/11/09","製造"
"イシグロ　福岡★","九州工場","九州工場","2026/09/29","2026/09/29","26-J0142317-009-771","IBG0000C","0.00","600.0","830.0","300.0","鉄 防球ガード 焼付","2.5Y9/1 近似色","1","配管ガード　SPB-2 D 塞ぎプレートx1","2026/11/13","ヤマックス　ｽﾎﾟｯﾄ便","2026/11/19","","未着手","","2026/11/10","製造"
"イシグロ　福岡★","九州工場","九州工場","2026/09/29","2026/09/29","26-J0142317-010-771","IBG0000C","0.00","650.0","450.0","450.0","鉄 防球ガード 焼付","2.5Y9/1 近似色","1","配管ガード　SPB-3 A 塞ぎプレートx1","2026/11/13","ヤマックス　ｽﾎﾟｯﾄ便","2026/11/19","","未着手","","2026/11/10","製造"
"イシグロ　福岡★","九州工場","九州工場","2026/09/29","2026/09/29","26-J0142317-011-771","IBG0000C","0.00","450.0","450.0","495.0","鉄 防球ガード 焼付","2.5Y9/1 近似色","1","配管ガード　SPB-3 B 塞ぎプレートx1 受け金具x2","2026/11/13","ヤマックス　ｽﾎﾟｯﾄ便","2026/11/19","","未着手","","2026/11/10","製造"
"イシグロ　福岡★","九州工場","九州工場","2026/09/29","2026/09/29","26-J0142317-012-771","IBG0000C","0.00","510.0","330.0","490.0","鉄 防球ガード 焼付","2.5Y9/1 近似色","1","配管ガード　SPB-3 C 塞ぎプレートx1","2026/11/16","ヤマックス　ｽﾎﾟｯﾄ便","2026/11/19","","未着手","","2026/11/11","製造"
"イシグロ　福岡★","九州工場","九州工場","2026/09/29","2026/09/29","26-J0142317-013-771","IBG0000C","0.00","250.0","780.0","490.0","鉄 防球ガード 焼付","2.5Y9/1 近似色","1","配管ガード　SPB-3 D","2026/11/16","ヤマックス　ｽﾎﾟｯﾄ便","2026/11/19","","未着手","","2026/11/11","製造"
"イシグロ　福岡★","九州工場","九州工場","2026/09/29","2026/09/29","26-J0142317-014-771","IBG0000C","0.00","250.0","940.0","490.0","鉄 防球ガード 焼付","2.5Y9/1 近似色","1","配管ガード　SPB-4 A","2026/11/16","ヤマックス　ｽﾎﾟｯﾄ便","2026/11/19","","未着手","","2026/11/11","製造"
"イシグロ　福岡★","九州工場","九州工場","2026/09/29","2026/09/29","26-J0142317-016-771","IBG0000C","0.00","1,000.0","450.0","450.0","鉄 防球ガード 焼付","2.5Y9/1 近似色","1","配管ガード　SPB-4 C","2026/11/17","ヤマックス　ｽﾎﾟｯﾄ便","2026/11/19","","未着手","","2026/11/12","製造"
"イシグロ　福岡★","九州工場","九州工場","2026/09/29","2026/09/29","26-J0142317-017-771","IBG0000C","0.00","600.0","830.0","300.0","鉄 防球ガード 焼付","2.5Y9/1 近似色","1","配管ガード　SPB-4 D","2026/11/17","ヤマックス　ｽﾎﾟｯﾄ便","2026/11/19","","未着手","","2026/11/12","製造"
"栗田電機　松山★","九州工場","九州工場","2026/09/07","2026/09/07","26-J0126177-002-771","SE0000XNA","1.50","200.0","200.0","100.0","SUS PBﾄｸ 水切","","2","ｱｰｽ 足付L3x30Φ12 酸洗い･穴加工ｱﾘ","2026/11/24","福山通運　九州発送","2026/11/24","","未着手","","2026/11/17","製造"
"栗田電機　松山★","九州工場","九州工場","2026/09/07","2026/09/07","26-J0126177-001-771","SE0000XNA","1.50","200.0","200.0","100.0","SUS PBﾄｸ 水切","","43","ｱｰｽ 足付L3x30Φ12 酸洗い･穴加工ｱﾘ","2026/11/24","福山通運　九州発送","2026/11/24","","未着手","","2026/11/17","製造"
"金城電気商会","九州工場","九州工場","2026/10/02","2026/10/02","26-J0147112-001-771","SE0000XC","1.50","450.0","450.0","200.0","SUS PBﾄｸ 水切 焼付","19-75B","4","ｱｰｽ ｾﾊﾟ付(脱着式) 開口 取付穴","2026/10/15","イトカツ","2026/11/30","2026/10/23","仕上","三澄","2026/10/09","製造"
"金城電気商会","九州工場","九州工場","2026/10/02","2026/10/02","26-J0147113-001-771","SE0000XC","1.50","450.0","450.0","200.0","SUS PBﾄｸ 水切 焼付","19-75B","4","ｱｰｽ ｾﾊﾟ付(脱着式) 開口 取付穴","2026/10/19","イトカツ","2026/11/30","2026/10/23","曲げ","道上","2026/10/14","製造"
"金城電気商会","九州工場","九州工場","2026/10/02","2026/10/02","26-J0147114-001-771","SE0000XC","1.50","450.0","450.0","200.0","SUS PBﾄｸ 水切 焼付","19-75B","3","ｱｰｽ ｾﾊﾟ付(脱着式) 開口 取付穴","2026/10/29","イトカツ","2026/11/30","2026/10/30","未着手","","2026/10/26","製造"
"金城電気商会","九州工場","九州工場","2026/10/02","2026/10/02","26-J0147115-001-771","SE0000XC","1.50","450.0","450.0","200.0","SUS PBﾄｸ 水切 焼付","2.5Y9/1","4","ｱｰｽ ｾﾊﾟ付(脱着式) 開口 取付穴","2026/10/23","イトカツ","2026/11/30","2026/10/23","未着手","","2026/10/20","製造"
"金城電気商会","九州工場","九州工場","2026/10/05","2026/10/05","26-J0147122-001-771","SE0000XC","1.50","450.0","450.0","200.0","SUS PBﾄｸ 水切 焼付","2.5Y9/1","3","ｱｰｽ ｾﾊﾟ付(脱着式) 開口 取付穴","2026/10/21","イトカツ","2026/11/30","2026/10/23","CAD/CAM","熊谷","2026/10/16","製造"
"金城電気商会","九州工場","九州工場","2026/10/05","2026/10/05","26-J0147122-002-771","SE0000XC","1.50","600.0","600.0","300.0","SUS PBﾄｸ 水切 焼付","19-75B","1","ｱｰｽ ｾﾊﾟ付(脱着式) PL溶接 開口 取付穴","2026/10/21","イトカツ","2026/11/30","2026/10/23","CAD/CAM","熊谷","2026/10/16","製造"
"金城電気商会","九州工場","九州工場","2026/10/05","2026/10/05","26-J0147128-001-771","SE0000XC","1.50","600.0","600.0","300.0","SUS PBﾄｸ 水切 焼付","19-75B","2","ｱｰｽ ｾﾊﾟ付(脱着式) PL溶接 開口 取付穴","2026/10/23","イトカツ","2026/11/30","2026/10/23","未着手","","2026/10/19","製造"
"金城電気商会","九州工場","九州工場","2026/10/05","2026/10/05","26-J0147128-002-771","SE0000XC","1.50","300.0","300.0","150.0","SUS PBﾄｸ 水切 焼付","19-75B","2","ｱｰｽ PL溶接 開口 取付穴","2026/10/23","イトカツ","2026/11/30","2026/10/23","未着手","","2026/10/19","製造"
"金城電気商会","九州工場","九州工場","2026/10/05","2026/10/05","26-J0147134-001-771","SE0000XC","1.50","600.0","600.0","300.0","SUS PBﾄｸ 水切 焼付","19-75B","2","ｱｰｽ ｾﾊﾟ付(脱着式) PL溶接 開口 取付穴","2026/10/27","イトカツ","2026/11/30","2026/10/30","未着手","","2026/10/22","製造"
"カンサイ　筑豊★","九州工場","九州工場","2026/08/28","2026/08/28","26-J0118519-010-771","SE0000XNA","1.50","300.0","300.0","200.0","SUS PBﾄｸ 水切","","1","ｱｰｽ 足付 穴1-φ50","2026/11/02","佐川急便","2026/12/01","","未着手","","2026/11/02","製造"
"カンサイ　筑豊★","九州工場","九州工場","2026/08/28","2026/08/28","26-J0118519-009-771","SG0000N","5.00","500.0","400.0","1,950.0","SUS 架台","","2","[5x50x100 FB補強　穴加工","2026/11/02","佐川急便","2026/12/01","","未着手","","2026/11/02","製造"
"カンサイ　筑豊★","九州工場","九州工場","2026/08/28","2026/08/28","26-J0118519-008-771","SKM0000N","10.00","980.0","0.0","0.0","SUS 金物","","1","FB","2026/11/02","佐川急便","2026/12/01","","未着手","","2026/11/02","製造"
"カンサイ　筑豊★","九州工場","九州工場","2026/08/28","2026/08/28","26-J0118519-007-771","SG0000N","4.00","500.0","300.0","0.0","SUS 架台","","1","L50x504t 穴加工","2026/11/02","佐川急便","2026/12/01","","未着手","","2026/11/02","製造"
"カンサイ　筑豊★","九州工場","九州工場","2026/08/28","2026/08/28","26-J0118519-016-771","SE0000XN","1.50","200.0","200.0","200.0","SUS PBﾄｸ 水切","","1","ｱｰｽ　穴1-φ65 4-φ10","2026/11/02","佐川急便","2026/12/01","","未着手","","2026/11/02","製造"
"カンサイ　筑豊★","九州工場","九州工場","2026/08/28","2026/08/28","26-J0118519-017-771","SE0000XN","1.50","200.0","200.0","200.0","SUS PBﾄｸ 水切","","1","ｱｰｽ　穴1-φ65 4-φ10","2026/11/02","佐川急便","2026/12/01","","未着手","","2026/11/02","製造"
"カンサイ　筑豊★","九州工場","九州工場","2026/08/28","2026/08/28","26-J0118519-006-771","SG0000N","4.00","400.0","100.0","0.0","SUS 架台","","1","L50x50x4t 穴加工","2026/11/02","佐川急便","2026/12/01","","未着手","","2026/11/02","製造"
"カンサイ　筑豊★","九州工場","九州工場","2026/08/28","2026/08/28","26-J0118519-005-771","SG0000N","6.00","980.0","0.0","0.0","SUS 架台","","3","L50x50x6t 穴加工","2026/11/02","佐川急便","2026/12/01","","未着手","","2026/11/02","製造"
"カンサイ　筑豊★","九州工場","九州工場","2026/08/28","2026/08/28","26-J0118519-004-771","SKM0000N","6.00","100.0","390.0","0.0","SUS 金物","","2","穴加工","2026/11/02","佐川急便","2026/12/01","","未着手","","2026/11/02","製造"
"カンサイ　筑豊★","九州工場","九州工場","2026/08/28","2026/08/28","26-J0118519-003-771","SG0000N","5.00","500.0","5,500.0","0.0","SUS 架台","","1","[5x50x100　穴加工","2026/11/02","佐川急便","2026/12/01","","未着手","","2026/11/02","製造"
"カンサイ　筑豊★","九州工場","九州工場","2026/08/28","2026/08/28","26-J0118519-002-771","SG0000N","5.00","500.0","1,750.0","0.0","SUS 架台","","2","[5x50x100 ﾍﾞｰｽ200x200x6t　穴加工","2026/11/02","佐川急便","2026/12/01","","未着手","","2026/11/02","製造"
"カンサイ　筑豊★","九州工場","九州工場","2026/08/28","2026/08/28","26-J0118519-001-771","SG0000N","5.00","500.0","400.0","1,950.0","SUS 架台","","10","[5x50x100 FB補強　穴加工","2026/11/02","佐川急便","2026/12/01","","未着手","","2026/11/02","製造"
"カンサイ　筑豊★","九州工場","九州工場","2026/08/28","2026/08/28","26-J0118519-014-771","SE0000XN","1.50","400.0","400.0","200.0","SUS PBﾄｸ 水切","","1","ｱｰｽ 端子台ﾍﾞｰｽ穴加工付","2026/11/02","佐川急便","2026/12/01","","未着手","","2026/11/02","製造"
"カンサイ　筑豊★","九州工場","九州工場","2026/08/28","2026/08/28","26-J0118519-012-771","SE0000XN","1.50","400.0","400.0","200.0","SUS PBﾄｸ 水切","","1","ｱｰｽ 端子台ﾍﾞｰｽ付","2026/11/02","佐川急便","2026/12/01","","CAD/CAM","荻原","2026/11/02","製造"
"カンサイ　筑豊★","九州工場","九州工場","2026/08/28","2026/08/28","26-J0118519-011-771","SE0000XN","1.50","200.0","200.0","200.0","SUS PBﾄｸ 水切","","2","ｱｰｽ　穴1-φ65 4-φ10","2026/11/02","佐川急便","2026/12/01","","未着手","","2026/11/02","製造"
"カンサイ　筑豊★","九州工場","九州工場","2026/08/28","2026/08/28","26-J0118519-015-771","SE0000XN","1.50","300.0","300.0","200.0","SUS PBﾄｸ 水切","","1","ｱｰｽ 端子台ﾍﾞｰｽ穴加工付","2026/11/02","佐川急便","2026/12/01","","未着手","","2026/11/02","製造"
"九州三菱電機販売　中津","九州工場","九州工場","2026/10/08","2026/10/08","26-J0152288-001-771","IBG0000C","2.30","1,800.0","800.0","350.0","鉄 防球ガード 焼付","2.5Y9/1 近似色","16","天吊型空調機用 フルオープン","2026/12/14","チャーター便","2026/12/15","","未着手","","2026/12/01","製造"
"","九州工場","九州工場","","2026/08/24","26-R0002428-001-771","SE2010XC2","1.50","200.0","200.0","100.0","SUS PB 水切 焼付","2.5Y9/1","10","***沖縄ｱｰｽ 2.5Y9/1　＊7772用","2026/09/09","自社便","","2026/09/10","完成","古川","2026/09/04","製造"
"","九州工場","九州工場","","2026/08/24","26-R0002432-001-771","SE2020XC2","1.50","200.0","200.0","200.0","SUS PB 水切 焼付","2.5Y9/1","12","***沖縄ｱｰｽ 2.5Y9/1　＊7772用","2026/09/09","自社便","","2026/09/10","完成","岡","2026/09/04","製造"
"","九州工場","九州工場","","2026/08/24","26-R0002441-001-771","BE3020SC2","1.60","300.0","300.0","200.0","国土 PB 平 焼付","2.5Y9/1","6","***沖縄ｱｰｽ 2.5Y9/1","2026/09/09","イトカツ","","2026/09/09","完成","古川","2026/09/04","製造"
"","九州工場","九州工場","","2026/08/24","26-R0002442-001-771","BE5030SC2","1.60","500.0","500.0","300.0","国土 PB 平 焼付","2.5Y9/1","3","***沖縄ｱｰｽ 2.5Y9/1","2026/09/09","イトカツ","","2026/09/09","完成","古川","2026/09/04","製造"
"","九州工場","九州工場","","2026/08/24","26-R0002443-001-771","SE4040XC2","1.50","400.0","400.0","400.0","SUS PB 水切 焼付","2.5Y9/1","2","***沖縄ｱｰｽ 2.5Y9/1","2026/09/09","イトカツ","","2026/09/09","完成","古川","2026/09/04","製造"
"","九州工場","九州工専用","","2026/08/24","26-R0002446-001-7715","IBGC1800C","2.30","1,800.0","800.0","350.0","鉄 防球ガード 焼付","2.5Y9/1","6","***北　天吊形空調機用","2026/09/30","","","","完成","","2026/08/04","製造"
"","九州工場","九州工専用","","2026/08/24","26-R0002447-001-7715","IBGC1800C","2.30","1,800.0","800.0","350.0","鉄 防球ガード 焼付","2.5Y9/1","6","***北　天吊形空調機用","2026/09/30","","","","完成","","2026/08/04","製造"
"","九州工場","九州工場","","2026/08/31","26-R0002501-001-771","BE5030SG","1.60","500.0","500.0","300.0","国土 PB 平","","6","***北ｱｰｽ さび止め","2026/09/09","自社便","","2026/09/10","完成","服部","2026/09/08","製造"
"","九州工場","九州工場","","2026/08/31","26-R0002502-001-771","BE5040SG","1.60","500.0","500.0","400.0","国土 PB 平","","4","***北ｱｰｽ さび止め","2026/09/09","自社便","","2026/09/10","完成","服部","2026/09/08","製造"
"","九州工場","九州工場","","2026/08/31","26-R0002503-001-771","IP5040SG","1.60","500.0","500.0","400.0","鉄 PB 平","","4","***北さび止め","2026/09/10","自社便","","2026/09/11","完成","倉重","2026/09/09","製造"
"","九州工場","九州工場","","2026/08/31","26-R0002504-001-771","IP4030SG","1.60","400.0","400.0","300.0","鉄 PB 平","","6","***北さび止め","2026/09/10","自社便","","2026/09/11","完成","倉重","2026/09/09","製造"
"","九州工場","九州工場","","2026/08/31","26-R0002505-001-771","IP5040SG","1.60","500.0","500.0","400.0","鉄 PB 平","","4","***北さび止め","2026/09/11","自社便","","2026/09/14","完成","服部","2026/09/10","製造"
"","九州工場","九州工場","","2026/08/31","26-R0002506-001-771","BE5040SG","1.60","500.0","500.0","400.0","国土 PB 平","","4","***北ｱｰｽ さび止め","2026/09/14","自社便","","2026/09/15","完成","服部","2026/09/11","製造"
"","九州工場","九州工場","","2026/08/31","26-R0002507-001-771","SP6030WN","1.50","600.0","600.0","300.0","SUS PB 被せ","","4","***北","2026/09/09","自社便","","2026/09/10","完成","森田","2026/09/08","製造"
"","九州工場","九州工場","","2026/08/31","26-R0002508-001-771","SP6030WN","1.50","600.0","600.0","300.0","SUS PB 被せ","","4","***北","2026/09/14","自社便","","2026/09/15","完成","服部","2026/09/11","製造"
"","九州工場","九州工場","","2026/08/31","26-R0002509-001-771","SE5050XN","1.50","500.0","500.0","500.0","SUS PB 水切","","4","***北ｱｰｽ","2026/09/11","自社便","","2026/09/14","完成","樋口","2026/09/10","製造"
"","九州工場","九州工場","","2026/08/31","26-R0002510-001-771","SE5050XN","1.50","500.0","500.0","500.0","SUS PB 水切","","4","***北ｱｰｽ","2026/09/09","自社便","","2026/09/10","完成","森田","2026/09/08","製造"
"","九州工場","九州工場","","2026/08/31","26-R0002511-001-771","SE2010XC2","1.50","200.0","200.0","100.0","SUS PB 水切 焼付","2.5Y9/1","10","***沖縄ｱｰｽ 2.5Y9/1　＊7772用","2026/09/10","自社便","","2026/09/11","完成","岡","2026/09/07","製造"
"","九州工場","九州工場","","2026/08/31","26-R0002512-001-771","SE2020XC2","1.50","200.0","200.0","200.0","SUS PB 水切 焼付","2.5Y9/1","12","***沖縄ｱｰｽ 2.5Y9/1　＊7772用","2026/09/10","自社便","","2026/09/11","完成","岡","2026/09/07","製造"
"","九州工場","九州工場","","2026/08/31","26-R0002513-001-771","SE3030XC2","1.50","300.0","300.0","300.0","SUS PB 水切 焼付","2.5Y9/1","4","***沖縄ｱｰｽ 2.5Y9/1　＊7772用","2026/09/11","自社便","","2026/09/14","完成","岡","2026/09/08","製造"
"","九州工場","九州工場","","2026/08/31","26-R0002514-001-771","SE3030XC2","1.50","300.0","300.0","300.0","SUS PB 水切 焼付","2.5Y9/1","4","***沖縄ｱｰｽ 2.5Y9/1　＊7772用","2026/09/15","自社便","","2026/09/16","完成","岡","2026/09/10","製造"
"","九州工場","九州工場","","2026/08/31","26-R0002515-001-771","SE3030XC2","1.50","300.0","300.0","300.0","SUS PB 水切 焼付","2.5Y9/1","4","***沖縄ｱｰｽ 2.5Y9/1　＊7772用","2026/09/17","自社便","","2026/09/18","完成","岡","2026/09/14","製造"
"","九州工場","九州工場","","2026/08/31","26-R0002516-001-771","IE2020SC2","1.60","200.0","200.0","200.0","鉄 PB 平 焼付","2.5Y9/1","12","***沖縄ｱｰｽ 2.5Y9/1","2026/09/10","イトカツ","","2026/09/10","完成","古川","2026/09/07","製造"
"","九州工場","九州工場","","2026/08/31","26-R0002517-001-771","IE4020SC2","1.60","400.0","400.0","200.0","鉄 PB 平 焼付","2.5Y9/1","3","***沖縄ｱｰｽ 2.5Y9/1","2026/09/10","イトカツ","","2026/09/10","完成","古川","2026/09/07","製造"
"","九州工場","九州工場","","2026/08/31","26-R0002518-001-771","SE5040XC2","1.50","500.0","500.0","400.0","SUS PB 水切 焼付","2.5Y9/1","2","***沖縄ｱｰｽ 2.5Y9/1","2026/09/11","イトカツ","","2026/09/11","完成","古川","2026/09/08","製造"
"","九州工場","九州工場","","2026/08/31","26-R0002519-001-771","SE2015XC2","1.50","200.0","200.0","150.0","SUS PB 水切 焼付","2.5Y9/1","12","***沖縄ｱｰｽ 2.5Y9/1","2026/09/14","自社便","","2026/09/15","完成","岡","2026/09/09","製造"
"","九州工場","九州工場","","2026/08/31","26-R0002520-001-771","SE2015XC2","1.50","200.0","200.0","150.0","SUS PB 水切 焼付","2.5Y9/1","12","***沖縄ｱｰｽ 2.5Y9/1","2026/09/15","自社便","","2026/09/16","完成","岡","2026/09/10","製造"
"","九州工場","九州工場","","2026/08/31","26-R0002521-001-771","SE2015XC2","1.50","200.0","200.0","150.0","SUS PB 水切 焼付","2.5Y9/1","12","***沖縄ｱｰｽ 2.5Y9/1","2026/09/16","自社便","","2026/09/17","完成","岡","2026/09/11","製造"
"","九州工場","九州工場","","2026/08/31","26-R0002522-001-771","BE1010SC2","1.60","100.0","100.0","100.0","国土 PB 平 焼付","2.5Y9/1","10","***沖縄ｱｰｽ 2.5Y9/1","2026/09/11","イトカツ","","2026/09/11","完成","岡","2026/09/08","製造"
"","九州工場","九州工場","","2026/08/31","26-R0002523-001-771","BE1010SC2","1.60","100.0","100.0","100.0","国土 PB 平 焼付","2.5Y9/1","10","***沖縄ｱｰｽ 2.5Y9/1","2026/09/14","イトカツ","","2026/09/14","完成","古川","2026/09/09","製造"
"","九州工場","九州工場","","2026/08/31","26-R0002524-001-771","BE1010SC2","1.60","100.0","100.0","100.0","国土 PB 平 焼付","2.5Y9/1","10","***沖縄ｱｰｽ 2.5Y9/1","2026/09/15","イトカツ","","2026/09/15","完成","岡","2026/09/10","製造"
"","九州工場","九州工場","","2026/08/31","26-R0002525-001-771","BE1510SC2","1.60","150.0","150.0","100.0","国土 PB 平 焼付","2.5Y9/1","10","***沖縄ｱｰｽ 2.5Y9/1","2026/09/15","自社便","","2026/09/16","完成","岡","2026/09/10","製造"
"","九州工場","九州工場","","2026/08/31","26-R0002526-001-771","BE2015SC2","1.60","200.0","200.0","150.0","国土 PB 平 焼付","2.5Y9/1","12","***沖縄ｱｰｽ 2.5Y9/1","2026/09/10","自社便","","2026/09/11","完成","岡","2026/09/07","製造"
"","九州工場","九州工場","","2026/08/31","26-R0002527-001-771","BE2015SC2","1.60","200.0","200.0","150.0","国土 PB 平 焼付","2.5Y9/1","12","***沖縄ｱｰｽ 2.5Y9/1","2026/09/14","自社便","","2026/09/14","完成","古川","2026/09/09","製造"
"","九州工場","九州工場","","2026/08/31","26-R0002528-001-771","BE1510SC2","1.60","150.0","150.0","100.0","国土 PB 平 焼付","2.5Y9/1","10","***沖縄ｱｰｽ 2.5Y9/1","2026/09/16","自社便","","2026/09/17","完成","岡","2026/09/11","製造"
"","九州工場","九州工場","","2026/08/31","26-R0002529-001-771","BE1515SC2","1.60","150.0","150.0","150.0","国土 PB 平 焼付","2.5Y9/1","12","***沖縄ｱｰｽ 2.5Y9/1","2026/09/16","自社便","","2026/09/17","完成","岡","2026/09/11","製造"
"","九州工場","九州工場","","2026/08/31","26-R0002530-001-771","BE3015SC2","1.60","300.0","300.0","150.0","国土 PB 平 焼付","2.5Y9/1","6","***沖縄ｱｰｽ 2.5Y9/1","2026/09/16","自社便","","2026/09/17","完成","岡","2026/09/11","製造"
"","九州工場","九州工場","","2026/08/31","26-R0002531-001-771","IE3015SC2","1.60","300.0","300.0","150.0","鉄 PB 平 焼付","2.5Y9/1","3","***沖縄ｱｰｽ 2.5Y9/1","2026/09/15","イトカツ","","2026/09/15","完成","古川","2026/09/10","製造"
"","九州工場","九州工場","","2026/08/31","26-R0002532-001-771","ZE2020X2","2.30","200.0","200.0","200.0","ZN PB 水切","","6","***沖縄ｱｰｽ","2026/09/11","イトカツ","","2026/09/11","完成","倉重","2026/09/04","製造"
"","九州工場","九州工場","","2026/09/01","26-R0002543-001-771","SE5040WN","1.50","500.0","500.0","400.0","SUS PB 被せ","","4","***北ｱｰｽ","2026/09/09","自社便","","2026/09/10","完成","坂元","2026/09/08","製造"
"","九州工場","九州工場","","2026/09/01","26-R0002544-001-771","SE5050XN","1.50","500.0","500.0","500.0","SUS PB 水切","","4","***北ｱｰｽ","2026/09/10","自社便","","2026/09/11","完成","坂元","2026/09/09","製造"
"","九州工場","九州工場","","2026/09/01","26-R0002545-001-771","SE4030XN","1.50","400.0","400.0","300.0","SUS PB 水切","","6","***北ｱｰｽ","2026/09/10","自社便","","2026/09/11","完成","井上","2026/09/09","製造"
"","九州工場","九州工場","","2026/09/01","26-R0002546-001-771","SE4020WN","1.50","400.0","400.0","200.0","SUS PB 被せ","","6","***北ｱｰｽ","2026/09/10","自社便","","2026/09/11","完成","井上","2026/09/09","製造"
"","九州工場","九州工場","","2026/09/01","26-R0002547-001-771","BE5050SG","1.60","500.0","500.0","500.0","国土 PB 平","","4","***北ｱｰｽ さび止め","2026/09/10","自社便","","2026/09/11","完成","倉重","2026/09/09","製造"
"","九州工場","九州工場","","2026/09/01","26-R0002548-001-771","SE4030WN","1.50","400.0","400.0","300.0","SUS PB 被せ","","6","***北ｱｰｽ","2026/09/11","自社便","","2026/09/14","完成","井上","2026/09/10","製造"
"","九州工場","九州工場","","2026/09/01","26-R0002549-001-771","SE4030XN","1.50","400.0","400.0","300.0","SUS PB 水切","","6","***北ｱｰｽ","2026/09/14","自社便","","2026/09/15","完成","服部","2026/09/11","製造"
"","九州工場","九州工場","","2026/09/01","26-R0002550-001-771","SE5040WN","1.50","500.0","500.0","400.0","SUS PB 被せ","","4","***北ｱｰｽ","2026/09/14","自社便","","2026/09/15","完成","服部","2026/09/11","製造"
"","九州工場","九州工場","","2026/09/01","26-R0002553-001-771","SE2015XNN","1.50","200.0","200.0","150.0","SUS PB 水切","","10","***北ｱｰｽ生地(焼付用)","2026/09/09","","","","完成","三澄","2026/09/08","製造"
"","九州工場","九州工場","","2026/09/01","26-R0002556-001-771","DF0000N","1.60","450.0","250.0","125.0","Sﾀﾞｲﾏ 裏BOX","","2","生地 取付穴 Ｒ加工 ﾘﾍﾞｯﾄ止め","2026/09/16","イトカツ","","2026/09/16","完成","古川","2026/09/16","製造"
"","九州工場","九州工場","","2026/09/01","26-R0002557-001-771","DMK0000N","1.60","135.0","105.0","16.0","Sﾀﾞｲﾏ 曲金物","","4","曲げ金物","2026/09/16","イトカツ","","2026/09/16","完成","古川","2026/09/15","製造"
"","九州工場","九州工場","","2026/09/02","26-R0002560-001-771","BE2020SC2","1.60","200.0","200.0","200.0","国土 PB 平 焼付","2.5Y9/1","12","***沖縄ｱｰｽ 2.5Y9/1","2026/09/10","イトカツ","","2026/09/10","完成","古川","2026/09/07","製造"
"","九州工場","九州工場","","2026/09/02","26-R0002561-001-771","SE3015SC2","1.50","300.0","300.0","150.0","SUS PB 平 焼付","2.5Y9/1","6","***沖縄ｱｰｽ 2.5Y9/1 ﾊﾟｯｷﾝ付","2026/09/11","イトカツ","","2026/09/11","完成","古川","2026/09/08","製造"
"","九州工場","九州工場","","2026/09/02","26-R0002562-001-771","IE3020SC2","1.60","300.0","300.0","200.0","鉄 PB 平 焼付","2.5Y9/1","4","***沖縄ｱｰｽ 2.5Y9/1","2026/09/14","イトカツ","","2026/09/14","完成","森田","2026/09/09","製造"
"","九州工場","九州工場","","2026/09/03","26-R0002566-001-771","SOG5-6","3.00","530.0","300.0","40.0","SUS ガス乾燥機用架台","","10","ガス乾燥機アングル5～6kg兼用(標準)　Lx1 Rx1","2026/09/18","イトカツ","","2026/09/18","完成","倉重","2026/09/18","製造"
"","九州工場","九州工場","","2026/09/03","26-R0002567-001-771","SOG5-6","3.00","530.0","300.0","40.0","SUS ガス乾燥機用架台","","10","ガス乾燥機アングル5～6kg兼用(標準)　Lx1 Rx1","2026/10/07","イトカツ","","2026/10/07","完成","倉重","2026/10/07","製造"
"","九州工場","九州工場","","2026/09/04","26-R0002581-001-771","BE1510SNN","1.60","150.0","150.0","100.0","国土 PB 平","","10","***北ｱｰｽ 生地(焼付用)","2026/09/09","","","","完成","山口","2026/09/08","製造"
"","九州工場","九州工場","","2026/09/04","26-R0002582-001-771","BE2020SNN","1.60","200.0","200.0","200.0","国土 PB 平","","10","***北ｱｰｽ 生地(焼付用)","2026/09/09","","","","完成","山口","2026/09/08","製造"
"","九州工場","九州工場","","2026/09/04","26-R0002583-001-771","BE2020SNN","1.60","200.0","200.0","200.0","国土 PB 平","","10","***北ｱｰｽ 生地(焼付用)","2026/09/11","","","","完成","山口","2026/09/10","製造"
"","九州工場","九州工場","","2026/09/04","26-R0002584-001-771","BE5050SG","1.60","500.0","500.0","500.0","国土 PB 平","","4","***北ｱｰｽ さび止め","2026/09/15","自社便","","2026/09/16","完成","坂元","2026/09/14","製造"
"","九州工場","九州工場","","2026/09/04","26-R0002585-001-771","SE4020WN","1.50","400.0","400.0","200.0","SUS PB 被せ","","6","***北ｱｰｽ","2026/09/15","自社便","","2026/09/16","完成","井上","2026/09/14","製造"
"","九州工場","九州工場","","2026/09/04","26-R0002586-001-771","SE4030XN","1.50","400.0","400.0","300.0","SUS PB 水切","","6","***北ｱｰｽ","2026/09/16","自社便","","2026/09/17","完成","井上","2026/09/15","製造"
"","九州工場","九州工場","","2026/09/04","26-R0002587-001-771","SE4030WN","1.50","400.0","400.0","300.0","SUS PB 被せ","","6","***北ｱｰｽ","2026/09/16","自社便","","2026/09/17","完成","井上","2026/09/15","製造"
"","九州工場","九州工場","","2026/09/04","26-R0002588-001-771","BE5050SG","1.60","500.0","500.0","500.0","国土 PB 平","","4","***北ｱｰｽ さび止め","2026/09/17","自社便","","2026/09/18","完成","服部","2026/09/16","製造"
"","九州工場","九州工場","","2026/09/04","26-R0002589-001-771","SE5040WN","1.50","500.0","500.0","400.0","SUS PB 被せ","","4","***北ｱｰｽ","2026/09/17","自社便","","2026/09/18","完成","井上","2026/09/16","製造"
"","九州工場","九州工場","","2026/09/04","26-R0002590-001-771","SE4030XN","1.50","400.0","400.0","300.0","SUS PB 水切","","6","***北ｱｰｽ","2026/09/18","自社便","","2026/09/24","完成","井上","2026/09/17","製造"
"","九州工場","九州工場","","2026/09/04","26-R0002591-001-771","SE4020WN","1.50","400.0","400.0","200.0","SUS PB 被せ","","6","***北ｱｰｽ","2026/09/18","自社便","","2026/09/24","完成","古川","2026/09/17","製造"
"","九州工場","九州工場","","2026/09/04","26-R0002592-001-771","BE5050SG","1.60","500.0","500.0","500.0","国土 PB 平","","4","***北ｱｰｽ さび止め","2026/09/24","自社便","","2026/09/25","完成","服部","2026/09/18","製造"
"","九州工場","九州工場","","2026/09/04","26-R0002593-001-771","SE4030WN","1.50","400.0","400.0","300.0","SUS PB 被せ","","6","***北ｱｰｽ","2026/09/24","自社便","","2026/09/25","完成","服部","2026/09/18","製造"
"","九州工場","九州工場","","2026/09/04","26-R0002594-001-771","SE5050XN","1.50","500.0","500.0","500.0","SUS PB 水切","","4","***北ｱｰｽ","2026/09/15","自社便","","2026/09/16","完成","ロン","2026/09/14","製造"
"","九州工場","九州工場","","2026/09/04","26-R0002595-001-771","SE5050XN","1.50","500.0","500.0","500.0","SUS PB 水切","","4","***北ｱｰｽ","2026/09/17","自社便","","2026/09/18","完成","井上","2026/09/16","製造"
"","九州工場","九州工場","","2026/09/04","26-R0002596-001-771","SE5050XN","1.50","500.0","500.0","500.0","SUS PB 水切","","4","***北ｱｰｽ","2026/09/24","自社便","","2026/09/25","完成","服部","2026/09/18","製造"
"","九州工場","九州工場","","2026/09/04","26-R0002597-001-771","BE1510SC2","1.60","150.0","150.0","100.0","国土 PB 平 焼付","2.5Y9/1","10","***沖縄ｱｰｽ 2.5Y9/1","2026/09/17","自社便","","2026/09/18","完成","岡","2026/09/14","製造"
"","九州工場","九州工場","","2026/09/04","26-R0002598-001-771","BE1515SC2","1.60","150.0","150.0","150.0","国土 PB 平 焼付","2.5Y9/1","12","***沖縄ｱｰｽ 2.5Y9/1","2026/09/17","自社便","","2026/09/18","完成","岡","2026/09/14","製造"
"","九州工場","九州工場","","2026/09/04","26-R0002599-001-771","BE3020SC2","1.60","300.0","300.0","200.0","国土 PB 平 焼付","2.5Y9/1","6","***沖縄ｱｰｽ 2.5Y9/1","2026/09/17","自社便","","2026/09/18","完成","岡","2026/09/14","製造"
"","九州工場","九州工場","","2026/09/04","26-R0002600-001-771","SE2525XC2","1.50","250.0","250.0","250.0","SUS PB 水切 焼付","2.5Y9/1","4","***沖縄ｱｰｽ 2.5Y9/1","2026/09/17","イトカツ","","2026/09/17","完成","岡","2026/09/14","製造"
"","九州工場","九州工場","","2026/09/04","26-R0002601-001-771","BE1515SC2","1.60","150.0","150.0","150.0","国土 PB 平 焼付","2.5Y9/1","12","***沖縄ｱｰｽ 2.5Y9/1","2026/09/18","自社便","","2026/09/24","完成","古川","2026/09/15","製造"
"","九州工場","九州工場","","2026/09/04","26-R0002602-001-771","BE3015SC2","1.60","300.0","300.0","150.0","国土 PB 平 焼付","2.5Y9/1","6","***沖縄ｱｰｽ 2.5Y9/1","2026/09/18","自社便","","2026/09/24","完成","古川","2026/09/15","製造"
"","九州工場","九州工場","","2026/09/04","26-R0002603-001-771","SE2515XC2","1.50","250.0","250.0","150.0","SUS PB 水切 焼付","2.5Y9/1","8","***沖縄ｱｰｽ 2.5Y9/1","2026/09/18","イトカツ","","2026/09/18","完成","古川","2026/09/15","製造"
"","九州工場","九州工場","","2026/09/04","26-R0002604-001-771","SE2520XC2","1.50","250.0","250.0","200.0","SUS PB 水切 焼付","2.5Y9/1","8","***沖縄ｱｰｽ 2.5Y9/1","2026/09/18","イトカツ","","2026/09/18","完成","古川","2026/09/15","製造"
"","九州工場","九州工場","","2026/09/04","26-R0002605-001-771","SE3010XC2","1.50","300.0","300.0","100.0","SUS PB 水切 焼付","2.5Y9/1","4","***沖縄ｱｰｽ 2.5Y9/1","2026/09/18","イトカツ","","2026/09/18","完成","古川","2026/09/15","製造"
"","九州工場","九州工場","","2026/09/04","26-R0002606-001-771","BE3020SC2","1.60","300.0","300.0","200.0","国土 PB 平 焼付","2.5Y9/1","6","***沖縄ｱｰｽ 2.5Y9/1","2026/09/24","自社便","","2026/09/25","完成","古川","2026/09/16","製造"
"","九州工場","九州工場","","2026/09/04","26-R0002607-001-771","SE2020XC2","1.50","200.0","200.0","200.0","SUS PB 水切 焼付","2.5Y9/1","12","***沖縄ｱｰｽ 2.5Y9/1","2026/09/24","自社便","","2026/09/25","完成","古川","2026/09/16","製造"
"","九州工場","九州工場","","2026/09/04","26-R0002608-001-771","BE3020SC2","1.60","300.0","300.0","200.0","国土 PB 平 焼付","2.5Y9/1","6","***沖縄ｱｰｽ 2.5Y9/1","2026/09/25","自社便","","2026/09/28","完成","古川","2026/09/17","製造"
"","九州工場","九州工場","","2026/09/04","26-R0002609-001-771","SE2020XC2","1.50","200.0","200.0","200.0","SUS PB 水切 焼付","2.5Y9/1","12","***沖縄ｱｰｽ 2.5Y9/1","2026/09/25","自社便","","2026/09/28","完成","古川","2026/09/17","製造"
"","九州工場","九州工場","","2026/09/04","26-R0002610-001-771","IE1510SC2","1.60","150.0","150.0","100.0","鉄 PB 平 焼付","2.5Y9/1","10","***沖縄ｱｰｽ 2.5Y9/1","2026/09/25","自社便","","2026/09/28","完成","古川","2026/09/17","製造"
"","九州工場","九州工場","","2026/09/07","26-R0002617-001-771","IE3015SC2","1.60","300.0","300.0","150.0","鉄 PB 平 焼付","2.5Y9/1","6","***沖縄ｱｰｽ 2.5Y9/1","2026/09/24","イトカツ","","2026/09/24","完成","古川","2026/09/16","製造"
"","九州工場","九州工場","","2026/09/07","26-R0002618-001-771","BE3020SC2","1.60","300.0","300.0","200.0","国土 PB 平 焼付","2.5Y9/1","6","***沖縄ｱｰｽ 2.5Y9/1","2026/09/28","自社便","","2026/09/29","完成","倉重","2026/09/18","製造"
"","九州工場","九州工場","","2026/09/07","26-R0002620-001-771","SE2015XC2","1.50","200.0","200.0","150.0","SUS PB 水切 焼付","2.5Y9/1","12","***沖縄ｱｰｽ 2.5Y9/1","2026/09/28","自社便","","2026/09/29","完成","倉重","2026/09/18","製造"
"","九州工場","九州工場","","2026/09/07","26-R0002621-001-771","IE3020SC2","1.60","300.0","300.0","200.0","鉄 PB 平 焼付","2.5Y9/1","6","***沖縄ｱｰｽ 2.5Y9/1","2026/09/28","イトカツ","","2026/09/28","完成","倉重","2026/09/18","製造"
"","九州工場","九州工場","","2026/09/07","26-R0002626-001-771","SE4020XC5","1.50","400.0","400.0","200.0","SUS PB 水切 焼付","5Y7/1","1","***沖縄ｱｰｽ 5Y7/1","2026/09/24","イトカツ","","2026/09/24","完成","古川","2026/09/16","製造"
"","九州工場","九州工場","","2026/09/07","26-R0002627-001-771","SE2015XC5","1.50","200.0","200.0","150.0","SUS PB 水切 焼付","5Y7/1","3","***沖縄ｱｰｽ 5Y7/1","2026/09/25","イトカツ","","2026/09/25","完成","古川","2026/09/17","製造"
"","九州工場","九州工場","","2026/09/07","26-R0002628-001-771","SE1515XC5","1.50","150.0","150.0","150.0","SUS PB 水切 焼付","5Y7/1","4","***沖縄ｱｰｽ 5Y7/1","2026/09/25","イトカツ","","2026/09/25","完成","古川","2026/09/17","製造"
"","九州工場","九州工場","","2026/09/07","26-R0002629-001-771","SE1510XC5","1.50","150.0","150.0","100.0","SUS PB 水切 焼付","5Y7/1","6","***沖縄ｱｰｽ 5Y7/1","2026/09/28","イトカツ","","2026/09/28","完成","倉重","2026/09/18","製造"
"","九州工場","九州工場","","2026/09/07","26-R0002630-001-771","SE2020XC5","1.50","200.0","200.0","200.0","SUS PB 水切 焼付","5Y7/1","4","***沖縄ｱｰｽ 5Y7/1","2026/09/28","イトカツ","","2026/09/28","完成","岡","2026/09/18","製造"
"","九州工場","九州工場","","2026/09/11","26-R0002649-001-771","BE4040SG","1.60","400.0","400.0","400.0","国土 PB 平","","6","***北ｱｰｽ さび止め","2026/09/16","自社便","","2026/09/17","完成","服部","2026/09/15","製造"
"","九州工場","九州工場","","2026/09/11","26-R0002650-001-771","BE4040SG","1.60","400.0","400.0","400.0","国土 PB 平","","6","***北ｱｰｽ さび止め","2026/09/18","自社便","","2026/09/24","完成","古川","2026/09/17","製造"
"","九州工場","九州工場","","2026/09/11","26-R0002651-001-771","BE4040SG","1.60","400.0","400.0","400.0","国土 PB 平","","6","***北ｱｰｽ さび止め","2026/09/25","自社便","","2026/09/28","完成","坂元","2026/09/24","製造"
"","九州工場","九州工場","","2026/09/11","26-R0002652-001-771","BE4040SG","1.60","400.0","400.0","400.0","国土 PB 平","","6","***北ｱｰｽ さび止め","2026/09/29","自社便","","2026/09/30","完成","坂元","2026/09/28","製造"
"","九州工場","九州工場","","2026/09/11","26-R0002653-001-771","SE4040XN","1.50","400.0","400.0","400.0","SUS PB 水切","","6","***北ｱｰｽ","2026/09/17","自社便","","2026/09/18","完成","井上","2026/09/16","製造"
"","九州工場","九州工場","","2026/09/11","26-R0002654-001-771","SE4040XN","1.50","400.0","400.0","400.0","SUS PB 水切","","6","***北ｱｰｽ","2026/09/24","自社便","","2026/09/25","完成","服部","2026/09/18","製造"
"","九州工場","九州工場","","2026/09/11","26-R0002655-001-771","SE4040XN","1.50","400.0","400.0","400.0","SUS PB 水切","","6","***北ｱｰｽ","2026/09/28","自社便","","2026/09/29","完成","坂元","2026/09/25","製造"
"","九州工場","九州工場","","2026/09/11","26-R0002656-001-771","SE4040XN","1.50","400.0","400.0","400.0","SUS PB 水切","","6","***北ｱｰｽ","2026/09/30","自社便","","2026/10/01","完成","倉重","2026/09/29","製造"
"","九州工場","九州工場","","2026/09/11","26-R0002657-001-771","BE1510SNN","1.60","150.0","150.0","100.0","国土 PB 平","","10","***北ｱｰｽ 生地(焼付用)","2026/09/24","","","","完成","山口","2026/09/18","製造"
"","九州工場","九州工場","","2026/09/11","26-R0002658-001-771","BE2010SNN","1.60","200.0","200.0","100.0","国土 PB 平","","10","***北ｱｰｽ 生地(焼付用)","2026/09/16","","","","完成","三澄","2026/09/15","製造"
"","九州工場","九州工場","","2026/09/11","26-R0002659-001-771","BE2010SNN","1.60","200.0","200.0","100.0","国土 PB 平","","10","***北ｱｰｽ 生地(焼付用)","2026/09/17","","","","完成","山口","2026/09/16","製造"
"","九州工場","九州工場","","2026/09/11","26-R0002660-001-771","BE2010SNN","1.60","200.0","200.0","100.0","国土 PB 平","","10","***北ｱｰｽ 生地(焼付用)","2026/09/25","","","","完成","三澄","2026/09/24","製造"
"","九州工場","九州工場","","2026/09/11","26-R0002661-001-771","BE2020SNN","1.60","200.0","200.0","200.0","国土 PB 平","","10","***北ｱｰｽ 生地(焼付用)","2026/09/18","","","","完成","山口","2026/09/17","製造"
"","九州工場","九州工場","","2026/09/11","26-R0002662-001-771","BE3020SNN","1.60","300.0","300.0","200.0","国土 PB 平","","10","***北ｱｰｽ 生地(焼付用)","2026/09/17","","","","完成","山口","2026/09/16","製造"
"","九州工場","九州工場","","2026/09/11","26-R0002663-001-771","BE3020SNN","1.60","300.0","300.0","200.0","国土 PB 平","","10","***北ｱｰｽ 生地(焼付用)","2026/09/28","","","","完成","フイ","2026/09/25","製造"
"","九州工場","九州工場","","2026/09/11","26-R0002664-001-771","SE1510XNN","1.50","150.0","150.0","100.0","SUS PB 水切","","10","***北ｱｰｽ生地(焼付用)","2026/09/24","","","","完成","三澄","2026/09/18","製造"
"","九州工場","九州工場","","2026/09/11","26-R0002665-001-771","SE2010XNN","1.50","200.0","200.0","100.0","SUS PB 水切","","10","***北ｱｰｽ生地(焼付用)","2026/09/18","","","","完成","三澄","2026/09/17","製造"
"","九州工場","九州工場","","2026/09/11","26-R0002666-001-771","SE3020XNN","1.50","300.0","300.0","200.0","SUS PB 水切","","10","***北ｱｰｽ生地(焼付用)","2026/09/17","","","","完成","三澄","2026/09/16","製造"
"","九州工場","九州工場","","2026/09/11","26-R0002667-001-771","SE3020XNN","1.50","300.0","300.0","200.0","SUS PB 水切","","10","***北ｱｰｽ生地(焼付用)","2026/09/25","","","","完成","三澄","2026/09/24","製造"
"","九州工場","九州工場","","2026/09/14","26-R0002671-001-771","SE5050XN","1.50","500.0","500.0","500.0","SUS PB 水切","","4","***北ｱｰｽ","2026/10/02","自社便","","2026/10/05","完成","樋口","2026/10/01","製造"
"","九州工場","九州工場","","2026/09/14","26-R0002672-001-771","SE4030XN","1.50","400.0","400.0","300.0","SUS PB 水切","","6","***北ｱｰｽ","2026/09/25","自社便","","2026/09/28","完成","坂元","2026/09/24","製造"
"","九州工場","九州工場","","2026/09/14","26-R0002673-001-771","BE5050SG","1.60","500.0","500.0","500.0","国土 PB 平","","4","***北ｱｰｽ さび止め","2026/09/29","自社便","","2026/09/30","完成","倉重","2026/09/28","製造"
"","九州工場","九州工場","","2026/09/14","26-R0002674-001-771","SE5040WN","1.50","500.0","500.0","400.0","SUS PB 被せ","","4","***北ｱｰｽ","2026/09/25","自社便","","2026/09/28","完成","樋口","2026/09/24","製造"
"","九州工場","九州工場","","2026/09/14","26-R0002675-001-771","SE5040WN","1.50","500.0","500.0","400.0","SUS PB 被せ","","4","***北ｱｰｽ","2026/09/30","自社便","","2026/10/01","完成","倉重","2026/09/29","製造"
"","九州工場","九州工場","","2026/09/14","26-R0002676-001-771","SE4020WN","1.50","400.0","400.0","200.0","SUS PB 被せ","","6","***北ｱｰｽ","2026/09/28","自社便","","2026/09/29","完成","倉重","2026/09/25","製造"
"","九州工場","九州工場","","2026/09/14","26-R0002677-001-771","SE4020WN","1.50","400.0","400.0","200.0","SUS PB 被せ","","6","***北ｱｰｽ","2026/10/01","自社便","","2026/10/02","完成","樋口","2026/09/30","製造"
"","九州工場","九州工場","","2026/09/14","26-R0002678-001-771","SE4030WN","1.50","400.0","400.0","300.0","SUS PB 被せ","","6","***北ｱｰｽ","2026/09/29","自社便","","2026/09/30","完成","坂元","2026/09/28","製造"
"","九州工場","九州工場","","2026/09/14","26-R0002679-001-771","SE4030WN","1.50","400.0","400.0","300.0","SUS PB 被せ","","6","***北ｱｰｽ","2026/10/02","自社便","","2026/10/05","完成","樋口","2026/10/01","製造"
"","九州工場","九州工場","","2026/09/14","26-R0002680-001-771","SE5050XN","1.50","500.0","500.0","500.0","SUS PB 水切","","4","***北ｱｰｽ","2026/09/28","自社便","","2026/09/29","完成","坂元","2026/09/25","製造"
"","九州工場","九州工場","","2026/09/14","26-R0002681-001-771","SE5050XN","1.50","500.0","500.0","500.0","SUS PB 水切","","4","***北ｱｰｽ","2026/09/30","自社便","","2026/10/01","完成","坂元","2026/09/29","製造"
"","九州工場","九州工場","","2026/09/14","26-R0002682-001-771","BE3020SC2","1.60","300.0","300.0","200.0","国土 PB 平 焼付","2.5Y9/1","6","***沖縄ｱｰｽ 2.5Y9/1","2026/09/29","自社便","","2026/09/30","完成","古川","2026/09/24","製造"
"","九州工場","九州工場","","2026/09/14","26-R0002683-001-771","BE3020SC2","1.60","300.0","300.0","200.0","国土 PB 平 焼付","2.5Y9/1","6","***沖縄ｱｰｽ 2.5Y9/1","2026/09/30","自社便","","2026/10/01","完成","岡","2026/09/25","製造"
"","九州工場","九州工場","","2026/09/14","26-R0002684-001-771","SE2015XC2","1.50","200.0","200.0","150.0","SUS PB 水切 焼付","2.5Y9/1","12","***沖縄ｱｰｽ 2.5Y9/1","2026/09/29","自社便","","2026/09/30","完成","古川","2026/09/24","製造"
"","九州工場","九州工場","","2026/09/14","26-R0002685-001-771","SE2010XC2","1.50","200.0","200.0","100.0","SUS PB 水切 焼付","2.5Y9/1","10","***沖縄ｱｰｽ 2.5Y9/1","2026/10/01","自社便","","2026/10/02","完成","古川","2026/09/28","製造"
"","九州工場","九州工場","","2026/09/14","26-R0002686-001-771","SE2010XC2","1.50","200.0","200.0","100.0","SUS PB 水切 焼付","2.5Y9/1","10","***沖縄ｱｰｽ 2.5Y9/1","2026/10/02","自社便","","2026/10/05","完成","古川","2026/09/29","製造"
"","九州工場","九州工場","","2026/09/14","26-R0002687-001-771","SE2010XC2","1.50","200.0","200.0","100.0","SUS PB 水切 焼付","2.5Y9/1","10","***沖縄ｱｰｽ 2.5Y9/1","2026/10/06","自社便","","2026/10/07","完成","古川","2026/10/01","製造"
"","九州工場","九州工場","","2026/09/14","26-R0002688-001-771","SE2010XC2","1.50","200.0","200.0","100.0","SUS PB 水切 焼付","2.5Y9/1","10","***沖縄ｱｰｽ 2.5Y9/1","2026/10/07","自社便","","2026/10/08","完成","古川","2026/10/02","製造"
"","九州工場","九州工場","","2026/09/14","26-R0002689-001-771","SE1515XC2","1.50","150.0","150.0","150.0","SUS PB 水切 焼付","2.5Y9/1","12","***沖縄ｱｰｽ 2.5Y9/1","2026/10/01","自社便","","2026/10/02","完成","古川","2026/09/28","製造"
"","九州工場","九州工場","","2026/09/14","26-R0002690-001-771","SE1515XC2","1.50","150.0","150.0","150.0","SUS PB 水切 焼付","2.5Y9/1","12","***沖縄ｱｰｽ 2.5Y9/1","2026/10/02","自社便","","2026/10/05","完成","古川","2026/09/29","製造"
"","九州工場","九州工場","","2026/09/14","26-R0002691-001-771","SE1515XC2","1.50","150.0","150.0","150.0","SUS PB 水切 焼付","2.5Y9/1","12","***沖縄ｱｰｽ 2.5Y9/1","2026/10/06","自社便","","2026/10/07","完成","古川","2026/10/01","製造"
"","九州工場","九州工場","","2026/09/14","26-R0002692-001-771","SE1515XC2","1.50","150.0","150.0","150.0","SUS PB 水切 焼付","2.5Y9/1","12","***沖縄ｱｰｽ 2.5Y9/1","2026/10/05","自社便","","2026/10/06","完成","倉重","2026/09/30","製造"
"","九州工場","九州工場","","2026/09/14","26-R0002693-001-771","SE1515XC2","1.50","150.0","150.0","150.0","SUS PB 水切 焼付","2.5Y9/1","12","***沖縄ｱｰｽ 2.5Y9/1","2026/10/07","自社便","","2026/10/08","完成","古川","2026/10/02","製造"
"","九州工場","九州工場","","2026/09/14","26-R0002694-001-771","IE1510SC2","1.60","150.0","150.0","100.0","鉄 PB 平 焼付","2.5Y9/1","10","***沖縄ｱｰｽ 2.5Y9/1","2026/09/29","自社便","","2026/09/30","完成","古川","2026/09/24","製造"
"","九州工場","九州工場","","2026/09/14","26-R0002695-001-771","IE1510SC2","1.60","150.0","150.0","100.0","鉄 PB 平 焼付","2.5Y9/1","10","***沖縄ｱｰｽ 2.5Y9/1","2026/09/30","自社便","","2026/10/01","完成","岡","2026/09/25","製造"
"","九州工場","九州工場","","2026/09/14","26-R0002696-001-771","IE1510SC2","1.60","150.0","150.0","100.0","鉄 PB 平 焼付","2.5Y9/1","10","***沖縄ｱｰｽ 2.5Y9/1","2026/10/02","自社便","","2026/10/05","完成","岡","2026/09/29","製造"
"","九州工場","九州工場","","2026/09/14","26-R0002697-001-771","IE1510SC2","1.60","150.0","150.0","100.0","鉄 PB 平 焼付","2.5Y9/1","10","***沖縄ｱｰｽ 2.5Y9/1","2026/10/06","自社便","","2026/10/07","完成","古川","2026/10/01","製造"
"","九州工場","九州工場","","2026/09/14","26-R0002698-001-771","IE1510SC2","1.60","150.0","150.0","100.0","鉄 PB 平 焼付","2.5Y9/1","10","***沖縄ｱｰｽ 2.5Y9/1","2026/10/07","自社便","","2026/10/08","完成","古川","2026/10/02","製造"
"","九州工場","九州工場","","2026/09/14","26-R0002699-001-771","IE1515SC2","1.60","150.0","150.0","150.0","鉄 PB 平 焼付","2.5Y9/1","12","***沖縄ｱｰｽ 2.5Y9/1","2026/09/29","自社便","","2026/09/30","完成","古川","2026/09/24","製造"
"","九州工場","九州工場","","2026/09/14","26-R0002700-001-771","IE1515SC2","1.60","150.0","150.0","150.0","鉄 PB 平 焼付","2.5Y9/1","12","***沖縄ｱｰｽ 2.5Y9/1","2026/09/30","自社便","","2026/10/01","完成","岡","2026/09/25","製造"
"","九州工場","九州工場","","2026/09/14","26-R0002701-001-771","IE1515SC2","1.60","150.0","150.0","150.0","鉄 PB 平 焼付","2.5Y9/1","12","***沖縄ｱｰｽ 2.5Y9/1","2026/10/07","自社便","","2026/10/08","完成","古川","2026/10/02","製造"
"","九州工場","九州工場","","2026/09/14","26-R0002702-001-771","IE4020SC2","1.60","400.0","400.0","200.0","鉄 PB 平 焼付","2.5Y9/1","3","***沖縄ｱｰｽ 2.5Y9/1","2026/10/05","自社便","","2026/10/06","完成","樋口","2026/09/30","製造"
"","九州工場","九州工場","","2026/09/14","26-R0002703-001-771","IE3020SC2","1.60","300.0","300.0","200.0","鉄 PB 平 焼付","2.5Y9/1","6","***沖縄ｱｰｽ 2.5Y9/1","2026/09/30","イトカツ","","2026/09/30","完成","古川","2026/09/25","製造"
"","九州工場","九州工場","","2026/09/14","26-R0002704-001-771","BE2020SC2","1.60","200.0","200.0","200.0","国土 PB 平 焼付","2.5Y9/1","12","***沖縄ｱｰｽ 2.5Y9/1","2026/09/29","イトカツ","","2026/09/29","完成","森田","2026/09/24","製造"
"","九州工場","九州工場","","2026/09/14","26-R0002705-001-771","SE5020SC2","1.50","500.0","500.0","200.0","SUS PB 平 焼付","2.5Y9/1","1","***沖縄ｱｰｽ 2.5Y9/1 ﾊﾟｯｷﾝ付","2026/10/01","イトカツ","","2026/10/01","完成","古川","2026/09/28","製造"
"","九州工場","九州工場","","2026/09/14","26-R0002706-001-771","IE2020SC2","1.60","200.0","200.0","200.0","鉄 PB 平 焼付","2.5Y9/1","12","***沖縄ｱｰｽ 2.5Y9/1","2026/09/29","イトカツ","","2026/09/29","完成","古川","2026/09/24","製造"
"","九州工場","九州工場","","2026/09/14","26-R0002707-001-771","BE2015SC2","1.60","200.0","200.0","150.0","国土 PB 平 焼付","2.5Y9/1","12","***沖縄ｱｰｽ 2.5Y9/1","2026/10/05","イトカツ","","2026/10/05","完成","古川","2026/09/30","製造"
"","九州工場","九州工場","","2026/09/14","26-R0002708-001-771","BE4040SC","1.60","400.0","400.0","400.0","国土 PB 平 焼付","2.5Y9/1","2","***沖縄ｱｰｽ 2.5Y9/1","2026/09/30","自社便","","2026/10/01","完成","坂元","2026/09/25","製造"
"","九州工場","九州工場","","2026/09/14","26-R0002709-001-771","SE5020XC2","1.50","500.0","500.0","200.0","SUS PB 水切 焼付","2.5Y9/1","3","***沖縄ｱｰｽ 2.5Y9/1","2026/09/30","自社便","","2026/10/01","完成","岡","2026/09/25","製造"
"","九州工場","九州工場","","2026/09/16","26-R0002710-001-771","SE2515SC2","1.50","250.0","250.0","150.0","SUS PB 平 焼付","2.5Y9/1","4","***沖縄ｱｰｽ 2.5Y9/1 ﾊﾟｯｷﾝ付","2026/09/28","イトカツ","","2026/09/28","完成","倉重","2026/09/18","製造"
"","九州工場","九州工場","","2026/09/16","26-R0002711-001-771","BE4030SC2","1.60","400.0","400.0","300.0","国土 PB 平 焼付","2.5Y9/1","2","***沖縄ｱｰｽ 2.5Y9/1","2026/09/29","イトカツ","","2026/09/29","完成","古川","2026/09/24","製造"
"","九州工場","九州工場","","2026/09/16","26-R0002712-001-771","BE4030SC2","1.60","400.0","400.0","300.0","国土 PB 平 焼付","2.5Y9/1","3","***沖縄ｱｰｽ 2.5Y9/1","2026/10/01","イトカツ","","2026/10/01","完成","古川","2026/09/28","製造"
"","九州工場","九州工場","","2026/09/16","26-R0002713-001-771","SE3020XC5","1.50","300.0","300.0","200.0","SUS PB 水切 焼付","5Y7/1","4","***沖縄ｱｰｽ 5Y7/1","2026/10/01","イトカツ","","2026/10/01","完成","古川","2026/09/28","製造"
"","九州工場","九州工場","","2026/09/16","26-R0002714-001-771","ZE3020X2","2.30","300.0","300.0","200.0","ZN PB 水切","","3","***沖縄ｱｰｽ","2026/10/05","イトカツ","","2026/10/05","完成","金光","2026/09/28","製造"
"","九州工場","九州工場","","2026/09/16","26-R0002715-001-771","BE3020SC2","1.60","300.0","300.0","200.0","国土 PB 平 焼付","2.5Y9/1","6","***沖縄ｱｰｽ 2.5Y9/1","2026/10/02","イトカツ","","2026/10/02","完成","古川","2026/09/29","製造"
"","九州工場","九州工場","","2026/09/16","26-R0002716-001-771","BE3020SC2","1.60","300.0","300.0","200.0","国土 PB 平 焼付","2.5Y9/1","8","***沖縄ｱｰｽ 2.5Y9/1","2026/10/06","イトカツ","","2026/10/06","完成","古川","2026/10/01","製造"
"","九州工場","九州工場","","2026/09/16","26-R0002717-001-771","IE1515SC2","1.60","150.0","150.0","150.0","鉄 PB 平 焼付","2.5Y9/1","12","***沖縄ｱｰｽ 2.5Y9/1","2026/10/07","イトカツ","","2026/10/07","完成","古川","2026/10/02","製造"
"","九州工場","九州工場","","2026/09/16","26-R0002718-001-771","BE4020SG","1.60","400.0","400.0","200.0","国土 PB 平","","6","***北ｱｰｽ さび止め","2026/09/18","自社便","","2026/09/24","完成","古川","2026/09/17","製造"
"","九州工場","九州工場","","2026/09/16","26-R0002719-001-771","BE4020SG","1.60","400.0","400.0","200.0","国土 PB 平","","6","***北ｱｰｽ さび止め","2026/09/24","自社便","","2026/09/25","完成","坂元","2026/09/18","製造"
"","九州工場","九州工場","","2026/09/16","26-R0002720-001-771","II0000G","1.60","100.0","100.0","0.0","鉄 切板","","1","さび止め","2026/09/17","佐川急便","","2026/09/17","完成","服部","2026/09/16","製造"
"","九州工場","九州工場","","2026/09/28","26-R0002961-001-771","BE2020SC2","1.60","200.0","200.0","200.0","国土 PB 平 焼付","2.5Y9/1","12","***沖縄ｱｰｽ 2.5Y9/1","2026/10/02","イトカツ","","2026/10/02","完成","古川","2026/09/29","製造"
"","九州工場","九州工場","","2026/09/28","26-R0002962-001-771","ZE1510X2","2.30","150.0","150.0","100.0","ZN PB 水切","","16","***沖縄ｱｰｽ","2026/10/07","イトカツ","","2026/10/07","完成","倉重","2026/09/30","製造"
"","九州工場","九州工場","","2026/09/28","26-R0002963-001-771","ZE2015X2","2.30","200.0","200.0","150.0","ZN PB 水切","","4","***沖縄ｱｰｽ","2026/10/07","イトカツ","","2026/10/07","完成","倉重","2026/09/30","製造"
"","九州工場","九州工場","","2026/09/28","26-R0002964-001-771","SE2515SC2","1.50","250.0","250.0","150.0","SUS PB 平 焼付","2.5Y9/1","8","***沖縄ｱｰｽ 2.5Y9/1 ﾊﾟｯｷﾝ付","2026/10/05","イトカツ","","2026/10/05","完成","古川","2026/09/30","製造"
"","九州工場","九州工場","","2026/09/28","26-R0002965-001-771","ZE2010X2","2.30","200.0","200.0","100.0","ZN PB 水切","","6","***沖縄ｱｰｽ","2026/10/08","イトカツ","","2026/10/08","完成","倉重","2026/10/01","製造"
"","九州工場","九州工場","","2026/09/28","26-R0002966-001-771","B02020SC2","1.60","200.0","200.0","0.0","国土 ふた 焼付","2.5Y9/1","6","***沖縄平ふた 2.5Y9/1","2026/10/06","イトカツ","","2026/10/06","完成","古川","2026/10/01","製造"
"","九州工場","九州工場","","2026/09/28","26-R0002967-001-771","SE1010SC2","1.50","100.0","100.0","100.0","SUS PB 平 焼付","2.5Y9/1","10","***沖縄ｱｰｽ 2.5Y9/1 ﾊﾟｯｷﾝ付","2026/10/06","イトカツ","","2026/10/06","完成","古川","2026/10/01","製造"
"","九州工場","九州工場","","2026/09/28","26-R0002968-001-771","SE5020SC2","1.50","500.0","500.0","200.0","SUS PB 平 焼付","2.5Y9/1","2","***沖縄ｱｰｽ 2.5Y9/1 ﾊﾟｯｷﾝ付","2026/10/06","イトカツ","","2026/10/06","完成","古川","2026/10/01","製造"
"","九州工場","九州工場","","2026/09/28","26-R0002969-001-771","ZE2010X2","2.30","200.0","200.0","100.0","ZN PB 水切","","12","***沖縄ｱｰｽ","2026/10/09","イトカツ","","2026/10/09","完成","倉重","2026/10/05","製造"
"","九州工場","九州工場","","2026/09/28","26-R0002970-001-771","ZE2015X2","2.30","200.0","200.0","150.0","ZN PB 水切","","4","***沖縄ｱｰｽ","2026/10/09","イトカツ","","2026/10/09","完成","倉重","2026/10/05","製造"
"","九州工場","九州工場","","2026/09/28","26-R0002971-001-771","SE1515SC2","1.50","150.0","150.0","150.0","SUS PB 平 焼付","2.5Y9/1","6","***沖縄ｱｰｽ 2.5Y9/1 ﾊﾟｯｷﾝ付","2026/10/09","イトカツ","","2026/10/09","完成","古川","2026/10/06","製造"
"","九州工場","九州工場","","2026/09/28","26-R0002972-001-771","SE1515SC2","1.50","150.0","150.0","150.0","SUS PB 平 焼付","2.5Y9/1","12","***沖縄ｱｰｽ 2.5Y9/1 ﾊﾟｯｷﾝ付","2026/10/13","イトカツ","","2026/10/13","塗装","ナム","2026/10/07","製造"
"","九州工場","九州工場","","2026/09/28","26-R0002973-001-771","IE3020SC2","1.60","300.0","300.0","200.0","鉄 PB 平 焼付","2.5Y9/1","4","***沖縄ｱｰｽ 2.5Y9/1","2026/10/14","イトカツ","","2026/10/14","塗装","山口","2026/10/08","製造"
"","九州工場","九州工場","","2026/09/28","26-R0002974-001-771","BE4030SC2","1.60","400.0","400.0","300.0","国土 PB 平 焼付","2.5Y9/1","3","***沖縄ｱｰｽ 2.5Y9/1","2026/10/15","イトカツ","","2026/10/15","仕上","山口","2026/10/09","製造"
"","九州工場","九州工場","","2026/09/28","26-R0002975-001-771","IE1515SC2","1.60","150.0","150.0","150.0","鉄 PB 平 焼付","2.5Y9/1","12","***沖縄ｱｰｽ 2.5Y9/1","2026/10/08","イトカツ","","2026/10/08","完成","古川","2026/10/05","製造"
"","九州工場","九州工場","","2026/09/28","26-R0002976-001-771","ZE3020X2","2.30","300.0","300.0","200.0","ZN PB 水切","","3","***沖縄ｱｰｽ","2026/10/13","イトカツ","","2026/10/13","組立","金光","2026/10/05","製造"
"","九州工場","九州工場","","2026/09/28","26-R0002977-001-771","BE2020SC2","1.60","200.0","200.0","200.0","国土 PB 平 焼付","2.5Y9/1","12","***沖縄ｱｰｽ 2.5Y9/1","2026/10/14","自社便","","2026/10/15","塗装","山口","2026/10/08","製造"
"","九州工場","九州工場","","2026/09/28","26-R0002978-001-771","BE2020SC2","1.60","200.0","200.0","200.0","国土 PB 平 焼付","2.5Y9/1","12","***沖縄ｱｰｽ 2.5Y9/1","2026/10/15","自社便","","2026/10/16","仕上","三澄","2026/10/09","製造"
"","九州工場","九州工場","","2026/09/28","26-R0002979-001-771","SE4020XC2","1.50","400.0","400.0","200.0","SUS PB 水切 焼付","2.5Y9/1","3","***沖縄ｱｰｽ 2.5Y9/1","2026/10/15","自社便","","2026/10/16","仕上","三澄","2026/10/09","製造"
"","九州工場","九州工場","","2026/09/28","26-R0002980-001-771","SE2010XC2","1.50","200.0","200.0","100.0","SUS PB 水切 焼付","2.5Y9/1","10","***沖縄ｱｰｽ 2.5Y9/1","2026/10/08","自社便","","2026/10/09","完成","岡","2026/10/05","製造"
"","九州工場","九州工場","","2026/09/28","26-R0002981-001-771","IE4020SC2","1.60","400.0","400.0","200.0","鉄 PB 平 焼付","2.5Y9/1","4","***沖縄ｱｰｽ 2.5Y9/1","2026/10/13","自社便","","2026/10/14","塗装","ナム","2026/10/07","製造"
"","九州工場","九州工場","","2026/09/28","26-R0002982-001-771","SE2520XC2","1.50","250.0","250.0","200.0","SUS PB 水切 焼付","2.5Y9/1","4","***沖縄ｱｰｽ 2.5Y9/1","2026/10/14","イトカツ","","2026/10/14","塗装","山口","2026/10/08","製造"
"","九州工場","九州工場","","2026/09/28","26-R0002983-001-771","SE3010XC2","1.50","300.0","300.0","100.0","SUS PB 水切 焼付","2.5Y9/1","4","***沖縄ｱｰｽ 2.5Y9/1","2026/10/14","イトカツ","","2026/10/14","塗装","山口","2026/10/08","製造"
"","九州工場","九州工場","","2026/09/28","26-R0002984-001-771","ZE2020X2","2.30","200.0","200.0","200.0","ZN PB 水切","","6","***沖縄ｱｰｽ","2026/10/19","イトカツ","","2026/10/19","外注","フイ","2026/10/09","製造"
"","九州工場","九州工場","","2026/09/28","26-R0002985-001-771","BE1510SC2","1.60","150.0","150.0","100.0","国土 PB 平 焼付","2.5Y9/1","10","***沖縄ｱｰｽ 2.5Y9/1","2026/10/15","自社便","","2026/10/16","仕上","三澄","2026/10/09","製造"
"","九州工場","九州工場","","2026/09/28","26-R0002986-001-771","IE2020SC2","1.60","200.0","200.0","200.0","鉄 PB 平 焼付","2.5Y9/1","12","***沖縄ｱｰｽ 2.5Y9/1","2026/10/08","イトカツ","","2026/10/08","完成","古川","2026/10/05","製造"
"","九州工場","九州工場","","2026/09/28","26-R0002987-001-771","IE4040SC2","1.60","400.0","400.0","400.0","鉄 PB 平 焼付","2.5Y9/1","1","***沖縄ｱｰｽ 2.5Y9/1","2026/10/08","イトカツ","","2026/10/08","完成","古川","2026/10/05","製造"
"","九州工場","九州工場","","2026/09/28","26-R0002988-001-771","SE5030XC2","1.50","500.0","500.0","300.0","SUS PB 水切 焼付","2.5Y9/1","2","***沖縄ｱｰｽ 2.5Y9/1","2026/10/08","自社便","","2026/10/09","完成","古川","2026/10/05","製造"
"","九州工場","九州工場","","2026/09/28","26-R0002989-001-771","BE2015SC2","1.60","200.0","200.0","150.0","国土 PB 平 焼付","2.5Y9/1","12","***沖縄ｱｰｽ 2.5Y9/1","2026/10/09","イトカツ","","2026/10/09","完成","古川","2026/10/06","製造"
"","九州工場","九州工場","","2026/09/28","26-R0002990-001-771","SE4030XC2","1.50","400.0","400.0","300.0","SUS PB 水切 焼付","2.5Y9/1","3","***沖縄ｱｰｽ 2.5Y9/1","2026/10/09","自社便","","2026/10/13","組立","岡","2026/10/06","製造"
"","九州工場","九州工場","","2026/09/28","26-R0002991-001-771","SE4040XC2","1.50","400.0","400.0","400.0","SUS PB 水切 焼付","2.5Y9/1","2","***沖縄ｱｰｽ 2.5Y9/1","2026/10/09","自社便","","2026/10/13","組立","岡","2026/10/06","製造"
"","九州工場","九州工場","","2026/09/28","26-R0002992-001-771","SE4030XC2","1.50","400.0","400.0","300.0","SUS PB 水切 焼付","2.5Y9/1","3","***沖縄ｱｰｽ 2.5Y9/1","2026/10/13","自社便","","2026/10/14","塗装","ナム","2026/10/07","製造"
"","九州工場","九州工場","","2026/09/28","26-R0002993-001-771","SE3020XC2","1.50","300.0","300.0","200.0","SUS PB 水切 焼付","2.5Y9/1","6","***沖縄ｱｰｽ 2.5Y9/1","2026/10/13","自社便","","2026/10/14","塗装","ナム","2026/10/07","製造"
"","九州工場","九州工場","","2026/09/29","26-R0002994-001-771","SE4030XC2","1.50","400.0","400.0","300.0","SUS PB 水切 焼付","2.5Y9/1","3","***沖縄ｱｰｽ 2.5Y9/1","2026/10/14","自社便","","2026/10/15","塗装","山口","2026/10/08","製造"
"","九州工場","九州工場","","2026/09/29","26-R0002995-001-771","SE4030XC2","1.50","400.0","400.0","300.0","SUS PB 水切 焼付","2.5Y9/1","3","***沖縄ｱｰｽ 2.5Y9/1","2026/10/15","自社便","","2026/10/16","仕上","三澄","2026/10/09","製造"
"","九州工場","九州工場","","2026/09/29","26-R0002996-001-771","SE5050XN","1.50","500.0","500.0","500.0","SUS PB 水切","","4","***北ｱｰｽ","2026/10/06","自社便","","2026/10/07","完成","倉重","2026/10/05","製造"
"","九州工場","九州工場","","2026/09/29","26-R0002997-001-771","SE5050XN","1.50","500.0","500.0","500.0","SUS PB 水切","","4","***北ｱｰｽ","2026/10/08","自社便","","2026/10/09","完成","坂元","2026/10/07","製造"
"","九州工場","九州工場","","2026/09/29","26-R0002998-001-771","SE5050XN","1.50","500.0","500.0","500.0","SUS PB 水切","","4","***北ｱｰｽ","2026/10/13","自社便","","2026/10/14","溶接","テイン","2026/10/09","製造"
"","九州工場","九州工場","","2026/09/29","26-R0002999-001-771","SE2020XNN","1.50","200.0","200.0","200.0","SUS PB 水切","","10","***北ｱｰｽ生地(焼付用)","2026/10/05","","","","完成","三澄","2026/10/02","製造"
"","九州工場","九州工場","","2026/09/29","26-R0003000-001-771","BE2010SNN","1.60","200.0","200.0","100.0","国土 PB 平","","10","***北ｱｰｽ 生地(焼付用)","2026/10/05","","","","完成","山口","2026/10/02","製造"
"","九州工場","九州工場","","2026/09/29","26-R0003001-001-771","SE2020XNN","1.50","200.0","200.0","200.0","SUS PB 水切","","10","***北ｱｰｽ生地(焼付用)","2026/10/06","","","","完成","山口","2026/10/05","製造"
"","九州工場","九州工場","","2026/09/29","26-R0003002-001-771","SE2020XNN","1.50","200.0","200.0","200.0","SUS PB 水切","","10","***北ｱｰｽ生地(焼付用)","2026/10/13","","","","完成","三澄","2026/10/09","製造"
"","九州工場","九州工場","","2026/09/29","26-R0003003-001-771","BE3020SNN","1.60","300.0","300.0","200.0","国土 PB 平","","10","***北ｱｰｽ 生地(焼付用)","2026/10/07","","","","完成","山口","2026/10/06","製造"
"","九州工場","九州工場","","2026/09/29","26-R0003004-001-771","BE2020SNN","1.60","200.0","200.0","200.0","国土 PB 平","","10","***北ｱｰｽ 生地(焼付用)","2026/10/08","","","","完成","三澄","2026/10/07","製造"
"","九州工場","九州工場","","2026/09/29","26-R0003005-001-771","BE2010SNN","1.60","200.0","200.0","100.0","国土 PB 平","","10","***北ｱｰｽ 生地(焼付用)","2026/10/09","","","","完成","山口","2026/10/08","製造"
"","九州工場","九州工場","","2026/09/29","26-R0003006-001-771","BE3020SNN","1.60","300.0","300.0","200.0","国土 PB 平","","10","***北ｱｰｽ 生地(焼付用)","2026/10/13","","","","完成","山口","2026/10/09","製造"
"","九州工場","九州工場","","2026/09/30","26-R0003020-001-771","SE5050XC2","1.50","500.0","500.0","500.0","SUS PB 水切 焼付","2.5Y9/1","2","***沖縄ｱｰｽ 2.5Y9/1","2026/10/08","イトカツ","","2026/10/08","完成","古川","2026/10/05","製造"
"","九州工場","九州工専用","","2026/09/30","26-R0003021-001-7715","SE4030XN","1.50","400.0","400.0","300.0","SUS PB 水切","","10","***北ｱｰｽ","2026/10/15","","","","曲げ","ラム","2026/10/14","製造"
"","九州工場","九州工専用","","2026/09/30","26-R0003022-001-7715","SE4030XN","1.50","400.0","400.0","300.0","SUS PB 水切","","10","***北ｱｰｽ","2026/10/16","","","","未着手","","2026/10/15","製造"
"","九州工場","九州工専用","","2026/09/30","26-R0003023-001-7715","SE4030XN","1.50","400.0","400.0","300.0","SUS PB 水切","","10","***北ｱｰｽ","2026/10/08","","","","完成","坂元","2026/10/07","製造"
"","九州工場","九州工専用","","2026/09/30","26-R0003024-001-7715","SE4030XN","1.50","400.0","400.0","300.0","SUS PB 水切","","10","***北ｱｰｽ","2026/10/09","","","","組立","服部","2026/10/08","製造"
"","九州工場","九州工専用","","2026/09/30","26-R0003025-001-7715","SE4030XN","1.50","400.0","400.0","300.0","SUS PB 水切","","10","***北ｱｰｽ","2026/10/13","","","","溶接","ロン","2026/10/09","製造"
"","九州工場","九州工専用","","2026/09/30","26-R0003026-001-7715","SE4030XN","1.50","400.0","400.0","300.0","SUS PB 水切","","10","***北ｱｰｽ","2026/10/14","","","","溶接","テイン","2026/10/13","製造"
"","九州工場","九州工場","","2026/10/01","26-R0003028-001-771","SE4040XN","1.50","400.0","400.0","400.0","SUS PB 水切","","6","***北ｱｰｽ","2026/10/06","自社便","","2026/10/07","完成","坂元","2026/10/05","製造"
"","九州工場","九州工場","","2026/10/01","26-R0003029-001-771","SE4040XN","1.50","400.0","400.0","400.0","SUS PB 水切","","6","***北ｱｰｽ","2026/10/07","自社便","","2026/10/08","完成","樋口","2026/10/06","製造"
"","九州工場","九州工場","","2026/10/01","26-R0003030-001-771","SE5040XN","1.50","500.0","500.0","400.0","SUS PB 水切","","4","***北ｱｰｽ","2026/10/07","自社便","","2026/10/08","完成","樋口","2026/10/06","製造"
"","九州工場","九州工場","","2026/10/01","26-R0003031-001-771","SP6040WN","1.50","600.0","600.0","400.0","SUS PB 被せ","","4","***北","2026/10/07","自社便","","2026/10/08","完成","樋口","2026/10/06","製造"
"","九州工場","九州工場","","2026/10/01","26-R0003032-001-771","SE4020XN","1.50","400.0","400.0","200.0","SUS PB 水切","","6","***北ｱｰｽ","2026/10/08","自社便","","2026/10/09","完成","坂元","2026/10/07","製造"
"","九州工場","九州工場","","2026/10/01","26-R0003033-001-771","SE4040XN","1.50","400.0","400.0","400.0","SUS PB 水切","","6","***北ｱｰｽ","2026/10/08","自社便","","2026/10/09","完成","坂元","2026/10/07","製造"
"","九州工場","九州工場","","2026/10/01","26-R0003034-001-771","SP4030WN","1.50","400.0","400.0","300.0","SUS PB 被せ","","6","***北","2026/10/08","自社便","","2026/10/09","完成","服部","2026/10/07","製造"
"","九州工場","九州工場","","2026/10/01","26-R0003035-001-771","SE4030XN","1.50","400.0","400.0","300.0","SUS PB 水切","","6","***北ｱｰｽ","2026/10/09","自社便","","2026/10/13","組立","坂元","2026/10/08","製造"
"","九州工場","九州工場","","2026/10/01","26-R0003036-001-771","SE5040XN","1.50","500.0","500.0","400.0","SUS PB 水切","","4","***北ｱｰｽ","2026/10/09","自社便","","2026/10/13","組立","坂元","2026/10/08","製造"
"","九州工場","九州工場","","2026/10/01","26-R0003037-001-771","SP4030WN","1.50","400.0","400.0","300.0","SUS PB 被せ","","8","***北","2026/10/09","自社便","","2026/10/13","組立","樋口","2026/10/08","製造"
"","九州工場","九州工場","","2026/10/01","26-R0003038-001-771","SE5030XN","1.50","500.0","500.0","300.0","SUS PB 水切","","6","***北ｱｰｽ","2026/10/13","自社便","","2026/10/14","組立","坂元","2026/10/09","製造"
"","九州工場","九州工場","","2026/10/01","26-R0003039-001-771","SP4040WN","1.50","400.0","400.0","400.0","SUS PB 被せ","","6","***北","2026/10/13","自社便","","2026/10/14","溶接","テイン","2026/10/09","製造"
"","九州工場","九州工場","","2026/10/01","26-R0003040-001-771","SE4040XN","1.50","400.0","400.0","400.0","SUS PB 水切","","6","***北ｱｰｽ","2026/10/14","自社便","","2026/10/15","溶接","テイン","2026/10/13","製造"
"","九州工場","九州工場","","2026/10/01","26-R0003041-001-771","SE5040XN","1.50","500.0","500.0","400.0","SUS PB 水切","","4","***北ｱｰｽ","2026/10/14","自社便","","2026/10/15","溶接","テイン","2026/10/13","製造"
"","九州工場","九州工場","","2026/10/01","26-R0003042-001-771","SP4040WN","1.50","400.0","400.0","400.0","SUS PB 被せ","","6","***北","2026/10/14","自社便","","2026/10/15","溶接","テイン","2026/10/13","製造"
"","九州工場","九州工場","","2026/10/01","26-R0003043-001-771","SE4020XN","1.50","400.0","400.0","200.0","SUS PB 水切","","6","***北ｱｰｽ","2026/10/15","自社便","","2026/10/16","切断","岩本","2026/10/14","製造"
"","九州工場","九州工場","","2026/10/01","26-R0003044-001-771","SE4040XN","1.50","400.0","400.0","400.0","SUS PB 水切","","6","***北ｱｰｽ","2026/10/15","自社便","","2026/10/16","切断","岩本","2026/10/14","製造"
"","九州工場","九州工場","","2026/10/01","26-R0003045-001-771","SP6040WN","1.50","600.0","600.0","400.0","SUS PB 被せ","","4","***北","2026/10/15","自社便","","2026/10/16","切断","岩本","2026/10/14","製造"
"","九州工場","九州工場","","2026/10/01","26-R0003046-001-771","SE4020XN","1.50","400.0","400.0","200.0","SUS PB 水切","","6","***北ｱｰｽ","2026/10/16","自社便","","2026/10/19","未着手","","2026/10/15","製造"
"","九州工場","九州工場","","2026/10/01","26-R0003047-001-771","SE5040XN","1.50","500.0","500.0","400.0","SUS PB 水切","","4","***北ｱｰｽ","2026/10/16","自社便","","2026/10/19","未着手","","2026/10/15","製造"
"","九州工場","九州工場","","2026/10/01","26-R0003048-001-771","SP5030WN","1.50","500.0","500.0","300.0","SUS PB 被せ","","6","***北","2026/10/16","自社便","","2026/10/19","未着手","","2026/10/15","製造"
"","九州工場","九州工場","","2026/10/01","26-R0003049-001-771","SE4030XN","1.50","400.0","400.0","300.0","SUS PB 水切","","6","***北ｱｰｽ","2026/10/19","自社便","","2026/10/20","未着手","","2026/10/16","製造"
"","九州工場","九州工場","","2026/10/01","26-R0003050-001-771","SE5050XN","1.50","500.0","500.0","500.0","SUS PB 水切","","4","***北ｱｰｽ","2026/10/19","自社便","","2026/10/20","未着手","","2026/10/16","製造"
"","九州工場","九州工場","","2026/10/01","26-R0003051-001-771","SP5030WN","1.50","500.0","500.0","300.0","SUS PB 被せ","","6","***北","2026/10/19","自社便","","2026/10/20","未着手","","2026/10/16","製造"
"","九州工場","九州工場","","2026/10/01","26-R0003052-001-771","IE2510SC2","1.60","250.0","250.0","100.0","鉄 PB 平 焼付","2.5Y9/1","8","***沖縄ｱｰｽ 2.5Y9/1","2026/10/16","イトカツ","","2026/10/16","溶接","フイ","2026/10/13","製造"
"","九州工場","九州工場","","2026/10/01","26-R0003053-001-771","IE2510SC2","1.60","250.0","250.0","100.0","鉄 PB 平 焼付","2.5Y9/1","8","***沖縄ｱｰｽ 2.5Y9/1","2026/10/19","イトカツ","","2026/10/19","曲げ","志田","2026/10/14","製造"
"","九州工場","九州工場","","2026/10/01","26-R0003054-001-771","SE5040SC2","1.50","500.0","500.0","400.0","SUS PB 平 焼付","2.5Y9/1","1","***沖縄ｱｰｽ 2.5Y9/1 ﾊﾟｯｷﾝ付","2026/10/19","イトカツ","","2026/10/19","曲げ","ラム","2026/10/14","製造"
"","九州工場","九州工場","","2026/10/01","26-R0003055-001-771","IE2510SC2","1.60","250.0","250.0","100.0","鉄 PB 平 焼付","2.5Y9/1","8","***沖縄ｱｰｽ 2.5Y9/1","2026/10/20","イトカツ","","2026/10/20","未着手","","2026/10/15","製造"
"","九州工場","九州工場","","2026/10/01","26-R0003056-001-771","SE5050SC2","1.50","500.0","500.0","500.0","SUS PB 平 焼付","2.5Y9/1","2","***沖縄ｱｰｽ 2.5Y9/1 ﾊﾟｯｷﾝ付","2026/10/20","イトカツ","","2026/10/20","未着手","","2026/10/15","製造"
"","九州工場","九州工場","","2026/10/01","26-R0003057-001-771","SE4020XC2","1.50","400.0","400.0","200.0","SUS PB 水切 焼付","2.5Y9/1","4","***沖縄ｱｰｽ 2.5Y9/1","2026/10/20","イトカツ","","2026/10/20","未着手","","2026/10/15","製造"
"","九州工場","九州工場","","2026/10/01","26-R0003058-001-771","SE4030XC2","1.50","400.0","400.0","300.0","SUS PB 水切 焼付","2.5Y9/1","3","***沖縄ｱｰｽ 2.5Y9/1","2026/10/21","イトカツ","","2026/10/21","未着手","","2026/10/16","製造"
"","九州工場","九州工場","","2026/10/01","26-R0003059-001-771","BE2020SC2","1.60","200.0","200.0","200.0","国土 PB 平 焼付","2.5Y9/1","12","***沖縄ｱｰｽ 2.5Y9/1","2026/10/16","自社便","","2026/10/19","溶接","フイ","2026/10/13","製造"
"","九州工場","九州工場","","2026/10/01","26-R0003060-001-771","BE2020SC2","1.60","200.0","200.0","200.0","国土 PB 平 焼付","2.5Y9/1","12","***沖縄ｱｰｽ 2.5Y9/1","2026/10/19","自社便","","2026/10/20","曲げ","志田","2026/10/14","製造"
"","九州工場","九州工場","","2026/10/01","26-R0003061-001-771","BE2020SC2","1.60","200.0","200.0","200.0","国土 PB 平 焼付","2.5Y9/1","12","***沖縄ｱｰｽ 2.5Y9/1","2026/10/20","自社便","","2026/10/21","未着手","","2026/10/15","製造"
"","九州工場","九州工場","","2026/10/01","26-R0003062-001-771","BE2020SC2","1.60","200.0","200.0","200.0","国土 PB 平 焼付","2.5Y9/1","12","***沖縄ｱｰｽ 2.5Y9/1","2026/10/21","自社便","","2026/10/22","未着手","","2026/10/16","製造"
"","九州工場","九州工場","","2026/10/01","26-R0003063-001-771","BE3020SC2","1.60","300.0","300.0","200.0","国土 PB 平 焼付","2.5Y9/1","8","***沖縄ｱｰｽ 2.5Y9/1","2026/10/16","自社便","","2026/10/19","溶接","フイ","2026/10/13","製造"
"","九州工場","九州工場","","2026/10/01","26-R0003064-001-771","BE4030SC2","1.60","400.0","400.0","300.0","国土 PB 平 焼付","2.5Y9/1","3","***沖縄ｱｰｽ 2.5Y9/1","2026/10/16","自社便","","2026/10/19","溶接","フイ","2026/10/13","製造"
"","九州工場","九州工場","","2026/10/01","26-R0003065-001-771","SE2015XC2","1.50","200.0","200.0","150.0","SUS PB 水切 焼付","2.5Y9/1","12","***沖縄ｱｰｽ 2.5Y9/1","2026/10/19","自社便","","2026/10/20","切断","林(浩)","2026/10/14","製造"
"","九州工場","九州工場","","2026/10/01","26-R0003066-001-771","SE4020XC2","1.50","400.0","400.0","200.0","SUS PB 水切 焼付","2.5Y9/1","3","***沖縄ｱｰｽ 2.5Y9/1","2026/10/20","自社便","","2026/10/21","未着手","","2026/10/15","製造"
"","九州工場","九州工場","","2026/10/01","26-R0003067-001-771","BE3020SC2","1.60","300.0","300.0","200.0","国土 PB 平 焼付","2.5Y9/1","8","***沖縄ｱｰｽ 2.5Y9/1","2026/10/21","自社便","","2026/10/22","未着手","","2026/10/16","製造"
"","九州工場","九州工場","","2026/10/01","26-R0003068-001-771","BE4030SC2","1.60","400.0","400.0","300.0","国土 PB 平 焼付","2.5Y9/1","4","***沖縄ｱｰｽ 2.5Y9/1","2026/10/21","自社便","","2026/10/22","未着手","","2026/10/16","製造"
"","九州工場","九州工場","","2026/10/01","26-R0003069-001-771","SE2015XC2","1.50","200.0","200.0","150.0","SUS PB 水切 焼付","2.5Y9/1","12","***沖縄ｱｰｽ 2.5Y9/1","2026/10/21","自社便","","2026/10/22","未着手","","2026/10/16","製造"
"","九州工場","九州工場","","2026/10/01","26-R0003070-001-771","SE5020XC2","1.50","500.0","500.0","200.0","SUS PB 水切 焼付","2.5Y9/1","4","***沖縄ｱｰｽ 2.5Y9/1","2026/10/16","イトカツ","","2026/10/16","曲げ","ラム","2026/10/13","製造"
"","九州工場","九州工場","","2026/10/01","26-R0003071-001-771","SE5030XC2","1.50","500.0","500.0","300.0","SUS PB 水切 焼付","2.5Y9/1","2","***沖縄ｱｰｽ 2.5Y9/1","2026/10/16","自社便","","2026/10/19","曲げ","ラム","2026/10/13","製造"
"","九州工場","九州工場","","2026/10/01","26-R0003072-001-771","SE5030XC2","1.50","500.0","500.0","300.0","SUS PB 水切 焼付","2.5Y9/1","2","***沖縄ｱｰｽ 2.5Y9/1","2026/10/19","自社便","","2026/10/20","曲げ","ラム","2026/10/14","製造"
"","九州工場","九州工場","","2026/10/01","26-R0003073-001-771","SE4040XC2","1.50","400.0","400.0","400.0","SUS PB 水切 焼付","2.5Y9/1","3","***沖縄ｱｰｽ 2.5Y9/1","2026/10/19","自社便","","2026/10/20","溶接","テイン","2026/10/14","製造"
"","九州工場","九州工場","","2026/10/01","26-R0003074-001-771","BE3030SC2","1.60","300.0","300.0","300.0","国土 PB 平 焼付","2.5Y9/1","4","***沖縄ｱｰｽ 2.5Y9/1","2026/10/19","自社便","","2026/10/20","切断","林(浩)","2026/10/14","製造"
"","九州工場","九州工場","","2026/10/01","26-R0003075-001-771","BE3030SC2","1.60","300.0","300.0","300.0","国土 PB 平 焼付","2.5Y9/1","6","***沖縄ｱｰｽ 2.5Y9/1","2026/10/20","自社便","","2026/10/21","未着手","","2026/10/15","製造"
"","九州工場","九州工場","","2026/10/01","26-R0003076-001-771","BE4040SC","1.60","400.0","400.0","400.0","国土 PB 平 焼付","2.5Y9/1","3","***沖縄ｱｰｽ","2026/10/20","自社便","","2026/10/21","未着手","","2026/10/15","製造"
"","九州工場","九州工場","","2026/10/01","26-R0003077-001-771","SE3020XC2","1.50","300.0","300.0","200.0","SUS PB 水切 焼付","2.5Y9/1","6","***沖縄ｱｰｽ 2.5Y9/1","2026/10/21","自社便","","2026/10/22","未着手","","2026/10/16","製造"
"","九州工場","九州工場","","2026/10/02","26-R0003079-001-771","SE4030XC2","1.50","400.0","400.0","300.0","SUS PB 水切 焼付","2.5Y9/1","4","***沖縄ｱｰｽ 2.5Y9/1","2026/10/08","イトカツ","","2026/10/08","完成","古川","2026/10/05","製造"
"","九州工場","九州工場","","2026/10/02","26-R0003080-001-771","SE5030SC2","1.50","500.0","500.0","300.0","SUS PB 平 焼付","2.5Y9/1","3","***沖縄ｱｰｽ 2.5Y9/1 ﾊﾟｯｷﾝ付","2026/10/09","イトカツ","","2026/10/09","完成","古川","2026/10/06","製造"
"","九州工場","九州工場","","2026/10/08","26-R0003123-001-771","SE1510XNN","1.50","150.0","150.0","100.0","SUS PB 水切","","10","***北ｱｰｽ生地(焼付用)","2026/10/14","","","","曲げ","ラム","2026/10/13","製造"
"","九州工場","九州工場","","2026/10/08","26-R0003124-001-771","SE3020XNN","1.50","300.0","300.0","200.0","SUS PB 水切","","10","***北ｱｰｽ生地(焼付用)","2026/10/15","","","","切断","林(浩)","2026/10/14","製造"
"","九州工場","九州工場","","2026/10/08","26-R0003125-001-771","SE2015XNN","1.50","200.0","200.0","150.0","SUS PB 水切","","10","***北ｱｰｽ生地(焼付用)","2026/10/16","","","","未着手","","2026/10/15","製造"
"","九州工場","九州工場","","2026/10/08","26-R0003126-001-771","SE1510XNN","1.50","150.0","150.0","100.0","SUS PB 水切","","10","***北ｱｰｽ生地(焼付用)","2026/10/19","","","","未着手","","2026/10/16","製造"
"","九州工場","九州工場","","2026/10/08","26-R0003127-001-771","SE3020XNN","1.50","300.0","300.0","200.0","SUS PB 水切","","10","***北ｱｰｽ生地(焼付用)","2026/10/20","","","","未着手","","2026/10/19","製造"
"","九州工場","九州工場","","2026/10/08","26-R0003128-001-771","BE2020SNN","1.60","200.0","200.0","200.0","国土 PB 平","","10","***北ｱｰｽ 生地(焼付用)","2026/10/14","","","","曲げ","志田","2026/10/13","製造"
"","九州工場","九州工場","","2026/10/08","26-R0003129-001-771","BE2020SNN","1.60","200.0","200.0","200.0","国土 PB 平","","10","***北ｱｰｽ 生地(焼付用)","2026/10/15","","","","曲げ","志田","2026/10/14","製造"
"","九州工場","九州工場","","2026/10/08","26-R0003130-001-771","BE2015SNN","1.60","200.0","200.0","150.0","国土 PB 平","","10","***北ｱｰｽ 生地(焼付用)","2026/10/16","","","","未着手","","2026/10/15","製造"
"","九州工場","九州工場","","2026/10/08","26-R0003131-001-771","BE1510SNN","1.60","150.0","150.0","100.0","国土 PB 平","","10","***北ｱｰｽ 生地(焼付用)","2026/10/19","","","","未着手","","2026/10/16","製造"
"","九州工場","九州工場","","2026/10/08","26-R0003132-001-771","BE2010SNN","1.60","200.0","200.0","100.0","国土 PB 平","","10","***北ｱｰｽ 生地(焼付用)","2026/10/20","","","","未着手","","2026/10/19","製造"
"","九州工場","九州工場","","2026/10/08","26-R0003133-001-771","BE2020SNN","1.60","200.0","200.0","200.0","国土 PB 平","","10","***北ｱｰｽ 生地(焼付用)","2026/10/21","","","","未着手","","2026/10/20","製造"
"","九州工場","九州工場","","2026/10/08","26-R0003134-001-771","SE2015XNN","1.50","200.0","200.0","150.0","SUS PB 水切","","10","***北ｱｰｽ生地(焼付用)","2026/10/21","","","","未着手","","2026/10/20","製造"
"","九州工場","九州工場","","2026/10/08","26-R0003135-001-771","SE2010XNN","1.50","200.0","200.0","100.0","SUS PB 水切","","10","***北ｱｰｽ生地(焼付用)","2026/10/22","","","","未着手","","2026/10/21","製造"
"","九州工場","九州工場","","2026/10/08","26-R0003136-001-771","SE2020XNN","1.50","200.0","200.0","200.0","SUS PB 水切","","10","***北ｱｰｽ生地(焼付用)","2026/10/23","","","","未着手","","2026/10/22","製造"
