得意先,部門,製造倉庫,受注日,製造指示日,製造指示番号,品番,ｻｲｽﾞ(厚さ),ｻｲｽﾞ(縦),ｻｲｽﾞ(横),ｻｲｽﾞ(高さ),品名,色,数量,規格,製造期限,配送便,出荷日,出庫日,進捗,担当者,生地日,調達
アサヒ　本社,九州工場,九州工場,2026/6/8,2026/6/8,26-J0056307-001-771,IE0000SC,1.6,800,600,500,鉄 PBﾄｸ 平 焼付,2.5Y9/1,1,ｱｰｽ ﾌﾞﾗﾝｸ(600x400),2026/7/21,沖縄直送,2026/7/8,,完成,志田,2026/7/15,製造
カンサイ　宗像★,九州工場,九州工場,2026/6/19,2026/6/19,26-J0065394-003-771,ZG0000,6,0,400,"1,500.00",ZN 架台,,1,Ｌ50×6ｔ　穴加工　右,2026/7/17,佐川急便,2026/7/17,,完成,古川,2026/7/9,製造
カンサイ　宗像★,九州工場,九州工場,2026/6/19,2026/6/19,26-J0065394-001-771,ZG0000,6,0,400,"1,500.00",ZN 架台,,1,Ｌ50×6ｔ　穴加工　左,2026/7/17,佐川急便,2026/7/17,,完成,古川,2026/7/9,製造
シンセイ　福山★,九州工場,九州工場,2026/6/29,2026/6/29,26-J0072448-001-771,IP0000SC,1.6,300,300,200,鉄 PBﾄｸ 平 焼付,N9.5 近似色,4,張り出し蓋  蓋面金網　蓋止めﾋﾞｽ六角,2026/7/17,福山通運　九州発送,2026/7/17,,完成,岡,2026/7/14,製造
イシグロ　北九州★,九州工場,九州工場,2026/7/2,2026/7/2,26-J0074864-004-771,ZG0000,0,"1,700.00",800,450,ZN 架台,,5,穴加工　L50x50x4t,2026/7/17,チャーター便,2026/7/17,,完成,森田,2026/7/10,製造
中国機材設備　東広島★,九州工場,九州工場,2026/7/2,2026/7/2,26-J0075351-002-771,ACD0000N,2,600,300,"11,780.00",ｱﾙﾏｲﾄｸﾘｱ ﾀﾞｸﾄ,,1,ｱｰｽ 平蓋 ｾﾊﾟﾚｰﾀ3列付 点検扉付,2026/7/17,チャーター便,2026/7/17,,完成,樋口,2026/7/17,製造
中国機材設備　東広島★,九州工場,九州工場,2026/7/2,2026/7/2,26-J0075351-001-771,ACD0000N,2,600,300,"1,400.00",ｱﾙﾏｲﾄｸﾘｱ ﾀﾞｸﾄ,,1,/700 ｱｰｽ 平蓋 ｾﾊﾟﾚｰﾀ2列付,2026/7/17,チャーター便,2026/7/17,,完成,樋口,2026/7/17,製造
東芝電材　松江★,九州工場,九州工場,2026/7/3,2026/7/3,26-J0076682-001-771,ZP0000XA,2.3,350,350,200,ZN PBﾄｸ 水切,,1,HDZT56 足付L3x40Φ12 穴加工ｱﾘ ｶｯﾌﾟﾘﾝｸﾞ,2026/7/17,福山通運　九州発送,2026/7/17,,ｷｬﾝｾﾙ,,2026/7/9,製造
東芝電材　松江★,九州工場,九州工場,2026/7/3,2026/7/3,26-J0076682-002-771,ZE0000XA,2.3,350,350,200,ZN PBﾄｸ 水切,,1,HDZT56ｱｰｽ 足付L3x40Φ12 穴加工ｱﾘ ｶｯﾌﾟﾘﾝｸﾞ,2026/7/17,福山通運　九州発送,2026/7/17,,完成,古川,2026/7/9,製造
シンセイ　福山★,九州工場,九州工場,2026/7/6,2026/7/6,26-J0078011-001-771,IP5050SC,1.6,500,500,500,鉄 PB 平 焼付,5Y7/1 近似色,3,,2026/7/17,福山通運　九州発送,2026/7/17,,完成,森田,2026/7/13,製造
シンセイ　福山★,九州工場,九州工場,2026/7/6,2026/7/6,26-J0078011-002-771,IP4020SC,1.6,400,400,200,鉄 PB 平 焼付,5Y7/1 近似色,2,,2026/7/17,福山通運　九州発送,2026/7/17,,完成,岡,2026/7/13,製造
三親電材　米子★,九州工場,九州工場,2026/7/7,2026/7/7,26-J0078300-001-771,SE0000XN,1.5,500,500,600,SUS PBﾄｸ 水切,,1,ｱｰｽ,2026/7/17,福山通運　九州発送,2026/7/17,,ｷｬﾝｾﾙ,林(秀),2026/7/17,製造
宮地電機　南予,九州工場,九州工場,2026/7/7,2026/7/7,26-J0078921-001-771,SP0000XN,2,950,400,250,SUS PBﾄｸ 水切,,1,/150/200 支持棒付【O】,2026/7/17,福山通運　九州発送,2026/7/17,,完成,坂元,2026/7/17,製造
宮地電機　南予,九州工場,九州工場,2026/7/7,2026/7/7,26-J0078921-002-771,SP0000XN,2,900,400,250,SUS PBﾄｸ 水切,,1,/150/100 支持棒付【P】,2026/7/17,福山通運　九州発送,2026/7/17,,完成,坂元,2026/7/17,製造
宮地電機　高知,九州工場,九州工場,2026/7/7,2026/7/7,26-J0079087-003-771,BE0000SG,2.3,800,800,500,国土 PBﾄｸ 平,,1,ｱｰｽ さび止め,2026/7/17,福山通運　九州発送,2026/7/17,,完成,古川,2026/7/14,製造
宮地電機　高知,九州工場,九州工場,2026/7/7,2026/7/7,26-J0079087-004-771,BE6030SG,1.6,600,600,300,国土 PB 平,,1,ｱｰｽ さび止め,2026/7/17,福山通運　九州発送,2026/7/17,,完成,服部,2026/7/14,製造
東芝電材　松江★,九州工場,九州工場,2026/7/7,2026/7/7,26-J0079109-002-771,BE2510SC,1.6,250,250,100,国土 PB 平 焼付,N1(近似色),1,ｱｰｽ,2026/7/17,福山通運　九州発送,2026/7/17,,完成,岡,2026/7/13,製造
東芝電材　松江★,九州工場,九州工場,2026/7/7,2026/7/7,26-J0079109-004-771,BE0000SC,1.6,300,200,150,国土 PBﾄｸ 平 焼付,N1(近似色),1,ｱｰｽ,2026/7/17,福山通運　九州発送,2026/7/17,,完成,岡,2026/7/13,製造
東芝電材　松江★,九州工場,九州工場,2026/7/7,2026/7/7,26-J0079109-001-771,BE2010SC,1.6,200,200,100,国土 PB 平 焼付,N1(近似色),1,ｱｰｽ,2026/7/17,福山通運　九州発送,2026/7/17,,完成,岡,,加工
東芝電材　松江★,九州工場,九州工場,2026/7/7,2026/7/7,26-J0079109-003-771,BE0000SC,1.6,300,160,200,国土 PBﾄｸ 平 焼付,N1(近似色),1,ｱｰｽ,2026/7/17,福山通運　九州発送,2026/7/17,,完成,岡,2026/7/13,製造
東芝電材　松江★,九州工場,九州工場,2026/7/7,2026/7/7,26-J0079114-001-771,BE3520SG,1.6,350,350,200,国土 PB 平,,1,ｱｰｽ さび止め,2026/7/17,福山通運　九州発送,2026/7/17,,完成,古川,2026/7/15,製造
東芝電材　松江★,九州工場,九州工場,2026/7/7,2026/7/7,26-J0079114-002-771,BE0000SG,1.6,450,300,200,国土 PBﾄｸ 平,,1,ｱｰｽ さび止め,2026/7/17,福山通運　九州発送,2026/7/17,,完成,古川,2026/7/15,製造
岡本電機　三原★,九州工場,九州工場,2026/7/8,2026/7/8,26-J0079441-001-771,BD0000C,1.6,180,200,"3,050.00",国土 ﾀﾞｸﾄ 焼付,2.5Y9/1 近似色,1,平蓋 ｱｰｽ 支持棒付 本体・蓋2分割,2026/7/17,福山通運　九州発送,2026/7/17,,完成,森田,2026/7/14,製造
南四国ﾅｼｮﾅﾙ　本社★,九州工場,九州工場,2026/7/8,2026/7/8,26-J0079638-001-771,IDC0000C,1.6,700,160,740,鉄 ﾀﾞｸﾄｶﾊﾞｰ 焼付,N-93,1,,2026/7/17,福山通運　九州発送,2026/7/17,,完成,樋口,2026/7/14,製造
田中商事　福岡,九州工場,九州工場,2026/7/8,2026/7/8,26-J0079696-001-771,ZP6060X3,3.2,600,600,600,ZN PB 水切,,1,,2026/7/17,福山通運　九州発送,2026/7/17,,完成,古川,2026/7/10,製造
佐野電機工業,九州工場,九州工場,2026/7/8,2026/7/8,26-J0079842-002-771,BE2010SC,1.6,200,200,100,国土 PB 平 焼付,2.5Y9/1(近似色),10,ｱｰｽ,2026/7/17,福山通運　九州発送,2026/7/17,,完成,志田,2026/7/13,製造
東芝電材　大分★,九州工場,九州工場,2026/7/9,2026/7/9,26-J0080576-001-771,ZE2015X2,2.3,200,200,150,ZN PB 水切,,1,ｱｰｽ,2026/7/17,佐川急便,2026/7/17,,完成,古川,2026/7/10,製造
東芝電材　大分★,九州工場,九州工場,2026/7/9,2026/7/9,26-J0080576-002-771,ZE2010X2,2.3,200,200,100,ZN PB 水切,,1,ｱｰｽ,2026/7/17,佐川急便,2026/7/17,,完成,古川,2026/7/10,製造
カンサイエコプラス　山口★,九州工場,九州工場,2026/7/9,2026/7/9,26-J0080971-001-771,ZE2010X2,2.3,200,200,100,ZN PB 水切,,1,ｱｰｽ,2026/7/17,福山通運　九州発送,2026/7/17,,完成,古川,2026/7/10,製造
カンサイエコプラス　山口★,九州工場,九州工場,2026/7/9,2026/7/9,26-J0080971-002-771,ZE1510X2,2.3,150,150,100,ZN PB 水切,,1,ｱｰｽ,2026/7/17,福山通運　九州発送,2026/7/17,,完成,古川,2026/7/10,製造
新光産業　北,九州工場,九州工場,2026/7/10,2026/7/10,26-J0081777-002-771,SE5040XC,1.5,500,500,400,SUS PB 水切 焼付,2.5Y9/1,5,ｱｰｽ,2026/7/17,沖縄直送,2026/7/17,,完成,志田,2026/7/14,製造
ナミデン　広島★,九州工場,九州工場,2026/7/10,2026/7/10,26-J0081987-001-771,SC0000N,1.5,500,380,600,SUS ｶﾊﾞｰ,,1,生地　5-φ8,2026/7/17,福山通運　九州発送,2026/7/17,,完成,樋口,2026/7/17,製造
ナミデン　広島★,九州工場,九州工場,2026/7/10,2026/7/10,26-J0081987-002-771,SC0000N,1.5,300,220,500,SUS ｶﾊﾞｰ,,1,生地　5-φ8,2026/7/17,福山通運　九州発送,2026/7/17,,完成,井上,2026/7/17,製造
東芝電材　南福岡★,九州工場,九州工場,2026/7/10,2026/7/10,26-J0082064-001-771,BE1515SC,1.6,150,150,150,国土 PB 平 焼付,2.5Y9/1 近似色,11,ｱｰｽ,2026/7/17,佐川急便,2026/7/17,,完成,岡,2026/7/14,製造
広島電機器材,九州工場,九州工場,2026/7/10,2026/7/10,26-J0082131-002-771,ZE3020X2,2.3,300,300,200,ZN PB 水切,,2,ｱｰｽ,2026/7/17,福山通運　九州発送,2026/7/17,,完成,金光,2026/7/13,製造
広島電機器材,九州工場,九州工場,2026/7/10,2026/7/10,26-J0082131-001-771,ZE3030X2,2.3,300,300,300,ZN PB 水切,,1,ｱｰｽ,2026/7/17,福山通運　九州発送,2026/7/17,,完成,金光,2026/7/13,製造
広島電機器材,九州工場,九州工場,2026/7/10,2026/7/10,26-J0082131-003-771,ZE1507X2,2.3,150,150,75,ZN PB 水切,,6,ｱｰｽ,2026/7/17,福山通運　九州発送,2026/7/17,,完成,金光,2026/7/13,製造
シンセイ　呉★,九州工場,九州工場,2026/7/10,2026/7/10,26-J0082296-002-771,II0000C,1.6,100,100,0,鉄 切板 焼付,2.5Y9/1 近似色,2,吊穴不可,2026/7/17,福山通運　九州発送,2026/7/17,,完成,森田,2026/7/14,製造
シンセイ　呉★,九州工場,九州工場,2026/7/10,2026/7/10,26-J0082296-001-771,IIP0000C,1.6,250,250,0,鉄 ﾌﾟﾚｰﾄ 焼付,2.5Y9/1 近似色,4,φ5x4,2026/7/17,福山通運　九州発送,2026/7/17,,完成,森田,2026/7/14,製造
山陰ﾊﾟﾅｿﾆｯｸ　出雲★,九州工場,九州工場,2026/7/10,2026/7/10,26-J0082320-001-771,DE3020SN,1.6,300,300,200,Sﾀﾞｲﾏ PB 平,,3,ｱｰｽ,2026/7/17,福山通運　九州発送,2026/7/17,,完成,服部,2026/7/17,製造
山陰ﾊﾟﾅｿﾆｯｸ　出雲★,九州工場,九州工場,2026/7/10,2026/7/10,26-J0082320-002-771,DE2015SN,1.6,200,200,150,Sﾀﾞｲﾏ PB 平,,2,ｱｰｽ,2026/7/17,福山通運　九州発送,2026/7/17,,完成,服部,2026/7/17,製造
ｹｲ･ｴｽ･ﾃﾞｰ　鹿児島★,九州工場,九州工場,2026/7/10,2026/7/10,26-J0082428-001-771,SE2520XC,1.5,250,250,200,SUS PB 水切 焼付,5Y7/1 近似色,3,ｱｰｽ,2026/7/17,佐川急便,2026/7/17,,完成,森田,2026/7/14,製造
山陰ﾊﾟﾅｿﾆｯｸ　鳥取★,九州工場,九州工場,2026/7/10,2026/7/10,26-J0082511-001-771,SE0000XN,2,800,500,500,SUS PBﾄｸ 水切,,1,ｱｰｽ,2026/7/17,福山通運　九州発送,2026/7/17,,完成,服部,2026/7/17,製造
東芝電材　岡山★,九州工場,九州工場,2026/7/13,2026/7/13,26-J0083096-001-771,IIP0000C,1.6,188,183,0,鉄 ﾌﾟﾚｰﾄ 焼付,5Y7/1(近似色),1,穴加工ｱﾘ,2026/7/17,福山通運　九州発送,2026/7/17,,完成,岡,2026/7/15,製造
正二電気　岡山本社,九州工場,九州工場,2026/7/13,2026/7/13,26-J0083409-001-771,IIP0000C,2.3,"2,000.00","1,000.00",0,鉄 ﾌﾟﾚｰﾄ 焼付,2.5Y9/1(近似色),1,穴加工ｱﾘ,2026/7/17,福山通運　九州発送,2026/7/17,,完成,岡,2026/7/14,製造
三永興産★,九州工場,九州工場,2026/7/14,2026/7/14,26-J0083828-001-771,IE1010SC,1.6,100,100,100,鉄 PB 平 焼付,5Y7/1 近似色,3,ｱｰｽ,2026/7/17,福山通運　九州発送,2026/7/17,,完成,岡,2026/7/15,製造
イシグロ　北九州★,九州工場,九州工場,2026/7/14,2026/7/14,26-J0083905-001-771,ZG0000,0,75,40,"1,800.00",ZN 架台,,20,穴加工　C75x40x5x7 先メッキ材,2026/7/17,チャーター便,2026/7/17,,完成,金光,2026/7/10,製造
九州電業社　佐世保★,九州工場,九州工場,2026/7/14,2026/7/14,26-J0084040-001-771,BE1515SC,1.6,150,150,150,国土 PB 平 焼付,2.5Y9/1 近似色,1,ｱｰｽ,2026/7/17,佐川急便,2026/7/17,,完成,岡,2026/7/15,製造
イシグロ　福岡★,九州工場,九州工場,2026/7/14,2026/7/14,26-J0084145-001-771,IG0000G,5,200,120,"3,600.00",鉄 架台,,1,さび止め C-5x40x75　PL-9t,2026/7/17,福山通運　九州発送,2026/7/17,,完成,古川,2026/7/16,製造
三親電材　岡山★,九州工場,九州工場,2026/7/14,2026/7/14,26-J0084840-003-771,IMK0000G,2.3,"1,050.00",950,15,鉄 曲金物,,1,さび止め 穴加工ｱﾘ,2026/7/17,福山通運　九州発送,2026/7/17,,完成,森田,2026/7/16,製造
三親電材　岡山★,九州工場,九州工場,2026/7/14,2026/7/14,26-J0084840-002-771,IMK0000G,2.3,800,400,15,鉄 曲金物,,1,さび止め 穴加工ｱﾘ,2026/7/17,福山通運　九州発送,2026/7/17,,完成,森田,2026/7/16,製造
三親電材　岡山★,九州工場,九州工場,2026/7/14,2026/7/14,26-J0084840-001-771,IMK0000G,2.3,"1,150.00",950,15,鉄 曲金物,,1,さび止め 穴加工ｱﾘ,2026/7/17,福山通運　九州発送,2026/7/17,,完成,森田,2026/7/16,製造
ナミデン　岡山★,九州工場,九州工場,2026/7/14,2026/7/14,26-J0084986-001-771,DP2020SN,1.6,200,200,200,Sﾀﾞｲﾏ PB 平,,1,,2026/7/17,福山通運　九州発送,2026/7/17,,完成,服部,2026/7/17,製造
ナミデン　広島★,九州工場,九州工場,2026/7/14,2026/7/14,26-J0084987-002-771,ZG0000,6,65,65,"5,500.00",ZN 架台,,10,L65x65x6t 先メッキ,2026/7/17,アイエヌライン,2026/7/17,,完成,森田,2026/7/15,製造
ナミデン　広島★,九州工場,九州工場,2026/7/14,2026/7/14,26-J0084987-001-771,IAI0000G,0,"5,500.00",0,0,鉄 ｱﾝｸﾞﾙ,,10,L6x65  さび止め,2026/7/17,アイエヌライン,2026/7/17,,ｷｬﾝｾﾙ,樫原,2026/7/16,製造
ハッピー電気　菊陽★,九州工場,九州工場,2026/7/15,2026/7/15,26-J0085350-001-771,IP0000SG,1.6,500,300,250,鉄 PBﾄｸ 平,,8,さび止め,2026/7/17,佐川急便,2026/7/17,,完成,服部,2026/7/16,製造
岡本電機　広島★,九州工場,九州工場,2026/7/15,2026/7/15,26-J0085434-001-771,BP2010SG,1.6,200,200,100,国土 PB 平,,7,ｱｰｽ無 さび止め,2026/7/17,佐川急便,2026/7/17,,完成,服部,2026/7/16,製造
東芝電材　大牟田★,九州工場,九州工場,2026/7/15,2026/7/15,26-J0085591-001-771,SE0000XN,2,800,400,200,SUS PBﾄｸ 水切,,1,ｱｰｽ,2026/7/17,佐川急便,2026/7/17,,完成,服部,2026/7/17,製造
東芝電材　大牟田★,九州工場,九州工場,2026/7/15,2026/7/15,26-J0085594-001-771,IF0000G,1.6,200,200,100,鉄 裏BOX,,2,さび止め,2026/7/17,佐川急便,2026/7/17,,完成,古川,2026/7/16,製造
三和電気商会★,九州工場,九州工場,2026/7/15,2026/7/15,26-J0085596-001-771,DP2020WN,1.6,200,200,200,Sﾀﾞｲﾏ PB 被せ,,1,,2026/7/17,福山通運　九州発送,2026/7/17,,完成,服部,2026/7/16,製造
ナミデン　広島★,九州工場,九州工場,2026/7/15,2026/7/15,26-J0085649-001-771,DIP0000N,0,950,445,0,Sﾀﾞｲﾏ ﾌﾟﾚｰﾄ,,2,ｷｭｰﾋﾞｸﾙ基礎塞ぎ板,2026/7/17,佐川急便,2026/7/17,,完成,古川,2026/7/17,製造
ナミデン　広島★,九州工場,九州工場,2026/7/15,2026/7/15,26-J0085649-003-771,DIP0000N,0,900,560,0,Sﾀﾞｲﾏ ﾌﾟﾚｰﾄ,,1,ｷｭｰﾋﾞｸﾙ基礎塞ぎ板,2026/7/17,佐川急便,2026/7/17,,完成,古川,2026/7/17,製造
ナミデン　広島★,九州工場,九州工場,2026/7/15,2026/7/15,26-J0085649-002-771,DIP0000N,0,900,300,0,Sﾀﾞｲﾏ ﾌﾟﾚｰﾄ,,1,ｷｭｰﾋﾞｸﾙ基礎塞ぎ板,2026/7/17,佐川急便,2026/7/17,,完成,古川,2026/7/17,製造
三親電材　広島★,九州工場,九州工場,2026/7/15,2026/7/15,26-J0086045-001-771,DP3030WN,1.6,300,300,300,Sﾀﾞｲﾏ PB 被せ,,1,,2026/7/17,福山通運　九州発送,2026/7/17,,完成,坂元,2026/7/17,製造
三親電材　広島★,九州工場,九州工場,2026/7/15,2026/7/15,26-J0086045-002-771,DP4030WN,1.6,400,400,300,Sﾀﾞｲﾏ PB 被せ,,2,,2026/7/17,福山通運　九州発送,2026/7/17,,完成,坂元,2026/7/17,製造
日本電設資材　福岡★,九州工場,九州工場,2026/7/15,2026/7/15,26-J0086217-004-771,IMK0000G,4.5,900,100,40,鉄 曲金物,,1,さび止め　穴加工　EPS4,2026/7/17,福山通運　九州発送,2026/7/17,,完成,服部,2026/7/16,製造
日本電設資材　福岡★,九州工場,九州工場,2026/7/15,2026/7/15,26-J0086217-002-771,IMK0000G,4.5,900,100,40,鉄 曲金物,,1,さび止め　穴加工　EPS2,2026/7/17,福山通運　九州発送,2026/7/17,,完成,服部,2026/7/16,製造
日本電設資材　福岡★,九州工場,九州工場,2026/7/15,2026/7/15,26-J0086217-001-771,IMK0000G,4.5,"1,100.00",100,40,鉄 曲金物,,2,さび止め　穴加工　EPS1,2026/7/17,福山通運　九州発送,2026/7/17,,完成,服部,2026/7/16,製造
日本電設資材　福岡★,九州工場,九州工場,2026/7/15,2026/7/15,26-J0086217-003-771,IMK0000G,4.5,"1,100.00",100,40,鉄 曲金物,,1,さび止め　穴加工　EPS3,2026/7/17,福山通運　九州発送,2026/7/17,,完成,服部,2026/7/16,製造
米良電機　都城★,九州工場,九州工場,2026/7/16,2026/7/16,26-J0086291-001-771,SE0000XN,1.5,450,450,200,SUS PBﾄｸ 水切,,2,ｱｰｽ,2026/7/17,福山通運　九州発送,2026/7/17,,完成,服部,2026/7/17,製造
栗田電機　四国中央★,九州工場,九州工場,2026/7/16,2026/7/16,26-J0086462-001-771,SE0000XN,1.5,450,450,150,SUS PBﾄｸ 水切,,1,ｱｰｽ,2026/7/17,福山通運　九州発送,2026/7/17,,完成,服部,2026/7/17,製造
東芝電材　宮崎★,九州工場,九州工場,2026/7/16,2026/7/16,26-J0086630-001-771,SE0000XN,1.5,500,400,500,SUS PBﾄｸ 水切,,1,ｱｰｽ,2026/7/17,福山通運　九州発送,2026/7/17,,完成,服部,2026/7/17,製造
カンサイ　電設★,九州工場,九州工場,2026/7/16,2026/7/16,26-J0086634-001-771,ITG0000G,0,300,300,0,鉄 耐震架台,,1,上部T型のみ さび止め LR,2026/7/17,佐川急便,2026/7/17,,完成,倉重,2026/7/16,製造
カンサイ　電設★,九州工場,九州工場,2026/7/16,2026/7/16,26-J0086634-002-771,ITG0000G,0,300,300,0,鉄 耐震架台,,1,上部T型のみ さび止め LR,2026/7/17,佐川急便,2026/7/17,,完成,倉重,2026/7/16,製造
カンサイ　電設★,九州工場,九州工場,2026/7/16,2026/7/16,26-J0086634-003-771,ITG0000G,0,300,300,0,鉄 耐震架台,,1,上部T型のみ さび止め LR,2026/7/17,佐川急便,2026/7/17,,完成,倉重,2026/7/16,製造
東芝電材　大牟田★,九州工場,九州工場,2026/7/16,2026/7/16,26-J0086781-001-771,I02000SG,1.6,400,400,0,鉄 ふたﾄｸ,,1,平ふた さび止め 穴加工無し,2026/7/17,佐川急便,2026/7/17,,完成,服部,2026/7/16,製造
東芝電材　熊本★,九州工場,九州工場,2026/7/16,2026/7/16,26-J0086915-001-771,SE0000XN,1.5,500,300,300,SUS PBﾄｸ 水切,,1,ｱｰｽ,2026/7/17,福山通運　九州発送,2026/7/17,,完成,服部,2026/7/17,製造
ナミデン　岡山★,九州工場,九州工場,2026/7/17,2026/7/17,26-J0087811-001-771,DMK0000N,1.6,915,304,276,Sﾀﾞｲﾏ 曲金物,,1,/23,2026/7/17,福山通運　九州発送,2026/7/17,,完成,古川,2026/7/17,製造
東芝電材　小倉★,九州工場,九州工場,2026/6/12,2026/6/12,26-J0059918-001-771,DP0000XN,1.6,400,400,400,Sﾀﾞｲﾏ PBﾄｸ 水切,5Y7/1 近似色,2,重耐塩塗装,2026/7/17,北九州配達,2026/7/21,,完成,古川,2026/6/24,製造
東芝電材　小倉★,九州工場,九州工場,2026/6/12,2026/6/12,26-J0059918-004-771,DE0000XN,2.3,800,800,800,Sﾀﾞｲﾏ PBﾄｸ 水切,5Y7/1 近似色,1,ｱｰｽ  重耐塩塗装,2026/7/17,北九州配達,2026/7/21,,完成,古川,2026/6/24,製造
東芝電材　小倉★,九州工場,九州工場,2026/6/12,2026/6/12,26-J0059918-002-771,DP0000XN,1.6,450,400,400,Sﾀﾞｲﾏ PBﾄｸ 水切,5Y7/1 近似色,2,重耐塩塗装,2026/7/17,北九州配達,2026/7/21,,完成,古川,2026/6/24,製造
東芝電材　小倉★,九州工場,九州工場,2026/6/12,2026/6/12,26-J0059937-003-771,DE0000XN,2.3,800,800,600,Sﾀﾞｲﾏ PBﾄｸ 水切,5Y7/1 近似色,2,ｱｰｽ  重耐塩塗装,2026/7/21,北九州配達,2026/7/21,,完成,古川,2026/6/24,製造
東芝電材　小倉★,九州工場,九州工場,2026/6/29,2026/6/29,26-J0072490-005-771,DKW0000N,1.6,900,300,230,Sﾀﾞｲﾏ 貫通枠,,1,平蓋,2026/7/17,北九州配達,2026/7/21,,完成,服部,2026/7/17,製造
東芝電材　小倉★,九州工場,九州工場,2026/6/29,2026/6/29,26-J0072490-006-771,DKW0000N,1.6,700,200,230,Sﾀﾞｲﾏ 貫通枠,,1,平蓋,2026/7/17,北九州配達,2026/7/21,,完成,服部,2026/7/17,製造
東芝電材　小倉★,九州工場,九州工場,2026/6/29,2026/6/29,26-J0072490-007-771,DKW0000N,1.6,400,200,230,Sﾀﾞｲﾏ 貫通枠,,1,平蓋,2026/7/17,北九州配達,2026/7/21,,完成,服部,2026/7/17,製造
巴電業　広島★,九州工場,九州工場,2026/7/3,2026/7/3,26-J0076085-001-771,IDC0000C,1.6,400,300,500,鉄 ﾀﾞｸﾄｶﾊﾞｰ 焼付,2.5Y9/1 近似色,1,正面平蓋　背面取付穴4-φ12,2026/7/21,福山通運　九州発送,2026/7/21,,完成,岡,2026/7/15,製造
カンサイ　筑豊★,九州工場,九州工場,2026/7/6,2026/7/6,26-J0077512-003-771,SE2015XC,1.5,200,200,150,SUS PB 水切 焼付,2.5Y9/1 近似色,2,ｱｰｽ,2026/7/17,北九州配達,2026/7/21,,完成,森田,,加工
カンサイ　筑豊★,九州工場,九州工場,2026/7/6,2026/7/6,26-J0077512-005-771,SE5040XC,1.5,500,500,400,SUS PB 水切 焼付,2.5Y9/1 近似色,2,ｱｰｽ,2026/7/17,北九州配達,2026/7/21,,完成,ナム,2026/7/13,製造
カンサイ　筑豊★,九州工場,九州工場,2026/7/6,2026/7/6,26-J0077512-004-771,SE3020XC,1.5,300,300,200,SUS PB 水切 焼付,2.5Y9/1 近似色,2,ｱｰｽ,2026/7/17,北九州配達,2026/7/21,,完成,森田,,加工
イシグロ　福岡★,九州工場,九州工場,2026/7/6,2026/7/6,26-J0077634-003-771,ZG0000,5,765,60,75,ZN 架台,,14,HDZT77 SS-C-5x40x75　PL-6t　穴加工  室外機架台3,2026/7/21,福山通運　九州発送,2026/7/21,,完成,古川,2026/7/13,製造
イシグロ　福岡★,九州工場,九州工場,2026/7/6,2026/7/6,26-J0077634-005-771,ZKM0000,5,200,40,75,ZN 金物,,16,HDZT77 SS-C-5x40x75　穴加工  配管架台,2026/7/21,福山通運　九州発送,2026/7/21,,完成,古川,2026/7/13,製造
イシグロ　福岡★,九州工場,九州工場,2026/7/6,2026/7/6,26-J0077634-002-771,ZG0000,6,650,65,500,ZN 架台,,2,HDZT77 SS-L-65x65x6t 穴加工 左右1ｾｯﾄ  室外機架台2,2026/7/21,福山通運　九州発送,2026/7/21,,完成,古川,2026/7/10,製造
イシグロ　福岡★,九州工場,九州工場,2026/7/6,2026/7/6,26-J0077634-001-771,ZG0000,6,650,65,500,ZN 架台,,7,HDZT77 SS-L-65x65x6t 穴加工 左右1ｾｯﾄ  室外機架台1,2026/7/21,福山通運　九州発送,2026/7/21,,完成,古川,2026/7/10,製造
イシグロ　福岡★,九州工場,九州工場,2026/7/6,2026/7/6,26-J0077634-004-771,ZG0000,5,865,60,75,ZN 架台,,4,HDZT77 SS-C-5x40x75　PL-6t　穴加工  室外機架台4,2026/7/21,福山通運　九州発送,2026/7/21,,完成,古川,2026/7/13,製造
Q-mast　空調管グル－プ★,九州工場,九州工場,2026/7/7,2026/7/7,26-J0078374-001-771,ZTG0000,0,780,"1,910.00",0,ZN 耐震架台,,1,精錬棟1F 空調ﾀﾞｸﾄ(排煙) 44,2026/7/17,ヤマックス　ｽﾎﾟｯﾄ便,2026/7/21,,完成,森田,2026/7/10,製造
Q-mast　空調管グル－プ★,九州工場,九州工場,2026/7/7,2026/7/7,26-J0078374-002-771,ZTG0000,0,800,"1,720.00",0,ZN 耐震架台,,1,精錬棟1F 空調ﾀﾞｸﾄ(排煙) 39,2026/7/17,ヤマックス　ｽﾎﾟｯﾄ便,2026/7/21,,完成,森田,2026/7/10,製造
Q-mast　空調管グル－プ★,九州工場,九州工場,2026/7/7,2026/7/7,26-J0078374-003-771,ZTG0000,0,"1,700.00","1,260.00",0,ZN 耐震架台,,1,精錬棟1F 空調ﾀﾞｸﾄ(排煙) 47,2026/7/17,ヤマックス　ｽﾎﾟｯﾄ便,2026/7/21,,完成,森田,2026/7/10,製造
Q-mast　空調管グル－プ★,九州工場,九州工場,2026/7/7,2026/7/7,26-J0078374-004-771,ZTG0000,0,"1,600.00","1,455.00",0,ZN 耐震架台,,1,精錬棟1F 空調ﾀﾞｸﾄ(排煙) 48,2026/7/17,ヤマックス　ｽﾎﾟｯﾄ便,2026/7/21,,完成,森田,2026/7/10,製造
Q-mast　空調管グル－プ★,九州工場,九州工場,2026/7/7,2026/7/7,26-J0078456-004-771,STG0000N,0,"1,865.00","2,100.00",0,SUS 耐震架台,,1,精錬棟1F　排煙ﾀﾞｸﾄ 1,2026/7/17,ヤマックス　ｽﾎﾟｯﾄ便,2026/7/21,,完成,倉重,2026/7/17,製造
ニッタマテリアル,九州工場,九州工場,2026/7/7,2026/7/7,26-J0078934-001-771,IBGF1250C,2.3,"1,250.00",400,350,鉄 防球ガード 焼付,2.5Y9/1 近似色,1,搬送ファン用　サンプル製作,2026/7/17,佐川急便,2026/7/21,2026/7/17,完成,森田,2026/7/14,製造
赤木電機★,九州工場,九州工場,2026/7/8,2026/7/8,26-J0079725-001-771,ZE0000W,3.2,550,550,200,ZN PBﾄｸ 被せ,,2,ｱｰｽ HDZT63,2026/7/21,福山通運　九州発送,2026/7/21,,完成,金光,2026/7/13,製造
興陽電機　福岡西★,九州工場,九州工場,2026/7/8,2026/7/8,26-J0080371-001-771,ZG0000,6,500,500,500,ZN 架台,,1,L6x50 φ16x8,2026/7/21,ヤマックス福岡,2026/7/21,,完成,古川,2026/7/13,製造
Q-mast　空調管グル－プ★,九州工場,九州工場,2026/7/9,2026/7/9,26-J0080470-001-771,ZG0000,0,400,785,"1,300.00",ZN 架台,,1,L6x50  精錬棟1F 排煙ﾀﾞｸﾄ架台　1,2026/7/17,ヤマックス　ｽﾎﾟｯﾄ便,2026/7/21,,完成,森田,2026/7/13,製造
ナミデン　山口★,九州工場,九州工場,2026/7/10,2026/7/10,26-J0081545-002-771,ZP0000W,2.3,500,200,200,ZN PBﾄｸ 被せ,,1,,2026/7/21,福山通運　九州発送,2026/7/21,,完成,古川,2026/7/13,製造
ナミデン　山口★,九州工場,九州工場,2026/7/10,2026/7/10,26-J0081545-001-771,ZP0000W,3.2,600,300,300,ZN PBﾄｸ 被せ,,2,,2026/7/21,福山通運　九州発送,2026/7/21,,完成,金光,2026/7/13,製造
日本電設資材　福岡★,九州工場,九州工場,2026/7/10,2026/7/10,26-J0081574-001-771,IKM0000G,6,200,100,150,鉄 金物,,2,さび止め 穴加工,2026/7/17,ヤマックス福岡,2026/7/21,,完成,服部,2026/7/16,製造
タツミ電材　武雄★,九州工場,九州工場,2026/7/10,2026/7/10,26-J0081689-001-771,ID0000G,1.6,80,80,"2,263.00",鉄 ﾀﾞｸﾄ,,1,さび止め 平蓋　ｼﾞｮｲﾝﾄ不要,2026/7/21,佐川急便,2026/7/21,,完成,樫原,2026/7/15,製造
Q-mast　空調管グル－プ★,九州工場,九州工場,2026/7/10,2026/7/10,26-J0081704-002-771,ZG0000,0,170,170,0,ZN 架台,,2,L40x40x3  ｶｰﾎﾞﾝ棟 配管 16,2026/7/17,ヤマックス　ｽﾎﾟｯﾄ便,2026/7/21,,完成,森田,2026/7/13,製造
Q-mast　空調管グル－プ★,九州工場,九州工場,2026/7/10,2026/7/10,26-J0081704-001-771,ZG0000,0,170,170,0,ZN 架台,,1,L40x40x3  ｶｰﾎﾞﾝ棟 配管 15,2026/7/17,ヤマックス　ｽﾎﾟｯﾄ便,2026/7/21,,完成,森田,2026/7/13,製造
Q-mast　空調管グル－プ★,九州工場,九州工場,2026/7/10,2026/7/10,26-J0081704-003-771,ZG0000,4.5,40,100,80,ZN 架台,,4,  ｶｰﾎﾞﾝ棟 配管ﾋﾟｰｽ,2026/7/17,ヤマックス　ｽﾎﾟｯﾄ便,2026/7/21,,完成,森田,2026/7/13,製造
ナミデン　広島★,九州工場,九州工場,2026/7/10,2026/7/10,26-J0081995-003-771,ZAI0000,6,75,75,460,ZN ｱﾝｸﾞﾙ,,4,SS-L-75x75x6t　吊穴,2026/7/21,福山通運　九州発送,2026/7/21,,完成,古川,2026/7/13,製造
かごしま電工　川内★,九州工場,九州工場,2026/7/10,2026/7/10,26-J0082188-001-771,IP0000SC,1.6,200,180,41.6,鉄 PBﾄｸ 平 焼付,2.5Y9/1 近似色,1,蓋M5ﾛｰﾚｯﾄﾋﾞｽ止 蝶番 穴加工 開口,2026/7/21,佐川急便,2026/7/21,,完成,岡,2026/7/15,製造
かごしま電工　川内★,九州工場,九州工場,2026/7/10,2026/7/10,26-J0082194-002-771,BE1510SCW,1.6,150,150,100,国土 PB 平 焼付,2.5Y9/1 近似色,1,ｱｰｽ 内ﾜﾆｽ,2026/7/21,佐川急便,2026/7/21,,完成,岡,2026/7/13,製造
かごしま電工　川内★,九州工場,九州工場,2026/7/10,2026/7/10,26-J0082204-001-771,IP0000SC,1.6,200,180,81.6,鉄 PBﾄｸ 平 焼付,2.5Y9/1 近似色,1,蓋M5ﾛｰﾚｯﾄﾋﾞｽ止 蝶番 穴加工 開口,2026/7/21,佐川急便,2026/7/21,,完成,岡,2026/7/15,製造
かごしま電工　川内★,九州工場,九州工場,2026/7/10,2026/7/10,26-J0082211-002-771,BE1510SCW,1.6,150,150,100,国土 PB 平 焼付,2.5Y9/1 近似色,5,ｱｰｽ 内ﾜﾆｽ,2026/7/17,佐川急便,2026/7/21,,完成,岡,2026/7/13,製造
岡本電機　広島★,九州工場,九州工場,2026/7/10,2026/7/10,26-J0082476-003-771,S02000WN,1.5,700,700,0,SUS ふたﾄｸ,,1,被せふた ビス穴なし,2026/7/21,佐川急便,2026/7/21,,完成,坂元,2026/7/21,製造
岡本電機　広島★,九州工場,九州工場,2026/7/10,2026/7/10,26-J0082476-001-771,S02000WN,1.5,400,400,0,SUS ふたﾄｸ,,3,被せふた ビス穴なし,2026/7/21,佐川急便,2026/7/21,,完成,樋口,2026/7/21,製造
岡本電機　広島★,九州工場,九州工場,2026/7/10,2026/7/10,26-J0082476-002-771,S02000WN,1.5,500,500,0,SUS ふたﾄｸ,,6,被せふた ビス穴なし,2026/7/21,佐川急便,2026/7/21,,完成,服部,2026/7/21,製造
岡本電機　広島★,九州工場,九州工場,2026/7/10,2026/7/10,26-J0082476-004-771,S02000WN,2,800,800,0,SUS ふたﾄｸ,,6,被せふた ビス穴なし,2026/7/21,佐川急便,2026/7/21,,完成,坂元,2026/7/21,製造
岡本電機　広島★,九州工場,九州工場,2026/7/10,2026/7/10,26-J0082476-005-771,S02000WN,2,900,900,0,SUS ふたﾄｸ,,1,被せふた ビス穴なし,2026/7/21,佐川急便,2026/7/21,,完成,坂元,2026/7/21,製造
三親電材　水島(営業課)★,九州工場,九州工場,2026/7/13,2026/7/13,26-J0082861-001-771,IP0000SG,2.3,150,150,100,鉄 PBﾄｸ 平,,5,さび止め,2026/7/21,福山通運　九州発送,2026/7/21,,完成,倉重,2026/7/17,製造
三親電材　水島(営業課)★,九州工場,九州工場,2026/7/13,2026/7/13,26-J0082861-002-771,IP0000SG,2.3,200,200,100,鉄 PBﾄｸ 平,,5,さび止め,2026/7/21,福山通運　九州発送,2026/7/21,,完成,倉重,2026/7/17,製造
カンサイ　東★,九州工場,九州工場,2026/7/13,2026/7/13,26-J0083120-009-771,BE3020SC,1.6,300,300,200,国土 PB 平 焼付,2.5Y9/1 近似色,3,ｱｰｽ,2026/7/17,ヤマックス福岡,2026/7/21,,完成,森田,,加工
カンサイ　東★,九州工場,九州工場,2026/7/13,2026/7/13,26-J0083120-017-771,SE2010XC,1.5,200,200,100,SUS PB 水切 焼付,2.5Y9/1 近似色,1,ｱｰｽ,2026/7/17,ヤマックス福岡,2026/7/21,,完成,森田,,加工
カンサイ　東★,九州工場,九州工場,2026/7/13,2026/7/13,26-J0083120-002-771,BE4040SC,1.6,400,400,400,国土 PB 平 焼付,2.5Y9/1 近似色,2,ｱｰｽ,2026/7/17,ヤマックス福岡,2026/7/21,,完成,岡,2026/7/14,製造
カンサイ　東★,九州工場,九州工場,2026/7/13,2026/7/13,26-J0083120-003-771,SE2020XC,1.5,200,200,200,SUS PB 水切 焼付,2.5Y9/1 近似色,3,ｱｰｽ,2026/7/17,ヤマックス福岡,2026/7/21,,完成,森田,,加工
カンサイ　東★,九州工場,九州工場,2026/7/13,2026/7/13,26-J0083120-005-771,SE4040XC,1.5,400,400,400,SUS PB 水切 焼付,2.5Y9/1 近似色,3,ｱｰｽ,2026/7/17,ヤマックス福岡,2026/7/21,,完成,岡,2026/7/14,製造
梶電機工業★,九州工場,九州工場,2026/7/13,2026/7/13,26-J0083383-001-771,SE0000XN,1.5,200,200,200,SUS PBﾄｸ 水切,,8,ｱｰｽ ｾﾝﾀｰｾﾊﾟﾚｰﾀ付,2026/7/21,福山通運　九州発送,2026/7/21,,完成,倉重,2026/7/21,製造
梶電機工業★,九州工場,九州工場,2026/7/13,2026/7/13,26-J0083408-001-771,SE0000XN,1.5,200,200,200,SUS PBﾄｸ 水切,,4,ｱｰｽ ｾﾝﾀｰｾﾊﾟﾚｰﾀ付,2026/7/21,福山通運　九州発送,2026/7/21,,完成,倉重,2026/7/21,製造
ナミデン　岡山★,九州工場,九州工場,2026/7/13,2026/7/13,26-J0083722-001-771,SP0000XC,1.5,300,200,200,SUS PBﾄｸ 水切 焼付,N-60 3分ﾂﾔ,1,開口･穴加工ｱﾘ,2026/7/21,福山通運　九州発送,2026/7/21,,完成,岡,2026/7/15,製造
大洋電材　本社★,九州工場,九州工場,2026/7/13,2026/7/13,26-J0083795-001-771,DC0000N,2.3,"1,500.00",700,730,Sﾀﾞｲﾏ ｶﾊﾞｰ,,1,正面平蓋　取付足付き　傾斜付き　,2026/7/17,北九州配達,2026/7/21,,完成,服部,2026/7/17,製造
三親電材　松江★,九州工場,九州工場,2026/7/14,2026/7/14,26-J0083889-001-771,BE0000SG,1.6,150,150,100,国土 PBﾄｸ 平,,14,側面ｱｰｽ さび止め 穴加工ｱﾘ,2026/7/21,福山通運　九州発送,2026/7/21,,完成,倉重,2026/7/17,製造
ハッピー電気　八代★,九州工場,九州工場,2026/7/14,2026/7/14,26-J0083910-001-771,SE2020XC,1.5,200,200,200,SUS PB 水切 焼付,2.5Y9/1 近似色,2,ｱｰｽ,2026/7/21,佐川急便,2026/7/21,,完成,岡,2026/7/15,製造
ハッピー電気　八代★,九州工場,九州工場,2026/7/14,2026/7/14,26-J0083910-008-771,SE3020XC,1.5,300,300,200,SUS PB 水切 焼付,2.5Y9/1 近似色,1,ｱｰｽ,2026/7/21,佐川急便,2026/7/21,,完成,岡,,加工
ハッピー電気　八代★,九州工場,九州工場,2026/7/14,2026/7/14,26-J0083910-003-771,SE4040XC,1.5,400,400,400,SUS PB 水切 焼付,2.5Y9/1 近似色,1,ｱｰｽ,2026/7/21,佐川急便,2026/7/21,,完成,古川,2026/7/15,製造
ハッピー電気　八代★,九州工場,九州工場,2026/7/14,2026/7/14,26-J0083910-007-771,SE2010XC,1.5,200,200,100,SUS PB 水切 焼付,2.5Y9/1 近似色,3,ｱｰｽ,2026/7/21,佐川急便,2026/7/21,,完成,岡,,加工
かごしま電工　国分★,九州工場,九州工場,2026/7/14,2026/7/14,26-J0084010-001-771,BE1510SCW,1.6,150,150,100,国土 PB 平 焼付,2.5Y9/1 近似色,3,ｱｰｽ  内ﾜﾆｽ,2026/7/21,佐川急便,2026/7/21,,完成,岡,2026/7/15,製造
木村電機　本社★,九州工場,九州工場,2026/7/14,2026/7/14,26-J0084131-001-771,IIP0000C,1.6,"1,000.00",200,0,鉄 ﾌﾟﾚｰﾄ 焼付,河村電器 5Y7/1 近似色,1,φ10x6,2026/7/21,佐川急便,2026/7/21,,完成,岡,2026/7/15,製造
東芝電材　福岡★,九州工場,九州工場,2026/7/14,2026/7/14,26-J0084346-005-771,DE0000XN,1.6,600,300,600,Sﾀﾞｲﾏ PBﾄｸ 水切,,1,ｱｰｽ,2026/7/17,ヤマックス福岡,2026/7/21,,完成,服部,2026/7/17,製造
東芝電材　福岡★,九州工場,九州工場,2026/7/14,2026/7/14,26-J0084346-003-771,DE0000XN,1.6,500,500,300,Sﾀﾞｲﾏ PBﾄｸ 水切,,2,ｱｰｽ,2026/7/17,ヤマックス福岡,2026/7/21,,完成,服部,2026/7/17,製造
東芝電材　福岡★,九州工場,九州工場,2026/7/14,2026/7/14,26-J0084346-004-771,DE0000XN,1.6,500,500,500,Sﾀﾞｲﾏ PBﾄｸ 水切,,1,ｱｰｽ,2026/7/17,ヤマックス福岡,2026/7/21,,完成,服部,2026/7/17,製造
東芝電材　福岡★,九州工場,九州工場,2026/7/14,2026/7/14,26-J0084346-006-771,DE0000XN,1.6,500,500,200,Sﾀﾞｲﾏ PBﾄｸ 水切,,1,ｱｰｽ,2026/7/17,ヤマックス福岡,2026/7/21,,完成,服部,2026/7/17,製造
ナンリツ　本社営業部★,九州工場,九州工場,2026/7/14,2026/7/14,26-J0084385-001-771,IE0000SG,2.3,800,700,400,鉄 PBﾄｸ 平,,1,ｱｰｽ さび止め,2026/7/21,福山通運　九州発送,2026/7/21,,完成,倉重,2026/7/16,製造
中西電機　高松本社★,九州工場,九州工場,2026/7/14,2026/7/14,26-J0084561-002-771,IP0000SG,1.6,250,150,150,鉄 PBﾄｸ 平,,1,さび止め,2026/7/21,福山通運　九州発送,2026/7/21,,完成,服部,2026/7/17,製造
小林電工　津山★,九州工場,九州工場,2026/7/14,2026/7/14,26-J0084596-001-771,BP1515WG,1.6,150,150,150,国土 PB 被せ,,1,ｱｰｽ無 さび止め,2026/7/21,福山通運　九州発送,2026/7/21,,完成,服部,2026/7/16,製造
三星商会　岡山★,九州工場,九州工場,2026/7/14,2026/7/14,26-J0084792-001-771,SMK0000N,2,140,110,75,SUS 曲金物,,1,/75 穴加工ｱﾘ R14x1,2026/7/21,福山通運　九州発送,2026/7/21,,完成,坂元,2026/7/21,製造
三親電材　水島★,九州工場,九州工場,2026/7/14,2026/7/14,26-J0084829-002-771,IIP0000G,1.6,75,20,0,鉄 ﾌﾟﾚｰﾄ,,1,さび止め 穴加工ｱﾘ,2026/7/21,福山通運　九州発送,2026/7/21,,完成,服部,2026/7/17,製造
三親電材　水島★,九州工場,九州工場,2026/7/14,2026/7/14,26-J0084829-001-771,IIP0000G,1.6,75,75,0,鉄 ﾌﾟﾚｰﾄ,,1,さび止め ｽﾀｯﾄﾞﾎﾞﾙﾄ付,2026/7/21,福山通運　九州発送,2026/7/21,,完成,服部,2026/7/17,製造
カンサイ　日進商会★,九州工場,九州工場,2026/7/14,2026/7/14,26-J0084891-001-771,IC0000G,1.6,300,300,151.6,鉄 ｶﾊﾞｰ,,1,外ﾂﾊﾞ 開口 穴加工 さび止め,2026/7/17,北九州配達,2026/7/21,,完成,倉重,2026/7/16,製造
正和電材　長崎★,九州工場,九州工場,2026/7/14,2026/7/14,26-J0084905-001-771,DE1515WN,1.6,150,150,150,Sﾀﾞｲﾏ PB 被せ,,5,ｱｰｽ,2026/7/21,福山通運　九州発送,2026/7/21,,完成,古川,2026/7/21,製造
シンセイ　福山★,九州工場,九州工場,2026/7/15,2026/7/15,26-J0085031-001-771,BE6060SC,1.6,600,600,600,国土 PB 平 焼付,2.5Y9/1 近似色,1,ｱｰｽ,2026/7/21,福山通運　九州発送,2026/7/21,,完成,古川,2026/7/16,製造
米良電機　宮崎★,九州工場,九州工場,2026/7/15,2026/7/15,26-J0085149-002-771,BE1010XC,1.6,100,100,100,国土 PB 水切 焼付,2.5Y9/1 近似色,1,ｱｰｽ,2026/7/21,佐川急便,2026/7/21,,完成,岡,2026/7/16,製造
米良電機　宮崎★,九州工場,九州工場,2026/7/15,2026/7/15,26-J0085149-001-771,BE2010SC,1.6,200,200,100,国土 PB 平 焼付,2.5Y9/1 近似色,1,ｱｰｽ,2026/7/21,佐川急便,2026/7/21,,完成,岡,,加工
東芝電材　大牟田★,九州工場,九州工場,2026/7/15,2026/7/15,26-J0085274-001-771,BE2010SC,1.6,200,200,100,国土 PB 平 焼付,2.5Y9/1 近似色,3,ｱｰｽ,2026/7/21,佐川急便,2026/7/21,,完成,岡,,加工
三永興産★,九州工場,九州工場,2026/7/15,2026/7/15,26-J0085337-001-771,BE1510SC,1.6,150,150,100,国土 PB 平 焼付,5Y7/1 近似色,2,ｱｰｽ,2026/7/21,福山通運　九州発送,2026/7/21,,完成,古川,2026/7/16,製造
米良電機　宮崎★,九州工場,九州工場,2026/7/15,2026/7/15,26-J0085475-003-771,SE2020XC,1.5,200,200,200,SUS PB 水切 焼付,2.5Y9/1 近似色,1,ｱｰｽ,2026/7/21,佐川急便,2026/7/21,,完成,岡,,加工
米良電機　宮崎★,九州工場,九州工場,2026/7/15,2026/7/15,26-J0085475-002-771,SE2520XC,1.5,250,250,200,SUS PB 水切 焼付,2.5Y9/1 近似色,4,ｱｰｽ,2026/7/21,佐川急便,2026/7/21,,完成,岡,2026/7/16,製造
米良電機　宮崎★,九州工場,九州工場,2026/7/15,2026/7/15,26-J0085475-001-771,SE3020XC,1.5,300,300,200,SUS PB 水切 焼付,2.5Y9/1 近似色,2,ｱｰｽ,2026/7/21,佐川急便,2026/7/21,,完成,岡,,加工
興陽電機　八幡★,九州工場,九州工場,2026/7/15,2026/7/15,26-J0085490-001-771,IP5020SG,1.6,500,500,200,鉄 PB 平,,1,さび止め,2026/7/17,北九州配達,2026/7/21,,完成,服部,2026/7/16,製造
大洋電材　本社★,九州工場,九州工場,2026/7/15,2026/7/15,26-J0085539-002-771,SE2020XNA,1.5,200,200,200,SUS PB 水切,,1,ｱｰｽ 足付 L3x30(φ12)x4,2026/7/17,北九州配達,2026/7/21,,完成,服部,2026/7/17,製造
大洋電材　本社★,九州工場,九州工場,2026/7/15,2026/7/15,26-J0085539-001-771,SE3030XNA,1.5,300,300,300,SUS PB 水切,,1,ｱｰｽ 足付 L3x40(φ12)x4,2026/7/17,北九州配達,2026/7/21,,完成,服部,2026/7/17,製造
宮地電機　徳島,九州工場,九州工場,2026/7/15,2026/7/15,26-J0085844-001-771,SE0000WN,1.5,500,300,500,SUS PBﾄｸ 被せ,,4,ｱｰｽ,2026/7/21,福山通運　九州発送,2026/7/21,,完成,坂元,2026/7/21,製造
興陽電機　山口★,九州工場,九州工場,2026/7/15,2026/7/15,26-J0085945-003-771,SP0000XN,2,350,350,200,SUS PBﾄｸ 水切,,6,ｺ形金物ﾍﾞｰｽ溶接(M6ﾅｯﾄ溶接x2),2026/7/21,佐川急便,2026/7/21,,完成,坂元,2026/7/21,製造
ナミデン　福岡★,九州工場,九州工場,2026/7/15,2026/7/15,26-J0085989-001-771,ZKM0000,0,"1,000.00",0,0,ZN 金物,,2,ZLA5021Wをｶｯﾄ　切断部補修,2026/7/17,ヤマックス福岡,2026/7/21,,完成,金光,2026/7/17,製造
かごしま電工　国分★,九州工場,九州工場,2026/7/15,2026/7/15,26-J0086187-001-771,SI0000N,3,800,200,0,SUS 切板,,32,2B,2026/7/21,佐川急便,2026/7/21,,完成,倉重,2026/7/21,製造
東芝電材　唐津★,九州工場,九州工場,2026/7/16,2026/7/16,26-J0086260-001-771,BE4040SG,1.6,400,400,400,国土 PB 平,,3,ｱｰｽ さび止め,2026/7/21,佐川急便,2026/7/21,,完成,倉重,2026/7/17,製造
ナミデン　広島★,九州工場,九州工場,2026/7/16,2026/7/16,26-J0086286-005-771,IKM0000G,0,"1,300.00",0,0,鉄 金物,,1,L50x50x6  長穴加工  さび止め,2026/7/21,佐川急便,2026/7/21,,完成,古川,2026/7/17,製造
ナミデン　広島★,九州工場,九州工場,2026/7/16,2026/7/16,26-J0086286-002-771,IKM0000G,0,750,0,0,鉄 金物,,2,L50x50x6  長穴加工  さび止め,2026/7/21,佐川急便,2026/7/21,,完成,古川,2026/7/17,製造
ナミデン　広島★,九州工場,九州工場,2026/7/16,2026/7/16,26-J0086286-001-771,IKM0000G,0,770,0,0,鉄 金物,,1,L50x50x6  長穴加工  さび止め,2026/7/21,佐川急便,2026/7/21,,完成,古川,2026/7/17,製造
ナミデン　広島★,九州工場,九州工場,2026/7/16,2026/7/16,26-J0086286-003-771,IKM0000G,0,725,0,0,鉄 金物,,1,L50x50x6  長穴加工  さび止め,2026/7/21,佐川急便,2026/7/21,,完成,古川,2026/7/17,製造
ナミデン　広島★,九州工場,九州工場,2026/7/16,2026/7/16,26-J0086286-004-771,IKM0000G,0,900,0,0,鉄 金物,,1,L50x50x6  長穴加工  さび止め,2026/7/21,佐川急便,2026/7/21,,完成,古川,2026/7/17,製造
啓電社★,九州工場,九州工場,2026/7/16,2026/7/16,26-J0086355-002-771,IAI0000G,0,"2,600.00",0,0,鉄 ｱﾝｸﾞﾙ,,4,L6x65 さび止め,2026/7/17,ヤマックス福岡,2026/7/21,,完成,森田,2026/7/16,製造
平和テクノ　下関★,九州工場,九州工場,2026/7/16,2026/7/16,26-J0086385-001-771,II0000G,2.3,700,200,0,鉄 切板,,1,さび止め,2026/7/21,福山通運　九州発送,2026/7/21,,完成,倉重,2026/7/17,製造
平和テクノ　下関★,九州工場,九州工場,2026/7/16,2026/7/16,26-J0086385-002-771,II0000G,2.3,700,140,0,鉄 切板,,1,さび止め,2026/7/21,福山通運　九州発送,2026/7/21,,完成,倉重,2026/7/17,製造
東芝電材　宮崎★,九州工場,九州工場,2026/7/16,2026/7/16,26-J0086512-001-771,BE6060SG,1.6,600,600,600,国土 PB 平,,1,ｱｰｽ さび止め,2026/7/21,福山通運　九州発送,2026/7/21,,完成,倉重,2026/7/17,製造
興陽電機　岩国★,九州工場,九州工場,2026/7/16,2026/7/16,26-J0086610-001-771,BE0000WG,1.6,400,300,300,国土 PBﾄｸ 被せ,,1,ｱｰｽ さび止め,2026/7/17,福山通運　九州発送,2026/7/21,,完成,倉重,2026/7/16,製造
東芝電材　福岡★,九州工場,九州工場,2026/7/16,2026/7/16,26-J0086621-001-771,SE0000XN,1.5,200,100,100,SUS PBﾄｸ 水切,,1,ｱｰｽ,2026/7/17,ヤマックス福岡,2026/7/21,,完成,服部,2026/7/17,製造
東芝電材　鹿児島★,九州工場,九州工場,2026/7/16,2026/7/16,26-J0086642-001-771,SP0000XN,1.5,250,200,150,SUS PBﾄｸ 水切,,2,蝶番・鍵C-1152付き,2026/7/21,佐川急便,2026/7/21,,完成,倉重,2026/7/21,製造
越智電機産業　今治★,九州工場,九州工場,2026/7/16,2026/7/16,26-J0086743-001-771,IP6060SG,1.6,600,600,600,鉄 PB 平,,1,さび止め,2026/7/21,福山通運　九州発送,2026/7/21,,完成,倉重,2026/7/17,製造
シンセイ　広島第二★,九州工場,九州工場,2026/7/16,2026/7/16,26-J0086970-001-771,SKS0000N,2,820,120,40,SUS 貫通ｽﾘｰﾌﾞ,,1,長方形の筒型 片面外ﾂﾊﾞ4方向,2026/7/21,福山通運　九州発送,2026/7/21,,完成,坂元,2026/7/21,製造
シンセイ　倉敷★,九州工場,九州工場,2026/7/16,2026/7/16,26-J0087081-001-771,IIP0000G,1.6,200,160,0,鉄 ﾌﾟﾚｰﾄ,,1,さび止め 穴加工ｱﾘ,2026/7/21,福山通運　九州発送,2026/7/21,,完成,服部,2026/7/17,製造
東芝電材　霧島★,九州工場,九州工場,2026/7/16,2026/7/16,26-J0087094-001-771,SP0000WN,1.5,500,200,200,SUS PBﾄｸ 被せ,,1,下部開口 下部外ﾂﾊﾞ30,2026/7/21,福山通運　九州発送,2026/7/21,,完成,樋口,2026/7/21,製造
岡本電機　福山★,九州工場,九州工場,2026/7/17,2026/7/17,26-J0087535-001-771,SE0000XN,1.5,600,500,300,SUS PBﾄｸ 水切,,1,ｱｰｽ,2026/7/21,福山通運　九州発送,2026/7/21,,完成,樋口,2026/7/21,製造
三親電材　米子★,九州工場,九州工場,2026/7/17,2026/7/17,26-J0087555-001-771,SE0000XN,1.5,400,400,700,SUS PBﾄｸ 水切,,2,ｱｰｽ,2026/7/21,福山通運　九州発送,2026/7/21,,完成,坂元,2026/7/21,製造
ｹｲ･ｴｽ･ﾃﾞｰ　熊本★,九州工場,九州工場,2026/7/17,2026/7/17,26-J0087893-001-771,SP0000WN,1.5,300,200,150,SUS PBﾄｸ 被せ,,1,,2026/7/21,佐川急便,2026/7/21,,完成,服部,2026/7/21,製造
正和電材　佐世保★,九州工場,九州工場,2026/7/17,2026/7/17,26-J0088129-001-771,SIP0000N,1.5,300,100,0,SUS ﾌﾟﾚｰﾄ,,1,穴加工,2026/7/21,佐川急便,2026/7/21,,完成,倉重,2026/7/21,製造
ｹｲ･ｴｽ･ﾃﾞｰ　大分★,九州工場,九州工場,2026/7/17,2026/7/17,26-J0088202-001-771,SIP0000N,2,280,180,0,SUS ﾌﾟﾚｰﾄ,,2,φ16x2 φ12x4,2026/7/21,佐川急便,2026/7/21,,完成,岩本,2026/7/21,製造
富士商会★,九州工場,九州工場,2026/7/17,2026/7/17,26-J0088217-001-771,SE0000XN,1.5,400,300,200,SUS PBﾄｸ 水切,,1,ｱｰｽ,2026/7/21,福山通運　九州発送,2026/7/21,,完成,服部,2026/7/21,製造
三親電材　米子★,九州工場,九州工場,2026/6/26,2026/6/26,26-J0070799-001-771,ZE0000XA,2.3,200,200,200,ZN PBﾄｸ 水切,,9,HDZT56 ｱｰｽ 足付L5x40Φ12 ｶｯﾌﾟﾘﾝｸﾞ･穴加工ｱﾘ【P16】,2026/7/21,福山通運　九州発送,2026/7/22,,完成,倉重,2026/7/9,製造
三親電材　米子★,九州工場,九州工場,2026/6/26,2026/6/26,26-J0070824-006-771,ZE0000XA,2.3,200,200,200,ZN PBﾄｸ 水切,,1,HDZT56 ｱｰｽ 足付L5x40Φ12 ｶｯﾌﾟﾘﾝｸﾞ･穴加工ｱﾘ【P26】,2026/7/22,福山通運　九州発送,2026/7/22,,完成,倉重,2026/7/10,製造
三親電材　米子★,九州工場,九州工場,2026/6/26,2026/6/26,26-J0070824-004-771,ZE0000XA,2.3,200,200,200,ZN PBﾄｸ 水切,,3,HDZT56 ｱｰｽ 足付L5x40Φ12 ｶｯﾌﾟﾘﾝｸﾞ･穴加工ｱﾘ【P24】,2026/7/22,福山通運　九州発送,2026/7/22,,完成,倉重,2026/7/10,製造
三親電材　米子★,九州工場,九州工場,2026/6/26,2026/6/26,26-J0070824-005-771,ZE0000XA,2.3,200,200,200,ZN PBﾄｸ 水切,,1,HDZT56 ｱｰｽ 足付L5x40Φ12 ｶｯﾌﾟﾘﾝｸﾞ･穴加工ｱﾘ【P25】,2026/7/22,福山通運　九州発送,2026/7/22,,完成,倉重,2026/7/10,製造
三親電材　米子★,九州工場,九州工場,2026/6/26,2026/6/26,26-J0070824-003-771,ZE0000XA,2.3,200,200,200,ZN PBﾄｸ 水切,,1,HDZT56 ｱｰｽ 足付L5x40Φ12 ｶｯﾌﾟﾘﾝｸﾞ･穴加工ｱﾘ【P23】,2026/7/22,福山通運　九州発送,2026/7/22,,完成,倉重,2026/7/10,製造
三親電材　米子★,九州工場,九州工場,2026/6/26,2026/6/26,26-J0070824-002-771,ZE0000XA,2.3,200,200,200,ZN PBﾄｸ 水切,,1,HDZT56 ｱｰｽ 足付L5x40Φ12 ｶｯﾌﾟﾘﾝｸﾞ･穴加工ｱﾘ【P22】,2026/7/22,福山通運　九州発送,2026/7/22,,完成,倉重,2026/7/10,製造
三親電材　米子★,九州工場,九州工場,2026/6/26,2026/6/26,26-J0070824-001-771,ZE0000XA,2.3,200,200,200,ZN PBﾄｸ 水切,,3,HDZT56 ｱｰｽ 足付L5x40Φ12 ｶｯﾌﾟﾘﾝｸﾞ･穴加工ｱﾘ【P21】,2026/7/22,福山通運　九州発送,2026/7/22,,完成,倉重,2026/7/10,製造
栗田電機　松山★,九州工場,九州工場,2026/6/29,2026/6/29,26-J0072144-001-771,IIP0000C,1.6,"1,290.00",290,0,鉄 ﾌﾟﾚｰﾄ 焼付,N9.5(近似色),6,L型金物･開口ｱﾘ,2026/7/22,福山通運　九州発送,2026/7/22,,完成,古川,2026/7/16,製造
栗田電機　松山★,九州工場,九州工場,2026/6/29,2026/6/29,26-J0072155-001-771,IIP0000C,1.6,"1,290.00",290,0,鉄 ﾌﾟﾚｰﾄ 焼付,N9.5(近似色),14,L型金物･開口ｱﾘ,2026/7/22,福山通運　九州発送,2026/7/22,,完成,古川,2026/7/16,製造
イシグロ　鹿児島★,九州工場,九州工場,2026/7/1,2026/7/1,26-J0074250-004-771,IG0000G,6,250,200,"1,500.00",鉄 架台,,1,さび止め SS-L-50x50x6t　PL-6t　,2026/7/21,チャーター便,2026/7/22,,完成,森田,2026/7/17,製造
イシグロ　鹿児島★,九州工場,九州工場,2026/7/1,2026/7/1,26-J0074250-003-771,IG0000G,6,250,200,"1,500.00",鉄 架台,,1,さび止め SS-L-50x50x6t　PL-6t　,2026/7/21,チャーター便,2026/7/22,,完成,森田,2026/7/17,製造
イシグロ　鹿児島★,九州工場,九州工場,2026/7/1,2026/7/1,26-J0074250-002-771,IG0000G,6,950,200,"1,500.00",鉄 架台,,1,さび止め SS-L-65x65x6t　PL-6t　,2026/7/21,チャーター便,2026/7/22,,完成,樫原,2026/7/17,製造
イシグロ　鹿児島★,九州工場,九州工場,2026/7/1,2026/7/1,26-J0074250-001-771,IG0000G,6,550,200,"1,500.00",鉄 架台,,1,さび止め SS-L-50x50x6t　PL-6t　,2026/7/21,チャーター便,2026/7/22,,完成,森田,2026/7/17,製造
イシグロ　鹿児島★,九州工場,九州工場,2026/7/1,2026/7/1,26-J0074250-005-771,IG0000G,5,100,100,"2,975.00",鉄 架台,,1,さび止め SS-C-5x50x100　PL-6t 柱左側,2026/7/21,チャーター便,2026/7/22,,完成,森田,2026/7/17,製造
イシグロ　鹿児島★,九州工場,九州工場,2026/7/1,2026/7/1,26-J0074250-008-771,IG0000G,6,100,100,"2,975.00",鉄 架台,,2,さび止め SS-C-5x50x100　PL-6t 柱右側,2026/7/21,チャーター便,2026/7/22,,完成,森田,2026/7/17,製造
イシグロ　鹿児島★,九州工場,九州工場,2026/7/1,2026/7/1,26-J0074250-007-771,IG0000G,5,100,100,"2,975.00",鉄 架台,,2,さび止め SS-C-5x50x100　PL-6t 柱左側,2026/7/21,チャーター便,2026/7/22,,完成,森田,2026/7/17,製造
イシグロ　鹿児島★,九州工場,九州工場,2026/7/1,2026/7/1,26-J0074250-006-771,IG0000G,5,100,100,"2,975.00",鉄 架台,,1,さび止め SS-C-5x50x100　PL-6t 柱右側,2026/7/21,チャーター便,2026/7/22,,完成,森田,2026/7/17,製造
イシグロ　鹿児島★,九州工場,九州工場,2026/7/1,2026/7/1,26-J0074291-001-771,SG0000N,5,"1,500.00",106,150,SUS 架台,,1,生地　SUS-C-5x50x100　SUS-6t,2026/7/21,チャーター便,2026/7/22,,完成,坂元,2026/7/21,製造
イシグロ　鹿児島★,九州工場,九州工場,2026/7/1,2026/7/1,26-J0074291-002-771,SG0000N,5,"1,500.00",106,150,SUS 架台,,1,生地　SUS-C-5x50x100　SUS-6t,2026/7/21,チャーター便,2026/7/22,,完成,坂元,2026/7/21,製造
イシグロ　鹿児島★,九州工場,九州工場,2026/7/1,2026/7/1,26-J0074291-004-771,SG0000N,5,"1,300.00",106,150,SUS 架台,,2,生地　SUS-C-5x50x100　SUS-6t,2026/7/21,チャーター便,2026/7/22,,完成,坂元,2026/7/21,製造
イシグロ　鹿児島★,九州工場,九州工場,2026/7/1,2026/7/1,26-J0074291-003-771,SG0000N,5,"1,300.00",106,150,SUS 架台,,2,生地　SUS-C-5x50x100　SUS-6t,2026/7/21,チャーター便,2026/7/22,,完成,坂元,2026/7/21,製造
イシグロ　沖縄★,九州工場,九州工場,2026/7/1,2026/7/1,26-J0074354-006-771,ZG0000,6,"1,600.00","1,150.00",65,ZN 架台,,8,HDZT77 /　L-65x65x6t 取付穴,2026/7/22,沖縄直送,2026/7/22,,完成,石松,2026/7/15,製造
イシグロ　沖縄★,九州工場,九州工場,2026/7/1,2026/7/1,26-J0074354-005-771,ZG0000,6,"1,600.00","1,150.00",65,ZN 架台,,7,HDZT77 /　L-65x65x6t 取付穴,2026/7/21,沖縄直送,2026/7/22,,完成,金光,2026/7/14,製造
イシグロ　沖縄★,九州工場,九州工場,2026/7/1,2026/7/1,26-J0074354-004-771,ZG0000,6,"1,600.00","1,150.00",65,ZN 架台,,7,HDZT77 /　L-65x65x6t 取付穴,2026/7/17,沖縄直送,2026/7/22,,完成,森田,2026/7/13,製造
イシグロ　鹿児島★,九州工場,九州工場,2026/7/1,2026/7/1,26-J0074404-017-771,IG0000G,6,300,50,"1,000.00",鉄 架台,,1,さび止め SS-L-50x50x6t　PL-6t,2026/7/21,チャーター便,2026/7/22,,完成,森田,2026/7/17,製造
イシグロ　鹿児島★,九州工場,九州工場,2026/7/1,2026/7/1,26-J0074404-018-771,IG0000G,6,350,40,"1,600.00",鉄 架台,,3,さび止め SS-L-40x40x3t　PL-6t,2026/7/21,チャーター便,2026/7/22,,完成,森田,2026/7/17,製造
イシグロ　鹿児島★,九州工場,九州工場,2026/7/1,2026/7/1,26-J0074404-019-771,IG0000G,6,"1,050.00",50,"1,425.00",鉄 架台,,1,さび止め SS-L-50x50x6t　PL-6t,2026/7/21,チャーター便,2026/7/22,,完成,森田,2026/7/17,製造
イシグロ　鹿児島★,九州工場,九州工場,2026/7/1,2026/7/1,26-J0074404-020-771,IG0000G,6,"1,050.00",56,625,鉄 架台,,1,さび止め SS-L-50x50x6t　PL-6t,2026/7/21,チャーター便,2026/7/22,,完成,森田,2026/7/17,製造
イシグロ　鹿児島★,九州工場,九州工場,2026/7/1,2026/7/1,26-J0074404-021-771,IG0000G,6,250,50,750,鉄 架台,,1,さび止め SS-L-50x50x6t　PL-6t,2026/7/21,チャーター便,2026/7/22,,完成,森田,2026/7/17,製造
イシグロ　鹿児島★,九州工場,九州工場,2026/7/1,2026/7/1,26-J0074404-022-771,IG0000G,6,200,50,976,鉄 架台,,2,さび止め SS-L-50x50x6t　PL-6t,2026/7/21,チャーター便,2026/7/22,,完成,森田,2026/7/17,製造
イシグロ　鹿児島★,九州工場,九州工場,2026/7/1,2026/7/1,26-J0074404-023-771,IG0000G,6,200,50,"1,100.00",鉄 架台,,5,さび止め SS-L-50x50x6t　,2026/7/21,チャーター便,2026/7/22,,完成,森田,2026/7/17,製造
イシグロ　鹿児島★,九州工場,九州工場,2026/7/1,2026/7/1,26-J0074404-024-771,IG0000G,6,300,50,"1,500.00",鉄 架台,,1,さび止め SS-L-50x50x6t　PL-6t,2026/7/21,チャーター便,2026/7/22,,完成,森田,2026/7/17,製造
イシグロ　鹿児島★,九州工場,九州工場,2026/7/1,2026/7/1,26-J0074404-025-771,IG0000G,6,350,50,250,鉄 架台,,4,さび止め SS-L-50x50x6t　,2026/7/21,チャーター便,2026/7/22,,完成,森田,2026/7/17,製造
イシグロ　鹿児島★,九州工場,九州工場,2026/7/1,2026/7/1,26-J0074404-026-771,IG0000G,6,150,50,650,鉄 架台,,2,さび止め SS-L-50x50x6t　,2026/7/21,チャーター便,2026/7/22,,完成,森田,2026/7/17,製造
イシグロ　鹿児島★,九州工場,九州工場,2026/7/1,2026/7/1,26-J0074404-009-771,IG0000G,5,100,50,"3,000.00",鉄 架台,,1,さび止め　SS-C-5x50x100　PL-6t,2026/7/21,チャーター便,2026/7/22,,完成,森田,2026/7/17,製造
イシグロ　鹿児島★,九州工場,九州工場,2026/7/1,2026/7/1,26-J0074404-027-771,IG0000G,6,150,50,300,鉄 架台,,2,さび止め SS-L-50x50x6t　,2026/7/21,チャーター便,2026/7/22,,完成,森田,2026/7/17,製造
イシグロ　鹿児島★,九州工場,九州工場,2026/7/1,2026/7/1,26-J0074404-008-771,IG0000G,5,100,50,"1,800.00",鉄 架台,,1,さび止め　SS-C-5x50x100　PL-6t,2026/7/21,チャーター便,2026/7/22,,完成,森田,2026/7/17,製造
イシグロ　鹿児島★,九州工場,九州工場,2026/7/1,2026/7/1,26-J0074404-007-771,IG0000G,5,100,50,"2,500.00",鉄 架台,,1,さび止め　SS-C-5x50x100　PL-6t,2026/7/21,チャーター便,2026/7/22,,完成,森田,2026/7/17,製造
イシグロ　鹿児島★,九州工場,九州工場,2026/7/1,2026/7/1,26-J0074404-006-771,IG0000G,5,100,50,200,鉄 架台,,1,さび止め　SS-C-5x50x100　PL-6t,2026/7/21,チャーター便,2026/7/22,,完成,森田,2026/7/17,製造
イシグロ　鹿児島★,九州工場,九州工場,2026/7/1,2026/7/1,26-J0074404-005-771,IG0000G,5,100,50,"2,200.00",鉄 架台,,1,さび止め　SS-C-5x50x100　PL-6t,2026/7/21,チャーター便,2026/7/22,,完成,森田,2026/7/17,製造
イシグロ　鹿児島★,九州工場,九州工場,2026/7/1,2026/7/1,26-J0074404-004-771,IG0000G,5,100,50,"2,500.00",鉄 架台,,1,さび止め　SS-C-5x50x100　PL-6t,2026/7/21,チャーター便,2026/7/22,,完成,森田,2026/7/17,製造
イシグロ　鹿児島★,九州工場,九州工場,2026/7/1,2026/7/1,26-J0074404-003-771,IG0000G,5,200,75,"2,500.00",鉄 架台,,1,さび止め　SS-C-5x50x100　PL-6t,2026/7/21,チャーター便,2026/7/22,,完成,森田,2026/7/17,製造
イシグロ　鹿児島★,九州工場,九州工場,2026/7/1,2026/7/1,26-J0074404-010-771,IKM0000G,5,100,50,"1,050.00",鉄 金物,,4,さび止め SS-C-5x50x100,2026/7/21,チャーター便,2026/7/22,,完成,森田,2026/7/17,製造
イシグロ　鹿児島★,九州工場,九州工場,2026/7/1,2026/7/1,26-J0074404-011-771,IKM0000G,5,100,50,650,鉄 金物,,2,さび止め SS-C-5x50x100,2026/7/21,チャーター便,2026/7/22,,完成,森田,2026/7/17,製造
イシグロ　鹿児島★,九州工場,九州工場,2026/7/1,2026/7/1,26-J0074404-002-771,IG0000G,5,200,75,"2,700.00",鉄 架台,,1,さび止め　SS-C-5x50x100　PL-6t,2026/7/21,チャーター便,2026/7/22,,完成,森田,2026/7/17,製造
イシグロ　鹿児島★,九州工場,九州工場,2026/7/1,2026/7/1,26-J0074404-001-771,IG0000G,5,200,75,"2,700.00",鉄 架台,,6,さび止め　SS-C-5x50x100　PL-6t,2026/7/21,チャーター便,2026/7/22,,完成,森田,2026/7/17,製造
イシグロ　鹿児島★,九州工場,九州工場,2026/7/1,2026/7/1,26-J0074404-012-771,IIP0000G,6,220,100,0,鉄 ﾌﾟﾚｰﾄ,,4,さび止め,2026/7/21,チャーター便,2026/7/22,,完成,服部,2026/7/17,製造
イシグロ　鹿児島★,九州工場,九州工場,2026/7/1,2026/7/1,26-J0074404-013-771,IG0000G,6,65,65,"1,500.00",鉄 架台,,1,さび止め SS-L-65x65x6t　PL-6t 左右＝1セット,2026/7/21,チャーター便,2026/7/22,,完成,森田,2026/7/17,製造
イシグロ　鹿児島★,九州工場,九州工場,2026/7/1,2026/7/1,26-J0074404-014-771,IG0000G,6,65,65,"1,500.00",鉄 架台,,1,さび止め SS-L-65x65x6t　PL-6t 左右＝1セット,2026/7/21,チャーター便,2026/7/22,,完成,森田,2026/7/17,製造
イシグロ　鹿児島★,九州工場,九州工場,2026/7/1,2026/7/1,26-J0074404-015-771,IG0000G,6,50,50,775,鉄 架台,,1,さび止め SS-L-50x50x6t　PL-6t 左右＝1セット,2026/7/21,チャーター便,2026/7/22,,完成,森田,2026/7/17,製造
イシグロ　鹿児島★,九州工場,九州工場,2026/7/1,2026/7/1,26-J0074404-016-771,IG0000G,3,900,40,"1,598.00",鉄 架台,,1,さび止め SS-L-40x40x3t　PL-6t,2026/7/21,チャーター便,2026/7/22,,完成,森田,2026/7/17,製造
イシグロ　鹿児島★,九州工場,九州工場,2026/7/1,2026/7/1,26-J0074487-001-771,SG0000N,6,600,71,130,SUS 架台,,1,SUS-L-65x65x6t　SUS-PL-6t,2026/7/21,チャーター便,2026/7/22,,完成,坂元,2026/7/21,製造
イシグロ　鹿児島★,九州工場,九州工場,2026/7/1,2026/7/1,26-J0074487-002-771,SG0000N,6,550,71,130,SUS 架台,,1,SUS-L-65x65x6t　SUS-PL-6t,2026/7/21,チャーター便,2026/7/22,,完成,坂元,2026/7/21,製造
イシグロ　鹿児島★,九州工場,九州工場,2026/7/1,2026/7/1,26-J0074487-003-771,SG0000N,6,300,56,100,SUS 架台,,1,SUS-L-50x50x6t　SUS-PL-6t,2026/7/21,チャーター便,2026/7/22,,完成,坂元,2026/7/21,製造
イシグロ　鹿児島★,九州工場,九州工場,2026/7/1,2026/7/1,26-J0074487-004-771,SG0000N,6,700,65,500,SUS 架台,,6,SUS-L-65x65x6t・L-50x50x6t　SUS-PL-6t,2026/7/21,チャーター便,2026/7/22,,完成,坂元,2026/7/21,製造
イシグロ　鹿児島★,九州工場,九州工場,2026/7/1,2026/7/1,26-J0074487-005-771,SG0000N,6,300,50,500,SUS 架台,,3,SUS-L-50x50x6t　SUS-PL-6t,2026/7/21,チャーター便,2026/7/22,,完成,坂元,2026/7/21,製造
イシグロ　鹿児島★,九州工場,九州工場,2026/7/1,2026/7/1,26-J0074487-006-771,SG0000N,6,300,50,500,SUS 架台,,3,SUS-L-50x50x6t　SUS-PL-6t,2026/7/21,チャーター便,2026/7/22,,完成,坂元,2026/7/21,製造
Q-mast　空調管グル－プ★,九州工場,九州工場,2026/7/3,2026/7/3,26-J0075885-005-771,ZTG0000,0,"1,399.00","3,050.00",623,ZN 耐震架台,,1,/1632/1403 精錬棟2F 空調ﾀﾞｸﾄ（排煙）35,2026/7/21,ヤマックス　ｽﾎﾟｯﾄ便,2026/7/22,,完成,金光,2026/7/10,製造
Q-mast　空調管グル－プ★,九州工場,九州工場,2026/7/3,2026/7/3,26-J0075885-001-771,ZTG0000,0,"1,800.00","2,080.00",0,ZN 耐震架台,,1,精錬棟2F 空調ﾀﾞｸﾄ（排煙）21,2026/7/21,ヤマックス　ｽﾎﾟｯﾄ便,2026/7/22,,完成,金光,2026/7/10,製造
Q-mast　空調管グル－プ★,九州工場,九州工場,2026/7/3,2026/7/3,26-J0075885-002-771,ZTG0000,0,"2,416.00","1,797.00","1,163.00",ZN 耐震架台,,1,/1478 精錬棟2F 空調ﾀﾞｸﾄ（排煙）34,2026/7/21,ヤマックス　ｽﾎﾟｯﾄ便,2026/7/22,,完成,金光,2026/7/10,製造
Q-mast　空調管グル－プ★,九州工場,九州工場,2026/7/3,2026/7/3,26-J0075885-003-771,ZTG0000,0,"1,968.00","1,695.00","1,124.00",ZN 耐震架台,,1,/1026/987/1018 精錬棟2F 空調ﾀﾞｸﾄ（排煙）33,2026/7/21,ヤマックス　ｽﾎﾟｯﾄ便,2026/7/22,,完成,金光,2026/7/10,製造
Q-mast　空調管グル－プ★,九州工場,九州工場,2026/7/3,2026/7/3,26-J0075885-004-771,ZTG0000,0,"1,557.00","1,695.00","1,670.00",ZN 耐震架台,,1,/1425/1471/1715 精錬棟2F 空調ﾀﾞｸﾄ（排煙）36,2026/7/21,ヤマックス　ｽﾎﾟｯﾄ便,2026/7/22,,完成,金光,2026/7/10,製造
Q-mast　空調管グル－プ★,九州工場,九州工場,2026/7/3,2026/7/3,26-J0075885-006-771,ZTG0000,0,"1,400.00","3,050.00",623,ZN 耐震架台,,1,/1700/1403/1012 精錬棟2F 空調ﾀﾞｸﾄ（排煙）37,2026/7/21,ヤマックス　ｽﾎﾟｯﾄ便,2026/7/22,,完成,金光,2026/7/10,製造
山電　八幡,九州工場,九州工場,2026/7/7,2026/7/7,26-J0078353-003-771,ZPA0000,0,250,0,0,ZN ﾎﾟｰﾙｱﾀﾞﾌﾟﾀｰ,,7,上部65A 下部90A 押しﾎﾞﾙﾄ,2026/7/21,北九州配達,2026/7/22,,完成,金光,2026/7/10,製造
新光産業　本社,九州工場,九州工場,2026/7/7,2026/7/7,26-J0078441-001-771,SE0000XC,1.5,600,500,500,SUS PBﾄｸ 水切 焼付,2.5Y9/1,1,ｱｰｽ 足付 ｶｯﾌﾟG104x3 開口,2026/7/17,イトカツ,2026/7/22,2026/7/17,完成,志田,2026/7/14,製造
宮地電機　高松,九州工場,九州工場,2026/7/8,2026/7/8,26-J0080101-001-771,ZST0000,0,480,480,"2,000.00",ZN ｽﾀﾝｼｮﾝ,,1,SGP90A ﾍﾞｰｽt9.0,2026/7/22,福山通運　九州発送,2026/7/22,,完成,倉重,2026/7/14,製造
ｹｲ･ｴｽ･ﾃﾞｰ　福岡★,九州工場,九州工場,2026/7/8,2026/7/8,26-J0080359-001-771,ZG0000,6,"1,000.00",50,950,ZN 架台,,1,L50x50x6t,2026/7/21,ヤマックス福岡,2026/7/22,,完成,古川,2026/7/13,製造
イシグロ　鹿児島★,九州工場,九州工場,2026/7/9,2026/7/9,26-J0081124-001-771,IIP0000G,2.3,150,370,0,鉄 ﾌﾟﾚｰﾄ,,1,さび止め SPHC-2.3t    Bo4用,2026/7/21,チャーター便,2026/7/22,,ｷｬﾝｾﾙ,熊谷,2026/7/17,製造
日製電機　岡山東電材★,九州工場,九州工場,2026/7/9,2026/7/9,26-J0081244-001-771,IIP0000C,1.6,930,300,0,鉄 ﾌﾟﾚｰﾄ 焼付,N9.5(近似色),2,穴加工ｱﾘ,2026/7/22,福山通運　九州発送,2026/7/22,,完成,古川,2026/7/16,製造
三和商事,九州工場,九州工場,2026/7/9,2026/7/9,26-J0081479-002-771,DF0000N,1.6,550,250,125,Sﾀﾞｲﾏ 裏BOX,,10,生地 加工,2026/7/17,イトカツ,2026/7/22,2026/7/17,完成,古川,2026/7/16,製造
三親電材　山口★,九州工場,九州工場,2026/7/10,2026/7/10,26-J0081739-001-771,ZE2020X2A,2.3,200,200,200,ZN PB 水切,,1,ｱｰｽ 足付 L3x30(φ12)x4,2026/7/22,佐川急便,2026/7/22,,完成,倉重,2026/7/14,製造
ｹｲ･ｴｽ･ﾃﾞｰ　福岡★,九州工場,九州工場,2026/7/10,2026/7/10,26-J0081808-001-771,ZG0000,6,"1,250.00",250,"1,450.00",ZN 架台,,1,SS-L-50x50x6t　SPHC-6t　C-5x50x100    ｽﾗﾌﾞ固定,2026/7/22,ヤマックス福岡,2026/7/22,,完成,倉重,2026/7/14,製造
中西電機　高松本社★,九州工場,九州工場,2026/7/10,2026/7/10,26-J0082028-001-771,ZAI0000,0,300,0,0,ZN ｱﾝｸﾞﾙ,,1,HDZT63 穴加工ｱﾘ,2026/7/22,福山通運　九州発送,2026/7/22,,完成,バン,2026/7/13,製造
平岡電気　久留米★,九州工場,九州工場,2026/7/10,2026/7/10,26-J0082222-001-771,SDC0000C,1.5,500,155,278,SUS ﾀﾞｸﾄｶﾊﾞｰ 焼付,5Y7/1,1,平蓋,2026/7/22,佐川急便,2026/7/22,,完成,古川,2026/7/16,製造
日本電設資材　福岡★,九州工場,九州工場,2026/7/10,2026/7/10,26-J0082455-001-771,ZAI0000,0,50,50,600,ZN ｱﾝｸﾞﾙ,,7,穴加工　L50x50x6t,2026/7/22,福山通運　九州発送,2026/7/22,,完成,倉重,2026/7/14,製造
日本電設資材　福岡★,九州工場,九州工場,2026/7/13,2026/7/13,26-J0082559-001-771,ZMK0000,3.2,50,50,"1,100.00",ZN 曲金物,,2,穴加工キリカギ,2026/7/22,福山通運　九州発送,2026/7/22,,完成,倉重,2026/7/14,製造
カンサイ　東★,九州工場,九州工場,2026/7/13,2026/7/13,26-J0083129-001-771,SE3020XC,1.5,300,300,200,SUS PB 水切 焼付,2.5Y9/1 近似色,13,ｱｰｽ,2026/7/21,ヤマックス福岡,2026/7/22,,完成,岡,2026/7/15,製造
かごしま電工　川内★,九州工場,九州工場,2026/7/14,2026/7/14,26-J0083821-001-771,SE1510XCW,1.5,150,150,100,SUS PB 水切 焼付,2.5Y9/1 近似色,1,ｱｰｽ 内ﾜﾆｽ,2026/7/22,佐川急便,2026/7/22,,完成,古川,2026/7/15,製造
三親電材　鳥取★,九州工場,九州工場,2026/7/14,2026/7/14,26-J0083861-001-771,BE0000SG,1.6,700,250,250,国土 PBﾄｸ 平,,1,ｱｰｽ さび止め,2026/7/22,福山通運　九州発送,2026/7/22,,完成,服部,2026/7/17,製造
Q-mast　電気グル－プ★,九州工場,九州工場,2026/7/14,2026/7/14,26-J0083951-002-771,IKS0000G,1.6,700,200,180,鉄 貫通ｽﾘｰﾌﾞ,,1,さび止め 18F EPS-2 E-06,2026/7/21,ヤマックス　ｽﾎﾟｯﾄ便,2026/7/22,,完成,倉重,2026/7/17,製造
Q-mast　電気グル－プ★,九州工場,九州工場,2026/7/14,2026/7/14,26-J0083951-009-771,IKS0000G,1.6,400,410,180,鉄 貫通ｽﾘｰﾌﾞ,,1,さび止め 18F EPS-12 E-12,2026/7/21,ヤマックス　ｽﾎﾟｯﾄ便,2026/7/22,,完成,坂元,2026/7/17,製造
Q-mast　電気グル－プ★,九州工場,九州工場,2026/7/14,2026/7/14,26-J0083951-008-771,IKS0000G,1.6,900,200,180,鉄 貫通ｽﾘｰﾌﾞ,,1,さび止め 18F EPS-12 E-11,2026/7/21,ヤマックス　ｽﾎﾟｯﾄ便,2026/7/22,,完成,倉重,2026/7/17,製造
Q-mast　電気グル－プ★,九州工場,九州工場,2026/7/14,2026/7/14,26-J0083951-007-771,IKS0000G,1.6,"1,100.00",200,180,鉄 貫通ｽﾘｰﾌﾞ,,1,さび止め 18F EPS-12 E-10,2026/7/21,ヤマックス　ｽﾎﾟｯﾄ便,2026/7/22,,完成,倉重,2026/7/17,製造
Q-mast　電気グル－プ★,九州工場,九州工場,2026/7/14,2026/7/14,26-J0083951-006-771,IKS0000G,1.6,400,410,180,鉄 貫通ｽﾘｰﾌﾞ,,1,さび止め 18F EPS-11 E-09,2026/7/21,ヤマックス　ｽﾎﾟｯﾄ便,2026/7/22,,完成,坂元,2026/7/17,製造
Q-mast　電気グル－プ★,九州工場,九州工場,2026/7/14,2026/7/14,26-J0083951-005-771,IKS0000G,1.6,700,200,200,鉄 貫通ｽﾘｰﾌﾞ,,1,さび止め 18F EPS-11 E-08,2026/7/21,ヤマックス　ｽﾎﾟｯﾄ便,2026/7/22,,完成,倉重,2026/7/17,製造
Q-mast　電気グル－プ★,九州工場,九州工場,2026/7/14,2026/7/14,26-J0083951-004-771,IKS0000G,1.6,700,200,180,鉄 貫通ｽﾘｰﾌﾞ,,1,さび止め 18F EPS-11 E-07,2026/7/21,ヤマックス　ｽﾎﾟｯﾄ便,2026/7/22,,完成,倉重,2026/7/17,製造
Q-mast　電気グル－プ★,九州工場,九州工場,2026/7/14,2026/7/14,26-J0083951-003-771,IKS0000G,1.6,"1,100.00",250,180,鉄 貫通ｽﾘｰﾌﾞ,,1,さび止め 18F EPS-2 E-05,2026/7/21,ヤマックス　ｽﾎﾟｯﾄ便,2026/7/22,,完成,倉重,2026/7/17,製造
Q-mast　電気グル－プ★,九州工場,九州工場,2026/7/14,2026/7/14,26-J0083951-001-771,IKS0000G,1.6,"1,100.00",250,180,鉄 貫通ｽﾘｰﾌﾞ,,2,さび止め 18F CPS E-01 E-02,2026/7/21,ヤマックス　ｽﾎﾟｯﾄ便,2026/7/22,,完成,山口,2026/7/17,製造
ハッピー電気　八代★,九州工場,九州工場,2026/7/14,2026/7/14,26-J0083965-002-771,BE3020SC,1.6,300,300,200,国土 PB 平 焼付,2.5Y9/1 近似色,2,ｱｰｽ ｾﾊﾟﾚｰﾀ付,2026/7/22,佐川急便,2026/7/22,,完成,古川,2026/7/16,製造
ハッピー電気　八代★,九州工場,九州工場,2026/7/14,2026/7/14,26-J0083965-001-771,BE2010SC,1.6,200,200,100,国土 PB 平 焼付,2.5Y9/1 近似色,10,ｱｰｽ,2026/7/22,佐川急便,2026/7/22,,完成,古川,2026/7/16,製造
かごしま電工　奄美★,九州工場,九州工場,2026/7/14,2026/7/14,26-J0084063-001-771,SE2015XCW,1.5,200,200,150,SUS PB 水切 焼付,5Y7/1 近似色,1,ｱｰｽ 内ﾜﾆｽ,2026/7/22,佐川急便,2026/7/22,,完成,古川,2026/7/15,製造
東芝電材　佐賀★,九州工場,九州工場,2026/7/14,2026/7/14,26-J0084074-001-771,IBG0000C,4.5,140,190,88.5,鉄 防球ガード 焼付,2.5Y9/1 近似色,1,ｺﾝｾﾝﾄ用防球ｶﾞｰﾄﾞ,2026/7/22,佐川急便,2026/7/22,,完成,古川,2026/7/16,製造
大成　（沖縄）,九州工場,九州工場,2026/7/14,2026/7/14,26-J0084164-001-771,SE6030SC,1.5,600,600,300,SUS PB 平 焼付,5Y7/1,1,ｱｰｽ ﾊﾟｯｷﾝ付,2026/7/17,イトカツ,2026/7/22,2026/7/17,完成,古川,2026/7/15,製造
シンセイ　広島第一★,九州工場,九州工場,2026/7/14,2026/7/14,26-J0084205-001-771,ZIP0000,3.2,40,495,0,ZN ﾌﾟﾚｰﾄ,,5,穴加工,2026/7/22,福山通運　九州発送,2026/7/22,,完成,古川,2026/7/15,製造
かごしま電工　南★,九州工場,九州工場,2026/7/14,2026/7/14,26-J0084232-001-771,SE4020WCW,1.5,400,400,200,SUS PB 被せ 焼付,2.5Y9/1 近似色,2,ｱｰｽ 内ﾜﾆｽ,2026/7/22,佐川急便,2026/7/22,,完成,古川,2026/7/15,製造
かごしま電工　南★,九州工場,九州工場,2026/7/14,2026/7/14,26-J0084369-001-771,SE3030XCW,1.5,300,300,300,SUS PB 水切 焼付,2.5Y9/1 近似色,1,ｱｰｽ 内ﾜﾆｽ,2026/7/22,佐川急便,2026/7/22,,完成,古川,2026/7/15,製造
ナミデン　福岡★,九州工場,九州工場,2026/7/14,2026/7/14,26-J0084474-002-771,IG0000G,0,980,530,175,鉄 架台,,4,さび止め C75x40x5/7 C100x50x5/7.5 3F 4F 5F 8F,2026/7/21,ヤマックス福岡,2026/7/22,,完成,樋口,2026/7/17,製造
ナミデン　福岡★,九州工場,九州工場,2026/7/14,2026/7/14,26-J0084474-005-771,IG0000G,0,830,100,0,鉄 架台,,1,さび止め C100x50x5/7.5 ﾊﾄ小屋,2026/7/21,ヤマックス福岡,2026/7/22,,完成,樋口,2026/7/17,製造
ナミデン　福岡★,九州工場,九州工場,2026/7/14,2026/7/14,26-J0084474-004-771,IG0000G,0,980,530,240,鉄 架台,,1,さび止め L40x40x5 C75x40x5/7 C100x50x5/7.5 7F,2026/7/21,ヤマックス福岡,2026/7/22,,完成,樋口,2026/7/17,製造
ナミデン　福岡★,九州工場,九州工場,2026/7/14,2026/7/14,26-J0084474-003-771,IG0000G,0,980,530,200,鉄 架台,,1,さび止め C75x40x5/7 C100x50x5/7.5 6F,2026/7/21,ヤマックス福岡,2026/7/22,,完成,樋口,2026/7/17,製造
ナミデン　福岡★,九州工場,九州工場,2026/7/14,2026/7/14,26-J0084474-001-771,IG0000G,0,830,530,140,鉄 架台,,1,さび止め L40x40x5 C100x50x5/7.5 2F,2026/7/21,ヤマックス福岡,2026/7/22,,完成,樋口,2026/7/17,製造
ナミデン　福岡★,九州工場,九州工場,2026/7/14,2026/7/14,26-J0084597-001-771,DI0000C,2.3,200,200,0,Sﾀﾞｲﾏ 切板 焼付,PN-40 3分ﾂﾔ 近似色,1,色見本 関西ﾍﾟｲﾝﾄ SDﾎﾙｽF4 PN-40 3分ﾂﾔ,2026/7/21,ヤマックス福岡,2026/7/22,,完成,岡,2026/7/15,製造
ｹｲ･ｴｽ･ﾃﾞｰ　鹿児島★,九州工場,九州工場,2026/7/14,2026/7/14,26-J0084631-001-771,BE2510SC,1.6,250,250,100,国土 PB 平 焼付,2.5Y9/1 近似色,10,ｱｰｽ,2026/7/21,佐川急便,2026/7/22,,完成,岡,2026/7/16,製造
ｹｲ･ｴｽ･ﾃﾞｰ　鹿児島★,九州工場,九州工場,2026/7/14,2026/7/14,26-J0084631-002-771,BE2010SC,1.6,200,200,100,国土 PB 平 焼付,2.5Y9/1 近似色,10,ｱｰｽ,2026/7/22,佐川急便,2026/7/22,,完成,古川,2026/7/17,製造
三親電材　広島★,九州工場,九州工場,2026/7/14,2026/7/14,26-J0084711-004-771,DKM0000N,2.3,"1,445.00",515,0,Sﾀﾞｲﾏ 金物,,1,SUS-L3x40x40 ﾊﾟﾝﾁﾝｸﾞ加工 穴加工,2026/7/22,福山通運　九州発送,2026/7/22,,完成,坂元,2026/7/22,製造
三親電材　広島★,九州工場,九州工場,2026/7/14,2026/7/14,26-J0084711-003-771,DKM0000N,2.3,"1,450.00",660,0,Sﾀﾞｲﾏ 金物,,1,SUS-L3x40x40 ﾊﾟﾝﾁﾝｸﾞ加工 穴加工,2026/7/22,福山通運　九州発送,2026/7/22,,完成,坂元,2026/7/22,製造
新光産業　南,九州工場,九州工場,2026/7/14,2026/7/14,26-J0084718-001-771,SE0000XC,1.5,200,200,100,SUS PBﾄｸ 水切 焼付,2.5Y9/1,2,ｱｰｽ 足付(L50x50x4tφ12)x4,2026/7/17,イトカツ,2026/7/22,2026/7/17,完成,岡,2026/7/15,製造
平岡電気　城南★,九州工場,九州工場,2026/7/14,2026/7/14,26-J0084776-001-771,IDC0000C,1.6,"1,405.00",170,200,鉄 ﾀﾞｸﾄｶﾊﾞｰ 焼付,日東工業 5Y7/1 近似色,1,平蓋 3点ﾊﾞﾗ式 取付穴有り,2026/7/21,ヤマックス福岡,2026/7/22,,完成,岡,2026/7/15,製造
三親電材　岡山★,九州工場,九州工場,2026/7/14,2026/7/14,26-J0084851-001-771,IMK0000C,2.3,"1,395.00",550,15,鉄 曲金物 焼付,2.5Y9/1(近似色),1,穴加工ｱﾘ,2026/7/22,福山通運　九州発送,2026/7/22,,完成,古川,2026/7/16,製造
カンサイ　南★,九州工場,九州工場,2026/7/15,2026/7/15,26-J0085042-001-771,SE2520XC,1.5,250,250,200,SUS PB 水切 焼付,N9.5 近似色,1,ｱｰｽ,2026/7/21,ヤマックス福岡,2026/7/22,,完成,岡,2026/7/16,製造
カンサイ　西★,九州工場,九州工場,2026/7/15,2026/7/15,26-J0085174-001-771,IG0000G,0,"1,100.00",0,0,鉄 架台,,1,さび止め [100x50x5　切欠き,2026/7/21,ヤマックス福岡,2026/7/22,,完成,古川,2026/7/17,製造
岡本電機　三原★,九州工場,九州工場,2026/7/15,2026/7/15,26-J0085213-001-771,IIP0000C,1.6,380,300,0,鉄 ﾌﾟﾚｰﾄ 焼付,N9.5 近似色,1,開口(ｺｰﾅｰR25),2026/7/22,福山通運　九州発送,2026/7/22,,完成,古川,2026/7/16,製造
ｹｲ･ｴｽ･ﾃﾞｰ　鹿児島★,九州工場,九州工場,2026/7/15,2026/7/15,26-J0085325-003-771,BE4020SC,1.6,400,400,200,国土 PB 平 焼付,2.5Y9/1 近似色,5,ｱｰｽ,2026/7/22,佐川急便,2026/7/22,,完成,古川,2026/7/17,製造
ｹｲ･ｴｽ･ﾃﾞｰ　鹿児島★,九州工場,九州工場,2026/7/15,2026/7/15,26-J0085325-001-771,BE1510SC,1.6,150,150,100,国土 PB 平 焼付,2.5Y9/1 近似色,5,ｱｰｽ,2026/7/21,佐川急便,2026/7/22,,完成,岡,2026/7/16,製造
ｹｲ･ｴｽ･ﾃﾞｰ　鹿児島★,九州工場,九州工場,2026/7/15,2026/7/15,26-J0085325-002-771,BE3025SC,1.6,300,300,250,国土 PB 平 焼付,2.5Y9/1 近似色,5,ｱｰｽ,2026/7/21,佐川急便,2026/7/22,,完成,岡,2026/7/16,製造
三親電材　岡山★,九州工場,九州工場,2026/7/15,2026/7/15,26-J0085547-001-771,BE0000SG,2.3,800,500,500,国土 PBﾄｸ 平,,1,ｱｰｽ さび止め,2026/7/22,福山通運　九州発送,2026/7/22,,完成,服部,2026/7/21,製造
ムトウ電材　富士見★,九州工場,九州工場,2026/7/15,2026/7/15,26-J0085561-001-771,SP0000WN,1.5,350,350,150,SUS PBﾄｸ 被せ,,1,,2026/7/22,佐川急便,2026/7/22,,完成,服部,2026/7/22,製造
東芝電材　小倉★,九州工場,九州工場,2026/7/15,2026/7/15,26-J0085711-001-771,BE2010SC,1.6,200,200,100,国土 PB 平 焼付,2.5Y9/1 近似色,4,ｱｰｽ,2026/7/21,北九州配達,2026/7/22,,完成,岡,,加工
三永興産★,九州工場,九州工場,2026/7/15,2026/7/15,26-J0085792-002-771,SE0000XN,2,"1,000.00","1,000.00","1,000.00",SUS PBﾄｸ 水切,,1,ｱｰｽ,2026/7/22,福山通運　九州発送,2026/7/22,,完成,坂元,2026/7/22,製造
木村電機　熊本北★,九州工場,九州工場,2026/7/15,2026/7/15,26-J0085937-002-771,SE1510XC,1.5,150,150,100,SUS PB 水切 焼付,2.5Y9/1 近似色,2,ｱｰｽ,2026/7/22,佐川急便,2026/7/22,,完成,古川,,加工
木村電機　熊本北★,九州工場,九州工場,2026/7/15,2026/7/15,26-J0085937-001-771,SE3020XC,1.5,300,300,200,SUS PB 水切 焼付,2.5Y9/1 近似色,1,ｱｰｽ,2026/7/22,佐川急便,2026/7/22,,完成,古川,,加工
さくら電機　志布志★,九州工場,九州工場,2026/7/16,2026/7/16,26-J0086297-001-771,BE0000SC,1.6,450,300,200,国土 PBﾄｸ 平 焼付,2.5Y9/1 近似色,1,ｱｰｽ,2026/7/22,佐川急便,2026/7/22,,完成,古川,2026/7/17,製造
栗田電機　松山★,九州工場,九州工場,2026/7/16,2026/7/16,26-J0086336-001-771,SE0000XN,1.5,600,600,200,SUS PBﾄｸ 水切,,3,ｱｰｽ 内外酸洗,2026/7/22,福山通運　九州発送,2026/7/22,,完成,坂元,2026/7/21,製造
Q-mast　電気グル－プ★,九州工場,九州工場,2026/7/16,2026/7/16,26-J0086362-003-771,IKW0000G,1.6,"1,100.00",300,230,鉄 貫通枠,,1,さび止め L-30x30x3t,2026/7/22,佐川急便,2026/7/22,,完成,樫原,2026/7/21,製造
Q-mast　電気グル－プ★,九州工場,九州工場,2026/7/16,2026/7/16,26-J0086362-002-771,IKW0000G,1.6,600,200,230,鉄 貫通枠,,1,さび止め L-30x30x3t,2026/7/22,佐川急便,2026/7/22,,完成,樫原,2026/7/21,製造
Q-mast　電気グル－プ★,九州工場,九州工場,2026/7/16,2026/7/16,26-J0086362-001-771,IKW0000G,1.6,"1,000.00",200,230,鉄 貫通枠,,1,さび止め L-30x30x3t,2026/7/22,佐川急便,2026/7/22,,完成,樫原,2026/7/21,製造
大洋電材　本社★,九州工場,九州工場,2026/7/16,2026/7/16,26-J0086531-001-771,SP0000XN,1.5,250,250,200,SUS PBﾄｸ 水切,,3,水抜き穴　座無ｼｰﾙ付,2026/7/21,北九州配達,2026/7/22,,ｷｬﾝｾﾙ,林(秀),2026/7/21,製造
大洋電材　本社★,九州工場,九州工場,2026/7/16,2026/7/16,26-J0086531-003-771,SP0000XN,1.5,300,300,250,SUS PBﾄｸ 水切,,1,水抜き穴　座無ｼｰﾙ付,2026/7/21,北九州配達,2026/7/22,,ｷｬﾝｾﾙ,林(秀),2026/7/21,製造
大洋電材　本社★,九州工場,九州工場,2026/7/16,2026/7/16,26-J0086531-002-771,SP0000XN,1.5,300,300,300,SUS PBﾄｸ 水切,,1,水抜き穴　座無ｼｰﾙ付,2026/7/21,北九州配達,2026/7/22,,ｷｬﾝｾﾙ,林(秀),2026/7/21,製造
大洋電材　本社★,九州工場,九州工場,2026/7/16,2026/7/16,26-J0086531-004-771,SP0000XN,1.5,200,200,200,SUS PBﾄｸ 水切,,2,水抜き穴　座無ｼｰﾙ付,2026/7/21,北九州配達,2026/7/22,,ｷｬﾝｾﾙ,林(秀),2026/7/21,製造
ウチダ★,九州工場,九州工場,2026/7/16,2026/7/16,26-J0086537-001-771,BE3030SC,1.6,300,300,300,国土 PB 平 焼付,2.5Y9/1 近似色,1,ｱｰｽ,2026/7/22,福山通運　九州発送,2026/7/22,,完成,古川,2026/7/17,製造
ミューハウス　熊本★,九州工場,九州工場,2026/7/16,2026/7/16,26-J0086540-001-771,BE2010SC,1.6,200,200,100,国土 PB 平 焼付,2.5Y9/1 近似色,8,ｱｰｽ,2026/7/22,佐川急便,2026/7/22,,完成,古川,2026/7/17,製造
イシグロ　鹿児島★,九州工場,九州工場,2026/7/16,2026/7/16,26-J0086613-001-771,IIP0000G,2.3,150,446,0,鉄 ﾌﾟﾚｰﾄ,,1,さび止め 穴加工,2026/7/21,チャーター便,2026/7/22,,完成,倉重,2026/7/17,製造
興陽電機　八幡★,九州工場,九州工場,2026/7/16,2026/7/16,26-J0086676-001-771,IP5020SG,1.6,500,500,200,鉄 PB 平,,4,さび止め,2026/7/21,北九州配達,2026/7/22,,完成,倉重,2026/7/17,製造
アサヒ　本社,九州工場,九州工場,2026/7/16,2026/7/16,26-J0086709-001-771,IE0000SG,1.6,200,100,200,鉄 PBﾄｸ 平,,1,ｱｰｽ位置指定 ﾊﾟｯｷﾝ付 さび止め,2026/7/17,イトカツ,2026/7/22,2026/7/17,完成,森田,2026/7/17,製造
大洋電材　本社★,九州工場,九州工場,2026/7/16,2026/7/16,26-J0086758-003-771,SP0000XN,1.5,200,200,200,SUS PBﾄｸ 水切,,2,水抜き穴　座無ｼｰﾙ付,2026/7/21,北九州配達,2026/7/22,,完成,服部,2026/7/21,製造
大洋電材　本社★,九州工場,九州工場,2026/7/16,2026/7/16,26-J0086758-001-771,SP0000XN,1.5,250,250,200,SUS PBﾄｸ 水切,,2,水抜き穴　座無ｼｰﾙ付,2026/7/21,北九州配達,2026/7/22,,完成,服部,2026/7/21,製造
大洋電材　本社★,九州工場,九州工場,2026/7/16,2026/7/16,26-J0086758-002-771,SP0000XN,1.5,300,300,250,SUS PBﾄｸ 水切,,1,水抜き穴　座無ｼｰﾙ付,2026/7/21,北九州配達,2026/7/22,,完成,服部,2026/7/21,製造
米良電機　宮崎★,九州工場,九州工場,2026/7/16,2026/7/16,26-J0086827-002-771,SE2020XC,1.5,200,200,200,SUS PB 水切 焼付,2.5Y9/1 近似色,4,ｱｰｽ,2026/7/22,佐川急便,2026/7/22,,完成,古川,,加工
米良電機　宮崎★,九州工場,九州工場,2026/7/16,2026/7/16,26-J0086827-001-771,BE2020SC,1.6,200,200,200,国土 PB 平 焼付,2.5Y9/1 近似色,2,ｱｰｽ,2026/7/22,佐川急便,2026/7/22,,完成,古川,,加工
東芝電材　熊本★,九州工場,九州工場,2026/7/16,2026/7/16,26-J0086916-001-771,BE3020SC,1.6,300,300,200,国土 PB 平 焼付,2.5Y9/1 近似色,3,ｱｰｽ,2026/7/22,佐川急便,2026/7/22,,完成,古川,,加工
東芝電材　熊本★,九州工場,九州工場,2026/7/16,2026/7/16,26-J0086916-002-771,BE2015SC,1.6,200,200,150,国土 PB 平 焼付,2.5Y9/1 近似色,4,ｱｰｽ,2026/7/22,佐川急便,2026/7/22,,完成,古川,,加工
木村電機　熊本東★,九州工場,九州工場,2026/7/16,2026/7/16,26-J0086943-001-771,SE2020XC,1.5,200,200,200,SUS PB 水切 焼付,5Y7/1 近似色,1,ｱｰｽ,2026/7/22,佐川急便,2026/7/22,,完成,古川,,加工
Q-mast　電気グル－プ★,九州工場,九州工場,2026/7/16,2026/7/16,26-J0087012-002-771,SE0000WN,1.5,500,700,300,SUS PBﾄｸ 被せ,,1,ｱｰｽ 開口300x500,2026/7/22,福山通運　九州発送,2026/7/22,,完成,倉重,2026/7/22,製造
Q-mast　電気グル－プ★,九州工場,九州工場,2026/7/16,2026/7/16,26-J0087012-001-771,SE0000WN,1.5,200,200,200,SUS PBﾄｸ 被せ,,1,ｱｰｽ 穴加工,2026/7/22,福山通運　九州発送,2026/7/22,,完成,服部,2026/7/22,製造
日本電設資材　福岡★,九州工場,九州工場,2026/7/16,2026/7/16,26-J0087053-003-771,IG0000G,0,"1,490.00",490,0,鉄 架台,,1,さび止め L65x65x6t べース6ｔ,2026/7/22,ヤマックス　ｽﾎﾟｯﾄ便,2026/7/22,,完成,森田,2026/7/21,製造
日本電設資材　福岡★,九州工場,九州工場,2026/7/16,2026/7/16,26-J0087053-001-771,IG0000G,0,"1,650.00",990,0,鉄 架台,,1,さび止め L65x65x6t べース6ｔ,2026/7/22,ヤマックス　ｽﾎﾟｯﾄ便,2026/7/22,,完成,森田,2026/7/21,製造
日本電設資材　福岡★,九州工場,九州工場,2026/7/16,2026/7/16,26-J0087053-002-771,IG0000G,0,"1,930.00",490,0,鉄 架台,,1,さび止め L65x65x6t べース6ｔ,2026/7/22,ヤマックス　ｽﾎﾟｯﾄ便,2026/7/22,,完成,森田,2026/7/21,製造
シンセイ　倉敷★,九州工場,九州工場,2026/7/16,2026/7/16,26-J0087115-001-771,IIP0000G,1.6,490,190,0,鉄 ﾌﾟﾚｰﾄ,,2,さび止め 穴加工･切欠ｱﾘ,2026/7/22,福山通運　九州発送,2026/7/22,,完成,服部,2026/7/21,製造
興陽電機　八幡★,九州工場,九州工場,2026/7/16,2026/7/16,26-J0087137-001-771,IP5020SG,1.6,500,500,200,鉄 PB 平,,2,さび止め,2026/7/21,北九州配達,2026/7/22,,完成,倉重,2026/7/17,製造
かごしま電工　南★,九州工場,九州工場,2026/7/16,2026/7/16,26-J0087273-001-771,ZE2015W2W,2.3,200,200,150,ZN PB 被せ,,1,ｱｰｽ 内ﾜﾆｽ,2026/7/22,佐川急便,2026/7/22,,完成,古川,,加工
日本電設資材　福岡★,九州工場,九州工場,2026/7/17,2026/7/17,26-J0088247-001-771,IAI0000G,6,50,50,"4,000.00",鉄 ｱﾝｸﾞﾙ,,4,さび止め L50x50x6t,2026/7/22,ヤマックス　ｽﾎﾟｯﾄ便,2026/7/22,,完成,古川,2026/7/21,製造
木村電機　本社★,九州工場,九州工場,2026/7/17,2026/7/17,26-J0088350-001-771,DE2525WN,1.6,250,250,250,Sﾀﾞｲﾏ PB 被せ,,2,ｱｰｽ,2026/7/22,佐川急便,2026/7/22,,完成,古川,2026/7/22,製造
シンセイ　呉★,九州工場,九州工場,2026/7/17,2026/7/17,26-J0088354-001-771,S02060XN,1.5,600,600,0,SUS ふた,,1,水切ふた,2026/7/22,福山通運　九州発送,2026/7/22,,完成,樋口,2026/7/22,製造
岡本電機　安佐★,九州工場,九州工場,2026/7/21,2026/7/21,26-J0088457-001-771,SE0000XN,1.5,400,200,200,SUS PBﾄｸ 水切,,2,ｱｰｽ,2026/7/22,佐川急便,2026/7/22,,完成,井上,2026/7/22,製造
東芝電材　佐伯★,九州工場,九州工場,2026/7/21,2026/7/21,26-J0088465-001-771,IP0000SG,1.6,400,200,160,鉄 PBﾄｸ 平,,1,さび止め,2026/7/22,佐川急便,2026/7/22,,完成,服部,2026/7/21,製造
東芝電材　佐伯★,九州工場,九州工場,2026/7/21,2026/7/21,26-J0088470-001-771,SE0000XN,1.5,250,250,250,SUS PBﾄｸ 水切,,2,ｱｰｽ セパ付き（センター）,2026/7/22,佐川急便,2026/7/22,,完成,服部,2026/7/22,製造
東芝電材　熊本★,九州工場,九州工場,2026/7/21,2026/7/21,26-J0088475-001-771,SP6060WN,1.5,600,600,600,SUS PB 被せ,,1,,2026/7/22,佐川急便,2026/7/22,,完成,坂元,2026/7/22,製造
ウチダ★,九州工場,九州工場,2026/7/21,2026/7/21,26-J0088584-001-771,DP1510WN,1.6,150,150,100,Sﾀﾞｲﾏ PB 被せ,,2,,2026/7/22,福山通運　九州発送,2026/7/22,,完成,服部,2026/7/22,製造
岡本電機　安佐★,九州工場,九州工場,2026/7/21,2026/7/21,26-J0088611-001-771,DP0000SN,1.6,250,200,100,Sﾀﾞｲﾏ PBﾄｸ 平,,2,,2026/7/22,佐川急便,2026/7/22,,完成,坂元,2026/7/22,製造
東芝電材　大牟田★,九州工場,九州工場,2026/7/21,2026/7/21,26-J0088664-001-771,SP0000WN,1.5,400,300,350,SUS PBﾄｸ 被せ,,1,,2026/7/22,佐川急便,2026/7/22,,完成,樋口,2026/7/22,製造
岡本電機　安佐★,九州工場,九州工場,2026/7/21,2026/7/21,26-J0088828-001-771,BP1515SG,1.6,150,150,150,国土 PB 平,,3,ｱｰｽ無 さび止め,2026/7/22,佐川急便,2026/7/22,,完成,服部,2026/7/21,製造
三親電材　広島★,九州工場,九州工場,2026/7/21,2026/7/21,26-J0089012-002-771,DE2520WN,1.6,250,250,200,Sﾀﾞｲﾏ PB 被せ,,1,ｱｰｽ,2026/7/22,福山通運　九州発送,2026/7/22,,完成,古川,2026/7/22,製造
三親電材　広島★,九州工場,九州工場,2026/7/21,2026/7/21,26-J0089012-001-771,DP1510WN,1.6,150,150,100,Sﾀﾞｲﾏ PB 被せ,,1,,2026/7/22,福山通運　九州発送,2026/7/22,,完成,服部,2026/7/22,製造
三親電材　広島★,九州工場,九州工場,2026/7/21,2026/7/21,26-J0089151-001-771,SP0000WN,1.5,600,300,300,SUS PBﾄｸ 被せ,,1,,2026/7/22,福山通運　九州発送,2026/7/22,,完成,坂元,2026/7/22,製造
東芝電材　都城★,九州工場,九州工場,2026/7/21,2026/7/21,26-J0089156-001-771,SP3530XN,1.5,350,350,300,SUS PB 水切,,1,,2026/7/22,佐川急便,2026/7/22,,完成,服部,2026/7/22,製造
ｹｲ･ｴｽ･ﾃﾞｰ　鹿児島★,九州工場,九州工場,2026/7/21,2026/7/21,26-J0089594-001-771,SE0000XN,1.5,250,200,150,SUS PBﾄｸ 水切,,1,ｱｰｽ,2026/7/22,佐川急便,2026/7/22,,完成,服部,2026/7/22,製造
ナミデン　広島★,九州工場,九州工場,2026/7/22,2026/7/22,26-J0090007-001-771,DI0000N,1.6,600,200,0,Sﾀﾞｲﾏ 切板,,1,生地,2026/7/22,佐川急便,2026/7/22,,完成,古川,2026/7/22,製造
宮地電機　高松,九州工場,九州工場,2026/7/2,2026/7/2,26-J0075132-001-771,SE0000XN,1.5,300,300,400,SUS PBﾄｸ 水切,,5,ｱｰｽ,2026/7/23,福山通運　九州発送,2026/7/23,,完成,倉重,2026/7/23,製造
宮地電機　高松,九州工場,九州工場,2026/7/2,2026/7/2,26-J0075304-001-771,SE5020XN,1.5,500,500,200,SUS PB 水切,,1,ｱｰｽ,2026/7/23,福山通運　九州発送,2026/7/23,,完成,倉重,2026/7/23,製造
カンサイ　電設★,九州工場,九州工場,2026/7/3,2026/7/3,26-J0076235-004-771,IKW0000G,1.6,600,200,305,鉄 貫通枠,,15,さび止め C-6.5x75x150・L-25x25x3t溶接　,2026/7/22,ヤマックス福岡,2026/7/23,,完成,森田,2026/7/21,製造
カンサイ　電設★,九州工場,九州工場,2026/7/3,2026/7/3,26-J0076235-010-771,IKW0000G,1.6,600,200,250,鉄 貫通枠,,1,さび止め C-6.5x75x150・L-25x25x3t溶接　,2026/7/22,ヤマックス福岡,2026/7/23,,完成,森田,2026/7/21,製造
東芝電材　宇部★,九州工場,九州工場,2026/7/3,2026/7/3,26-J0076701-001-771,ZG0000C,4,500,500,176,ZN 架台 焼付,5Y7/1 近似色,1,平蓋ﾊﾟｯｷﾝ付 L-50x50x4t 穴加工 3面PL2.3t溶接,2026/7/23,佐川急便,2026/7/23,,完成,森田,2026/7/13,製造
Q-mast　空調管グル－プ★,九州工場,九州工場,2026/7/7,2026/7/7,26-J0078689-003-771,ZG0000,0,"1,810.00","1,760.00","2,526.00",ZN 架台,,1,精錬棟1F ｼﾛｯｺﾌｧﾝ架台　材料置場 架台 3,2026/7/22,ヤマックス　ｽﾎﾟｯﾄ便,2026/7/23,,完成,古川,2026/7/13,製造
Q-mast　空調管グル－プ★,九州工場,九州工場,2026/7/7,2026/7/7,26-J0078689-001-771,ZG0000,0,"1,240.00","1,500.00","2,180.00",ZN 架台,,1,精錬棟1F ｼﾛｯｺﾌｧﾝ架台　通路3 架台 2,2026/7/22,ヤマックス　ｽﾎﾟｯﾄ便,2026/7/23,,完成,古川,2026/7/13,製造
Q-mast　空調管グル－プ★,九州工場,九州工場,2026/7/7,2026/7/7,26-J0078689-002-771,ZG0000,0,"1,240.00","1,538.00","2,034.00",ZN 架台,,1,精錬棟1F ｼﾛｯｺﾌｧﾝ架台　廃油置場 架台 1,2026/7/22,ヤマックス　ｽﾎﾟｯﾄ便,2026/7/23,,完成,古川,2026/7/13,製造
カンサイ　電設★,九州工場,九州工場,2026/7/7,2026/7/7,26-J0079115-005-771,ZTG0000,0,"1,260.00",500,250,ZN 耐震架台,,2,L75x75x6 屋上床ﾗｯｸ　R-21.R-23,2026/7/22,ヤマックス　ｽﾎﾟｯﾄ便,2026/7/23,,完成,古川,2026/7/14,製造
カンサイ　電設★,九州工場,九州工場,2026/7/7,2026/7/7,26-J0079115-003-771,ZTG0000,0,"1,260.00",750,250,ZN 耐震架台,,1,L75x75x6 屋上床ﾗｯｸ　R-18,2026/7/22,ヤマックス　ｽﾎﾟｯﾄ便,2026/7/23,,完成,古川,2026/7/14,製造
カンサイ　電設★,九州工場,九州工場,2026/7/7,2026/7/7,26-J0079115-002-771,ZTG0000,0,"1,260.00",800,250,ZN 耐震架台,,9,L75x75x6 屋上床ﾗｯｸ　R-10～R-22,2026/7/22,ヤマックス　ｽﾎﾟｯﾄ便,2026/7/23,,完成,古川,2026/7/14,製造
カンサイ　電設★,九州工場,九州工場,2026/7/7,2026/7/7,26-J0079115-001-771,ZTG0000,0,"1,260.00",100,250,ZN 耐震架台,,9,L50x50x6 屋上床ﾗｯｸ　R-1～R-9,2026/7/22,ヤマックス　ｽﾎﾟｯﾄ便,2026/7/23,,完成,古川,2026/7/14,製造
カンサイ　電設★,九州工場,九州工場,2026/7/7,2026/7/7,26-J0079115-008-771,ZG0000,0,"1,900.00",0,0,ZN 架台,,1,[100x50x5x7.5  屋上床ﾗｯｸ 支持鋼材 R.L R-18,2026/7/22,ヤマックス　ｽﾎﾟｯﾄ便,2026/7/23,,完成,古川,2026/7/14,製造
カンサイ　電設★,九州工場,九州工場,2026/7/7,2026/7/7,26-J0079115-004-771,ZTG0000,0,"1,260.00",660,250,ZN 耐震架台,,2,L75x75x6 屋上床ﾗｯｸ　R-19.R-20,2026/7/22,ヤマックス　ｽﾎﾟｯﾄ便,2026/7/23,,完成,古川,2026/7/14,製造
Q-mast　空調管グル－プ★,九州工場,九州工場,2026/7/8,2026/7/8,26-J0079504-005-771,ZTG0000,0,450,"1,050.00",0,ZN 耐震架台,,2,精錬棟1F 空調配管 9,2026/7/22,ヤマックス　ｽﾎﾟｯﾄ便,2026/7/23,,完成,古川,2026/7/14,製造
Q-mast　空調管グル－プ★,九州工場,九州工場,2026/7/8,2026/7/8,26-J0079504-003-771,ZTG0000,0,650,"1,785.00",0,ZN 耐震架台,,2,精錬棟1F 空調配管 7,2026/7/22,ヤマックス　ｽﾎﾟｯﾄ便,2026/7/23,,完成,倉重,2026/7/14,製造
Q-mast　空調管グル－プ★,九州工場,九州工場,2026/7/8,2026/7/8,26-J0079504-002-771,ZTG0000,0,650,"1,735.00",0,ZN 耐震架台,,2,精錬棟1F 空調配管 6,2026/7/22,ヤマックス　ｽﾎﾟｯﾄ便,2026/7/23,,完成,倉重,2026/7/14,製造
Q-mast　空調管グル－プ★,九州工場,九州工場,2026/7/8,2026/7/8,26-J0079504-001-771,ZTG0000,0,500,"1,735.00",0,ZN 耐震架台,,2,精錬棟1F 空調配管 5,2026/7/22,ヤマックス　ｽﾎﾟｯﾄ便,2026/7/23,,完成,倉重,2026/7/14,製造
Q-mast　空調管グル－プ★,九州工場,九州工場,2026/7/8,2026/7/8,26-J0079504-008-771,ZTG0000,0,950,"1,145.00",0,ZN 耐震架台,,1,精錬棟1F 空調配管 12,2026/7/22,ヤマックス　ｽﾎﾟｯﾄ便,2026/7/23,,完成,倉重,2026/7/14,製造
Q-mast　空調管グル－プ★,九州工場,九州工場,2026/7/8,2026/7/8,26-J0079504-007-771,ZTG0000,0,800,"1,145.00",0,ZN 耐震架台,,1,精錬棟1F 空調配管 11,2026/7/22,ヤマックス　ｽﾎﾟｯﾄ便,2026/7/23,,完成,倉重,2026/7/14,製造
Q-mast　空調管グル－プ★,九州工場,九州工場,2026/7/8,2026/7/8,26-J0079504-006-771,ZTG0000,0,630,"1,045.00",0,ZN 耐震架台,,2,精錬棟1F 空調配管 10,2026/7/22,ヤマックス　ｽﾎﾟｯﾄ便,2026/7/23,,完成,倉重,2026/7/14,製造
Q-mast　空調管グル－プ★,九州工場,九州工場,2026/7/8,2026/7/8,26-J0079504-004-771,ZTG0000,0,350,720,0,ZN 耐震架台,,2,精錬棟1F 空調配管 8,2026/7/22,ヤマックス　ｽﾎﾟｯﾄ便,2026/7/23,,完成,古川,2026/7/14,製造
Q-mast　空調管グル－プ★,九州工場,九州工場,2026/7/8,2026/7/8,26-J0079563-001-771,ZTG0000,0,250,250,0,ZN 耐震架台,,6,精錬棟1F 空調配管 21,2026/7/22,ヤマックス　ｽﾎﾟｯﾄ便,2026/7/23,,完成,古川,2026/7/14,製造
Q-mast　空調管グル－プ★,九州工場,九州工場,2026/7/8,2026/7/8,26-J0079563-002-771,ZTG0000,0,200,250,0,ZN 耐震架台,,10,精錬棟1F 空調配管 22,2026/7/22,ヤマックス　ｽﾎﾟｯﾄ便,2026/7/23,,完成,古川,2026/7/14,製造
東芝電材　岡山★,九州工場,九州工場,2026/7/8,2026/7/8,26-J0080139-001-771,ID0000C,1.6,400,136,"1,000.00",鉄 ﾀﾞｸﾄ 焼付,5Y7/1(近似色),1,,2026/7/23,福山通運　九州発送,2026/7/23,,完成,森田,2026/7/17,製造
誠新産業　長崎★,九州工場,九州工場,2026/7/8,2026/7/8,26-J0080172-001-771,AD0000N,2,"1,000.00",405,950,ｱﾙﾐ ﾀﾞｸﾄ,,1,ｱｰｽ　総ｱﾝｸﾞﾙ補強,2026/7/23,福山通運　九州発送,2026/7/23,,完成,坂元,2026/7/23,製造
誠新産業　長崎★,九州工場,九州工場,2026/7/8,2026/7/8,26-J0080186-001-771,SIP0000N,1.5,995,98,0,SUS ﾌﾟﾚｰﾄ,,1,切欠き有,2026/7/23,福山通運　九州発送,2026/7/23,,完成,古川,2026/7/23,製造
中国機材設備　呉★,九州工場,九州工場,2026/7/9,2026/7/9,26-J0080859-005-771,SE3020XC,1.5,300,300,200,SUS PB 水切 焼付,15-80A 近似色,5,ｱｰｽ　,2026/7/23,佐川急便,2026/7/23,,完成,森田,,加工
中国機材設備　呉★,九州工場,九州工場,2026/7/9,2026/7/9,26-J0080859-004-771,SE2010XC,1.5,200,200,100,SUS PB 水切 焼付,15-80A 近似色,8,ｱｰｽ　,2026/7/23,佐川急便,2026/7/23,,完成,森田,,加工
カンサイ　西★,九州工場,九州工場,2026/7/10,2026/7/10,26-J0081500-001-771,ZG0000,0,300,50,"1,250.00",ZN 架台,,1,L-50x50x6t,2026/7/22,ヤマックス福岡,2026/7/23,,完成,古川,2026/7/14,製造
Q-mast　空調管グル－プ★,九州工場,九州工場,2026/7/10,2026/7/10,26-J0081771-003-771,ZTG0000,0,944,"1,165.00",0,ZN 耐震架台,,1,精錬棟1階　ｽﾌﾟﾘﾝｸﾗｰ管 13,2026/7/22,ヤマックス　ｽﾎﾟｯﾄ便,2026/7/23,,完成,倉重,2026/7/14,製造
Q-mast　空調管グル－プ★,九州工場,九州工場,2026/7/10,2026/7/10,26-J0081771-010-771,ZTG0000,0,"2,141.00",780,0,ZN 耐震架台,,1,精錬棟2階　ｽﾌﾟﾘﾝｸﾗｰ管 10,2026/7/22,ヤマックス　ｽﾎﾟｯﾄ便,2026/7/23,,完成,古川,2026/7/14,製造
Q-mast　空調管グル－プ★,九州工場,九州工場,2026/7/10,2026/7/10,26-J0081771-009-771,ZTG0000,0,395,"1,005.00",0,ZN 耐震架台,,2,精錬棟1階　消火配管 51,2026/7/22,ヤマックス　ｽﾎﾟｯﾄ便,2026/7/23,,完成,古川,2026/7/14,製造
Q-mast　空調管グル－プ★,九州工場,九州工場,2026/7/10,2026/7/10,26-J0081771-008-771,ZTG0000,0,261,330,0,ZN 耐震架台,,2,精錬棟1階　消火配管 35,2026/7/22,ヤマックス　ｽﾎﾟｯﾄ便,2026/7/23,,完成,古川,2026/7/14,製造
Q-mast　空調管グル－プ★,九州工場,九州工場,2026/7/10,2026/7/10,26-J0081771-007-771,ZTG0000,0,340,630,0,ZN 耐震架台,,1,精錬棟1階　ｽﾌﾟﾘﾝｸﾗｰ管 19,2026/7/22,ヤマックス　ｽﾎﾟｯﾄ便,2026/7/23,,完成,古川,2026/7/14,製造
Q-mast　空調管グル－プ★,九州工場,九州工場,2026/7/10,2026/7/10,26-J0081771-006-771,ZTG0000,0,340,695,0,ZN 耐震架台,,1,精錬棟1階　ｽﾌﾟﾘﾝｸﾗｰ管 16,2026/7/22,ヤマックス　ｽﾎﾟｯﾄ便,2026/7/23,,完成,古川,2026/7/14,製造
Q-mast　空調管グル－プ★,九州工場,九州工場,2026/7/10,2026/7/10,26-J0081771-005-771,ZTG0000,0,250,650,0,ZN 耐震架台,,1,精錬棟1階　ｽﾌﾟﾘﾝｸﾗｰ管 15,2026/7/22,ヤマックス　ｽﾎﾟｯﾄ便,2026/7/23,,完成,古川,2026/7/14,製造
Q-mast　空調管グル－プ★,九州工場,九州工場,2026/7/10,2026/7/10,26-J0081771-004-771,ZTG0000,0,944,"1,165.00",0,ZN 耐震架台,,1,精錬棟1階　ｽﾌﾟﾘﾝｸﾗｰ管 14,2026/7/22,ヤマックス　ｽﾎﾟｯﾄ便,2026/7/23,,完成,倉重,2026/7/14,製造
Q-mast　空調管グル－プ★,九州工場,九州工場,2026/7/10,2026/7/10,26-J0081771-002-771,ZTG0000,0,392,710,0,ZN 耐震架台,,2,精錬棟1階　ｽﾌﾟﾘﾝｸﾗｰ管 12,2026/7/22,ヤマックス　ｽﾎﾟｯﾄ便,2026/7/23,,完成,古川,2026/7/14,製造
Q-mast　空調管グル－プ★,九州工場,九州工場,2026/7/10,2026/7/10,26-J0081771-001-771,ZTG0000,0,599,900,0,ZN 耐震架台,,2,精錬棟1階　ｽﾌﾟﾘﾝｸﾗｰ管 1,2026/7/22,ヤマックス　ｽﾎﾟｯﾄ便,2026/7/23,,完成,古川,2026/7/14,製造
三親電材　福山★,九州工場,九州工場,2026/7/10,2026/7/10,26-J0081817-001-771,ZG0000,0,350,550,0,ZN 架台,,4,L-50x50x6t 5-φ11,2026/7/23,福山通運　九州発送,2026/7/23,,完成,ズオン,2026/7/15,製造
Q-mast　空調管グル－プ★,九州工場,九州工場,2026/7/10,2026/7/10,26-J0082145-001-771,ZTG0000,0,200,"1,500.00",0,ZN 耐震架台,,2,L6x50  原動棟1階　消火配管 7,2026/7/22,ヤマックス　ｽﾎﾟｯﾄ便,2026/7/23,,完成,古川,2026/7/15,製造
宮地電機　徳島,九州工場,九州工場,2026/7/14,2026/7/14,26-J0084305-001-771,SE3020XC,1.5,300,300,200,SUS PB 水切 焼付,5Y7/1(近似色),2,ｱｰｽ,2026/7/23,福山通運　九州発送,2026/7/23,,完成,岡,2026/7/16,製造
ナミデン　福岡★,九州工場,九州工場,2026/7/14,2026/7/14,26-J0084436-001-771,ZKM0000,0,85,30,54,ZN 金物,,2,穴加工,2026/7/22,ヤマックス福岡,2026/7/23,,完成,森田,2026/7/16,製造
三親電材　福山★,九州工場,九州工場,2026/7/15,2026/7/15,26-J0085055-001-771,DD0000N,1.6,400,200,800,Sﾀﾞｲﾏ ﾀﾞｸﾄ,,1,L型ﾀﾞｸﾄ　2面平蓋 ｱｰｽ/支持棒付 穴加工,2026/7/23,福山通運　九州発送,2026/7/23,,完成,服部,2026/7/23,製造
ナミデン　山口★,九州工場,九州工場,2026/7/15,2026/7/15,26-J0085249-004-771,ZE1510X2A,2.3,150,150,100,ZN PB 水切,,1,ｱｰｽ 足付 L3x30(φ12)x4,2026/7/23,福山通運　九州発送,2026/7/23,,完成,森田,2026/7/16,製造
ナミデン　山口★,九州工場,九州工場,2026/7/15,2026/7/15,26-J0085249-003-771,ZE2020X2A,2.3,200,200,200,ZN PB 水切,,3,ｱｰｽ 足付 L3x30(φ12)x4,2026/7/23,福山通運　九州発送,2026/7/23,,完成,森田,2026/7/16,製造
ナミデン　山口★,九州工場,九州工場,2026/7/15,2026/7/15,26-J0085249-002-771,ZE1510X2,2.3,150,150,100,ZN PB 水切,,1,ｱｰｽ,2026/7/24,福山通運　九州発送,2026/7/23,,ｷｬﾝｾﾙ,倉重,2026/7/16,製造
ナミデン　山口★,九州工場,九州工場,2026/7/15,2026/7/15,26-J0085249-001-771,ZE2020X2,2.3,200,200,200,ZN PB 水切,,3,ｱｰｽ,2026/7/24,福山通運　九州発送,2026/7/23,,ｷｬﾝｾﾙ,倉重,2026/7/16,製造
東芝電材　福岡★,九州工場,九州工場,2026/7/15,2026/7/15,26-J0085435-001-771,IE0000SG,1.6,600,400,600,鉄 PBﾄｸ 平,,3,ｱｰｽ さび止め,2026/7/21,ヤマックス福岡,2026/7/23,,完成,服部,2026/7/17,製造
中西電機　高松本社★,九州工場,九州工場,2026/7/15,2026/7/15,26-J0085691-001-771,DE0000XN,1.6,500,300,200,Sﾀﾞｲﾏ PBﾄｸ 水切,,1,ｱｰｽ 穴加工ｱﾘ L型ｾﾊﾟﾚｰﾀｰ付,2026/7/23,福山通運　九州発送,2026/7/23,,完成,古川,2026/7/22,製造
東芝電材　岡山★,九州工場,九州工場,2026/7/15,2026/7/15,26-J0085918-003-771,IG0000C,0,300,300,56,鉄 架台 焼付,N9.5(近似色),1,FB PLt6.0 C加工ｱﾘ【CH用金物】,2026/7/23,福山通運　九州発送,2026/7/23,,ｷｬﾝｾﾙ,林(秀),2026/7/21,製造
東芝電材　岡山★,九州工場,九州工場,2026/7/15,2026/7/15,26-J0085918-001-771,IG0000C,0,600,180,50,鉄 架台 焼付,N9.5(近似色),2,ﾁｬﾝﾈﾙ FB PLt6.0 C加工ｱﾘ【PAS吊用金物】,2026/7/23,福山通運　九州発送,2026/7/23,,ｷｬﾝｾﾙ,林(秀),2026/7/21,製造
東芝電材　岡山★,九州工場,九州工場,2026/7/15,2026/7/15,26-J0085918-002-771,IG0000C,0,"1,000.00",180,50,鉄 架台 焼付,N9.5(近似色),1,ﾁｬﾝﾈﾙ FB PLt6.0 C加工ｱﾘ【斜材用金物】,2026/7/23,福山通運　九州発送,2026/7/23,,ｷｬﾝｾﾙ,林(秀),2026/7/21,製造
東芝電材　鹿児島★,九州工場,九州工場,2026/7/15,2026/7/15,26-J0086098-001-771,SAI0000N,5,380,0,0,SUS ｱﾝｸﾞﾙ,,3,L-40x40x5.0t L=380 2-φ10　3-M6ﾅｯﾄ溶接,2026/7/23,佐川急便,2026/7/23,,完成,倉重,2026/7/23,製造
東芝電材　鹿児島★,九州工場,九州工場,2026/7/15,2026/7/15,26-J0086098-007-771,SIP0000N,2,390,260,0,SUS ﾌﾟﾚｰﾄ,,1,,2026/7/23,佐川急便,2026/7/23,,完成,服部,2026/7/23,製造
東芝電材　鹿児島★,九州工場,九州工場,2026/7/15,2026/7/15,26-J0086098-009-771,SIP0000N,2,"1,560.00",300,0,SUS ﾌﾟﾚｰﾄ,,1,切欠960ｘ60　,2026/7/23,佐川急便,2026/7/23,,完成,倉重,2026/7/23,製造
東芝電材　鹿児島★,九州工場,九州工場,2026/7/15,2026/7/15,26-J0086098-006-771,SIP0000N,2,390,260,0,SUS ﾌﾟﾚｰﾄ,,1,切欠70ｘ5,2026/7/23,佐川急便,2026/7/23,,完成,倉重,2026/7/23,製造
東芝電材　鹿児島★,九州工場,九州工場,2026/7/15,2026/7/15,26-J0086098-008-771,SIP0000N,2,390,260,0,SUS ﾌﾟﾚｰﾄ,,1,切欠70ｘ35,2026/7/23,佐川急便,2026/7/23,,完成,倉重,2026/7/23,製造
東芝電材　鹿児島★,九州工場,九州工場,2026/7/15,2026/7/15,26-J0086098-005-771,SIP0000N,2,390,260,0,SUS ﾌﾟﾚｰﾄ,,1,切欠70ｘ30,2026/7/23,佐川急便,2026/7/23,,完成,倉重,2026/7/23,製造
東芝電材　鹿児島★,九州工場,九州工場,2026/7/15,2026/7/15,26-J0086098-004-771,SMK0000N,2,"1,535.00",400,30,SUS 曲金物,,1,6-長穴,2026/7/23,佐川急便,2026/7/23,,完成,ラム,2026/7/23,製造
東芝電材　鹿児島★,九州工場,九州工場,2026/7/15,2026/7/15,26-J0086098-003-771,SIP0000N,2,605,220,0,SUS ﾌﾟﾚｰﾄ,,1,4-長穴,2026/7/23,佐川急便,2026/7/23,,完成,倉重,2026/7/23,製造
東芝電材　鹿児島★,九州工場,九州工場,2026/7/15,2026/7/15,26-J0086098-002-771,SMK0000N,2,990,400,30,SUS 曲金物,,1,6-長穴 2-M6ﾅｯﾄ溶接 開口,2026/7/23,佐川急便,2026/7/23,,完成,倉重,2026/7/23,製造
山陰ﾊﾟﾅｿﾆｯｸ　浜田★,九州工場,九州工場,2026/7/15,2026/7/15,26-J0086115-001-771,IIP0000C,1.6,600,250,0,鉄 ﾌﾟﾚｰﾄ 焼付,N9.5(近似色),2,穴加工ｱﾘ,2026/7/23,福山通運　九州発送,2026/7/23,,完成,森田,2026/7/17,製造
シンセイ　呉★,九州工場,九州工場,2026/7/15,2026/7/15,26-J0086122-001-771,ICI0000C,5,500,0,0,鉄 ﾁｬﾝﾈﾙ 焼付,5Y7/1 近似色,4,溝形鋼100x50x5 穴加工有り,2026/7/23,福山通運　九州発送,2026/7/23,,完成,森田,2026/7/17,製造
カンサイ　電設★,九州工場,九州工場,2026/7/15,2026/7/15,26-J0086177-001-771,II0000G,1.6,250,250,0,鉄 切板,,22,さび止め,2026/7/22,ヤマックス福岡,2026/7/23,,完成,服部,2026/7/21,製造
三星商会　岡山★,九州工場,九州工場,2026/7/16,2026/7/16,26-J0086476-001-771,IIP0000C,1.6,600,350,0,鉄 ﾌﾟﾚｰﾄ 焼付,2.5Y9/1(近似色),1,穴加工ｱﾘ,2026/7/23,福山通運　九州発送,2026/7/23,,完成,森田,2026/7/17,製造
メイク機材★,九州工場,九州工場,2026/7/16,2026/7/16,26-J0086571-002-771,ZKM0000,5,"2,400.00",50,100,ZN 金物,,1,先メッキ-C-5x50x100　穴加工,2026/7/23,福山通運　九州発送,2026/7/23,,完成,,2026/7/23,製造
メイク機材★,九州工場,九州工場,2026/7/16,2026/7/16,26-J0086571-004-771,ZKM0000,5,"1,810.00",50,100,ZN 金物,,1,先メッキ-C-5x50x100　穴加工,2026/7/23,福山通運　九州発送,2026/7/23,,完成,,2026/7/23,製造
メイク機材★,九州工場,九州工場,2026/7/16,2026/7/16,26-J0086571-003-771,ZKM0000,5,500,50,100,ZN 金物,,1,先メッキ-C-5x50x100　穴加工,2026/7/23,福山通運　九州発送,2026/7/23,,完成,,2026/7/23,製造
メイク機材★,九州工場,九州工場,2026/7/16,2026/7/16,26-J0086571-001-771,ZKM0000,5,"2,400.00",50,100,ZN 金物,,1,先メッキ-C-5x50x100　穴加工,2026/7/23,福山通運　九州発送,2026/7/23,,完成,,2026/7/23,製造
メイク機材★,九州工場,九州工場,2026/7/16,2026/7/16,26-J0086571-005-771,ZKM0000,5,"1,810.00",50,100,ZN 金物,,1,先メッキ-C-5x50x100　穴加工,2026/7/23,福山通運　九州発送,2026/7/23,,完成,,2026/7/23,製造
興陽電機　福岡西★,九州工場,九州工場,2026/7/16,2026/7/16,26-J0086617-001-771,SE2020XC,1.5,200,200,200,SUS PB 水切 焼付,2.5Y9/1 近似色,1,ｱｰｽ,2026/7/22,ヤマックス福岡,2026/7/23,,完成,古川,,加工
カンサイ　日進商会★,九州工場,九州工場,2026/7/16,2026/7/16,26-J0086761-001-771,IP2015SC,1.6,200,200,150,鉄 PB 平 焼付,5Y7/1 近似色,1,,2026/7/22,北九州配達,2026/7/23,,完成,古川,2026/7/17,製造
シンセイ　倉敷★,九州工場,九州工場,2026/7/16,2026/7/16,26-J0086858-001-771,IIP0000C,1.6,200,160,0,鉄 ﾌﾟﾚｰﾄ 焼付,5Y7/1(近似色),1,穴加工ｱﾘ,2026/7/23,福山通運　九州発送,2026/7/23,,ｷｬﾝｾﾙ,林(秀),2026/7/17,製造
平岡電気　福岡中央★,九州工場,九州工場,2026/7/16,2026/7/16,26-J0086904-001-771,ID0000N,1.6,250,250,"3,600.00",鉄 ﾀﾞｸﾄ,,1,生地 穴加工 平蓋 ｱｰｽ無 ｹｰﾌﾞﾙ支持棒無 ｾﾊﾟ無,2026/7/23,福山通運　九州発送,2026/7/23,,完成,ハイ,2026/7/23,製造
平岡電気　福岡中央★,九州工場,九州工場,2026/7/16,2026/7/16,26-J0086904-002-771,DDC0000N,2.3,800,160,800,Sﾀﾞｲﾏ ﾀﾞｸﾄｶﾊﾞｰ,,1,平蓋 穴加工,2026/7/23,福山通運　九州発送,2026/7/23,,完成,服部,2026/7/23,製造
平岡電気　福岡中央★,九州工場,九州工場,2026/7/16,2026/7/16,26-J0086904-003-771,DC0000N,1.6,200,250,200,Sﾀﾞｲﾏ ｶﾊﾞｰ,,1,平蓋 穴加工,2026/7/23,福山通運　九州発送,2026/7/23,,完成,服部,2026/7/23,製造
山陰ﾊﾟﾅｿﾆｯｸ　浜田★,九州工場,九州工場,2026/7/16,2026/7/16,26-J0086961-003-771,SE0000XN,2,800,500,500,SUS PBﾄｸ 水切,,1,ｱｰｽ,2026/7/23,福山通運　九州発送,2026/7/23,,完成,坂元,2026/7/23,製造
シンセイ　広島第一★,九州工場,九州工場,2026/7/17,2026/7/17,26-J0087409-003-771,BE3015SC,1.6,300,300,150,国土 PB 平 焼付,2.5Y9/1 近似色,2,ｱｰｽ,2026/7/23,福山通運　九州発送,2026/7/23,,完成,岡,2026/7/21,製造
シンセイ　広島第一★,九州工場,九州工場,2026/7/17,2026/7/17,26-J0087409-002-771,BE2515SC,1.6,250,250,150,国土 PB 平 焼付,2.5Y9/1 近似色,2,ｱｰｽ,2026/7/23,福山通運　九州発送,2026/7/23,,完成,岡,2026/7/21,製造
シンセイ　広島第一★,九州工場,九州工場,2026/7/17,2026/7/17,26-J0087409-001-771,BE1510SC,1.6,150,150,100,国土 PB 平 焼付,2.5Y9/1 近似色,2,ｱｰｽ,2026/7/23,福山通運　九州発送,2026/7/23,,完成,岡,2026/7/21,製造
三親電材　水島★,九州工場,九州工場,2026/7/17,2026/7/17,26-J0087434-001-771,IIP0000G,1.6,210,150,0,鉄 ﾌﾟﾚｰﾄ,,1,さび止め 開口ｱﾘ ｽﾀｯﾄﾞﾎﾞﾙﾄ付,2026/7/23,福山通運　九州発送,2026/7/23,,完成,倉重,2026/7/22,製造
米良電機　日南★,九州工場,九州工場,2026/7/17,2026/7/17,26-J0087721-001-771,ZP4040X2,2.3,400,400,400,ZN PB 水切,,1,座無ｼｰﾙ付,2026/7/23,佐川急便,2026/7/23,,完成,倉重,2026/7/17,製造
三親電材　米子★,九州工場,九州工場,2026/7/17,2026/7/17,26-J0087738-001-771,BE6060SG,1.6,600,600,600,国土 PB 平,,1,ｱｰｽ さび止め,2026/7/23,福山通運　九州発送,2026/7/23,,完成,倉重,2026/7/21,製造
中西電機　高松本社★,九州工場,九州工場,2026/7/17,2026/7/17,26-J0087763-001-771,IKM0000G,1.6,320,206,50,鉄 金物,,1,さび止め 穴加工ｱﾘ,2026/7/23,福山通運　九州発送,2026/7/23,,完成,坂元,2026/7/22,製造
米良電機　宮崎★,九州工場,九州工場,2026/7/17,2026/7/17,26-J0087940-002-771,SE2020XC,1.5,200,200,200,SUS PB 水切 焼付,2.5Y9/1 近似色,5,ｱｰｽ,2026/7/23,佐川急便,2026/7/23,,完成,岡,,加工
米良電機　宮崎★,九州工場,九州工場,2026/7/17,2026/7/17,26-J0087940-001-771,SE1515XC,1.5,150,150,150,SUS PB 水切 焼付,2.5Y9/1 近似色,3,ｱｰｽ,2026/7/23,佐川急便,2026/7/23,,完成,岡,2026/7/21,製造
大洋電材　本社★,九州工場,九州工場,2026/7/17,2026/7/17,26-J0088319-001-771,DDC0000N,1.6,"1,000.00",300,500,Sﾀﾞｲﾏ ﾀﾞｸﾄｶﾊﾞｰ,,1,平蓋 上面ﾌﾞﾗﾝｸ有り 取付穴有り,2026/7/22,北九州配達,2026/7/23,,完成,坂元,2026/7/22,製造
カンサイ九州昭和　福岡★,九州工場,九州工場,2026/7/21,2026/7/21,26-J0088425-001-771,DE0000WN,1.6,700,700,700,Sﾀﾞｲﾏ PBﾄｸ 被せ,,1,ｱｰｽ,2026/7/22,ヤマックス福岡,2026/7/23,,完成,坂元,2026/7/22,製造
シンセイ　福山★,九州工場,九州工場,2026/7/21,2026/7/21,26-J0088596-001-771,SP3530XN,1.5,350,350,300,SUS PB 水切,,2,,2026/7/23,福山通運　九州発送,2026/7/23,,完成,倉重,2026/7/23,製造
三星商会　岡山★,九州工場,九州工場,2026/7/21,2026/7/21,26-J0088747-001-771,IP0000SG,1.6,200,150,120,鉄 PBﾄｸ 平,,1,さび止め,2026/7/23,福山通運　九州発送,2026/7/23,,完成,服部,2026/7/21,製造
Q-mast　空調管グル－プ★,九州工場,九州工場,2026/7/21,2026/7/21,26-J0088765-014-771,ZTG0000,0,276,"1,033.00",0,ZN 耐震架台,,1,L50x50x4  精錬棟1階 消火配管 34,2026/7/22,ヤマックス　ｽﾎﾟｯﾄ便,2026/7/23,,完成,古川,2026/7/22,製造
Q-mast　空調管グル－プ★,九州工場,九州工場,2026/7/21,2026/7/21,26-J0088765-013-771,ZTG0000,0,276,675,0,ZN 耐震架台,,1,L50x50x4  精錬棟1階 消火配管 33,2026/7/22,ヤマックス　ｽﾎﾟｯﾄ便,2026/7/23,,完成,古川,2026/7/22,製造
Q-mast　空調管グル－プ★,九州工場,九州工場,2026/7/21,2026/7/21,26-J0088765-012-771,ZTG0000,0,340,705,0,ZN 耐震架台,,1,L50x50x4  精錬棟1階 消火配管 32,2026/7/22,ヤマックス　ｽﾎﾟｯﾄ便,2026/7/23,,完成,古川,2026/7/22,製造
シンセイ　広島第一★,九州工場,九州工場,2026/7/21,2026/7/21,26-J0089056-001-771,IP0000SG,1.6,150,150,150,鉄 PBﾄｸ 平,,1,蓋に開口 φ22 さび止め,2026/7/23,福山通運　九州発送,2026/7/23,,完成,服部,2026/7/22,製造
平岡電気　福岡中央★,九州工場,九州工場,2026/7/21,2026/7/21,26-J0089069-001-771,SP0000WN,1.5,300,300,200,SUS PBﾄｸ 被せ,,1,セパ付き（センター）,2026/7/22,ヤマックス福岡,2026/7/23,,完成,服部,2026/7/22,製造
かごしま電工　城南★,九州工場,九州工場,2026/7/21,2026/7/21,26-J0089243-001-771,IE6050SG,1.6,600,600,500,鉄 PB 平,,1,ｱｰｽ さび止め,2026/7/23,佐川急便,2026/7/23,,完成,倉重,2026/7/22,製造
三和電気商会★,九州工場,九州工場,2026/7/21,2026/7/21,26-J0089359-001-771,SE0000WN,1.5,400,400,250,SUS PBﾄｸ 被せ,,1,ｱｰｽ,2026/7/23,福山通運　九州発送,2026/7/23,,完成,倉重,2026/7/23,製造
ハッピー電気　甲佐★,九州工場,九州工場,2026/7/21,2026/7/21,26-J0089362-002-771,SP0000XN,1.5,150,150,100,SUS PBﾄｸ 水切,,3,2-M4x20高ﾅｯﾄ溶接　2-L30x30x3t(2-φ8x20)溶接  B,2026/7/23,佐川急便,2026/7/23,,完成,井上,2026/7/23,製造
ハッピー電気　甲佐★,九州工場,九州工場,2026/7/21,2026/7/21,26-J0089362-001-771,SP0000XN,1.5,150,150,100,SUS PBﾄｸ 水切,,1,2-M4x20高ﾅｯﾄ溶接　2-L30x30x3t(2-φ8x20)溶接  A,2026/7/23,佐川急便,2026/7/23,,完成,井上,2026/7/23,製造
ハッピー電気　甲佐★,九州工場,九州工場,2026/7/21,2026/7/21,26-J0089362-003-771,SP0000XN,1.5,200,200,100,SUS PBﾄｸ 水切,,1,2-M4x20高ﾅｯﾄ溶接　2-L30x30x3t(2-φ10x20)溶接  C,2026/7/23,佐川急便,2026/7/23,,完成,井上,2026/7/23,製造
オリオン商事　福岡★,九州工場,九州工場,2026/7/21,2026/7/21,26-J0089394-001-771,SE0000SN,1.5,150,150,250,SUS PBﾄｸ 平,,1,ｱｰｽ,2026/7/22,ヤマックス福岡,2026/7/23,,完成,服部,2026/7/22,製造
カンサイ　佐賀★,九州工場,九州工場,2026/7/21,2026/7/21,26-J0089471-001-771,SMK0000N,1.5,105,47,89.5,SUS 曲金物,,1,加工,2026/7/23,佐川急便,2026/7/23,,完成,服部,2026/7/23,製造
興陽電機　岩国★,九州工場,九州工場,2026/7/21,2026/7/21,26-J0089503-003-771,BE0000SG,1.6,250,250,250,国土 PBﾄｸ 平,,1,ｱｰｽ  2-φ160　さび止め,2026/7/23,福山通運　九州発送,2026/7/23,,完成,倉重,2026/7/22,製造
栗田電機　西条★,九州工場,九州工場,2026/7/21,2026/7/21,26-J0089553-001-771,SP0000WN,1.5,700,700,300,SUS PBﾄｸ 被せ,,1,,2026/7/23,福山通運　九州発送,2026/7/23,,完成,坂元,2026/7/23,製造
宮地電機　新居浜,九州工場,九州工場,2026/7/21,2026/7/21,26-J0089621-001-771,S02020XN,1.5,200,200,0,SUS ふた,,3,水切ふた 国土ｼｰﾙ付,2026/7/23,福山通運　九州発送,2026/7/23,,完成,服部,2026/7/23,製造
日本電設資材　福岡★,九州工場,九州工場,2026/7/21,2026/7/21,26-J0089751-001-771,DP1515WN,1.6,150,150,150,Sﾀﾞｲﾏ PB 被せ,,1,,2026/7/23,佐川急便,2026/7/23,,完成,森田,2026/7/23,製造
啓電社★,九州工場,九州工場,2026/7/22,2026/7/22,26-J0090068-001-771,IAI0000G,0,"2,500.00",0,0,鉄 ｱﾝｸﾞﾙ,,4,さび止め L6x65,2026/7/23,佐川急便,2026/7/23,,完成,樫原,2026/7/22,製造
カンサイ　電設★,九州工場,九州工場,2026/7/22,2026/7/22,26-J0090172-001-771,DC0000N,1.6,"2,084.00","1,485.00",0,Sﾀﾞｲﾏ ｶﾊﾞｰ,,1,ｷｭｰﾋﾞｸﾙ基礎 塞ぎ板 ﾊﾟﾝﾁﾝｸﾞ加工,2026/7/23,福山通運　九州発送,2026/7/23,,完成,坂元,2026/7/23,製造
カンサイ　電設★,九州工場,九州工場,2026/7/22,2026/7/22,26-J0090194-003-771,ZKM0000,0,"1,371.00",0,0,ZN 金物,,1,塞ぎ板取付金物　L50x50x6t  R　ﾛｰﾊﾞﾙ補修,2026/7/23,福山通運　九州発送,2026/7/23,,完成,ゴック,2026/7/23,製造
カンサイ　電設★,九州工場,九州工場,2026/7/22,2026/7/22,26-J0090194-001-771,ZKM0000,0,"1,371.00",0,0,ZN 金物,,1,塞ぎ板取付金物　L50x50x6t  L　ﾛｰﾊﾞﾙ補修,2026/7/23,福山通運　九州発送,2026/7/23,,完成,ゴック,2026/7/23,製造
中西電機　丸亀★,九州工場,九州工場,2026/7/22,2026/7/22,26-J0090354-001-771,SP0000WN,1.5,200,100,100,SUS PBﾄｸ 被せ,,1,,2026/7/23,福山通運　九州発送,2026/7/23,,完成,井上,2026/7/23,製造
東芝電材　都城★,九州工場,九州工場,2026/7/22,2026/7/22,26-J0090457-001-771,SE0000XN,1.5,450,450,200,SUS PBﾄｸ 水切,,1,ｱｰｽ,2026/7/23,佐川急便,2026/7/23,,完成,坂元,2026/7/23,製造
日本電設資材　久留米★,九州工場,九州工場,2026/7/22,2026/7/22,26-J0090460-001-771,IP0000SG,1.6,400,400,100,鉄 PBﾄｸ 平,,1,さび止め,2026/7/23,佐川急便,2026/7/23,,完成,倉重,2026/7/22,製造
シンセイ　広島第一★,九州工場,九州工場,2026/7/22,2026/7/22,26-J0090493-001-771,IP0000SG,1.6,300,250,100,鉄 PBﾄｸ 平,,1,さび止め,2026/7/23,福山通運　九州発送,2026/7/23,,ｷｬﾝｾﾙ,林(浩),2026/7/22,製造
シンセイ　福山★,九州工場,九州工場,2026/7/22,2026/7/22,26-J0090595-001-771,SE0000WN,1.5,400,150,250,SUS PBﾄｸ 被せ,,1,ｱｰｽ,2026/7/23,福山通運　九州発送,2026/7/23,,完成,倉重,2026/7/23,製造
東芝電材　岡山★,九州工場,九州工場,2026/7/22,2026/7/22,26-J0090721-001-771,SE0000XN,1.5,400,300,300,SUS PBﾄｸ 水切,,1,ｱｰｽ,2026/7/23,福山通運　九州発送,2026/7/23,,完成,倉重,2026/7/23,製造
ミューハウス　熊本★,九州工場,九州工場,2026/7/22,2026/7/22,26-J0091048-001-771,SE0000XN,1.5,250,200,150,SUS PBﾄｸ 水切,,1,ｱｰｽ,2026/7/23,佐川急便,2026/7/23,,完成,倉重,2026/7/23,製造
三親電材　広島★,九州工場,九州工場,2026/7/22,2026/7/22,26-J0091340-001-771,MAMEK,0,0,0,0,補修塗料 豆缶,,5,さび止め,2026/7/23,佐川急便,2026/7/23,,完成,増井,,製造
平岡電気　八女★,九州工場,九州工場,2026/7/23,2026/7/23,26-J0091644-001-771,II0000N,1.6,500,400,0,鉄 切板,,1,生地  ﾒﾝﾄﾘ,2026/7/23,佐川急便,2026/7/23,,完成,坂元,2026/7/23,製造
杉本電機　広島★,九州工場,九州工場,2026/7/23,2026/7/23,26-J0091694-001-771,SP0000SN,1.5,500,500,150,SUS PBﾄｸ 平,,3,,2026/7/23,佐川急便,2026/7/23,,完成,森田,2026/7/23,製造
平岡電気　城南★,九州工場,九州工場,2026/7/23,2026/7/23,26-J0091738-001-771,DI0000N,1.6,100,50,0,Sﾀﾞｲﾏ 切板,,1,生地 見本品,2026/7/23,ヤマックス福岡,2026/7/23,,完成,倉重,2026/7/23,製造
シンセイ　広島第二★,九州工場,九州工場,2026/7/23,2026/7/23,26-J0092211-002-771,999011,0,0,0,0,その他,,1,錆止塗料　1L,2026/7/23,福山通運　九州発送,2026/7/23,,完成,服部,2026/7/23,製造
平和テクノ　下関★,九州工場,九州工場,2026/6/29,2026/6/29,26-J0072354-001-771,SE0000XN,1.5,600,600,600,SUS PBﾄｸ 水切,,1,酸洗い ｱｰｽ 足付 固定ｾﾊﾟﾚｰﾀ 脱落防止化粧ﾋﾞｽ,2026/7/24,福山通運　九州発送,2026/7/24,,完成,坂元,2026/7/23,製造
平和テクノ　下関★,九州工場,九州工場,2026/6/29,2026/6/29,26-J0072354-002-771,SE0000XN,1.5,500,500,500,SUS PBﾄｸ 水切,,1,酸洗い ｱｰｽ 足付 固定ｾﾊﾟﾚｰﾀ 脱落防止化粧ﾋﾞｽ,2026/7/24,福山通運　九州発送,2026/7/24,,完成,服部,2026/7/23,製造
平和テクノ　下関★,九州工場,九州工場,2026/6/29,2026/6/29,26-J0072354-003-771,SE0000XN,1.5,300,300,300,SUS PBﾄｸ 水切,,1,酸洗い ｱｰｽ 足付 固定ｾﾊﾟﾚｰﾀ 脱落防止化粧ﾋﾞｽ,2026/7/24,福山通運　九州発送,2026/7/24,,完成,坂元,2026/7/23,製造
平和テクノ　下関★,九州工場,九州工場,2026/6/29,2026/6/29,26-J0072354-016-771,SE0000XN,1.5,300,300,200,SUS PBﾄｸ 水切,,2,酸洗い ｱｰｽ　脱落防止化粧ﾋﾞｽ,2026/7/24,福山通運　九州発送,2026/7/24,,完成,倉重,2026/7/23,製造
平和テクノ　下関★,九州工場,九州工場,2026/6/29,2026/6/29,26-J0072354-017-771,SE0000XN,1.5,200,200,150,SUS PBﾄｸ 水切,,1,酸洗い ｱｰｽ 足付 固定ｾﾊﾟﾚｰﾀ 脱落防止化粧ﾋﾞｽ,2026/7/24,福山通運　九州発送,2026/7/24,,完成,倉重,2026/7/23,製造
平和テクノ　下関★,九州工場,九州工場,2026/6/29,2026/6/29,26-J0072354-018-771,SE0000XN,1.5,200,200,150,SUS PBﾄｸ 水切,,1,酸洗い ｱｰｽ  固定ｾﾊﾟﾚｰﾀ 脱落防止化粧ﾋﾞｽ,2026/7/24,福山通運　九州発送,2026/7/24,,完成,倉重,2026/7/23,製造
Q-mast　空調管グル－プ★,九州工場,九州工場,2026/7/3,2026/7/3,26-J0075942-016-771,ZTG0000,0,485,687,0,ZN 耐震架台,,1,/698 精錬棟2F 空調配管 23,2026/7/23,ヤマックス　ｽﾎﾟｯﾄ便,2026/7/24,,完成,古川,2026/7/13,製造
Q-mast　空調管グル－プ★,九州工場,九州工場,2026/7/3,2026/7/3,26-J0075942-017-771,ZTG0000,0,485,298,0,ZN 耐震架台,,1,/310 精錬棟2F 空調配管 24,2026/7/23,ヤマックス　ｽﾎﾟｯﾄ便,2026/7/24,,完成,古川,2026/7/13,製造
Q-mast　空調管グル－プ★,九州工場,九州工場,2026/7/3,2026/7/3,26-J0075942-008-771,ZTG0000,0,"1,000.00",489,0,ZN 耐震架台,,1,精錬棟2F 空調配管 19,2026/7/23,ヤマックス　ｽﾎﾟｯﾄ便,2026/7/24,,完成,古川,2026/7/13,製造
Q-mast　空調管グル－プ★,九州工場,九州工場,2026/7/3,2026/7/3,26-J0075942-007-771,ZTG0000,0,"1,600.00",627,0,ZN 耐震架台,,1,/905 精錬棟2F 空調（消化）12,2026/7/23,ヤマックス　ｽﾎﾟｯﾄ便,2026/7/24,,完成,古川,2026/7/13,製造
Q-mast　空調管グル－プ★,九州工場,九州工場,2026/7/3,2026/7/3,26-J0075942-005-771,ZTG0000,0,"1,600.00",357,0,ZN 耐震架台,,1,精錬棟2F 空調配管 14,2026/7/23,ヤマックス　ｽﾎﾟｯﾄ便,2026/7/24,,完成,古川,2026/7/13,製造
Q-mast　空調管グル－プ★,九州工場,九州工場,2026/7/3,2026/7/3,26-J0075942-001-771,ZTG0000,0,400,450,0,ZN 耐震架台,,1,精錬棟2F 空調配管 1,2026/7/23,ヤマックス　ｽﾎﾟｯﾄ便,2026/7/24,,完成,古川,2026/7/13,製造
Q-mast　空調管グル－プ★,九州工場,九州工場,2026/7/3,2026/7/3,26-J0075942-002-771,ZTG0000,0,"1,600.00",507,0,ZN 耐震架台,,1,精錬棟2F 空調配管 9,2026/7/23,ヤマックス　ｽﾎﾟｯﾄ便,2026/7/24,,完成,古川,2026/7/13,製造
Q-mast　空調管グル－プ★,九州工場,九州工場,2026/7/3,2026/7/3,26-J0075942-015-771,ZTG0000,0,485,684,0,ZN 耐震架台,,1,/696 精錬棟2F 空調配管 18,2026/7/23,ヤマックス　ｽﾎﾟｯﾄ便,2026/7/24,,完成,古川,2026/7/13,製造
Q-mast　空調管グル－プ★,九州工場,九州工場,2026/7/3,2026/7/3,26-J0075942-014-771,ZTG0000,0,485,296,0,ZN 耐震架台,,1,/308 精錬棟2F 空調配管 17,2026/7/23,ヤマックス　ｽﾎﾟｯﾄ便,2026/7/24,,完成,古川,2026/7/13,製造
Q-mast　空調管グル－プ★,九州工場,九州工場,2026/7/3,2026/7/3,26-J0075942-013-771,ZTG0000,0,650,447,0,ZN 耐震架台,,1,精錬棟2F 空調配管 16,2026/7/23,ヤマックス　ｽﾎﾟｯﾄ便,2026/7/24,,完成,古川,2026/7/13,製造
Q-mast　空調管グル－プ★,九州工場,九州工場,2026/7/3,2026/7/3,26-J0075942-012-771,ZTG0000,0,650,413,0,ZN 耐震架台,,1,/430 精錬棟2F 空調配管 15,2026/7/23,ヤマックス　ｽﾎﾟｯﾄ便,2026/7/24,,完成,古川,2026/7/13,製造
Q-mast　空調管グル－プ★,九州工場,九州工場,2026/7/3,2026/7/3,26-J0075942-003-771,ZTG0000,0,"1,600.00",347,0,ZN 耐震架台,,1,精錬棟2F 空調配管 10,2026/7/23,ヤマックス　ｽﾎﾟｯﾄ便,2026/7/24,,完成,古川,2026/7/13,製造
Q-mast　空調管グル－プ★,九州工場,九州工場,2026/7/3,2026/7/3,26-J0075942-004-771,ZTG0000,0,"1,600.00",229,0,ZN 耐震架台,,1,精錬棟2F 空調配管 13,2026/7/23,ヤマックス　ｽﾎﾟｯﾄ便,2026/7/24,,完成,古川,2026/7/13,製造
Q-mast　空調管グル－プ★,九州工場,九州工場,2026/7/3,2026/7/3,26-J0075942-006-771,ZTG0000,0,"1,600.00",210,0,ZN 耐震架台,,1,/1073 精錬棟2F 空調（消化）11,2026/7/23,ヤマックス　ｽﾎﾟｯﾄ便,2026/7/24,,完成,古川,2026/7/13,製造
Q-mast　空調管グル－プ★,九州工場,九州工場,2026/7/3,2026/7/3,26-J0075942-011-771,ZTG0000,0,650,618,0,ZN 耐震架台,,1,精錬棟2F 空調配管 22,2026/7/23,ヤマックス　ｽﾎﾟｯﾄ便,2026/7/24,,完成,古川,2026/7/13,製造
Q-mast　空調管グル－プ★,九州工場,九州工場,2026/7/3,2026/7/3,26-J0075942-010-771,ZTG0000,0,485,430,0,ZN 耐震架台,,1,/442 精錬棟2F 空調配管 21,2026/7/23,ヤマックス　ｽﾎﾟｯﾄ便,2026/7/24,,完成,古川,2026/7/13,製造
Q-mast　空調管グル－プ★,九州工場,九州工場,2026/7/3,2026/7/3,26-J0075942-009-771,ZTG0000,0,485,819,0,ZN 耐震架台,,1,/830 精錬棟2F 空調配管 20,2026/7/23,ヤマックス　ｽﾎﾟｯﾄ便,2026/7/24,,完成,古川,2026/7/13,製造
オリオン商事　福岡★,九州工場,九州工場,2026/7/3,2026/7/3,26-J0076741-001-771,SE0000WN,1.5,700,700,700,SUS PBﾄｸ 被せ,,2,ｱｰｽ,2026/7/24,福山通運,2026/7/24,,完成,坂元,2026/7/24,製造
中西電機　高松本社★,九州工場,九州工場,2026/7/6,2026/7/6,26-J0077868-001-771,IE0000SG,1.6,700,500,300,鉄 PBﾄｸ 平,,2,ｱｰｽ さび止め,2026/7/24,福山通運　九州発送,2026/7/24,,完成,倉重,2026/7/23,製造
南四国ﾅｼｮﾅﾙ　本社★,九州工場,九州工場,2026/7/7,2026/7/7,26-J0078543-001-771,IMK0000C,1.6,340,260,50,鉄 曲金物 焼付,N9.5(近似色),20,穴加工ｱﾘ【G1～G5】,2026/7/24,福山通運　九州発送,2026/7/24,,完成,古川,2026/7/21,製造
ムトウ電材　富士見★,九州工場,九州工場,2026/7/9,2026/7/9,26-J0081320-001-771,SC0000N,2,350,152,27,SUS ｶﾊﾞｰ,N5 近似色,1,穴加工,2026/7/24,佐川急便,2026/7/24,,完成,岡,2026/7/21,製造
イシグロ　宮崎★,九州工場,九州工場,2026/7/10,2026/7/10,26-J0082021-003-771,IBG0000C,0,"1,000.00",250,250,鉄 防球ガード 焼付,2.5Y9/1 近似色,7,配管ガード,2026/7/23,チャーター便,2026/7/24,,完成,古川,2026/7/17,製造
イシグロ　宮崎★,九州工場,九州工場,2026/7/10,2026/7/10,26-J0082021-001-771,IBGC1800C,2.3,"1,800.00",800,350,鉄 防球ガード 焼付,2.5Y9/1 近似色,5,天吊形空調機用 床面扉,2026/7/24,チャーター便,2026/7/24,,完成,,2026/7/23,製造
平岡電気　福岡東★,九州工場,九州工場,2026/7/10,2026/7/10,26-J0082283-007-771,IIP0000C,1.6,430,700,0,鉄 ﾌﾟﾚｰﾄ 焼付,5Y7/1 近似色,1,4-φ5,2026/7/23,ヤマックス福岡,2026/7/24,,完成,森田,2026/7/16,製造
平岡電気　福岡東★,九州工場,九州工場,2026/7/10,2026/7/10,26-J0082283-002-771,IIP0000C,1.6,500,350,0,鉄 ﾌﾟﾚｰﾄ 焼付,5Y7/1 近似色,1,4-φ5,2026/7/23,ヤマックス福岡,2026/7/24,,完成,森田,2026/7/16,製造
平岡電気　福岡東★,九州工場,九州工場,2026/7/10,2026/7/10,26-J0082283-006-771,IIP0000C,1.6,200,180,0,鉄 ﾌﾟﾚｰﾄ 焼付,5Y7/1 近似色,1,4-φ5,2026/7/23,ヤマックス福岡,2026/7/24,,完成,森田,2026/7/16,製造
平岡電気　福岡東★,九州工場,九州工場,2026/7/10,2026/7/10,26-J0082283-004-771,IIP0000C,1.6,430,430,0,鉄 ﾌﾟﾚｰﾄ 焼付,5Y7/1 近似色,1,4-φ5,2026/7/23,ヤマックス福岡,2026/7/24,,完成,森田,2026/7/16,製造
平岡電気　福岡東★,九州工場,九州工場,2026/7/10,2026/7/10,26-J0082283-001-771,IIP0000C,1.6,280,175,0,鉄 ﾌﾟﾚｰﾄ 焼付,5Y7/1 近似色,1,4-φ5,2026/7/23,ヤマックス福岡,2026/7/24,,完成,森田,2026/7/16,製造
平岡電気　福岡東★,九州工場,九州工場,2026/7/10,2026/7/10,26-J0082283-005-771,IIP0000C,1.6,170,350,0,鉄 ﾌﾟﾚｰﾄ 焼付,5Y7/1 近似色,1,4-φ5,2026/7/23,ヤマックス福岡,2026/7/24,,完成,森田,2026/7/16,製造
平岡電気　福岡東★,九州工場,九州工場,2026/7/10,2026/7/10,26-J0082283-003-771,IIP0000C,1.6,662,420,0,鉄 ﾌﾟﾚｰﾄ 焼付,5Y7/1 近似色,1,4-φ5,2026/7/23,ヤマックス福岡,2026/7/24,,完成,森田,2026/7/16,製造
アサヒ　本社,九州工場,九州工場,2026/7/13,2026/7/13,26-J0082992-001-771,DD0000N,1.6,450,500,"2,500.00",Sﾀﾞｲﾏ ﾀﾞｸﾄ,,1,本体･被せ蓋２ ｱｰｽ 支持棒 開口 ｺｰｷﾝｸﾞ代 取付穴,2026/7/24,沖縄直送,2026/7/24,,完成,森田,2026/7/15,製造
アサヒ　本社,九州工場,九州工場,2026/7/13,2026/7/13,26-J0082992-002-771,DD0000N,1.6,"1,300.00",500,"2,500.00",Sﾀﾞｲﾏ ﾀﾞｸﾄ,,1,本体･被せ蓋３ ｱｰｽ 支持棒 開口 ｺｰｷﾝｸﾞ代 取付穴,2026/7/21,沖縄直送,2026/7/24,,完成,坂元,2026/7/17,製造
梶電機工業★,九州工場,九州工場,2026/7/13,2026/7/13,26-J0083374-001-771,ZE3020S2,2.3,300,300,200,ZN PB 平,,2,HDZT56 ｱｰｽ,2026/7/24,福山通運　九州発送,2026/7/24,,完成,森田,2026/7/16,製造
梶電機工業★,九州工場,九州工場,2026/7/13,2026/7/13,26-J0083394-001-771,ZE3020S2,2.3,300,300,200,ZN PB 平,,2,HDZT56 ｱｰｽ,2026/7/24,福山通運　九州発送,2026/7/24,,完成,森田,2026/7/16,製造
Q-mast　電気グル－プ★,九州工場,九州工場,2026/7/14,2026/7/14,26-J0084361-005-771,ITG0000G,0,300,940,0,鉄 耐震架台,,1,さび止め L50x50x6t 精錬棟2F,2026/7/23,ヤマックス　ｽﾎﾟｯﾄ便,2026/7/24,,完成,樋口,2026/7/22,製造
Q-mast　電気グル－プ★,九州工場,九州工場,2026/7/14,2026/7/14,26-J0084361-007-771,ITG0000G,0,300,500,0,鉄 耐震架台,,1,/2535 さび止め L50x50x6t 精錬棟2F,2026/7/23,ヤマックス　ｽﾎﾟｯﾄ便,2026/7/24,,完成,樋口,2026/7/22,製造
Q-mast　電気グル－プ★,九州工場,九州工場,2026/7/14,2026/7/14,26-J0084361-008-771,ITG0000G,0,300,500,0,鉄 耐震架台,,6,/2390 さび止め L50x50x6t 精錬棟2F,2026/7/23,ヤマックス　ｽﾎﾟｯﾄ便,2026/7/24,,完成,樋口,2026/7/22,製造
Q-mast　電気グル－プ★,九州工場,九州工場,2026/7/14,2026/7/14,26-J0084361-009-771,ITG0000G,0,300,500,0,鉄 耐震架台,,10,/2170 さび止め L50x50x6t 精錬棟2F,2026/7/23,ヤマックス　ｽﾎﾟｯﾄ便,2026/7/24,,完成,樋口,2026/7/22,製造
Q-mast　電気グル－プ★,九州工場,九州工場,2026/7/14,2026/7/14,26-J0084361-010-771,ITG0000G,0,300,500,0,鉄 耐震架台,,2,/2010 さび止め L50x50x6t 精錬棟2F,2026/7/23,ヤマックス　ｽﾎﾟｯﾄ便,2026/7/24,,完成,樋口,2026/7/22,製造
Q-mast　電気グル－プ★,九州工場,九州工場,2026/7/14,2026/7/14,26-J0084361-011-771,ITG0000G,0,300,500,0,鉄 耐震架台,,1,/2000 さび止め L50x50x6t 精錬棟2F,2026/7/23,ヤマックス　ｽﾎﾟｯﾄ便,2026/7/24,,完成,樋口,2026/7/22,製造
Q-mast　電気グル－プ★,九州工場,九州工場,2026/7/14,2026/7/14,26-J0084361-012-771,ITG0000G,0,300,500,0,鉄 耐震架台,,3,/1770 さび止め L50x50x6t 精錬棟2F,2026/7/23,ヤマックス　ｽﾎﾟｯﾄ便,2026/7/24,,完成,樋口,2026/7/22,製造
Q-mast　電気グル－プ★,九州工場,九州工場,2026/7/14,2026/7/14,26-J0084361-013-771,ITG0000G,0,300,500,0,鉄 耐震架台,,2,/1805 さび止め L50x50x6t 精錬棟2F,2026/7/23,ヤマックス　ｽﾎﾟｯﾄ便,2026/7/24,,完成,樋口,2026/7/22,製造
Q-mast　電気グル－プ★,九州工場,九州工場,2026/7/14,2026/7/14,26-J0084361-014-771,ITG0000G,0,300,500,0,鉄 耐震架台,,2,/2535 さび止め L50x50x6t 精錬棟2F,2026/7/23,ヤマックス　ｽﾎﾟｯﾄ便,2026/7/24,,完成,樋口,2026/7/22,製造
Q-mast　電気グル－プ★,九州工場,九州工場,2026/7/14,2026/7/14,26-J0084361-015-771,ITG0000G,0,300,500,0,鉄 耐震架台,,9,/2525 さび止め L50x50x6t 精錬棟2F,2026/7/23,ヤマックス　ｽﾎﾟｯﾄ便,2026/7/24,,完成,樋口,2026/7/22,製造
Q-mast　電気グル－プ★,九州工場,九州工場,2026/7/14,2026/7/14,26-J0084361-016-771,ITG0000G,0,300,500,0,鉄 耐震架台,,7,/1745 さび止め L50x50x6t 精錬棟2F,2026/7/23,ヤマックス　ｽﾎﾟｯﾄ便,2026/7/24,,完成,樋口,2026/7/22,製造
Q-mast　電気グル－プ★,九州工場,九州工場,2026/7/14,2026/7/14,26-J0084361-017-771,ITG0000G,0,300,500,0,鉄 耐震架台,,2,/2190 さび止め L50x50x6t 精錬棟2F,2026/7/23,ヤマックス　ｽﾎﾟｯﾄ便,2026/7/24,,完成,樋口,2026/7/22,製造
Q-mast　電気グル－プ★,九州工場,九州工場,2026/7/14,2026/7/14,26-J0084361-018-771,ITG0000G,0,300,500,0,鉄 耐震架台,,1,/1950 さび止め L50x50x6t 精錬棟2F,2026/7/23,ヤマックス　ｽﾎﾟｯﾄ便,2026/7/24,,完成,樋口,2026/7/22,製造
Q-mast　電気グル－プ★,九州工場,九州工場,2026/7/14,2026/7/14,26-J0084361-019-771,ITG0000G,0,300,500,0,鉄 耐震架台,,9,/1925 さび止め L50x50x6t 精錬棟2F,2026/7/23,ヤマックス　ｽﾎﾟｯﾄ便,2026/7/24,,完成,樋口,2026/7/22,製造
Q-mast　電気グル－プ★,九州工場,九州工場,2026/7/14,2026/7/14,26-J0084361-020-771,ITG0000G,0,300,500,0,鉄 耐震架台,,5,/1805 さび止め L50x50x6t 精錬棟2F,2026/7/23,ヤマックス　ｽﾎﾟｯﾄ便,2026/7/24,,完成,樋口,2026/7/22,製造
Q-mast　電気グル－プ★,九州工場,九州工場,2026/7/14,2026/7/14,26-J0084361-021-771,ITG0000G,0,300,500,0,鉄 耐震架台,,2,/2150 さび止め L50x50x6t 精錬棟2F,2026/7/23,ヤマックス　ｽﾎﾟｯﾄ便,2026/7/24,,完成,樋口,2026/7/22,製造
Q-mast　電気グル－プ★,九州工場,九州工場,2026/7/14,2026/7/14,26-J0084361-022-771,ITG0000G,0,300,500,0,鉄 耐震架台,,3,/1905 さび止め L50x50x6t 精錬棟2F,2026/7/23,ヤマックス　ｽﾎﾟｯﾄ便,2026/7/24,,完成,樋口,2026/7/22,製造
Q-mast　電気グル－プ★,九州工場,九州工場,2026/7/14,2026/7/14,26-J0084361-023-771,ITG0000G,0,300,500,0,鉄 耐震架台,,4,/1880 さび止め L50x50x6t 精錬棟2F,2026/7/23,ヤマックス　ｽﾎﾟｯﾄ便,2026/7/24,,完成,樋口,2026/7/22,製造
Q-mast　電気グル－プ★,九州工場,九州工場,2026/7/14,2026/7/14,26-J0084361-024-771,ITG0000G,0,300,500,0,鉄 耐震架台,,1,/2320 さび止め L50x50x6t 精錬棟2F,2026/7/23,ヤマックス　ｽﾎﾟｯﾄ便,2026/7/24,,完成,樋口,2026/7/22,製造
Q-mast　電気グル－プ★,九州工場,九州工場,2026/7/14,2026/7/14,26-J0084361-025-771,ITG0000G,0,300,500,0,鉄 耐震架台,,1,/2290 さび止め L50x50x6t 精錬棟2F,2026/7/23,ヤマックス　ｽﾎﾟｯﾄ便,2026/7/24,,完成,樋口,2026/7/22,製造
Q-mast　電気グル－プ★,九州工場,九州工場,2026/7/14,2026/7/14,26-J0084361-026-771,ITG0000G,0,300,500,0,鉄 耐震架台,,6,/1755 さび止め L50x50x6t 精錬棟2F,2026/7/23,ヤマックス　ｽﾎﾟｯﾄ便,2026/7/24,,完成,樋口,2026/7/22,製造
Q-mast　電気グル－プ★,九州工場,九州工場,2026/7/14,2026/7/14,26-J0084361-027-771,ITG0000G,0,300,500,0,鉄 耐震架台,,16,/1605 さび止め L50x50x6t 精錬棟2F,2026/7/23,ヤマックス　ｽﾎﾟｯﾄ便,2026/7/24,,完成,樋口,2026/7/22,製造
Q-mast　電気グル－プ★,九州工場,九州工場,2026/7/14,2026/7/14,26-J0084361-028-771,ITG0000G,0,300,500,0,鉄 耐震架台,,8,/1740 さび止め L50x50x6t 精錬棟2F,2026/7/23,ヤマックス　ｽﾎﾟｯﾄ便,2026/7/24,,完成,樋口,2026/7/22,製造
Q-mast　電気グル－プ★,九州工場,九州工場,2026/7/14,2026/7/14,26-J0084361-029-771,ITG0000G,0,300,500,0,鉄 耐震架台,,2,/1760 さび止め L50x50x6t 精錬棟2F,2026/7/23,ヤマックス　ｽﾎﾟｯﾄ便,2026/7/24,,完成,樋口,2026/7/22,製造
Q-mast　電気グル－プ★,九州工場,九州工場,2026/7/14,2026/7/14,26-J0084361-030-771,ITG0000G,0,300,500,0,鉄 耐震架台,,1,/2190 さび止め L50x50x6t 精錬棟2F,2026/7/23,ヤマックス　ｽﾎﾟｯﾄ便,2026/7/24,,完成,樋口,2026/7/22,製造
Q-mast　電気グル－プ★,九州工場,九州工場,2026/7/14,2026/7/14,26-J0084361-032-771,ITG0000G,0,300,500,0,鉄 耐震架台,,15,/1660 さび止め L50x50x6t 精錬棟2F,2026/7/23,ヤマックス　ｽﾎﾟｯﾄ便,2026/7/24,,完成,樋口,2026/7/22,製造
Q-mast　電気グル－プ★,九州工場,九州工場,2026/7/14,2026/7/14,26-J0084361-033-771,ITG0000G,0,300,500,0,鉄 耐震架台,,6,/2385 さび止め L50x50x6t 精錬棟2F,2026/7/23,ヤマックス　ｽﾎﾟｯﾄ便,2026/7/24,,完成,樋口,2026/7/22,製造
Q-mast　電気グル－プ★,九州工場,九州工場,2026/7/14,2026/7/14,26-J0084361-004-771,ITG0000G,0,300,"1,190.00",0,鉄 耐震架台,,1,さび止め L50x50x6t 精錬棟2F,2026/7/23,ヤマックス　ｽﾎﾟｯﾄ便,2026/7/24,,完成,樋口,2026/7/22,製造
Q-mast　電気グル－プ★,九州工場,九州工場,2026/7/14,2026/7/14,26-J0084361-003-771,ITG0000G,0,300,"1,240.00",0,鉄 耐震架台,,10,さび止め L50x50x6t 精錬棟2F,2026/7/23,ヤマックス　ｽﾎﾟｯﾄ便,2026/7/24,,完成,樋口,2026/7/22,製造
Q-mast　電気グル－プ★,九州工場,九州工場,2026/7/14,2026/7/14,26-J0084361-002-771,ITG0000G,0,300,"1,270.00",0,鉄 耐震架台,,4,さび止め L50x50x6t 精錬棟2F,2026/7/23,ヤマックス　ｽﾎﾟｯﾄ便,2026/7/24,,完成,樋口,2026/7/22,製造
Q-mast　電気グル－プ★,九州工場,九州工場,2026/7/14,2026/7/14,26-J0084361-001-771,ITG0000G,0,800,0,0,鉄 耐震架台,,4,さび止め L50x50x6t 精錬棟2F,2026/7/23,ヤマックス　ｽﾎﾟｯﾄ便,2026/7/24,,完成,樋口,2026/7/22,製造
Q-mast　電気グル－プ★,九州工場,九州工場,2026/7/14,2026/7/14,26-J0084361-006-771,ITG0000G,0,"2,520.00",0,0,鉄 耐震架台,,2,さび止め L50x50x6t 精錬棟2F,2026/7/23,ヤマックス　ｽﾎﾟｯﾄ便,2026/7/24,,完成,樋口,2026/7/22,製造
東芝電材　佐賀★,九州工場,九州工場,2026/7/14,2026/7/14,26-J0084736-001-771,ZE3020X2,2.3,300,300,200,ZN PB 水切,,2,ｱｰｽ,2026/7/24,佐川急便,2026/7/24,,完成,森田,2026/7/16,製造
テクノサーブ★,九州工場,九州工場,2026/7/15,2026/7/15,26-J0085391-001-771,IMK0000C,4.5,370,95,40,鉄 曲金物 焼付,7.5BG7/2,4,L型 加工 L,2026/7/23,店頭渡し,2026/7/24,,完成,森田,2026/7/17,製造
テクノサーブ★,九州工場,九州工場,2026/7/15,2026/7/15,26-J0085391-002-771,IMK0000C,4.5,370,95,40,鉄 曲金物 焼付,7.5BG7/2,4,L型 加工 R,2026/7/23,店頭渡し,2026/7/24,,完成,森田,2026/7/17,製造
カンサイエコプラス　山口★,九州工場,九州工場,2026/7/15,2026/7/15,26-J0086015-002-771,IP0000SC,1.6,600,250,150,鉄 PBﾄｸ 平 焼付,2.5Y9/1 近似色,6,,2026/7/24,福山通運　九州発送,2026/7/24,,完成,柴﨑,2026/7/21,製造
カンサイエコプラス　山口★,九州工場,九州工場,2026/7/15,2026/7/15,26-J0086015-001-771,IP0000SC,1.6,600,250,150,鉄 PBﾄｸ 平 焼付,2.5Y9/1 近似色,6,,2026/7/23,福山通運　九州発送,2026/7/24,,完成,森田,2026/7/17,製造
ナンリツ　徳島★,九州工場,九州工場,2026/7/15,2026/7/15,26-J0086062-001-771,BE0000SG,2.3,800,600,600,国土 PBﾄｸ 平,,1,ｱｰｽ さび止め,2026/7/24,福山通運　九州発送,2026/7/24,,完成,倉重,2026/7/22,製造
かごしま電工　国分★,九州工場,九州工場,2026/7/15,2026/7/15,26-J0086190-003-771,BE1510SCW,1.6,150,150,100,国土 PB 平 焼付,2.5Y9/1 近似色,4,ｱｰｽ 内ﾜﾆｽ,2026/7/24,佐川急便,2026/7/24,,完成,岡,2026/7/17,製造
ムトウ電材　富士見★,九州工場,九州工場,2026/7/16,2026/7/16,26-J0086294-004-771,DDC0000C,1.6,400,105,470,Sﾀﾞｲﾏ ﾀﾞｸﾄｶﾊﾞｰ 焼付,2.5Y9/1 近似色,1,平蓋 取付穴有り 1階電灯盤用,2026/7/24,佐川急便,2026/7/24,,完成,岡,2026/7/21,製造
ムトウ電材　富士見★,九州工場,九州工場,2026/7/16,2026/7/16,26-J0086294-003-771,DDC0000C,1.6,500,175,470,Sﾀﾞｲﾏ ﾀﾞｸﾄｶﾊﾞｰ 焼付,2.5Y9/1 近似色,1,平蓋 取付穴有り T-O用,2026/7/24,佐川急便,2026/7/24,,完成,岡,2026/7/21,製造
ミツヤ電機　宇部★,九州工場,九州工場,2026/7/16,2026/7/16,26-J0086433-001-771,IIP0000C,1.6,"1,350.00",330,0,鉄 ﾌﾟﾚｰﾄ 焼付,N-93 近似色,10,穴加工,2026/7/24,福山通運　九州発送,2026/7/24,,完成,古川,2026/7/21,製造
カンサイ　城南★,九州工場,九州工場,2026/7/16,2026/7/16,26-J0086665-001-771,SP0000SC,1.5,700,500,350,SUS PBﾄｸ 平 焼付,5Y7/1 近似色,1,開口x2 蓋面ﾌﾞﾗﾝｸ有り,2026/7/23,ヤマックス福岡,2026/7/24,,完成,森田,2026/7/17,製造
カンサイ　城南★,九州工場,九州工場,2026/7/16,2026/7/16,26-J0086665-002-771,SP0000SC,1.5,600,500,250,SUS PBﾄｸ 平 焼付,5Y7/1 近似色,1,開口x2 蓋面ﾌﾞﾗﾝｸ有り,2026/7/23,ヤマックス福岡,2026/7/24,,完成,森田,2026/7/17,製造
宮地電機　徳島,九州工場,九州工場,2026/7/16,2026/7/16,26-J0086705-003-771,DE0000SNP,1.6,400,300,200,Sﾀﾞｲﾏ PBﾄｸ 平,,1,ｱｰｽ ｺﾞﾑﾊﾟｯｷﾝ付,2026/7/24,福山通運　九州発送,2026/7/24,,完成,服部,2026/7/23,製造
宮地電機　徳島,九州工場,九州工場,2026/7/16,2026/7/16,26-J0086705-001-771,DE2020SNP,1.6,200,200,200,Sﾀﾞｲﾏ PB 平,,5,ｱｰｽ ｺﾞﾑﾊﾟｯｷﾝ付,2026/7/24,福山通運　九州発送,2026/7/24,,完成,服部,2026/7/23,製造
宮地電機　徳島,九州工場,九州工場,2026/7/16,2026/7/16,26-J0086705-002-771,DE3020SNP,1.6,300,300,200,Sﾀﾞｲﾏ PB 平,,2,ｱｰｽ ｺﾞﾑﾊﾟｯｷﾝ付,2026/7/24,福山通運　九州発送,2026/7/24,,完成,服部,2026/7/23,製造
宮地電機　徳島,九州工場,九州工場,2026/7/16,2026/7/16,26-J0086705-004-771,DE2525SNP,1.6,250,250,250,Sﾀﾞｲﾏ PB 平,,4,ｱｰｽ ｺﾞﾑﾊﾟｯｷﾝ付,2026/7/24,福山通運　九州発送,2026/7/24,,完成,服部,2026/7/23,製造
山陰ﾊﾟﾅｿﾆｯｸ　鳥取★,九州工場,九州工場,2026/7/16,2026/7/16,26-J0086846-001-771,IIMP0000C,1.6,90,0,0,鉄 丸ﾌﾟﾚｰﾄ 焼付,N9.5(近似色),2,Φ90 穴加工ｱﾘ,2026/7/24,福山通運　九州発送,2026/7/24,,完成,岡,2026/7/21,製造
かごしま電工　加世田★,九州工場,九州工場,2026/7/16,2026/7/16,26-J0086856-002-771,SE3020XCW,1.5,300,300,200,SUS PB 水切 焼付,2.5Y9/1 近似色,1,ｱｰｽ 内ﾜﾆｽ,2026/7/24,佐川急便,2026/7/24,,完成,岡,2026/7/17,製造
かごしま電工　加世田★,九州工場,九州工場,2026/7/16,2026/7/16,26-J0086856-003-771,SE2020XCW,1.5,200,200,200,SUS PB 水切 焼付,2.5Y9/1 近似色,2,ｱｰｽ 内ﾜﾆｽ,2026/7/24,佐川急便,2026/7/24,,完成,岡,2026/7/17,製造
かごしま電工　加世田★,九州工場,九州工場,2026/7/16,2026/7/16,26-J0086856-001-771,SE3030XCW,1.5,300,300,300,SUS PB 水切 焼付,2.5Y9/1 近似色,2,ｱｰｽ 内ﾜﾆｽ,2026/7/24,佐川急便,2026/7/24,,完成,岡,2026/7/17,製造
興陽電機　岩国★,九州工場,九州工場,2026/7/16,2026/7/16,26-J0087027-002-771,SG0000N,0,650,0,0,SUS 架台,,2,FB-6tx50 穴加工　生地,2026/7/24,福山通運　九州発送,2026/7/24,,完成,樋口,2026/7/24,製造
平岡電気　福岡東★,九州工場,九州工場,2026/7/16,2026/7/16,26-J0087145-001-771,SE0000WC,1.5,200,200,300,SUS PBﾄｸ 被せ 焼付,2.5Y9/1 近似色,1,ｱｰｽ側面,2026/7/23,ヤマックス福岡,2026/7/24,,完成,森田,2026/7/21,製造
カンサイ九州昭和　北九州★,九州工場,九州工場,2026/7/16,2026/7/16,26-J0087233-001-771,SP0000WN,1.5,100,100,100,SUS PBﾄｸ 被せ,,25,照明器具取付ﾎﾞｯｸｽ,2026/7/23,北九州配達,2026/7/24,,完成,服部,2026/7/23,製造
シンセイ　広島第一★,九州工場,九州工場,2026/7/16,2026/7/16,26-J0087332-001-771,DC0000N,2.3,"1,400.00",350,150,Sﾀﾞｲﾏ ｶﾊﾞｰ,,1,2-φ12,2026/7/24,福山通運　九州発送,2026/7/24,,完成,坂元,2026/7/24,製造
東芝電材　川内★,九州工場,九州工場,2026/7/16,2026/7/16,26-J0087347-001-771,BE5040SC,1.6,500,500,400,国土 PB 平 焼付,2.5Y9/1 近似色,1,ｱｰｽ,2026/7/24,佐川急便,2026/7/24,,完成,岡,2026/7/21,製造
カンサイHD　電設★,九州工場,九州工場,2026/7/17,2026/7/17,26-J0087445-001-771,DC0000N,2.3,"1,000.00",750,600,Sﾀﾞｲﾏ ｶﾊﾞｰ,,1,生地 平蓋ﾊﾟｯｷﾝ付,2026/7/24,福山通運　九州発送,2026/7/24,,完成,坂元,2026/7/24,製造
ナミデン　福岡★,九州工場,九州工場,2026/7/17,2026/7/17,26-J0087474-001-771,ITG0000G,0,"1,725.00",950,0,鉄 耐震架台,,1,さび止め L75x75x9 1階 ﾗｯｸ用 CR-A-3,2026/7/23,ヤマックス　ｽﾎﾟｯﾄ便,2026/7/24,,完成,樫原,2026/7/22,製造
イシグロ　福岡★,九州工場,九州工場,2026/7/17,2026/7/17,26-J0087663-004-771,IG0000G,6,300,50,447,鉄 架台,,1,さび止め SS-L-50x50x6t　PL-9t　穴加工,2026/7/24,福山通運　九州発送,2026/7/24,,完成,倉重,2026/7/23,製造
イシグロ　福岡★,九州工場,九州工場,2026/7/17,2026/7/17,26-J0087663-005-771,IG0000G,6,250,50,441,鉄 架台,,1,さび止め SS-L-50x50x6t　PL-9t　穴加工,2026/7/24,福山通運　九州発送,2026/7/24,,完成,樫原,2026/7/23,製造
イシグロ　福岡★,九州工場,九州工場,2026/7/17,2026/7/17,26-J0087663-001-771,IG0000G,6,300,50,414,鉄 架台,,1,さび止め SS-L-50x50x6t　PL-9t　穴加工,2026/7/24,福山通運　九州発送,2026/7/24,,完成,倉重,2026/7/23,製造
イシグロ　福岡★,九州工場,九州工場,2026/7/17,2026/7/17,26-J0087663-003-771,IG0000G,6,300,50,436,鉄 架台,,1,さび止め SS-L-50x50x6t　PL-9t　穴加工,2026/7/24,福山通運　九州発送,2026/7/24,,完成,樫原,2026/7/23,製造
イシグロ　福岡★,九州工場,九州工場,2026/7/17,2026/7/17,26-J0087663-002-771,IG0000G,6,300,50,424,鉄 架台,,1,さび止め SS-L-50x50x6t　PL-9t　穴加工,2026/7/24,福山通運　九州発送,2026/7/24,,完成,樫原,2026/7/23,製造
栗田電機　宇和島★,九州工場,九州工場,2026/7/17,2026/7/17,26-J0088117-001-771,BE6050SG,1.6,600,600,500,国土 PB 平,,1,ｱｰｽ さび止め,2026/7/24,福山通運　九州発送,2026/7/24,,完成,倉重,2026/7/22,製造
米良電機　宮崎★,九州工場,九州工場,2026/7/17,2026/7/17,26-J0088249-002-771,SE3020XC,1.5,300,300,200,SUS PB 水切 焼付,2.5Y9/1 近似色,6,ｱｰｽ,2026/7/24,佐川急便,2026/7/24,,完成,岡,2026/7/22,製造
米良電機　宮崎★,九州工場,九州工場,2026/7/17,2026/7/17,26-J0088249-003-771,SE4030XC,1.5,400,400,300,SUS PB 水切 焼付,2.5Y9/1 近似色,1,ｱｰｽ,2026/7/24,佐川急便,2026/7/24,,完成,岡,2026/7/22,製造
米良電機　宮崎★,九州工場,九州工場,2026/7/17,2026/7/17,26-J0088249-001-771,SE2020XC,1.5,200,200,200,SUS PB 水切 焼付,2.5Y9/1 近似色,1,ｱｰｽ,2026/7/24,佐川急便,2026/7/24,,完成,岡,,加工
カンサイ　電設★,九州工場,九州工場,2026/7/17,2026/7/17,26-J0088289-001-771,II0000G,1.6,200,200,0,鉄 切板,,31,さび止め,2026/7/23,ヤマックス福岡,2026/7/24,,完成,森田,2026/7/22,製造
三和電気商会★,九州工場,九州工場,2026/7/21,2026/7/21,26-J0088657-001-771,DP6060SNP,1.6,600,600,600,Sﾀﾞｲﾏ PB 平,,3,ｺﾞﾑﾊﾟｯｷﾝ付,2026/7/24,福山通運　九州発送,2026/7/24,,完成,坂元,2026/7/24,製造
三和電気商会★,九州工場,九州工場,2026/7/21,2026/7/21,26-J0088657-002-771,DP6040SNP,1.6,600,600,400,Sﾀﾞｲﾏ PB 平,,1,ｺﾞﾑﾊﾟｯｷﾝ付,2026/7/24,福山通運　九州発送,2026/7/24,,完成,坂元,2026/7/24,製造
アサヒ　本社,九州工場,九州工場,2026/7/21,2026/7/21,26-J0088761-001-771,SE0000XC,1.5,300,300,100,SUS PBﾄｸ 水切 焼付,2.5Y9/1,1,ｱｰｽ 足付(L50x50x4tφ12)x4,2026/7/23,九州航空,2026/7/24,2026/7/23,完成,岡,2026/7/22,製造
八州電気工業　倉敷★,九州工場,九州工場,2026/7/21,2026/7/21,26-J0089276-001-771,BE3535SG,1.6,350,350,350,国土 PB 平,,1,ｱｰｽ さび止め,2026/7/24,福山通運　九州発送,2026/7/24,,完成,服部,2026/7/23,製造
東芝電材　倉吉★,九州工場,九州工場,2026/7/21,2026/7/21,26-J0089286-001-771,BE0000SG,1.6,500,300,300,国土 PBﾄｸ 平,,1,ｱｰｽ さび止め　,2026/7/24,福山通運　九州発送,2026/7/24,,完成,服部,2026/7/23,製造
中西電機　高松本社★,九州工場,九州工場,2026/7/21,2026/7/21,26-J0089302-001-771,DE2010WN,1.6,200,200,100,Sﾀﾞｲﾏ PB 被せ,,1,ｱｰｽ,2026/7/24,福山通運　九州発送,2026/7/24,,完成,服部,2026/7/24,製造
ナミデン　福岡★,九州工場,九州工場,2026/7/21,2026/7/21,26-J0089371-001-771,IE2525SG,1.6,250,250,250,鉄 PB 平,,2,ｱｰｽ さび止め,2026/7/23,ヤマックス福岡,2026/7/24,,完成,倉重,2026/7/22,製造
宮地電機　高松,九州工場,九州工場,2026/7/21,2026/7/21,26-J0089565-001-771,BE0000SG,1.6,400,400,250,国土 PBﾄｸ 平,,1,ｱｰｽ さび止め,2026/7/24,福山通運　九州発送,2026/7/24,,完成,服部,2026/7/22,製造
中西電機　丸亀★,九州工場,九州工場,2026/7/21,2026/7/21,26-J0089759-001-771,II0000G,2.3,"1,500.00",300,0,鉄 切板,,1,さび止め,2026/7/24,福山通運　九州発送,2026/7/24,,完成,倉重,2026/7/23,製造
木村電機　本社★,九州工場,九州工場,2026/7/22,2026/7/22,26-J0090122-001-771,IP0000SG,1.6,300,200,200,鉄 PBﾄｸ 平,,1,さび止め ｾﾝﾀｰｾﾊﾟﾚｰﾀ（300を割る）,2026/7/24,佐川急便,2026/7/24,,完成,倉重,2026/7/23,製造
東芝電材　川内★,九州工場,九州工場,2026/7/22,2026/7/22,26-J0090222-001-771,SE3020XNW,1.5,300,300,200,SUS PB 水切,,2,ｱｰｽ 内ﾜﾆｽ,2026/7/24,佐川急便,2026/7/24,,完成,服部,,加工
東芝電材　川内★,九州工場,九州工場,2026/7/22,2026/7/22,26-J0090222-002-771,SE2015XNW,1.5,200,200,150,SUS PB 水切,,1,ｱｰｽ 内ﾜﾆｽ,2026/7/24,佐川急便,2026/7/24,,完成,服部,2026/7/23,製造
富士商会　佐賀★,九州工場,九州工場,2026/7/22,2026/7/22,26-J0090356-001-771,IAI0000G,0,"3,000.00",0,0,鉄 ｱﾝｸﾞﾙ,,10,L40x40x3t  赤錆,2026/7/24,福山通運　九州発送,2026/7/24,,完成,古川,2026/7/23,製造
福岡電材★,九州工場,九州工場,2026/7/22,2026/7/22,26-J0090504-001-771,SE0000WN,1.5,500,500,250,SUS PBﾄｸ 被せ,,1,ｱｰｽ,2026/7/23,ヤマックス福岡,2026/7/24,,完成,森田,2026/7/23,製造
米良電機　日南★,九州工場,九州工場,2026/7/22,2026/7/22,26-J0090663-001-771,BE5020SG,1.6,500,500,200,国土 PB 平,,1,ｱｰｽ さび止め,2026/7/24,佐川急便,2026/7/24,,完成,倉重,2026/7/23,製造
東芝電材　熊本★,九州工場,九州工場,2026/7/22,2026/7/22,26-J0090693-001-771,SE0000XN,2,500,450,750,SUS PBﾄｸ 水切,,1,ｱｰｽ側面,2026/7/24,福山通運　九州発送,2026/7/24,,完成,樋口,2026/7/24,製造
ナミデン　岡山★,九州工場,九州工場,2026/7/22,2026/7/22,26-J0090695-001-771,DE0000XN,1.6,400,400,550,Sﾀﾞｲﾏ PBﾄｸ 水切,,1,ｱｰｽ,2026/7/24,福山通運　九州発送,2026/7/24,,完成,服部,2026/7/24,製造
平岡電気　久留米★,九州工場,九州工場,2026/7/22,2026/7/22,26-J0090738-001-771,SE0000WN,2,750,600,750,SUS PBﾄｸ 被せ,,1,ｱｰｽ,2026/7/24,福山通運　九州発送,2026/7/24,,完成,樋口,2026/7/24,製造
興陽電機　下関★,九州工場,九州工場,2026/7/22,2026/7/22,26-J0090760-002-771,SE0000WNA,1.5,300,300,250,SUS PBﾄｸ 被せ,,1,ｱｰｽ 足付L3x40(φ12)x4 φ34x2    (B),2026/7/24,佐川急便,2026/7/24,,完成,樋口,2026/7/24,製造
興陽電機　下関★,九州工場,九州工場,2026/7/22,2026/7/22,26-J0090760-003-771,SE0000WNA,1.5,300,300,250,SUS PBﾄｸ 被せ,,1,ｱｰｽ 足付L3x40(φ12)x4 φ42 φ34x2   (C),2026/7/24,佐川急便,2026/7/24,,完成,樋口,2026/7/24,製造
興陽電機　下関★,九州工場,九州工場,2026/7/22,2026/7/22,26-J0090760-001-771,SE0000WNA,1.5,300,300,250,SUS PBﾄｸ 被せ,,1,ｱｰｽ 足付L3x40(φ12)x4 φ42 φ34　　(A),2026/7/24,佐川急便,2026/7/24,,完成,樋口,2026/7/24,製造
東芝電材　筑後★,九州工場,九州工場,2026/7/22,2026/7/22,26-J0090891-002-771,SP0000WN,1.5,700,700,500,SUS PBﾄｸ 被せ,,1,,2026/7/24,福山通運　九州発送,2026/7/24,,完成,坂元,2026/7/24,製造
東芝電材　筑後★,九州工場,九州工場,2026/7/22,2026/7/22,26-J0090891-001-771,SP0000WN,1.5,700,700,600,SUS PBﾄｸ 被せ,,1,,2026/7/24,福山通運　九州発送,2026/7/24,,完成,樋口,2026/7/24,製造
Q-mast　電気グル－プ★,九州工場,九州工場,2026/7/22,2026/7/22,26-J0090899-002-771,SE0000SN,1.5,500,400,400,SUS PBﾄｸ 平,,1,ｱｰｽ  蓋L型一体型ﾊﾟｯｷﾝ付　開口,2026/7/24,佐川急便,2026/7/24,,完成,樋口,2026/7/24,製造
カンサイ　唐津★,九州工場,九州工場,2026/7/22,2026/7/22,26-J0090953-001-771,BE6060SG,1.6,600,600,600,国土 PB 平,,1,ｱｰｽ さび止め,2026/7/24,福山通運　九州発送,2026/7/24,,完成,服部,2026/7/23,製造
興陽電機　岩国★,九州工場,九州工場,2026/7/22,2026/7/22,26-J0091073-001-771,SE6040XNA,1.5,600,600,400,SUS PB 水切,,2,ｱｰｽ 足付 L4x50(φ12)x4,2026/7/24,福山通運　九州発送,2026/7/24,,完成,樋口,2026/7/24,製造
興陽電機　岩国★,九州工場,九州工場,2026/7/22,2026/7/22,26-J0091073-002-771,SE3020XNA,1.5,300,300,200,SUS PB 水切,,1,ｱｰｽ 足付 L3x40(φ12)x4,2026/7/24,福山通運　九州発送,2026/7/24,,完成,倉重,2026/7/24,製造
木村電機　本社★,九州工場,九州工場,2026/7/22,2026/7/22,26-J0091133-001-771,SE4040SN,1.5,400,400,400,SUS PB 平,,2,ｱｰｽ,2026/7/23,佐川急便,2026/7/24,,完成,坂元,2026/7/23,製造
木村電機　本社★,九州工場,九州工場,2026/7/22,2026/7/22,26-J0091133-002-771,SE4040SN,1.5,400,400,400,SUS PB 平,,5,ｱｰｽ,2026/7/24,佐川急便,2026/7/24,,完成,服部,2026/7/24,製造
木村電機　本社★,九州工場,九州工場,2026/7/22,2026/7/22,26-J0091142-001-771,SE1007SN,1.5,100,100,75,SUS PB 平,,5,ｱｰｽ,2026/7/24,佐川急便,2026/7/24,,完成,服部,2026/7/24,製造
木村電機　本社★,九州工場,九州工場,2026/7/22,2026/7/22,26-J0091157-001-771,IP0000SG,1.6,400,400,150,鉄 PBﾄｸ 平,,5,さび止め,2026/7/24,佐川急便,2026/7/24,,完成,倉重,2026/7/23,製造
東芝電材　大牟田★,九州工場,九州工場,2026/7/22,2026/7/22,26-J0091191-001-771,SP0000WN,1.5,700,500,400,SUS PBﾄｸ 被せ,,1,,2026/7/24,佐川急便,2026/7/24,,完成,樋口,2026/7/24,製造
かごしま電工　国分★,九州工場,九州工場,2026/7/22,2026/7/22,26-J0091309-001-771,II0000G,1.6,400,300,0,鉄 切板,,2,さび止め,2026/7/24,佐川急便,2026/7/24,,完成,服部,2026/7/23,製造
カンサイ　八幡★,九州工場,九州工場,2026/7/23,2026/7/23,26-J0091413-001-771,SI0000N,1.5,500,300,0,SUS 切板,,1,4ｶﾄﾞR5,2026/7/23,北九州配達,2026/7/24,,完成,井上,2026/7/23,製造
平岡電気　朝羽★,九州工場,九州工場,2026/7/23,2026/7/23,26-J0091719-001-771,SE6040WN,1.5,600,600,400,SUS PB 被せ,,1,ｱｰｽ,2026/7/24,佐川急便,2026/7/24,,完成,樋口,2026/7/24,製造
丸音音春商店　福岡★,九州工場,九州工場,2026/7/23,2026/7/23,26-J0091811-004-771,SE0000XN,1.5,400,300,400,SUS PBﾄｸ 水切,,1,ｱｰｽ,2026/7/23,ヤマックス福岡,2026/7/24,,完成,倉重,2026/7/23,製造
大成商会　高松★,九州工場,九州工場,2026/7/23,2026/7/23,26-J0091849-001-771,SE0000WN,1.5,400,300,400,SUS PBﾄｸ 被せ,,1,ｱｰｽ,2026/7/24,福山通運　九州発送,2026/7/24,,完成,樋口,2026/7/24,製造
東芝電材　宇部★,九州工場,九州工場,2026/7/23,2026/7/23,26-J0092458-001-771,SP4020SN,1.5,400,400,200,SUS PB 平,,1,,2026/7/24,佐川急便,2026/7/24,,完成,樋口,2026/7/24,製造
誠新産業　長崎★,九州工場,九州工場,2026/7/10,2026/7/10,26-J0081944-005-771,IG0000C,0,895,600,292,鉄 架台 焼付,2.5Y9/1 近似色,3,L50x50x6t,2026/7/25,チャーター便,2026/7/25,,完成,古川,2026/7/21,製造
誠新産業　長崎★,九州工場,九州工場,2026/7/10,2026/7/10,26-J0081944-015-771,IG0000C,0,895,500,242,鉄 架台 焼付,2.5Y9/1 近似色,1,L50x50x6t,2026/7/25,チャーター便,2026/7/25,,完成,古川,2026/7/21,製造
誠新産業　長崎★,九州工場,九州工場,2026/7/10,2026/7/10,26-J0081944-014-771,IG0000C,0,895,"1,000.00",242,鉄 架台 焼付,2.5Y9/1 近似色,2,L50x50x6t,2026/7/25,チャーター便,2026/7/25,,完成,ナム,2026/7/21,製造
誠新産業　長崎★,九州工場,九州工場,2026/7/10,2026/7/10,26-J0081944-013-771,IG0000C,0,895,"1,100.00",242,鉄 架台 焼付,2.5Y9/1 近似色,2,L50x50x6t,2026/7/25,チャーター便,2026/7/25,,完成,古川,2026/7/21,製造
誠新産業　長崎★,九州工場,九州工場,2026/7/10,2026/7/10,26-J0081944-012-771,IG0000C,0,895,"1,200.00",292,鉄 架台 焼付,2.5Y9/1 近似色,1,L50x50x6t,2026/7/25,チャーター便,2026/7/25,,完成,ナム,2026/7/21,製造
誠新産業　長崎★,九州工場,九州工場,2026/7/10,2026/7/10,26-J0081944-011-771,IG0000C,0,895,700,292,鉄 架台 焼付,2.5Y9/1 近似色,2,L50x50x6t,2026/7/25,チャーター便,2026/7/25,,完成,古川,2026/7/21,製造
誠新産業　長崎★,九州工場,九州工場,2026/7/10,2026/7/10,26-J0081944-010-771,IG0000C,0,895,"1,100.00",292,鉄 架台 焼付,2.5Y9/1 近似色,1,L50x50x6t,2026/7/25,チャーター便,2026/7/25,,完成,ナム,2026/7/21,製造
誠新産業　長崎★,九州工場,九州工場,2026/7/10,2026/7/10,26-J0081944-009-771,IG0000C,0,895,600,292,鉄 架台 焼付,2.5Y9/1 近似色,1,L50x50x6t,2026/7/25,チャーター便,2026/7/25,,完成,ナム,2026/7/21,製造
誠新産業　長崎★,九州工場,九州工場,2026/7/10,2026/7/10,26-J0081944-008-771,IG0000C,0,895,"1,000.00",242,鉄 架台 焼付,2.5Y9/1 近似色,2,L50x50x6t,2026/7/25,チャーター便,2026/7/25,,完成,ナム,2026/7/21,製造
誠新産業　長崎★,九州工場,九州工場,2026/7/10,2026/7/10,26-J0081944-007-771,IG0000C,0,895,"1,000.00",292,鉄 架台 焼付,2.5Y9/1 近似色,3,L50x50x6t,2026/7/25,チャーター便,2026/7/25,,完成,ナム,2026/7/21,製造
誠新産業　長崎★,九州工場,九州工場,2026/7/10,2026/7/10,26-J0081944-006-771,IG0000C,0,895,"1,200.00",292,鉄 架台 焼付,2.5Y9/1 近似色,6,L50x50x6t,2026/7/25,チャーター便,2026/7/25,,完成,ナム,2026/7/21,製造
誠新産業　長崎★,九州工場,九州工場,2026/7/10,2026/7/10,26-J0081944-004-771,IG0000C,0,895,"1,200.00",292,鉄 架台 焼付,2.5Y9/1 近似色,4,L50x50x6t,2026/7/25,チャーター便,2026/7/25,,完成,古川,2026/7/21,製造
誠新産業　長崎★,九州工場,九州工場,2026/7/10,2026/7/10,26-J0081944-003-771,IG0000C,0,895,500,292,鉄 架台 焼付,2.5Y9/1 近似色,4,L50x50x6t,2026/7/25,チャーター便,2026/7/25,,完成,ナム,2026/7/21,製造
誠新産業　長崎★,九州工場,九州工場,2026/7/10,2026/7/10,26-J0081944-002-771,IG0000C,0,895,"1,200.00",292,鉄 架台 焼付,2.5Y9/1 近似色,3,L50x50x6t,2026/7/25,チャーター便,2026/7/25,,完成,古川,2026/7/21,製造
誠新産業　長崎★,九州工場,九州工場,2026/7/10,2026/7/10,26-J0081944-001-771,IG0000C,0,895,500,292,鉄 架台 焼付,2.5Y9/1 近似色,5,L50x50x6t,2026/7/25,チャーター便,2026/7/25,,完成,古川,2026/7/21,製造
三親電材　米子★,九州工場,九州工場,2026/6/26,2026/6/26,26-J0070841-001-771,ZE0000XA,2.3,200,200,200,ZN PBﾄｸ 水切,,8,HDZT56 ｱｰｽ 足付L5x40Φ12 ｶｯﾌﾟﾘﾝｸﾞ･穴加工ｱﾘ【P18】,2026/7/24,福山通運　九州発送,2026/7/27,,完成,古川,2026/7/14,製造
三親電材　米子★,九州工場,九州工場,2026/6/26,2026/6/26,26-J0070852-001-771,ZE0000XA,2.3,200,200,200,ZN PBﾄｸ 水切,,8,HDZT56 ｱｰｽ 足付L5x40Φ12 ｶｯﾌﾟﾘﾝｸﾞ･穴加工ｱﾘ【P18】,2026/7/27,福山通運　九州発送,2026/7/27,,完成,古川,2026/7/15,製造
栗田電機　松山★,九州工場,九州工場,2026/6/29,2026/6/29,26-J0072158-001-771,IIP0000C,1.6,"1,290.00",290,0,鉄 ﾌﾟﾚｰﾄ 焼付,N9.5(近似色),20,L型金物･開口ｱﾘ,2026/7/27,福山通運　九州発送,2026/7/27,,完成,岡,2026/7/22,製造
南四国ﾅｼｮﾅﾙ　本社★,九州工場,九州工場,2026/7/7,2026/7/7,26-J0078579-001-771,IMK0000C,1.6,340,260,50,鉄 曲金物 焼付,N9.5(近似色),20,穴加工ｱﾘ【G1～G5】,2026/7/27,福山通運　九州発送,2026/7/27,,完成,岡,2026/7/22,製造
イシグロ　広島★,九州工場,九州工場,2026/7/8,2026/7/8,26-J0079407-001-771,IG0000G,0,"2,500.00",150,"1,100.00",鉄 架台,,1,[100X50X5t　PL6.0t　さび止め　PS-3-1-1　,2026/7/22,福山通運　九州発送,2026/7/27,,完成,森田,2026/7/17,製造
イシグロ　広島★,九州工場,九州工場,2026/7/8,2026/7/8,26-J0079407-013-771,30PLA,0,0,0,0,補修塗料 筆付,,1,ﾌﾟﾗ30ml  さび止め,2026/7/23,福山通運　九州発送,2026/7/27,,完成,服部,,製造
イシグロ　広島★,九州工場,九州工場,2026/7/8,2026/7/8,26-J0079407-010-771,IG0000G,0,"1,030.00",150,"1,100.00",鉄 架台,,1,[100X50X5t　PL6.0t  さび止め　PS-2-3-3　,2026/7/22,福山通運　九州発送,2026/7/27,,完成,森田,2026/7/17,製造
イシグロ　広島★,九州工場,九州工場,2026/7/8,2026/7/8,26-J0079407-009-771,IG0000G,0,600,150,"1,000.00",鉄 架台,,1,L-50X50X6t　PL6.0t  さび止め　PS-2-3-4　,2026/7/22,福山通運　九州発送,2026/7/27,,完成,森田,2026/7/17,製造
イシグロ　広島★,九州工場,九州工場,2026/7/8,2026/7/8,26-J0079407-008-771,IG0000G,0,600,65,800,鉄 架台,,1,L-50X50X6t　PL6.0t  さび止め　PS-2-3-2　,2026/7/22,福山通運　九州発送,2026/7/27,,完成,森田,2026/7/17,製造
イシグロ　広島★,九州工場,九州工場,2026/7/8,2026/7/8,26-J0079407-007-771,IG0000G,0,"1,030.00",150,"1,100.00",鉄 架台,,1,[100X50X5t　PL6.0t  さび止め　PS-3-3-1　,2026/7/22,福山通運　九州発送,2026/7/27,,完成,森田,2026/7/17,製造
イシグロ　広島★,九州工場,九州工場,2026/7/8,2026/7/8,26-J0079407-006-771,IG0000G,0,"1,000.00",150,"1,100.00",鉄 架台,,1,[100X50X5t　PL6.0t  さび止め　PS-3-2-1　,2026/7/22,福山通運　九州発送,2026/7/27,,完成,森田,2026/7/17,製造
イシグロ　広島★,九州工場,九州工場,2026/7/8,2026/7/8,26-J0079407-005-771,IG0000G,0,"1,030.00",150,"1,100.00",鉄 架台,,1,[100X50X5t　PL6.0t  さび止め　PS-2-3-1　,2026/7/22,福山通運　九州発送,2026/7/27,,完成,森田,2026/7/17,製造
イシグロ　広島★,九州工場,九州工場,2026/7/8,2026/7/8,26-J0079407-004-771,IG0000G,0,"2,500.00",150,"1,100.00",鉄 架台,,1,[100X50X5t　PL6.0t  さび止め　PS-2-1-1　,2026/7/22,福山通運　九州発送,2026/7/27,,完成,森田,2026/7/17,製造
イシグロ　広島★,九州工場,九州工場,2026/7/8,2026/7/8,26-J0079407-003-771,IG0000G,0,950,65,"1,100.00",鉄 架台,,1,L-50X50X6t　PL6.0t  さび止め　PS-2-1-2　,2026/7/22,福山通運　九州発送,2026/7/27,,完成,樫原,2026/7/17,製造
イシグロ　広島★,九州工場,九州工場,2026/7/8,2026/7/8,26-J0079407-002-771,IG0000G,0,670,65,800,鉄 架台,,1,L-50X50X6t　PL6.0t　さび止め　PS-3-1-2　,2026/7/22,福山通運　九州発送,2026/7/27,,完成,森田,2026/7/17,製造
Q-mast　空調管グル－プ★,九州工場,九州工場,2026/7/8,2026/7/8,26-J0079540-002-771,ZTG0000,0,450,"1,680.00",0,ZN 耐震架台,,1,精錬棟1F 空調配管 14,2026/7/24,ヤマックス　ｽﾎﾟｯﾄ便,2026/7/27,,完成,古川,2026/7/16,製造
Q-mast　空調管グル－プ★,九州工場,九州工場,2026/7/8,2026/7/8,26-J0079540-001-771,ZTG0000,0,250,535,0,ZN 耐震架台,,1,精錬棟1F 空調配管 13,2026/7/24,ヤマックス　ｽﾎﾟｯﾄ便,2026/7/27,,完成,森田,2026/7/16,製造
Q-mast　空調管グル－プ★,九州工場,九州工場,2026/7/8,2026/7/8,26-J0079540-007-771,ZTG0000,0,525,"1,991.00",0,ZN 耐震架台,,1,精錬棟1F 空調配管 19,2026/7/24,ヤマックス　ｽﾎﾟｯﾄ便,2026/7/27,,完成,古川,2026/7/16,製造
Q-mast　空調管グル－プ★,九州工場,九州工場,2026/7/8,2026/7/8,26-J0079540-006-771,ZTG0000,0,525,"1,944.00",0,ZN 耐震架台,,1,精錬棟1F 空調配管 18,2026/7/24,ヤマックス　ｽﾎﾟｯﾄ便,2026/7/27,,完成,古川,2026/7/16,製造
Q-mast　空調管グル－プ★,九州工場,九州工場,2026/7/8,2026/7/8,26-J0079540-005-771,ZTG0000,0,525,"1,914.00",0,ZN 耐震架台,,1,精錬棟1F 空調配管 17,2026/7/24,ヤマックス　ｽﾎﾟｯﾄ便,2026/7/27,,完成,古川,2026/7/16,製造
Q-mast　空調管グル－プ★,九州工場,九州工場,2026/7/8,2026/7/8,26-J0079540-004-771,ZTG0000,0,300,"1,170.00",0,ZN 耐震架台,,1,精錬棟1F 空調配管 16,2026/7/24,ヤマックス　ｽﾎﾟｯﾄ便,2026/7/27,,完成,森田,2026/7/16,製造
Q-mast　空調管グル－プ★,九州工場,九州工場,2026/7/8,2026/7/8,26-J0079540-003-771,ZTG0000,0,450,"1,710.00",0,ZN 耐震架台,,1,精錬棟1F 空調配管 15,2026/7/24,ヤマックス　ｽﾎﾟｯﾄ便,2026/7/27,,完成,古川,2026/7/16,製造
Q-mast　空調管グル－プ★,九州工場,九州工場,2026/7/8,2026/7/8,26-J0079558-001-771,ZTG0000,0,300,239,0,ZN 耐震架台,,1,精錬棟1F 空調配管 20,2026/7/24,ヤマックス　ｽﾎﾟｯﾄ便,2026/7/27,,完成,森田,2026/7/16,製造
木村電機　菊陽★,九州工場,九州工場,2026/7/8,2026/7/8,26-J0079743-001-771,SDC0000N,1.5,700,350,"3,000.00",SUS ﾀﾞｸﾄｶﾊﾞｰ,,1,平蓋 本体4分割 蓋3分割 ｹｰﾌﾞﾙ支持 側面切欠,2026/7/24,福山通運　九州発送,2026/7/27,,完成,坂元,2026/7/24,製造
ナミデン　福岡★,九州工場,九州工場,2026/7/13,2026/7/13,26-J0082946-002-771,DIP0000N,2.3,"1,590.00","1,090.00",0,Sﾀﾞｲﾏ ﾌﾟﾚｰﾄ,,1,ｷｭｰﾋﾞｸﾙ基礎 塞ぎ板 左側,2026/7/27,福山通運　九州発送,2026/7/27,,完成,道上,2026/7/27,製造
ナミデン　福岡★,九州工場,九州工場,2026/7/13,2026/7/13,26-J0082946-003-771,DIP0000N,2.3,"1,020.00",950,0,Sﾀﾞｲﾏ ﾌﾟﾚｰﾄ,,1,ｷｭｰﾋﾞｸﾙ基礎 塞ぎ板 右側,2026/7/27,福山通運　九州発送,2026/7/27,,完成,坂元,2026/7/27,製造
ナミデン　福岡★,九州工場,九州工場,2026/7/13,2026/7/13,26-J0082946-004-771,DIP0000N,2.3,"1,020.00",940,0,Sﾀﾞｲﾏ ﾌﾟﾚｰﾄ,,1,ｷｭｰﾋﾞｸﾙ基礎 塞ぎ板 左側,2026/7/27,福山通運　九州発送,2026/7/27,,完成,坂元,2026/7/27,製造
ナミデン　福岡★,九州工場,九州工場,2026/7/13,2026/7/13,26-J0082946-001-771,DIP0000N,2.3,"1,590.00","1,100.00",0,Sﾀﾞｲﾏ ﾌﾟﾚｰﾄ,,1,ｷｭｰﾋﾞｸﾙ基礎 塞ぎ板 右側,2026/7/27,福山通運　九州発送,2026/7/27,,完成,坂元,2026/7/27,製造
山一電設★,九州工場,九州工場,2026/7/13,2026/7/13,26-J0082947-001-771,IDC0000C,2.3,500,200,169,鉄 ﾀﾞｸﾄｶﾊﾞｰ 焼付,5Y7/1(近似色）,1,穴加工ｱﾘ,2026/7/27,福山通運　九州発送,2026/7/27,,完成,森田,2026/7/23,製造
山一電設★,九州工場,九州工場,2026/7/13,2026/7/13,26-J0082947-002-771,IG0000C,0,500,400,100,鉄 架台 焼付,5Y7/1(近似色）,1,C5x50x100 L6x50 PLt2.3 穴加工ｱﾘ,2026/7/27,福山通運　九州発送,2026/7/27,,完成,森田,2026/7/24,製造
ナミデン　福岡★,九州工場,九州工場,2026/7/13,2026/7/13,26-J0082949-004-771,ZKM0000,0,"1,087.00",0,0,ZN 金物,,1,L50x50x6t 塞ぎ板取付金物 R,2026/7/27,福山通運　九州発送,2026/7/27,,完成,森田,2026/7/16,製造
ナミデン　福岡★,九州工場,九州工場,2026/7/13,2026/7/13,26-J0082949-008-771,ZKM0000,0,940,0,0,ZN 金物,,1,L50x50x6t 塞ぎ板取付金物 R,2026/7/27,福山通運　九州発送,2026/7/27,,完成,森田,2026/7/16,製造
ナミデン　福岡★,九州工場,九州工場,2026/7/13,2026/7/13,26-J0082949-006-771,ZKM0000,0,950,0,0,ZN 金物,,1,L50x50x6t 塞ぎ板取付金物 R,2026/7/27,福山通運　九州発送,2026/7/27,,完成,森田,2026/7/16,製造
ナミデン　福岡★,九州工場,九州工場,2026/7/13,2026/7/13,26-J0082949-005-771,ZKM0000,0,950,0,0,ZN 金物,,1,L50x50x6t 塞ぎ板取付金物 L,2026/7/27,福山通運　九州発送,2026/7/27,,完成,森田,2026/7/16,製造
ナミデン　福岡★,九州工場,九州工場,2026/7/13,2026/7/13,26-J0082949-003-771,ZKM0000,0,"1,087.00",0,0,ZN 金物,,1,L50x50x6t 塞ぎ板取付金物 L,2026/7/27,福山通運　九州発送,2026/7/27,,完成,森田,2026/7/16,製造
ナミデン　福岡★,九州工場,九州工場,2026/7/13,2026/7/13,26-J0082949-007-771,ZKM0000,0,940,0,0,ZN 金物,,1,L50x50x6t 塞ぎ板取付金物 L,2026/7/27,福山通運　九州発送,2026/7/27,,完成,森田,2026/7/16,製造
ナミデン　福岡★,九州工場,九州工場,2026/7/13,2026/7/13,26-J0082949-001-771,ZKM0000,0,"1,100.00",0,0,ZN 金物,,1,L50x50x6t 塞ぎ板取付金物 L,2026/7/27,福山通運　九州発送,2026/7/27,,完成,森田,2026/7/16,製造
ナミデン　福岡★,九州工場,九州工場,2026/7/13,2026/7/13,26-J0082949-002-771,ZKM0000,0,"1,100.00",0,0,ZN 金物,,1,L50x50x6t 塞ぎ板取付金物 R,2026/7/27,福山通運　九州発送,2026/7/27,,完成,森田,2026/7/16,製造
カンサイ　西★,九州工場,九州工場,2026/7/13,2026/7/13,26-J0083441-004-771,DKW0000N,1.6,600,200,150,Sﾀﾞｲﾏ 貫通枠,,2,蓋付,2026/7/24,ヤマックス福岡,2026/7/27,,完成,井上,2026/7/24,製造
カンサイ　西★,九州工場,九州工場,2026/7/13,2026/7/13,26-J0083441-002-771,DKW0000N,1.6,400,200,150,Sﾀﾞｲﾏ 貫通枠,,2,蓋付,2026/7/24,ヤマックス福岡,2026/7/27,,完成,井上,2026/7/24,製造
カンサイ　西★,九州工場,九州工場,2026/7/13,2026/7/13,26-J0083441-001-771,DKW0000N,1.6,700,200,150,Sﾀﾞｲﾏ 貫通枠,,2,蓋付,2026/7/24,ヤマックス福岡,2026/7/27,,完成,井上,2026/7/24,製造
カンサイ　西★,九州工場,九州工場,2026/7/13,2026/7/13,26-J0083441-003-771,DKW0000N,1.6,500,200,150,Sﾀﾞｲﾏ 貫通枠,,2,蓋付,2026/7/24,ヤマックス福岡,2026/7/27,,完成,井上,2026/7/24,製造
三共電気　本社★,九州工場,九州工場,2026/7/13,2026/7/13,26-J0083510-003-771,ZG0000,0,700,700,0,ZN 架台,,8,HDZT77 L-50x50x6t 穴加工　三角支え付ﾀｲﾌﾟ（左）,2026/7/24,ヤマックス福岡,2026/7/27,,完成,森田,2026/7/16,製造
エスエヌデー★,九州工場,九州工場,2026/7/14,2026/7/14,26-J0084713-001-771,ZIP0000,2.3,500,150,0,ZN ﾌﾟﾚｰﾄ,,15,HDZT-49 穴加工ｱﾘ,2026/7/27,福山通運　九州発送,2026/7/27,,完成,金光,2026/7/17,製造
Q-mast　空調管グル－プ★,九州工場,九州工場,2026/7/15,2026/7/15,26-J0085106-001-771,ZG0000,0,200,243,0,ZN 架台,,1,原動棟　消化ﾎﾟﾝﾌﾟ室　衛生配管　9,2026/7/24,ヤマックス　ｽﾎﾟｯﾄ便,2026/7/27,,ｷｬﾝｾﾙ,福島,2026/7/16,製造
ナミデン　福岡★,九州工場,九州工場,2026/7/15,2026/7/15,26-J0085848-001-771,ZE0000W,3.2,600,600,450,ZN PBﾄｸ 被せ,,1,ｱｰｽ,2026/7/24,店頭渡し,2026/7/27,,完成,古川,2026/7/17,製造
カンサイエコプラス　山口★,九州工場,九州工場,2026/7/15,2026/7/15,26-J0086014-001-771,ZE4020X2,2.3,400,400,200,ZN PB 水切,,3,ｱｰｽ,2026/7/27,福山通運　九州発送,2026/7/27,,完成,古川,2026/7/17,製造
カンサイエコプラス　山口★,九州工場,九州工場,2026/7/15,2026/7/15,26-J0086014-002-771,ZE3020X2,2.3,300,300,200,ZN PB 水切,,1,ｱｰｽ,2026/7/27,福山通運　九州発送,2026/7/27,,完成,古川,2026/7/17,製造
那須電機商事★,九州工場,九州工場,2026/7/15,2026/7/15,26-J0086090-001-771,ZMK0000,4.5,300,500,220,ZN 曲金物,,1,穴加工ｱﾘ,2026/7/27,福山通運　九州発送,2026/7/27,,完成,古川,2026/7/16,製造
那須電機商事★,九州工場,九州工場,2026/7/15,2026/7/15,26-J0086090-002-771,ZMK0000,4.5,"1,400.00",300,200,ZN 曲金物,,1,穴加工ｱﾘ,2026/7/27,福山通運　九州発送,2026/7/27,,完成,古川,2026/7/16,製造
ムトウ電材　富士見★,九州工場,九州工場,2026/7/16,2026/7/16,26-J0086280-001-771,DDC0000C,1.6,500,145,"1,495.00",Sﾀﾞｲﾏ ﾀﾞｸﾄｶﾊﾞｰ 焼付,2.5Y9/1 近似色,1,平蓋 取付穴有り 2階電灯盤用,2026/7/27,佐川急便,2026/7/27,,完成,森田,2026/7/22,製造
ムトウ電材　富士見★,九州工場,九州工場,2026/7/16,2026/7/16,26-J0086280-002-771,DDC0000C,1.6,"1,000.00",420,490,Sﾀﾞｲﾏ ﾀﾞｸﾄｶﾊﾞｰ 焼付,2.5Y9/1 近似色,1,L形 平蓋 取付穴有り 引込盤用,2026/7/27,佐川急便,2026/7/27,,完成,森田,2026/7/22,製造
さくら電機　鹿屋★,九州工場,九州工場,2026/7/16,2026/7/16,26-J0086300-001-771,ZE2020X2,2.3,200,200,200,ZN PB 水切,,1,ｱｰｽ,2026/7/27,佐川急便,2026/7/27,,完成,古川,2026/7/17,製造
巴電業　広島★,九州工場,九州工場,2026/7/16,2026/7/16,26-J0086375-001-771,ZP0000S,2.3,300,150,150,ZN PBﾄｸ 平,,1,,2026/7/27,福山通運　九州発送,2026/7/27,,完成,古川,2026/7/17,製造
カンサイエコプラス　山口★,九州工場,九州工場,2026/7/16,2026/7/16,26-J0086410-002-771,ZE2020X2A,2.3,200,200,200,ZN PB 水切,,1,ｱｰｽ 足付L3x40(φ15)x4,2026/7/27,福山通運　九州発送,2026/7/27,,完成,古川,2026/7/17,製造
カンサイエコプラス　山口★,九州工場,九州工場,2026/7/16,2026/7/16,26-J0086410-001-771,ZE2010X2A,2.3,200,200,100,ZN PB 水切,,2,ｱｰｽ 足付L3x40(φ15)x4,2026/7/27,福山通運　九州発送,2026/7/27,,完成,古川,2026/7/17,製造
興陽電機　徳山★,九州工場,九州工場,2026/7/16,2026/7/16,26-J0086517-001-771,ZE1510X2,2.3,150,150,100,ZN PB 水切,,1,ｱｰｽ,2026/7/27,佐川急便,2026/7/27,,完成,古川,2026/7/17,製造
興陽電機　福岡西★,九州工場,九州工場,2026/7/16,2026/7/16,26-J0086534-001-771,SC0000N,2,940,800,340,SUS ｶﾊﾞｰ,,1,傾斜あり　背面取付穴7-φ8,2026/7/24,ヤマックス福岡,2026/7/27,,完成,坂元,2026/7/24,製造
栗田電機　松山★,九州工場,九州工場,2026/7/16,2026/7/16,26-J0087107-001-771,SG0000C,0,600,544,300,SUS 架台 焼付,5Y7/1(近似色),1,ｱﾝｸﾞﾙ PLt2.0,2026/7/27,福山通運　九州発送,2026/7/27,,完成,森田,2026/7/22,製造
かごしま電工　加世田★,九州工場,九州工場,2026/7/16,2026/7/16,26-J0087168-001-771,SE2015XCW,1.5,200,200,150,SUS PB 水切 焼付,2.5Y9/1 近似色,2,ｱｰｽ 内ﾜﾆｽ,2026/7/27,佐川急便,2026/7/27,,完成,森田,2026/7/21,製造
くまもと電設　人吉★,九州工場,九州工場,2026/7/16,2026/7/16,26-J0087311-001-771,SP0000XC,1.5,460,400,250,SUS PBﾄｸ 水切 焼付,2.5Y9/1 近似色,1,左 上面開口200x150　4-φ8,2026/7/27,福山通運　九州発送,2026/7/27,,完成,森田,2026/7/22,製造
くまもと電設　人吉★,九州工場,九州工場,2026/7/16,2026/7/16,26-J0087311-002-771,SP0000XC,1.5,460,400,250,SUS PBﾄｸ 水切 焼付,2.5Y9/1 近似色,1,右 上面開口200x150　4-φ8,2026/7/27,福山通運　九州発送,2026/7/27,,完成,森田,2026/7/22,製造
興陽電機　福岡西★,九州工場,九州工場,2026/7/17,2026/7/17,26-J0087625-001-771,IDC0000C,1.6,600,260,590,鉄 ﾀﾞｸﾄｶﾊﾞｰ 焼付,2.5Y9/1 近似色,1,平蓋 取付穴φ10x6,2026/7/24,ヤマックス福岡,2026/7/27,,完成,森田,2026/7/21,製造
かごしま電工　鹿屋★,九州工場,九州工場,2026/7/17,2026/7/17,26-J0087717-001-771,BE1510SCW,1.6,150,150,100,国土 PB 平 焼付,2.5Y9/1 近似色,1,ｱｰｽ  内ﾜﾆｽ,2026/7/27,佐川急便,2026/7/27,,完成,森田,2026/7/21,製造
矢島電機商会　倉敷,九州工場,九州工場,2026/7/17,2026/7/17,26-J0087751-001-771,DMK0000N,2.3,"1,500.00",354.7,170,Sﾀﾞｲﾏ 曲金物,,3,/20,2026/7/27,福山通運　九州発送,2026/7/27,,完成,坂元,2026/7/24,製造
かごしま電工　南★,九州工場,九州工場,2026/7/17,2026/7/17,26-J0087825-001-771,SE2020WCW,1.5,200,200,200,SUS PB 被せ 焼付,2.5Y9/1 近似色,1,ｱｰｽ 内ﾜﾆｽ,2026/7/27,佐川急便,2026/7/27,,完成,森田,2026/7/21,製造
三和電気商会★,九州工場,九州工場,2026/7/17,2026/7/17,26-J0087998-001-771,IP0000SG,1.6,500,500,150,鉄 PBﾄｸ 平,,5,さび止め,2026/7/27,福山通運　九州発送,2026/7/27,,完成,服部,2026/7/23,製造
シンセイ　広島第一★,九州工場,九州工場,2026/7/21,2026/7/21,26-J0088647-001-771,SE4030XC,1.5,400,400,300,SUS PB 水切 焼付,2.5Y9/1 近似色,2,ｱｰｽ,2026/7/27,福山通運　九州発送,2026/7/27,,完成,森田,2026/7/22,製造
ナンリツ　松山★,九州工場,九州工場,2026/7/21,2026/7/21,26-J0088774-002-771,IP1510SC,1.6,150,150,100,鉄 PB 平 焼付,2.5Y9/1(近似色),3,,2026/7/27,福山通運　九州発送,2026/7/27,,完成,森田,2026/7/22,製造
ナンリツ　松山★,九州工場,九州工場,2026/7/21,2026/7/21,26-J0088774-001-771,IP3020SC,1.6,300,300,200,鉄 PB 平 焼付,2.5Y9/1(近似色),1,,2026/7/27,福山通運　九州発送,2026/7/27,,完成,森田,2026/7/22,製造
カンサイ　日進商会★,九州工場,九州工場,2026/7/21,2026/7/21,26-J0089108-001-771,SE2015XC,1.5,200,200,150,SUS PB 水切 焼付,2.5Y9/1 近似色,1,ｱｰｽ,2026/7/24,北九州配達,2026/7/27,,完成,岡,,加工
カンサイ　日進商会★,九州工場,九州工場,2026/7/21,2026/7/21,26-J0089145-001-771,SE4020XC,1.5,400,400,200,SUS PB 水切 焼付,2.5Y9/1 近似色,2,ｱｰｽ,2026/7/24,北九州配達,2026/7/27,,完成,森田,2026/7/22,製造
因幡電機　九州物流(409)★,九州工場,九州工場,2026/7/21,2026/7/21,26-J0089206-001-771,IP2020SG,1.6,200,200,200,鉄 PB 平,,10,さび止め,2026/7/24,ヤマックス福岡,2026/7/27,,完成,倉重,2026/7/22,製造
三共電気　東★,九州工場,九州工場,2026/7/21,2026/7/21,26-J0089637-001-771,IKS0000G,1.6,300,120,240,鉄 貫通ｽﾘｰﾌﾞ,,9,平蓋　さび止め　　鉄箱A-1,2026/7/27,福山通運　九州発送,2026/7/27,,完成,服部,2026/7/24,製造
三共電気　東★,九州工場,九州工場,2026/7/21,2026/7/21,26-J0089637-002-771,IKS0000G,1.6,300,120,320,鉄 貫通ｽﾘｰﾌﾞ,,9,平蓋　さび止め    鉄箱A-2,2026/7/27,福山通運　九州発送,2026/7/27,,完成,服部,2026/7/24,製造
Q-mast　電気グル－プ★,九州工場,九州工場,2026/7/21,2026/7/21,26-J0089888-003-771,ITG0000G,0,"1,700.00",190,0,鉄 耐震架台,,1,L50x50x6 さび止め MCｼｮｯﾌﾟ1階 ﾚｰｽｳｪｲ　R-4,2026/7/24,ヤマックス　ｽﾎﾟｯﾄ便,2026/7/27,,完成,古川,2026/7/23,製造
Q-mast　電気グル－プ★,九州工場,九州工場,2026/7/21,2026/7/21,26-J0089888-002-771,ITG0000G,0,300,900,0,鉄 耐震架台,,3,L50x50x6 さび止め MCｼｮｯﾌﾟ2階 ﾚｰｽｳｪｲ　追加 2,2026/7/24,ヤマックス　ｽﾎﾟｯﾄ便,2026/7/27,,完成,古川,2026/7/23,製造
Q-mast　電気グル－プ★,九州工場,九州工場,2026/7/21,2026/7/21,26-J0089888-001-771,ITG0000G,0,300,790,0,鉄 耐震架台,,10,L50x50x6 さび止め MCｼｮｯﾌﾟ2階 ﾚｰｽｳｪｲ　追加 1,2026/7/24,ヤマックス　ｽﾎﾟｯﾄ便,2026/7/27,,完成,古川,2026/7/23,製造
ナミデン　福岡★,九州工場,九州工場,2026/7/22,2026/7/22,26-J0090367-001-771,IE6030SG,1.6,600,600,300,鉄 PB 平,,3,ｱｰｽ さび止め,2026/7/24,ヤマックス福岡,2026/7/27,,完成,古川,2026/7/23,製造
ナミデン　福岡★,九州工場,九州工場,2026/7/22,2026/7/22,26-J0090367-002-771,IE5030SG,1.6,500,500,300,鉄 PB 平,,1,ｱｰｽ さび止め,2026/7/24,ヤマックス福岡,2026/7/27,,完成,倉重,2026/7/23,製造
東芝電材　熊本★,九州工場,九州工場,2026/7/22,2026/7/22,26-J0090616-001-771,BE2015SC,1.6,200,200,150,国土 PB 平 焼付,2.5Y9/1 近似色,5,ｱｰｽ,2026/7/27,佐川急便,2026/7/27,,完成,森田,,加工
東芝電材　熊本★,九州工場,九州工場,2026/7/22,2026/7/22,26-J0090628-001-771,BE1510SC,1.6,150,150,100,国土 PB 平 焼付,2.5Y9/1 近似色,1,ｱｰｽ,2026/7/27,佐川急便,2026/7/27,,完成,森田,,加工
丸井産業　広島,九州工場,九州工場,2026/7/22,2026/7/22,26-J0090996-001-771,IP0000SG,1.6,300,250,100,鉄 PBﾄｸ 平,,1,さび止め,2026/7/27,佐川急便,2026/7/27,,ｷｬﾝｾﾙ,林(浩),2026/7/24,製造
興陽電機　八幡★,九州工場,九州工場,2026/7/22,2026/7/22,26-J0090998-001-771,SE0000XN,1.5,200,400,200,SUS PBﾄｸ 水切,,2,ｱｰｽ 水抜き穴有,2026/7/24,北九州配達,2026/7/27,,完成,倉重,2026/7/24,製造
菱栄電材★,九州工場,九州工場,2026/7/22,2026/7/22,26-J0091062-001-771,SE5050XNA,1.5,500,500,500,SUS PB 水切,,2,ｱｰｽ 足付 L4x50(φ12)x4,2026/7/27,福山通運　九州発送,2026/7/27,,完成,坂元,2026/7/27,製造
菱栄電材★,九州工場,九州工場,2026/7/22,2026/7/22,26-J0091062-002-771,SE5030XNA,1.5,500,500,300,SUS PB 水切,,1,ｱｰｽ 足付 L4x50(φ12)x4,2026/7/27,福山通運　九州発送,2026/7/27,,完成,坂元,2026/7/27,製造
菱栄電材★,九州工場,九州工場,2026/7/22,2026/7/22,26-J0091062-004-771,SE4020XNA,1.5,400,400,200,SUS PB 水切,,1,ｱｰｽ 足付 L4x50(φ12)x4,2026/7/27,福山通運　九州発送,2026/7/27,,完成,樋口,2026/7/27,製造
菱栄電材★,九州工場,九州工場,2026/7/22,2026/7/22,26-J0091062-005-771,SE3020XNA,1.5,300,300,200,SUS PB 水切,,1,ｱｰｽ 足付 L3x40(φ12)x4,2026/7/27,福山通運　九州発送,2026/7/27,,完成,倉重,2026/7/27,製造
カンサイ　苅田★,九州工場,九州工場,2026/7/22,2026/7/22,26-J0091214-001-771,BE6030SG,1.6,600,600,300,国土 PB 平,,2,ｱｰｽ さび止め,2026/7/27,佐川急便,2026/7/27,,完成,服部,2026/7/24,製造
カンサイ　熊本北★,九州工場,九州工場,2026/7/22,2026/7/22,26-J0091255-001-771,IP0000SG,1.6,150,150,50,鉄 PBﾄｸ 平,,3,さび止め,2026/7/24,ヤマックス福岡,2026/7/27,,完成,服部,2026/7/23,製造
ナミデン　広島★,九州工場,九州工場,2026/7/22,2026/7/22,26-J0091318-001-771,IE2020SG,1.6,200,200,200,鉄 PB 平,,8,ｱｰｽ さび止め,2026/7/27,佐川急便,2026/7/27,,完成,服部,2026/7/24,製造
ナミデン　広島★,九州工場,九州工場,2026/7/22,2026/7/22,26-J0091324-001-771,IE2020SG,1.6,200,200,200,鉄 PB 平,,8,ｱｰｽ さび止め,2026/7/27,佐川急便,2026/7/27,,完成,服部,2026/7/24,製造
興陽電機　岩国★,九州工場,九州工場,2026/7/23,2026/7/23,26-J0091446-001-771,SE0000XNA,1.5,400,300,300,SUS PBﾄｸ 水切,,1,ｱｰｽ 足付 L4x50(φ12)x4,2026/7/27,福山通運　九州発送,2026/7/27,,完成,樋口,2026/7/27,製造
八州電気工業　西★,九州工場,九州工場,2026/7/23,2026/7/23,26-J0091549-001-771,IE5030SG,1.6,500,500,300,鉄 PB 平,,2,ｱｰｽ さび止め,2026/7/27,福山通運　九州発送,2026/7/27,,完成,服部,2026/7/23,製造
かごしま電工　鹿屋★,九州工場,九州工場,2026/7/23,2026/7/23,26-J0091573-001-771,SE0000XNW,1.5,250,250,75,SUS PBﾄｸ 水切,,2,ｱｰｽ 内ﾜﾆｽ,2026/7/27,佐川急便,2026/7/27,,完成,服部,2026/7/24,製造
菱栄電材★,九州工場,九州工場,2026/7/23,2026/7/23,26-J0091651-002-771,SE0000XNA,1.5,200,300,200,SUS PBﾄｸ 水切,,1,ｱｰｽ 足付 L3x40(φ12)x4,2026/7/27,福山通運　九州発送,2026/7/27,,完成,樋口,2026/7/27,製造
菱栄電材★,九州工場,九州工場,2026/7/23,2026/7/23,26-J0091651-001-771,SE0000XNA,1.5,300,400,300,SUS PBﾄｸ 水切,,1,ｱｰｽ 足付 L4x50(φ12)x4,2026/7/27,福山通運　九州発送,2026/7/27,,完成,樋口,2026/7/27,製造
東芝電材　福岡★,九州工場,九州工場,2026/7/23,2026/7/23,26-J0091659-001-771,BE0000SG,1.6,600,600,350,国土 PBﾄｸ 平,,1,ｱｰｽ さび止め,2026/7/24,ヤマックス福岡,2026/7/27,,完成,倉重,2026/7/23,製造
三和電気商会★,九州工場,九州工場,2026/7/23,2026/7/23,26-J0091662-001-771,DP1510WN,1.6,150,150,100,Sﾀﾞｲﾏ PB 被せ,,2,,2026/7/27,福山通運　九州発送,2026/7/27,,完成,坂元,2026/7/24,製造
三親電材　山口★,九州工場,九州工場,2026/7/23,2026/7/23,26-J0091846-001-771,BE6030SG,1.6,600,600,300,国土 PB 平,,3,ｱｰｽ さび止め,2026/7/27,佐川急便,2026/7/27,,完成,坂元,2026/7/24,製造
日本電設資材　福岡★,九州工場,九州工場,2026/7/23,2026/7/23,26-J0091855-002-771,DKW0000N,1.6,900,200,230,Sﾀﾞｲﾏ 貫通枠,,1,ツバ付　,2026/7/27,佐川急便,2026/7/27,,完成,森田,2026/7/24,製造
日本電設資材　福岡★,九州工場,九州工場,2026/7/23,2026/7/23,26-J0091855-001-771,DKW0000N,1.6,800,200,230,Sﾀﾞｲﾏ 貫通枠,,2,ツバ付　,2026/7/27,佐川急便,2026/7/27,,完成,森田,2026/7/24,製造
木村電機　本社★,九州工場,九州工場,2026/7/23,2026/7/23,26-J0091954-001-771,BE0000SG,1.6,600,500,300,国土 PBﾄｸ 平,,3,ｱｰｽ さび止め,2026/7/27,佐川急便,2026/7/27,,完成,服部,2026/7/24,製造
宮地電機　徳島,九州工場,九州工場,2026/7/23,2026/7/23,26-J0092048-001-771,D02000SN,1.6,200,200,0,Sﾀﾞｲﾏ ふたﾄｸ,,4,平ふた 開口ｱﾘ,2026/7/27,福山通運　九州発送,2026/7/27,,完成,坂元,2026/7/27,製造
カンサイHD　電設★,九州工場,九州工場,2026/7/23,2026/7/23,26-J0092069-001-771,SST0000N,0,300,300,"4,000.00",SUS ｽﾀﾝｼｮﾝ,,1,50A,2026/7/27,福山通運　九州発送,2026/7/27,,完成,坂元,2026/7/27,製造
オリオン商事　福岡★,九州工場,九州工場,2026/7/23,2026/7/23,26-J0092117-001-771,SE0000SN,1.5,250,150,150,SUS PBﾄｸ 平,,1,ｱｰｽ,2026/7/24,ヤマックス福岡,2026/7/27,,完成,樋口,2026/7/24,製造
さくら電機　国分★,九州工場,九州工場,2026/7/23,2026/7/23,26-J0092296-001-771,SKM0000N,1.5,124,74,24,SUS 金物,,1,ｺ形 M5ﾀｯﾌﾟx2 長穴x2 ｺｰﾅｰC5,2026/7/27,佐川急便,2026/7/27,,完成,服部,2026/7/27,製造
デンザイ東亜　本社★,九州工場,九州工場,2026/7/23,2026/7/23,26-J0092367-001-771,IP0000SG,1.6,150,100,50,鉄 PBﾄｸ 平,,2,さび止め,2026/7/27,佐川急便,2026/7/27,,完成,古川,2026/7/24,製造
栗田電機　松山★,九州工場,九州工場,2026/7/23,2026/7/23,26-J0092510-001-771,SE0000XNA,1.5,600,600,200,SUS PBﾄｸ 水切,,3,ｱｰｽ 足付L5x40Φ12 支持棒･開口ｱﾘ 酸洗,2026/7/27,福山通運　九州発送,2026/7/27,,完成,坂元,2026/7/24,製造
南四国ﾅｼｮﾅﾙ　本社★,九州工場,九州工場,2026/7/23,2026/7/23,26-J0092537-001-771,SE0000XN,1.5,300,200,200,SUS PBﾄｸ 水切,,1,ｱｰｽ,2026/7/27,福山通運　九州発送,2026/7/27,,完成,服部,2026/7/27,製造
南四国ﾅｼｮﾅﾙ　本社★,九州工場,九州工場,2026/7/23,2026/7/23,26-J0092537-002-771,SE0000XN,1.5,400,200,200,SUS PBﾄｸ 水切,,1,ｱｰｽ,2026/7/27,福山通運　九州発送,2026/7/27,,完成,服部,2026/7/27,製造
シンセイ　広島第二★,九州工場,九州工場,2026/7/24,2026/7/24,26-J0092600-001-771,II0000G,2.3,170,260,0,鉄 切板,,1,さび止め,2026/7/27,福山通運　九州発送,2026/7/27,,完成,服部,2026/7/24,製造
カンサイ　日進商会★,九州工場,九州工場,2026/7/24,2026/7/24,26-J0092636-001-771,S02000SN,1.5,450,450,0,SUS ふたﾄｸ,,1,平ふた,2026/7/24,北九州配達,2026/7/27,,完成,倉重,2026/7/24,製造
Q-mast　電気グル－プ★,九州工場,九州工場,2026/7/24,2026/7/24,26-J0092802-001-771,IKM0000N,0,30,0,0,鉄 金物,,49,ﾂﾊﾞ管　SGP32A φ142.7  生地,2026/7/24,ヤマックス　ｽﾎﾟｯﾄ便,2026/7/27,,完成,樋口,2026/7/24,製造
Q-mast　電気グル－プ★,九州工場,九州工場,2026/7/24,2026/7/24,26-J0092802-002-771,IKM0000N,0,30,0,0,鉄 金物,,2,ﾂﾊﾞ管　SGP65A φ176.3  生地,2026/7/24,ヤマックス　ｽﾎﾟｯﾄ便,2026/7/27,,完成,樋口,2026/7/24,製造
矢島電機商会　倉敷,九州工場,九州工場,2026/7/24,2026/7/24,26-J0092809-001-771,IP0000WG,1.6,600,300,200,鉄 PBﾄｸ 被せ,,1,さび止め　,2026/7/27,福山通運　九州発送,2026/7/27,,完成,服部,2026/7/24,製造
三親電材　周南★,九州工場,九州工場,2026/7/24,2026/7/24,26-J0092864-001-771,SP6060WN,1.5,600,600,600,SUS PB 被せ,,2,,2026/7/27,佐川急便,2026/7/27,,完成,坂元,2026/7/27,製造
日本電設資材　福岡★,九州工場,九州工場,2026/7/24,2026/7/24,26-J0092947-002-771,IIP0000G,6,220,240,0,鉄 ﾌﾟﾚｰﾄ,,2,さび止め 穴加工,2026/7/24,営業配達,2026/7/27,,完成,,2026/7/24,製造
日本電設資材　福岡★,九州工場,九州工場,2026/7/24,2026/7/24,26-J0092947-001-771,IIP0000G,6,180,40,0,鉄 ﾌﾟﾚｰﾄ,,2,さび止め 穴加工,2026/7/24,営業配達,2026/7/27,,完成,,2026/7/24,製造
米良電機　都城★,九州工場,九州工場,2026/7/24,2026/7/24,26-J0093260-001-771,SE0000XN,1.5,400,400,500,SUS PBﾄｸ 水切,,3,ｱｰｽ,2026/7/27,福山通運　九州発送,2026/7/27,,完成,倉重,2026/7/27,製造
ナカキュウ★,九州工場,九州工場,2026/7/24,2026/7/24,26-J0093473-001-771,SP0000WN,1.5,108,108,50,SUS PBﾄｸ 被せ,,1,,2026/7/27,佐川急便,2026/7/27,,完成,樋口,2026/7/27,製造
興陽電機　岩国★,九州工場,九州工場,2026/7/24,2026/7/24,26-J0093514-001-771,SP0000WN,1.5,420,300,300,SUS PBﾄｸ 被せ,,1,,2026/7/27,福山通運　九州発送,2026/7/27,,完成,井上,2026/7/27,製造
木村電機　熊本東★,九州工場,九州工場,2026/7/27,2026/7/27,26-J0094416-002-771,30PLA,0,0,0,0,補修塗料 筆付,5Y7/1 近似色,1,ﾌﾟﾗ30ml,2026/7/27,佐川急便,2026/7/27,,完成,森田,,製造
木村電機　熊本東★,九州工場,九州工場,2026/7/27,2026/7/27,26-J0094416-001-771,30PLA,0,0,0,0,補修塗料 筆付,2.5Y9/1 近似色,1,ﾌﾟﾗ30ml,2026/7/27,佐川急便,2026/7/27,,完成,森田,,製造
南四国ﾅｼｮﾅﾙ　本社★,九州工場,九州工場,2026/7/7,2026/7/7,26-J0078587-001-771,IMK0000C,1.6,340,260,50,鉄 曲金物 焼付,N9.5(近似色),20,穴加工ｱﾘ【G1～G5】,2026/7/28,福山通運　九州発送,2026/7/28,,完成,古川,2026/7/23,製造
アサヒ　中部,九州工場,九州工場,2026/7/13,2026/7/13,26-J0083818-001-771,SBG0000C,2,700,240,150,SUS 防球ガード 焼付,2.5Y9/1,1,丸棒φ6 PL2.0t 取付穴8-φ8,2026/7/22,イトカツ,2026/7/28,2026/7/22,完成,古川,2026/7/16,製造
東芝電材　川内★,九州工場,九州工場,2026/7/14,2026/7/14,26-J0083981-002-771,SP1510XCW,1.5,150,150,100,SUS PB 水切 焼付,5Y7/1 近似色,2,内ﾜﾆｽ 座無しｼｰﾙ付,2026/7/28,佐川急便,2026/7/28,,完成,古川,2026/7/21,製造
東芝電材　川内★,九州工場,九州工場,2026/7/14,2026/7/14,26-J0083981-001-771,SP1515XCW,1.5,150,150,150,SUS PB 水切 焼付,5Y7/1 近似色,1,内ﾜﾆｽ 座無しｼｰﾙ付,2026/7/28,佐川急便,2026/7/28,,完成,古川,2026/7/21,製造
三共電気　本社★,九州工場,九州工場,2026/7/14,2026/7/14,26-J0084100-002-771,ZG0000,0,350,350,0,ZN 架台,,5,HDZT77 L-50x50x6t 穴加工　三角支え付ﾀｲﾌﾟ（左）,2026/7/27,ヤマックス福岡,2026/7/28,,完成,倉重,2026/7/17,製造
三共電気　本社★,九州工場,九州工場,2026/7/14,2026/7/14,26-J0084100-001-771,ZG0000,0,500,500,0,ZN 架台,,8,HDZT77 L-50x50x6t 穴加工　三角支え付ﾀｲﾌﾟ（左）,2026/7/27,ヤマックス福岡,2026/7/28,,完成,倉重,2026/7/17,製造
イシグロ　福岡★,九州工場,九州工場,2026/7/14,2026/7/14,26-J0084197-003-771,ZG0000,6,510,645,250,ZN 架台,,2,SS-L-65x65x6t　穴加工,2026/7/28,佐川急便,2026/7/28,,完成,倉重,2026/7/21,製造
イシグロ　福岡★,九州工場,九州工場,2026/7/14,2026/7/14,26-J0084197-002-771,ZG0000,6,510,580,250,ZN 架台,,2,SS-L-65x65x6t　穴加工,2026/7/28,佐川急便,2026/7/28,,完成,倉重,2026/7/21,製造
イシグロ　福岡★,九州工場,九州工場,2026/7/14,2026/7/14,26-J0084197-001-771,ZG0000,6,500,200,572,ZN 架台,,2,SS-L-65x65x6t　穴加工,2026/7/28,佐川急便,2026/7/28,,完成,倉重,2026/7/21,製造
アサヒ　宜野湾,九州工場,九州工場,2026/7/14,2026/7/14,26-J0085018-001-771,SE0000XC,1.5,300,200,150,SUS PBﾄｸ 水切 焼付,2.5Y9/1,1,ｱｰｽ,2026/7/22,イトカツ,2026/7/28,2026/7/22,完成,古川,2026/7/16,製造
光電気産業,九州工場,九州工場,2026/7/15,2026/7/15,26-J0085079-001-771,BE3030SC,1.6,300,300,300,国土 PB 平 焼付,2.5Y9/1,6,ｱｰｽ,2026/7/22,イトカツ,2026/7/28,2026/7/22,完成,古川,2026/7/16,製造
アサヒ　中部,九州工場,九州工場,2026/7/15,2026/7/15,26-J0085928-002-771,BE0000SC,1.6,600,200,200,国土 PBﾄｸ 平 焼付,2.5Y9/1,1,ｱｰｽ,2026/7/23,イトカツ,2026/7/28,2026/7/23,完成,古川,2026/7/17,製造
アサヒ　中部,九州工場,九州工場,2026/7/15,2026/7/15,26-J0085928-003-771,BE0000SC,1.6,500,200,200,国土 PBﾄｸ 平 焼付,2.5Y9/1,7,ｱｰｽ,2026/7/23,イトカツ,2026/7/28,2026/7/23,完成,古川,2026/7/17,製造
アサヒ　中部,九州工場,九州工場,2026/7/15,2026/7/15,26-J0085928-004-771,BE0000SC,1.6,400,200,200,国土 PBﾄｸ 平 焼付,2.5Y9/1,7,ｱｰｽ,2026/7/23,イトカツ,2026/7/28,2026/7/23,完成,古川,2026/7/17,製造
アサヒ　中部,九州工場,九州工場,2026/7/15,2026/7/15,26-J0085928-005-771,BE0000SC,1.6,400,200,100,国土 PBﾄｸ 平 焼付,2.5Y9/1,1,ｱｰｽ,2026/7/23,イトカツ,2026/7/28,2026/7/23,完成,古川,2026/7/17,製造
アサヒ　中部,九州工場,九州工場,2026/7/15,2026/7/15,26-J0085928-006-771,BE2010SC,1.6,200,200,100,国土 PB 平 焼付,2.5Y9/1,1,ｱｰｽ,2026/7/23,イトカツ,2026/7/28,2026/7/23,完成,岡,2026/7/17,製造
アサヒ　中部,九州工場,九州工場,2026/7/15,2026/7/15,26-J0085928-001-771,BE0000SC,1.6,600,600,200,国土 PBﾄｸ 平 焼付,2.5Y9/1,1,ｱｰｽ,2026/7/23,イトカツ,2026/7/28,2026/7/23,完成,岡,2026/7/17,製造
共和電気,九州工場,九州工場,2026/7/16,2026/7/16,26-J0086221-001-771,IE3020SC,1.6,300,300,200,鉄 PB 平 焼付,2.5Y9/1,1,ｱｰｽ ﾊﾟｯｷﾝ付,2026/7/23,イトカツ,2026/7/28,2026/7/23,完成,岡,2026/7/17,製造
日新電器産業　南部,九州工場,九州工場,2026/7/16,2026/7/16,26-J0086523-001-771,SE0000XC,1.5,300,200,100,SUS PBﾄｸ 水切 焼付,2.5Y9/1,4,ｱｰｽ,2026/7/23,イトカツ,2026/7/28,2026/7/23,完成,岡,2026/7/17,製造
東芝電材　唐津★,九州工場,九州工場,2026/7/16,2026/7/16,26-J0086551-002-771,IG0000C,6,415,"1,175.00",65,鉄 架台 焼付,N1 近似色,15,L65×65×6t 穴加工　支持金物,2026/7/28,福山通運　九州発送,2026/7/28,,完成,森田,2026/7/23,製造
東芝電材　熊本★,九州工場,九州工場,2026/7/16,2026/7/16,26-J0086559-002-771,ZP2020X2,2.3,200,200,200,ZN PB 水切,,4,,2026/7/27,福山通運　九州発送,2026/7/28,,完成,倉重,2026/7/17,製造
東芝電材　熊本★,九州工場,九州工場,2026/7/16,2026/7/16,26-J0086559-001-771,ZP6040X3,3.2,600,600,400,ZN PB 水切,,2,,2026/7/28,福山通運　九州発送,2026/7/28,,完成,倉重,2026/7/21,製造
カンサイ九州昭和　北九州★,九州工場,九州工場,2026/7/16,2026/7/16,26-J0086653-001-771,IG0000C,0,100,100,"1,200.00",鉄 架台 焼付,2.5Y9/1 近似色,2,ﾗｯｸ架台,2026/7/27,北九州配達,2026/7/28,,完成,岡,2026/7/22,製造
カンサイ　電設★,九州工場,九州工場,2026/7/16,2026/7/16,26-J0086685-004-771,DC0000N,1.6,"1,140.00",360,100,Sﾀﾞｲﾏ ｶﾊﾞｰ,,1,止水ﾌﾟﾚｰﾄ　ﾊﾟｯｷﾝ付,2026/7/27,ヤマックス福岡,2026/7/28,,完成,坂元,2026/7/27,製造
平岡電気　福岡東★,九州工場,九州工場,2026/7/16,2026/7/16,26-J0086715-001-771,IDC0000C,1.6,"1,400.00",370,145,鉄 ﾀﾞｸﾄｶﾊﾞｰ 焼付,2.5Y9/1 近似色,1,平蓋,2026/7/27,ヤマックス福岡,2026/7/28,,完成,森田,2026/7/22,製造
東芝電材　川内★,九州工場,九州工場,2026/7/16,2026/7/16,26-J0086829-003-771,ZE2020X2W,2.3,200,200,200,ZN PB 水切,,2,HDZT49 ｱｰｽ 内ﾜﾆｽ,2026/7/28,佐川急便,2026/7/28,,完成,倉重,2026/7/17,製造
東芝電材　川内★,九州工場,九州工場,2026/7/16,2026/7/16,26-J0086829-002-771,ZE5050X2W,2.3,500,500,500,ZN PB 水切,,6,HDZT49 ｱｰｽ 内ﾜﾆｽ,2026/7/28,佐川急便,2026/7/28,,完成,倉重,2026/7/17,製造
新光産業　やんばる,九州工場,九州工場,2026/7/16,2026/7/16,26-J0087108-001-771,SE0000XC,1.5,300,200,300,SUS PBﾄｸ 水切 焼付,2.5Y9/1,1,ｱｰｽ,2026/7/23,イトカツ,2026/7/28,2026/7/23,完成,岡,2026/7/17,製造
シンセイ　備南★,九州工場,九州工場,2026/7/16,2026/7/16,26-J0087171-001-771,ZE1010X2,2.3,100,100,100,ZN PB 水切,,2,ｱｰｽ,2026/7/28,福山通運　九州発送,2026/7/28,,ｷｬﾝｾﾙ,志田,2026/7/21,製造
東芝電材　唐津★,九州工場,九州工場,2026/7/17,2026/7/17,26-J0087456-001-771,IIP0000C,1.6,"1,300.00",400,0,鉄 ﾌﾟﾚｰﾄ 焼付,N9.5 近似色,1,開口50ｘ50　10-φ4,2026/7/27,福山通運　九州発送,2026/7/28,,完成,森田,2026/7/22,製造
三和電気商会★,九州工場,九州工場,2026/7/17,2026/7/17,26-J0087999-001-771,IP0000SG,1.6,500,500,150,鉄 PBﾄｸ 平,,5,さび止め,2026/7/28,福山通運　九州発送,2026/7/28,,完成,服部,2026/7/24,製造
かごしま電工　奄美★,九州工場,九州工場,2026/7/17,2026/7/17,26-J0088391-003-771,SG0000N,2,150,150,230,SUS 架台,,18,/40 火薬庫照明架台 φ13x4 φ10x4,2026/7/27,佐川急便,2026/7/28,,完成,樋口,2026/7/27,製造
かごしま電工　奄美★,九州工場,九州工場,2026/7/17,2026/7/17,26-J0088391-004-771,SG0000N,2,150,150,80.4,SUS 架台,,36,/50/30 火薬庫照明架台 φ13x4 φ10x4,2026/7/27,佐川急便,2026/7/28,,完成,樋口,2026/7/27,製造
かごしま電工　出水★,九州工場,九州工場,2026/7/21,2026/7/21,26-J0088481-003-771,IG0000G,6,600,300,0,鉄 架台,,1,さび止め 三角ﾌﾞﾗｹｯﾄ 2-長穴,2026/7/28,福山通運　九州発送,2026/7/28,,完成,倉重,2026/7/27,製造
かごしま電工　出水★,九州工場,九州工場,2026/7/21,2026/7/21,26-J0088481-001-771,IG0000G,6,550,400,0,鉄 架台,,3,さび止め L50x50x6t 2-長穴,2026/7/28,福山通運　九州発送,2026/7/28,,完成,倉重,2026/7/27,製造
かごしま電工　出水★,九州工場,九州工場,2026/7/21,2026/7/21,26-J0088481-002-771,IG0000G,6,500,300,0,鉄 架台,,4,さび止め 三角ﾌﾞﾗｹｯﾄ 2-長穴,2026/7/28,福山通運　九州発送,2026/7/28,,完成,倉重,2026/7/27,製造
かごしま電工　出水★,九州工場,九州工場,2026/7/21,2026/7/21,26-J0088481-004-771,IG0000G,6,600,400,0,鉄 架台,,4,さび止め L50x50x6t 2-長穴,2026/7/28,福山通運　九州発送,2026/7/28,,完成,倉重,2026/7/27,製造
かごしま電工　出水★,九州工場,九州工場,2026/7/21,2026/7/21,26-J0088481-005-771,IG0000G,3,400,200,590,鉄 架台,,2,さび止め L40x40x3t 穴加工,2026/7/28,福山通運　九州発送,2026/7/28,,完成,倉重,2026/7/27,製造
かごしま電工　出水★,九州工場,九州工場,2026/7/21,2026/7/21,26-J0088481-006-771,IG0000G,6,400,400,0,鉄 架台,,1,さび止め L50x50x6t 2-長穴,2026/7/28,福山通運　九州発送,2026/7/28,,完成,倉重,2026/7/27,製造
東芝電材　鹿児島★,九州工場,九州工場,2026/7/21,2026/7/21,26-J0088621-001-771,SE4030XCW,1.5,400,400,300,SUS PB 水切 焼付,5Y7/1 近似色,1,ｱｰｽ 内ﾜﾆｽ,2026/7/28,佐川急便,2026/7/28,,完成,古川,2026/7/22,製造
東芝電材　岡山★,九州工場,九州工場,2026/7/21,2026/7/21,26-J0089420-001-771,IKM0000C,2.3,780,400,15,鉄 金物 焼付,5Y7/1(近似色),1,穴加工ｱﾘ,2026/7/28,福山通運　九州発送,2026/7/28,,完成,森田,2026/7/23,製造
山陰ﾊﾟﾅｿﾆｯｸ　鳥取★,九州工場,九州工場,2026/7/21,2026/7/21,26-J0089513-001-771,BE0000SC,1.6,400,300,150,国土 PBﾄｸ 平 焼付,22-85C,1,ｱｰｽ,2026/7/28,福山通運　九州発送,2026/7/28,,完成,古川,2026/7/23,製造
カンサイ　西★,九州工場,九州工場,2026/7/21,2026/7/21,26-J0089667-001-771,SC0000N,2,954,954,70,SUS ｶﾊﾞｰ,,3,穴加工  生地　,2026/7/27,ヤマックス福岡,2026/7/28,,完成,林,2026/7/27,製造
中国機材設備　本社★,九州工場,九州工場,2026/7/21,2026/7/21,26-J0089797-001-771,IMK0000C,1.6,410,220,10,鉄 曲金物 焼付,N9.5 近似色,6,開口210ｘ100 吊り穴,2026/7/28,佐川急便,2026/7/28,,完成,森田,2026/7/23,製造
金城電気商会,九州工場,九州工場,2026/7/21,2026/7/21,26-J0089830-002-771,DKW0000N,1.6,600,200,130,Sﾀﾞｲﾏ 貫通枠,,5,２分割 取付穴 Ｒ加工,2026/7/24,イトカツ,2026/7/28,2026/7/24,完成,服部,2026/7/23,製造
金城電気商会,九州工場,九州工場,2026/7/21,2026/7/21,26-J0089830-001-771,DKW0000N,1.6,500,200,130,Sﾀﾞｲﾏ 貫通枠,,2,２分割 取付穴 Ｒ加工,2026/7/24,イトカツ,2026/7/28,2026/7/24,完成,服部,2026/7/23,製造
大洋電材　本社★,九州工場,九州工場,2026/7/21,2026/7/21,26-J0089832-005-771,SP0000XN,1.5,300,300,300,SUS PBﾄｸ 水切,,1,水抜き穴　落下防止ﾁｪｰﾝ付　脱落防止ねじ  座無ｼｰﾙ付,2026/7/27,北九州配達,2026/7/28,,完成,樋口,2026/7/27,製造
大洋電材　本社★,九州工場,九州工場,2026/7/21,2026/7/21,26-J0089832-004-771,SP0000XN,1.5,250,250,200,SUS PBﾄｸ 水切,,1,水抜き穴　落下防止ﾁｪｰﾝ付　脱落防止ねじ  座無ｼｰﾙ付,2026/7/27,北九州配達,2026/7/28,,完成,樋口,2026/7/27,製造
ナミデン　岡山★,九州工場,九州工場,2026/7/22,2026/7/22,26-J0090033-001-771,SP0000XC,1.5,300,200,200,SUS PBﾄｸ 水切 焼付,N-60 3分ﾂﾔ,1,開口･穴加工ｱﾘ,2026/7/28,福山通運　九州発送,2026/7/28,,完成,古川,2026/7/23,製造
東芝電材　南福岡★,九州工場,九州工場,2026/7/22,2026/7/22,26-J0090058-006-771,SE4040XC,1.5,400,400,400,SUS PB 水切 焼付,2.5Y9/1 近似色,1,ｱｰｽ,2026/7/28,佐川急便,2026/7/28,,完成,古川,2026/7/24,製造
東芝電材　南福岡★,九州工場,九州工場,2026/7/22,2026/7/22,26-J0090058-001-771,BE1510SC,1.6,150,150,100,国土 PB 平 焼付,2.5Y9/1 近似色,4,ｱｰｽ,2026/7/27,佐川急便,2026/7/28,,完成,森田,,加工
東芝電材　南福岡★,九州工場,九州工場,2026/7/22,2026/7/22,26-J0090058-002-771,BE2010SC,1.6,200,200,100,国土 PB 平 焼付,2.5Y9/1 近似色,1,ｱｰｽ,2026/7/27,佐川急便,2026/7/28,,完成,森田,,加工
東芝電材　南福岡★,九州工場,九州工場,2026/7/22,2026/7/22,26-J0090058-003-771,BE5040SC,1.6,500,500,400,国土 PB 平 焼付,2.5Y9/1 近似色,1,ｱｰｽ,2026/7/27,佐川急便,2026/7/28,,完成,森田,2026/7/23,製造
東芝電材　南福岡★,九州工場,九州工場,2026/7/22,2026/7/22,26-J0090058-004-771,SE5040XC,1.5,500,500,400,SUS PB 水切 焼付,2.5Y9/1 近似色,2,ｱｰｽ,2026/7/27,佐川急便,2026/7/28,,完成,森田,2026/7/23,製造
東芝電材　南福岡★,九州工場,九州工場,2026/7/22,2026/7/22,26-J0090058-005-771,SE1515XC,1.5,150,150,150,SUS PB 水切 焼付,2.5Y9/1 近似色,3,ｱｰｽ,2026/7/28,佐川急便,2026/7/28,,完成,古川,2026/7/24,製造
東芝電材　南福岡★,九州工場,九州工場,2026/7/22,2026/7/22,26-J0090059-001-771,SE5050XC,1.5,500,500,500,SUS PB 水切 焼付,2.5Y9/1 近似色,2,ｱｰｽ,2026/7/28,佐川急便,2026/7/28,,完成,古川,2026/7/24,製造
東芝電材　小倉★,九州工場,九州工場,2026/7/22,2026/7/22,26-J0090350-001-771,SE2010WC,1.5,200,200,100,SUS PB 被せ 焼付,2.5Y9/1 近似色,1,ｱｰｽ,2026/7/27,北九州配達,2026/7/28,,完成,森田,2026/7/23,製造
ミューハウス　熊本★,九州工場,九州工場,2026/7/22,2026/7/22,26-J0090385-001-771,IIP0000C,1.6,300,250,0,鉄 ﾌﾟﾚｰﾄ 焼付,5Y7/1 近似色,1,φ5x4穴加工,2026/7/28,佐川急便,2026/7/28,,完成,古川,2026/7/23,製造
ナミデン　岡山★,九州工場,九州工場,2026/7/22,2026/7/22,26-J0090522-001-771,SP0000SN,1.5,"1,100.00",150,300,SUS PBﾄｸ 平,,1,縞鋼板平蓋付 穴加工ｱﾘ ｱﾝｸﾞﾙ補強,2026/7/28,福山通運　九州発送,2026/7/28,,完成,坂元,2026/7/27,製造
東芝電材　小倉★,九州工場,九州工場,2026/7/22,2026/7/22,26-J0090565-002-771,SE2020WC,1.5,200,200,200,SUS PB 被せ 焼付,2.5Y9/1 近似色,1,ｱｰｽ,2026/7/27,北九州配達,2026/7/28,,完成,森田,2026/7/23,製造
東芝電材　小倉★,九州工場,九州工場,2026/7/22,2026/7/22,26-J0090565-001-771,SE2010WC,1.5,200,200,100,SUS PB 被せ 焼付,2.5Y9/1 近似色,3,ｱｰｽ,2026/7/27,北九州配達,2026/7/28,,完成,森田,2026/7/23,製造
栗田電機　松山★,九州工場,九州工場,2026/7/22,2026/7/22,26-J0090588-001-771,SE2020XC,1.5,200,200,200,SUS PB 水切 焼付,5Y7/1(近似色),1,ｱｰｽ,2026/7/28,福山通運　九州発送,2026/7/28,,完成,古川,2026/7/23,製造
オリオン商事　福岡★,九州工場,九州工場,2026/7/22,2026/7/22,26-J0090602-001-771,SE1510XC,1.5,150,150,100,SUS PB 水切 焼付,2.5Y9/1 近似色,1,ｱｰｽ,2026/7/27,ヤマックス福岡,2026/7/28,,完成,森田,,加工
Q-mast　電気グル－プ★,九州工場,九州工場,2026/7/22,2026/7/22,26-J0090623-012-771,IG0000G,0,300,"1,840.00",0,鉄 架台,,7,L50x50x6 さび止め MCｼｮｯﾌﾟ1階ﾚｰｽｳｨｴｲ架台 317-281,2026/7/27,ヤマックス　ｽﾎﾟｯﾄ便,2026/7/28,,完成,樋口,2026/7/24,製造
Q-mast　電気グル－プ★,九州工場,九州工場,2026/7/22,2026/7/22,26-J0090623-010-771,IG0000G,0,550,"1,090.00",0,鉄 架台,,1,L50x50x6 さび止め MCｼｮｯﾌﾟ1階ﾚｰｽｳｨｴｲ架台 352,2026/7/27,ヤマックス　ｽﾎﾟｯﾄ便,2026/7/28,,完成,樋口,2026/7/24,製造
Q-mast　電気グル－プ★,九州工場,九州工場,2026/7/22,2026/7/22,26-J0090623-015-771,IG0000G,0,300,"1,945.00",690,鉄 架台,,2,L50x50x6 さび止め MCｼｮｯﾌﾟ1階ﾚｰｽｳｨｴｲ架台 350.351,2026/7/27,ヤマックス　ｽﾎﾟｯﾄ便,2026/7/28,,完成,樫原,2026/7/24,製造
Q-mast　電気グル－プ★,九州工場,九州工場,2026/7/22,2026/7/22,26-J0090623-009-771,IG0000G,0,300,"1,790.00",0,鉄 架台,,1,L50x50x6 さび止め MCｼｮｯﾌﾟ1階ﾚｰｽｳｨｴｲ架台 353,2026/7/27,ヤマックス　ｽﾎﾟｯﾄ便,2026/7/28,,完成,樋口,2026/7/24,製造
Q-mast　電気グル－プ★,九州工場,九州工場,2026/7/22,2026/7/22,26-J0090623-008-771,IG0000G,0,550,740,0,鉄 架台,,1,L50x50x6 さび止め MCｼｮｯﾌﾟ1階ﾚｰｽｳｨｴｲ架台 246,2026/7/27,ヤマックス　ｽﾎﾟｯﾄ便,2026/7/28,,完成,樋口,2026/7/24,製造
Q-mast　電気グル－プ★,九州工場,九州工場,2026/7/22,2026/7/22,26-J0090623-007-771,IG0000G,0,300,"1,440.00",0,鉄 架台,,4,L50x50x6 さび止め MCｼｮｯﾌﾟ1階ﾚｰｽｳｨｴｲ架台 247-250,2026/7/27,ヤマックス　ｽﾎﾟｯﾄ便,2026/7/28,,完成,樋口,2026/7/24,製造
Q-mast　電気グル－プ★,九州工場,九州工場,2026/7/22,2026/7/22,26-J0090623-006-771,IG0000G,0,300,"1,390.00",0,鉄 架台,,4,L50x50x6 さび止め MCｼｮｯﾌﾟ1階ﾚｰｽｳｨｴｲ架台 356-359,2026/7/27,ヤマックス　ｽﾎﾟｯﾄ便,2026/7/28,,完成,樋口,2026/7/24,製造
Q-mast　電気グル－プ★,九州工場,九州工場,2026/7/22,2026/7/22,26-J0090623-005-771,IG0000G,0,550,340,0,鉄 架台,,1,L50x50x6 さび止め MCｼｮｯﾌﾟ1階ﾚｰｽｳｨｴｲ架台 355,2026/7/27,ヤマックス　ｽﾎﾟｯﾄ便,2026/7/28,,完成,樋口,2026/7/24,製造
Q-mast　電気グル－プ★,九州工場,九州工場,2026/7/22,2026/7/22,26-J0090623-004-771,IG0000G,0,550,290,0,鉄 架台,,1,L50x50x6 さび止め MCｼｮｯﾌﾟ1階ﾚｰｽｳｨｴｲ架台 313,2026/7/27,ヤマックス　ｽﾎﾟｯﾄ便,2026/7/28,,完成,樋口,2026/7/24,製造
Q-mast　電気グル－プ★,九州工場,九州工場,2026/7/22,2026/7/22,26-J0090623-003-771,IG0000G,0,300,"1,040.00",0,鉄 架台,,5,L50x50x6 さび止め MCｼｮｯﾌﾟ1階ﾚｰｽｳｨｴｲ架台 311-354,2026/7/27,ヤマックス　ｽﾎﾟｯﾄ便,2026/7/28,,完成,樋口,2026/7/24,製造
Q-mast　電気グル－プ★,九州工場,九州工場,2026/7/22,2026/7/22,26-J0090623-002-771,IG0000G,0,550,240,0,鉄 架台,,1,L50x50x6 さび止め MCｼｮｯﾌﾟ1階ﾚｰｽｳｨｴｲ架台 245,2026/7/27,ヤマックス　ｽﾎﾟｯﾄ便,2026/7/28,,完成,樋口,2026/7/24,製造
Q-mast　電気グル－プ★,九州工場,九州工場,2026/7/22,2026/7/22,26-J0090623-014-771,IG0000G,0,650,"1,140.00",0,鉄 架台,,2,L50x50x6 さび止め MCｼｮｯﾌﾟ1階ﾚｰｽｳｨｴｲ架台 321.324,2026/7/27,ヤマックス　ｽﾎﾟｯﾄ便,2026/7/28,,完成,樋口,2026/7/24,製造
Q-mast　電気グル－プ★,九州工場,九州工場,2026/7/22,2026/7/22,26-J0090623-013-771,IG0000G,0,790,"1,140.00",0,鉄 架台,,4,L50x50x6 さび止め MCｼｮｯﾌﾟ1階ﾚｰｽｳｨｴｲ架台 319-286,2026/7/27,ヤマックス　ｽﾎﾟｯﾄ便,2026/7/28,,完成,樋口,2026/7/24,製造
Q-mast　電気グル－プ★,九州工場,九州工場,2026/7/22,2026/7/22,26-J0090623-001-771,IG0000G,0,550,140,0,鉄 架台,,1,L50x50x6 さび止め MCｼｮｯﾌﾟ1階ﾚｰｽｳｨｴｲ架台 316,2026/7/27,ヤマックス　ｽﾎﾟｯﾄ便,2026/7/28,,完成,樋口,2026/7/24,製造
Q-mast　電気グル－プ★,九州工場,九州工場,2026/7/22,2026/7/22,26-J0090623-011-771,IG0000G,0,600,"1,090.00",0,鉄 架台,,11,L50x50x6 さび止め MCｼｮｯﾌﾟ1階ﾚｰｽｳｨｴｲ架台 152-165,2026/7/27,ヤマックス　ｽﾎﾟｯﾄ便,2026/7/28,,完成,樋口,2026/7/24,製造
興陽電機　下関★,九州工場,九州工場,2026/7/22,2026/7/22,26-J0090742-001-771,BE0000SC,1.6,250,150,100,国土 PBﾄｸ 平 焼付,2.5Y9/1 近似色,2,ｱｰｽ,2026/7/28,福山通運　九州発送,2026/7/28,,完成,古川,2026/7/23,製造
ナミデン　福岡★,九州工場,九州工場,2026/7/22,2026/7/22,26-J0090960-001-771,ITG0000G,0,"2,097.00","1,110.00",0,鉄 耐震架台,,1,L90x90x7 さび止め 4階冷凍機室･ﾎﾞｲﾗｰ室用 TYPEB 60,2026/7/27,ヤマックス　ｽﾎﾟｯﾄ便,2026/7/28,,完成,森田,2026/7/24,製造
カンサイ　小倉★,九州工場,九州工場,2026/7/22,2026/7/22,26-J0091225-002-771,IIP0000G,1.6,300,200,0,鉄 ﾌﾟﾚｰﾄ,,1,R付開口 φ7x4 φ5x4 さび止め,2026/7/27,北九州配達,2026/7/28,,ｷｬﾝｾﾙ,林(秀),2026/7/24,製造
カンサイ　小倉★,九州工場,九州工場,2026/7/22,2026/7/22,26-J0091225-001-771,IIP0000G,1.6,150,150,0,鉄 ﾌﾟﾚｰﾄ,,2,φ88 φ5x6 さび止め,2026/7/27,北九州配達,2026/7/28,,完成,服部,2026/7/24,製造
オリオン商事　福岡★,九州工場,九州工場,2026/7/22,2026/7/22,26-J0091338-001-771,DDC0000N,1.6,618.2,95,351.6,Sﾀﾞｲﾏ ﾀﾞｸﾄｶﾊﾞｰ,,1,正面・下面・背面全開口 　,2026/7/27,ヤマックス福岡,2026/7/28,,完成,森田,2026/7/27,製造
三共電気　沖縄★,九州工場,九州工場,2026/7/22,2026/7/22,26-J0091343-001-771,IE5050SG,1.6,500,500,500,鉄 PB 平,,2,ｱｰｽ さび止め,2026/7/24,イトカツ,2026/7/28,2026/7/24,完成,倉重,2026/7/23,製造
三親電材　岡山★,九州工場,九州工場,2026/7/22,2026/7/22,26-J0091346-002-771,IE0000WG,1.6,500,400,350,鉄 PBﾄｸ 被せ,,1,ｱｰｽ さび止め,2026/7/28,福山通運　九州発送,2026/7/28,,完成,倉重,2026/7/24,製造
三親電材　山口★,九州工場,九州工場,2026/7/23,2026/7/23,26-J0091443-001-771,BE0000SG,1.6,500,500,400,国土 PBﾄｸ 平,,1,ｱｰｽ  脱落防止ﾁｪｰﾝ付  脱落防止化粧ねじ　さび止め,2026/7/28,佐川急便,2026/7/28,,完成,倉重,2026/7/24,製造
ナミデン　福岡★,九州工場,九州工場,2026/7/23,2026/7/23,26-J0091527-001-771,DKS0000N,1.6,"1,300.00",200,450,Sﾀﾞｲﾏ 貫通ｽﾘｰﾌﾞ,,1,平蓋,2026/7/28,佐川急便,2026/7/28,,完成,服部,2026/7/28,製造
ナミデン　福岡★,九州工場,九州工場,2026/7/23,2026/7/23,26-J0091527-002-771,DKS0000N,1.6,600,200,200,Sﾀﾞｲﾏ 貫通ｽﾘｰﾌﾞ,,1,平蓋,2026/7/28,佐川急便,2026/7/28,,完成,服部,2026/7/28,製造
東芝電材　鹿児島★,九州工場,九州工場,2026/7/23,2026/7/23,26-J0091538-001-771,SE2015XCW,1.5,200,200,150,SUS PB 水切 焼付,5Y7/1 近似色,1,ｱｰｽ 内ﾜﾆｽ,2026/7/28,佐川急便,2026/7/28,,完成,古川,2026/7/24,製造
シンセイ　広島第一★,九州工場,九州工場,2026/7/23,2026/7/23,26-J0091596-001-771,SE0000WN,1.5,500,500,200,SUS PBﾄｸ 被せ,,2,ｱｰｽ/支持棒/足付き　穴加工　2-蝶番,2026/7/28,福山通運　九州発送,2026/7/28,,完成,井上,2026/7/28,製造
東芝電材　福岡★,九州工場,九州工場,2026/7/23,2026/7/23,26-J0091665-001-771,BE0000SG,2.3,900,600,350,国土 PBﾄｸ 平,,2,ｱｰｽ さび止め,2026/7/27,ヤマックス福岡,2026/7/28,,完成,服部,2026/7/24,製造
菱栄電材★,九州工場,九州工場,2026/7/23,2026/7/23,26-J0091814-001-771,IP0000SG,2.3,"1,000.00",500,500,鉄 PBﾄｸ 平,,1,さび止め,2026/7/28,福山通運　九州発送,2026/7/28,,完成,服部,2026/7/27,製造
日本電設資材　福岡★,九州工場,九州工場,2026/7/23,2026/7/23,26-J0092017-001-771,DE3020WN,1.6,300,300,200,Sﾀﾞｲﾏ PB 被せ,,1,ｱｰｽ,2026/7/27,ヤマックス福岡,2026/7/28,,完成,坂元,2026/7/27,製造
かごしま電工　出水★,九州工場,九州工場,2026/7/23,2026/7/23,26-J0092275-002-771,SG0000N,3,300,160,160,SUS 架台,,8,門形 L3x40 穴加工無し,2026/7/28,佐川急便,2026/7/28,,完成,服部,2026/7/28,製造
かごしま電工　出水★,九州工場,九州工場,2026/7/23,2026/7/23,26-J0092275-003-771,SG0000N,3,200,160,160,SUS 架台,,2,門形 L3x40 穴加工無し,2026/7/28,佐川急便,2026/7/28,,完成,服部,2026/7/28,製造
かごしま電工　出水★,九州工場,九州工場,2026/7/23,2026/7/23,26-J0092275-001-771,SG0000N,3,400,160,160,SUS 架台,,1,門形 L3x40 穴加工無し,2026/7/28,佐川急便,2026/7/28,,完成,服部,2026/7/28,製造
興陽電機　岩国★,九州工場,九州工場,2026/7/23,2026/7/23,26-J0092281-001-771,BE0000SG,1.6,250,250,250,国土 PBﾄｸ 平,,1,ｱｰｽ  2-φ160　さび止め,2026/7/28,福山通運　九州発送,2026/7/28,,完成,倉重,2026/7/27,製造
かごしま電工　出水★,九州工場,九州工場,2026/7/23,2026/7/23,26-J0092288-003-771,SG0000N,3,200,160,160,SUS 架台,,2,門形 L3x40 穴加工無し,2026/7/28,佐川急便,2026/7/28,,ｷｬﾝｾﾙ,林(秀),2026/7/28,製造
かごしま電工　出水★,九州工場,九州工場,2026/7/23,2026/7/23,26-J0092288-002-771,SG0000N,3,300,160,160,SUS 架台,,8,門形 L3x40 穴加工無し,2026/7/28,佐川急便,2026/7/28,,ｷｬﾝｾﾙ,林(秀),2026/7/28,製造
かごしま電工　出水★,九州工場,九州工場,2026/7/23,2026/7/23,26-J0092288-001-771,SG0000N,3,400,160,160,SUS 架台,,1,門形 L3x40 穴加工無し,2026/7/28,佐川急便,2026/7/28,,ｷｬﾝｾﾙ,林(秀),2026/7/28,製造
カンサイ　小倉★,九州工場,九州工場,2026/7/23,2026/7/23,26-J0092293-002-771,IIP0000G,1.6,300,200,0,鉄 ﾌﾟﾚｰﾄ,,1,R付開口 φ7x4 φ5x4 さび止め,2026/7/27,北九州配達,2026/7/28,,完成,服部,2026/7/24,製造
三共電気　沖縄★,九州工場,九州工場,2026/7/23,2026/7/23,26-J0092377-001-771,DI0000N,1.6,90,30,0,Sﾀﾞｲﾏ 切板,,36,生地　φ10　　/ﾌﾟﾚｰﾄ(NO.1),2026/7/27,九州航空,2026/7/28,2026/7/27,完成,樋口,2026/7/27,製造
三共電気　沖縄★,九州工場,九州工場,2026/7/23,2026/7/23,26-J0092377-006-771,DI0000N,1.6,395,40,50,Sﾀﾞｲﾏ 切板,,1,生地　φ10x2　　/ﾌﾟﾚｰﾄ(NO.6),2026/7/27,九州航空,2026/7/28,2026/7/27,完成,樋口,2026/7/27,製造
三共電気　沖縄★,九州工場,九州工場,2026/7/23,2026/7/23,26-J0092377-004-771,DI0000N,1.6,90,30,0,Sﾀﾞｲﾏ 切板,,12,生地　φ10　　/ﾌﾟﾚｰﾄ(NO.4),2026/7/27,九州航空,2026/7/28,2026/7/27,完成,樋口,2026/7/27,製造
三共電気　沖縄★,九州工場,九州工場,2026/7/23,2026/7/23,26-J0092377-003-771,DI0000N,1.6,90,30,0,Sﾀﾞｲﾏ 切板,,12,生地　φ10　　/ﾌﾟﾚｰﾄ(NO.3),2026/7/27,九州航空,2026/7/28,2026/7/27,完成,樋口,2026/7/27,製造
三共電気　沖縄★,九州工場,九州工場,2026/7/23,2026/7/23,26-J0092377-002-771,DI0000N,1.6,90,30,0,Sﾀﾞｲﾏ 切板,,20,生地　φ10　　/ﾌﾟﾚｰﾄ(NO.2),2026/7/27,九州航空,2026/7/28,2026/7/27,完成,林,2026/7/27,製造
三共電気　沖縄★,九州工場,九州工場,2026/7/23,2026/7/23,26-J0092377-005-771,DI0000N,1.6,100,30,0,Sﾀﾞｲﾏ 切板,,64,生地　φ10　　/ﾌﾟﾚｰﾄ(NO.5),2026/7/27,九州航空,2026/7/28,2026/7/27,完成,林,2026/7/27,製造
中国機材設備　本社★,九州工場,九州工場,2026/7/23,2026/7/23,26-J0092465-001-771,IKW0000G,1.6,200,120,140,鉄 貫通枠,,1,内耳3方向 穴加工 さび止め,2026/7/28,佐川急便,2026/7/28,,完成,倉重,2026/7/27,製造
さくら電機　鹿児島★,九州工場,九州工場,2026/7/24,2026/7/24,26-J0092607-001-771,BE2510SGW,1.6,250,250,100,国土 PB 平,,1,ｱｰｽ さび止め 内ﾜﾆｽ,2026/7/28,佐川急便,2026/7/28,,完成,服部,2026/7/27,製造
東芝電材　広島★,九州工場,九州工場,2026/7/24,2026/7/24,26-J0092972-001-771,IP0000SG,1.6,600,600,200,鉄 PBﾄｸ 平,,1,さび止め,2026/7/28,福山通運　九州発送,2026/7/28,,完成,服部,2026/7/27,製造
南四国ﾅｼｮﾅﾙ　本社★,九州工場,九州工場,2026/7/24,2026/7/24,26-J0093295-001-771,SP0000XN,1.5,300,200,150,SUS PBﾄｸ 水切,,1,,2026/7/28,福山通運　九州発送,2026/7/28,,完成,服部,2026/7/28,製造
イシグロ　福岡★,九州工場,九州工場,2026/7/24,2026/7/24,26-J0093476-001-771,IG0000G,6,410,120,"3,000.00",鉄 架台,,2,さび止め L65x65x6 PL-9t,2026/7/28,福山通運　九州発送,2026/7/28,,完成,倉重,2026/7/27,製造
シンセイ　広島第二★,九州工場,九州工場,2026/7/27,2026/7/27,26-J0093740-001-771,DP3015SNP,1.6,300,300,150,Sﾀﾞｲﾏ PB 平,,1,ｺﾞﾑﾊﾟｯｷﾝ付,2026/7/28,福山通運　九州発送,2026/7/28,,完成,服部,2026/7/28,製造
ｹｲ･ｴｽ･ﾃﾞｰ　大分★,九州工場,九州工場,2026/7/27,2026/7/27,26-J0094069-001-771,S02000SN,1.5,500,300,0,SUS ふたﾄｸ,,1,平ふた,2026/7/28,佐川急便,2026/7/28,,完成,服部,2026/7/28,製造
東芝電材　出雲★,九州工場,九州工場,2026/7/27,2026/7/27,26-J0094330-001-771,SP4040SN,1.5,400,400,400,SUS PB 平,,1,,2026/7/28,福山通運　九州発送,2026/7/28,,完成,倉重,2026/7/28,製造
岡本電機　三原★,九州工場,九州工場,2026/7/27,2026/7/27,26-J0094646-002-771,SIP0000N,1.5,300,300,0,SUS ﾌﾟﾚｰﾄ,,1,φ12x2,2026/7/28,福山通運　九州発送,2026/7/28,,完成,服部,2026/7/28,製造
岡本電機　三原★,九州工場,九州工場,2026/7/27,2026/7/27,26-J0094646-001-771,SIP0000N,1.5,250,250,0,SUS ﾌﾟﾚｰﾄ,,1,φ12x2 φ5x4,2026/7/28,福山通運　九州発送,2026/7/28,,完成,服部,2026/7/28,製造
木村電機　本社★,九州工場,九州工場,2026/7/27,2026/7/27,26-J0094974-001-771,S02040WN,1.5,400,400,0,SUS ふた,,1,被せふた,2026/7/28,佐川急便,2026/7/28,,完成,倉重,2026/7/28,製造
栗田電機　松山★,九州工場,九州工場,2026/7/7,2026/7/7,26-J0078521-002-771,IIP0000C,1.6,"1,298.00",290,0,鉄 ﾌﾟﾚｰﾄ 焼付,N9.5(近似色),16,L型金物･開口ｱﾘ,2026/7/29,福山通運　九州発送,2026/7/29,,完成,森田,2026/7/27,製造
栗田電機　松山★,九州工場,九州工場,2026/7/7,2026/7/7,26-J0078521-001-771,IIP0000C,1.6,"1,298.00",290,0,鉄 ﾌﾟﾚｰﾄ 焼付,N9.5(近似色),16,L型金物･開口ｱﾘ,2026/7/29,福山通運　九州発送,2026/7/29,,完成,古川,2026/7/24,製造
南四国ﾅｼｮﾅﾙ　本社★,九州工場,九州工場,2026/7/7,2026/7/7,26-J0078595-001-771,IMK0000C,1.6,340,260,50,鉄 曲金物 焼付,N9.5(近似色),20,穴加工ｱﾘ【G1～G5】,2026/7/29,福山通運　九州発送,2026/7/29,,完成,古川,2026/7/24,製造
イシグロ　鹿児島★,九州工場,九州工場,2026/7/8,2026/7/8,26-J0080096-011-771,IG0000G,6,300,65,"2,500.00",鉄 架台,,5,さび止め L-65x65x6t 2-φ15,2026/7/29,福山通運　九州発送,2026/7/29,,完成,古川,2026/7/28,製造
イシグロ　鹿児島★,九州工場,九州工場,2026/7/8,2026/7/8,26-J0080096-001-771,IG0000G,6,300,65,"1,000.00",鉄 架台,,2,さび止め L-65x65x6t 2-φ15,2026/7/29,福山通運　九州発送,2026/7/29,,完成,古川,2026/7/28,製造
イシグロ　鹿児島★,九州工場,九州工場,2026/7/8,2026/7/8,26-J0080096-002-771,IG0000G,6,300,65,"1,700.00",鉄 架台,,2,さび止め L-65x65x6t 2-φ15,2026/7/29,福山通運　九州発送,2026/7/29,,完成,古川,2026/7/28,製造
イシグロ　鹿児島★,九州工場,九州工場,2026/7/8,2026/7/8,26-J0080096-003-771,IG0000G,6,300,65,"1,950.00",鉄 架台,,2,さび止め L-65x65x6t 2-φ15,2026/7/29,福山通運　九州発送,2026/7/29,,完成,古川,2026/7/28,製造
イシグロ　鹿児島★,九州工場,九州工場,2026/7/8,2026/7/8,26-J0080096-004-771,IG0000G,6,300,65,"2,050.00",鉄 架台,,9,さび止め L-65x65x6t 2-φ15,2026/7/29,福山通運　九州発送,2026/7/29,,完成,古川,2026/7/28,製造
イシグロ　鹿児島★,九州工場,九州工場,2026/7/8,2026/7/8,26-J0080096-005-771,IG0000G,6,300,65,"2,150.00",鉄 架台,,5,さび止め L-65x65x6t 2-φ15,2026/7/29,福山通運　九州発送,2026/7/29,,完成,古川,2026/7/28,製造
イシグロ　鹿児島★,九州工場,九州工場,2026/7/8,2026/7/8,26-J0080096-006-771,IG0000G,6,300,65,"2,250.00",鉄 架台,,1,さび止め L-65x65x6t 2-φ15,2026/7/29,福山通運　九州発送,2026/7/29,,完成,古川,2026/7/28,製造
イシグロ　鹿児島★,九州工場,九州工場,2026/7/8,2026/7/8,26-J0080096-007-771,IG0000G,6,300,65,"2,350.00",鉄 架台,,10,さび止め L-65x65x6t 2-φ15,2026/7/29,福山通運　九州発送,2026/7/29,,完成,古川,2026/7/28,製造
イシグロ　鹿児島★,九州工場,九州工場,2026/7/8,2026/7/8,26-J0080096-008-771,IG0000G,6,300,65,"2,550.00",鉄 架台,,6,さび止め L-65x65x6t 2-φ15,2026/7/29,福山通運　九州発送,2026/7/29,,完成,古川,2026/7/28,製造
イシグロ　鹿児島★,九州工場,九州工場,2026/7/8,2026/7/8,26-J0080096-009-771,IG0000G,6,300,65,"2,650.00",鉄 架台,,1,さび止め L-65x65x6t 2-φ15,2026/7/29,福山通運　九州発送,2026/7/29,,完成,古川,2026/7/28,製造
イシグロ　鹿児島★,九州工場,九州工場,2026/7/8,2026/7/8,26-J0080096-010-771,IG0000G,6,300,65,"3,000.00",鉄 架台,,12,さび止め L-65x65x6t 2-φ15,2026/7/29,福山通運　九州発送,2026/7/29,,完成,古川,2026/7/28,製造
アサヒ　本社,九州工場,九州工場,2026/7/13,2026/7/13,26-J0083152-001-771,DD0000N,1.6,800,500,"2,500.00",Sﾀﾞｲﾏ ﾀﾞｸﾄ,,1,本体･被せ蓋３ ｱｰｽ 支持棒 開口 ｺｰｷﾝｸﾞ代 取付穴,2026/7/29,沖縄直送,2026/7/29,,完成,坂元,2026/7/28,製造
アサヒ　本社,九州工場,九州工場,2026/7/13,2026/7/13,26-J0083152-003-771,DD0000N,1.6,"1,500.00",500,950,Sﾀﾞｲﾏ ﾀﾞｸﾄ,,1,本体･被せ蓋２ ｱｰｽ 支持棒 開口 ｺｰｷﾝｸﾞ代 取付穴,2026/7/29,沖縄直送,2026/7/29,,完成,古川,2026/7/28,製造
アサヒ　本社,九州工場,九州工場,2026/7/13,2026/7/13,26-J0083152-002-771,DD0000N,1.6,450,500,950,Sﾀﾞｲﾏ ﾀﾞｸﾄ,,1,被せ蓋 ｱｰｽ 支持棒 開口 ｺｰｷﾝｸﾞ代 取付穴,2026/7/29,沖縄直送,2026/7/29,,完成,坂元,2026/7/28,製造
シンセイ　広島第二★,九州工場,九州工場,2026/7/14,2026/7/14,26-J0084171-002-771,ZG0000,6,784,"1,800.00",350,ZN 架台,,1,L6x50 φ12x6 長穴x4,2026/7/28,福山通運　九州発送,2026/7/29,,完成,倉重,2026/7/21,製造
シンセイ　広島第二★,九州工場,九州工場,2026/7/14,2026/7/14,26-J0084171-001-771,ZG0000,6,"1,200.00","1,800.00",350,ZN 架台,,1,L6x50 φ12x6 長穴x4,2026/7/28,福山通運　九州発送,2026/7/29,,完成,倉重,2026/7/21,製造
シンセイ　広島第二★,九州工場,九州工場,2026/7/14,2026/7/14,26-J0084171-003-771,ZG0000,6,709,"1,800.00",350,ZN 架台,,2,L6x50 φ12x6 長穴x4,2026/7/28,福山通運　九州発送,2026/7/29,,完成,倉重,2026/7/21,製造
エスエヌデー★,九州工場,九州工場,2026/7/14,2026/7/14,26-J0084724-001-771,ZIP0000,2.3,500,150,0,ZN ﾌﾟﾚｰﾄ,,15,HDZT-49 穴加工ｱﾘ,2026/7/29,福山通運　九州発送,2026/7/29,,完成,倉重,2026/7/22,製造
興陽電機　福岡西★,九州工場,九州工場,2026/7/14,2026/7/14,26-J0084831-001-771,ZG0000,0,900,700,"1,600.00",ZN 架台,,1,L-50x50x6t　角ﾊﾟｲﾌﾟ100角(2.3t),2026/7/28,ヤマックス福岡,2026/7/29,,完成,倉重,2026/7/21,製造
大洋電材　本社★,九州工場,九州工場,2026/7/15,2026/7/15,26-J0085135-002-771,ZG0000,0,350,180,0,ZN 架台,,7,HDZT63 L-40x40x3t　D1（M10ねじ止め）,2026/7/28,北九州配達,2026/7/29,,完成,古川,2026/7/21,製造
大洋電材　本社★,九州工場,九州工場,2026/7/15,2026/7/15,26-J0085135-001-771,ZG0000,0,300,180,0,ZN 架台,,4,HDZT63 L-40x40x3t　D1（M10ねじ止め）,2026/7/28,北九州配達,2026/7/29,,完成,古川,2026/7/21,製造
カンサイエコプラス　山口★,九州工場,九州工場,2026/7/15,2026/7/15,26-J0086023-001-771,ZE4020X2C,2.3,400,400,200,ZN PB 水切 焼付,5Y7/1 近似色,1,ｱｰｽ,2026/7/29,福山通運　九州発送,2026/7/29,,完成,古川,2026/7/17,製造
イシグロ　福岡★,九州工場,九州工場,2026/7/15,2026/7/15,26-J0086056-001-771,ZG0000,6,300,50,"2,800.00",ZN 架台,,5,SS-L-50x50x6t　穴加工,2026/7/29,福山通運　九州発送,2026/7/29,,完成,倉重,2026/7/22,製造
東芝電材　松江★,九州工場,九州工場,2026/7/15,2026/7/15,26-J0086128-001-771,ZE0000XA,2.3,300,300,300,ZN PBﾄｸ 水切,,1,HDZT56 ｱｰｽ 足付L3x40Φ12 ｶｯﾌﾟﾘﾝｸﾞ･穴加工ｱﾘ,2026/7/29,福山通運　九州発送,2026/7/29,,完成,倉重,2026/7/21,製造
東芝電材　松江★,九州工場,九州工場,2026/7/15,2026/7/15,26-J0086128-002-771,ZE0000XA,2.3,300,300,300,ZN PBﾄｸ 水切,,3,HDZT56 ｱｰｽ 足付L3x40Φ12 ｶｯﾌﾟﾘﾝｸﾞ･穴加工ｱﾘ,2026/7/29,福山通運　九州発送,2026/7/29,,完成,倉重,2026/7/21,製造
シンセイ　岡山★,九州工場,九州工場,2026/7/16,2026/7/16,26-J0086608-001-771,ZE0000XA,2.3,500,500,300,ZN PBﾄｸ 水切,,2,HDZT-49 ｱｰｽ 足付L6x50Φ15(位置指定),2026/7/29,福山通運　九州発送,2026/7/29,,完成,倉重,2026/7/22,製造
シンセイ　岡山★,九州工場,九州工場,2026/7/16,2026/7/16,26-J0086608-002-771,ZE0000XA,2.3,500,500,500,ZN PBﾄｸ 水切,,2,HDZT-49 ｱｰｽ 足付L6x50Φ15(位置指定),2026/7/29,福山通運　九州発送,2026/7/29,,完成,倉重,2026/7/22,製造
さくら電機　鹿屋★,九州工場,九州工場,2026/7/16,2026/7/16,26-J0086878-002-771,SE2010XCW,1.5,200,200,100,SUS PB 水切 焼付,21-80F 近似色,2,ｱｰｽ 内ﾜﾆｽ,2026/7/29,佐川急便,2026/7/29,,完成,古川,2026/7/21,製造
さくら電機　鹿屋★,九州工場,九州工場,2026/7/16,2026/7/16,26-J0086878-001-771,BP0000SCW,1.6,300,150,200,国土 PBﾄｸ 平 焼付,21-80F 近似色,1,ｱｰｽ無し 落下防止ﾁｪｰﾝ 内ﾜﾆｽ,2026/7/29,佐川急便,2026/7/29,,完成,古川,2026/7/22,製造
ナミデン　山口★,九州工場,九州工場,2026/7/17,2026/7/17,26-J0087601-001-771,ZE4040X2A,2.3,400,400,400,ZN PB 水切,,2,ｱｰｽ 足付 L4x50(φ12)x4,2026/7/29,福山通運　九州発送,2026/7/29,,完成,倉重,2026/7/22,製造
ナミデン　山口★,九州工場,九州工場,2026/7/17,2026/7/17,26-J0087601-002-771,ZE3030X2A,2.3,300,300,300,ZN PB 水切,,1,ｱｰｽ 足付 L3x40(φ12)x4,2026/7/29,福山通運　九州発送,2026/7/29,,完成,倉重,2026/7/22,製造
東芝電材　松江★,九州工場,九州工場,2026/7/17,2026/7/17,26-J0087961-002-771,IP0000SG,1.6,170,150,100,鉄 PBﾄｸ 平,,1,さび止め,2026/7/29,福山通運　九州発送,2026/7/29,,完成,古川,2026/7/28,製造
東芝電材　松江★,九州工場,九州工場,2026/7/17,2026/7/17,26-J0087961-001-771,IP0000SG,1.6,230,150,100,鉄 PBﾄｸ 平,,1,さび止め,2026/7/29,福山通運　九州発送,2026/7/29,,完成,古川,2026/7/28,製造
正和電材　佐世保★,九州工場,九州工場,2026/7/17,2026/7/17,26-J0088145-001-771,IIP0000C,1.6,460,400,0,鉄 ﾌﾟﾚｰﾄ 焼付,2.5Y9/1 近似色,1,開口有り φ8x6,2026/7/24,佐川急便,2026/7/29,,完成,古川,2026/7/21,製造
かごしま電工　奄美★,九州工場,九州工場,2026/7/17,2026/7/17,26-J0088398-002-771,SG0000N,2,60,150,85,SUS 架台,,60,/30/40 前室照明架台 φ13x4 φ10x4,2026/7/28,佐川急便,2026/7/29,,完成,服部,2026/7/28,製造
平岡電気　福岡東★,九州工場,九州工場,2026/7/21,2026/7/21,26-J0088733-001-771,ZE2010X2,2.3,200,200,100,ZN PB 水切,,2,ｱｰｽ,2026/7/28,ヤマックス福岡,2026/7/29,,完成,古川,2026/7/22,製造
さくら電機　鹿屋★,九州工場,九州工場,2026/7/21,2026/7/21,26-J0088973-002-771,ZE0000X,2.3,250,250,350,ZN PBﾄｸ 水切,,1,ｱｰｽ側面,2026/7/29,佐川急便,2026/7/29,,完成,倉重,2026/7/22,製造
さくら電機　鹿屋★,九州工場,九州工場,2026/7/21,2026/7/21,26-J0088973-003-771,ZE2015X2,2.3,200,200,150,ZN PB 水切,,2,ｱｰｽ,2026/7/29,佐川急便,2026/7/29,,完成,倉重,2026/7/22,製造
さくら電機　鹿屋★,九州工場,九州工場,2026/7/21,2026/7/21,26-J0088973-001-771,ZE0000X,2.3,300,300,350,ZN PBﾄｸ 水切,,1,ｱｰｽ,2026/7/29,佐川急便,2026/7/29,,完成,倉重,2026/7/22,製造
さくら電機　鹿屋★,九州工場,九州工場,2026/7/21,2026/7/21,26-J0088983-001-771,IP0000SG,1.6,100,100,200,鉄 PBﾄｸ 平,,2,さび止め,2026/7/29,佐川急便,2026/7/29,,完成,倉重,2026/7/28,製造
シンセイ　広島第二★,九州工場,九州工場,2026/7/21,2026/7/21,26-J0089100-001-771,BIP0000C,1.6,240,130,0,処理鋼板 ﾌﾟﾚｰﾄ 焼付,2.5Y9/1 近似色,1,φ30 φ5x4,2026/7/29,福山通運　九州発送,2026/7/29,,完成,古川,2026/7/22,製造
ｹｲ･ｴｽ･ﾃﾞｰ　熊本★,九州工場,九州工場,2026/7/21,2026/7/21,26-J0089218-001-771,SE0000XN,1.5,400,400,250,SUS PBﾄｸ 水切,,1,ｱｰｽ,2026/7/29,佐川急便,2026/7/29,,完成,服部,2026/7/29,製造
正和電材　佐世保★,九州工場,九州工場,2026/7/21,2026/7/21,26-J0089288-001-771,ZE4040X2,2.3,400,400,400,ZN PB 水切,,8,HDZT49 ｱｰｽ,2026/7/29,佐川急便,2026/7/29,,完成,倉重,2026/7/22,製造
ｹｲ･ｴｽ･ﾃﾞｰ　鹿児島★,九州工場,九州工場,2026/7/21,2026/7/21,26-J0089379-001-771,IDC0000C,1.6,400,160,700,鉄 ﾀﾞｸﾄｶﾊﾞｰ 焼付,5Y7/1 近似色,1,コ型ｶﾊﾞｰ　平蓋　下面4-φ12,2026/7/29,佐川急便,2026/7/29,,完成,古川,2026/7/24,製造
八州電気工業　岡山★,九州工場,九州工場,2026/7/21,2026/7/21,26-J0089796-001-771,IIP0000C,1.6,"1,335.00",320,0,鉄 ﾌﾟﾚｰﾄ 焼付,5Y7/1(近似色),1,開口･穴加工ｱﾘ,2026/7/29,福山通運　九州発送,2026/7/29,,完成,古川,2026/7/24,製造
宮地電機　南予,九州工場,九州工場,2026/7/21,2026/7/21,26-J0089872-001-771,SD0000N,1.5,500,300,650,SUS ﾀﾞｸﾄ,,1,/300/200 WP 支持棒付,2026/7/29,福山通運　九州発送,2026/7/29,,完成,服部,2026/7/29,製造
かごしま電工　国分★,九州工場,九州工場,2026/7/22,2026/7/22,26-J0090740-001-771,BE2510SCW,1.6,250,250,100,国土 PB 平 焼付,2.5Y9/1 近似色,2,ｱｰｽ  内ﾜﾆｽ,2026/7/29,佐川急便,2026/7/29,,完成,古川,2026/7/23,製造
木村電機　本社★,九州工場,九州工場,2026/7/22,2026/7/22,26-J0091020-001-771,SE5030XC,1.5,500,500,300,SUS PB 水切 焼付,5Y7/1 近似色,1,ｱｰｽ,2026/7/29,佐川急便,2026/7/29,,完成,古川,2026/7/24,製造
ｹｲ･ｴｽ･ﾃﾞｰ　鹿児島★,九州工場,九州工場,2026/7/22,2026/7/22,26-J0091164-001-771,BE2520SC,1.6,250,250,200,国土 PB 平 焼付,2.5Y9/1 近似色,4,ｱｰｽ,2026/7/29,佐川急便,2026/7/29,,完成,古川,2026/7/24,製造
かごしま電工　南★,九州工場,九州工場,2026/7/22,2026/7/22,26-J0091355-001-771,BE2015SC,1.6,200,200,150,国土 PB 平 焼付,2.5Y9/1 近似色,2,ｱｰｽ,2026/7/29,佐川急便,2026/7/29,,完成,古川,,加工
かごしま電工　南★,九州工場,九州工場,2026/7/22,2026/7/22,26-J0091355-002-771,BP2010SC,1.6,200,200,100,国土 PB 平 焼付,2.5Y9/1 近似色,1,ｱｰｽ無,2026/7/29,佐川急便,2026/7/29,,完成,古川,2026/7/24,製造
かごしま電工　南★,九州工場,九州工場,2026/7/22,2026/7/22,26-J0091355-003-771,BE0000SC,1.6,300,200,100,国土 PBﾄｸ 平 焼付,2.5Y9/1 近似色,1,ｱｰｽ  蓋200ｘ200,2026/7/29,佐川急便,2026/7/29,,完成,古川,2026/7/24,製造
ｹｲ･ｴｽ･ﾃﾞｰ　鹿児島★,九州工場,九州工場,2026/7/23,2026/7/23,26-J0091471-002-771,IIP0000C,1.6,230,150,0,鉄 ﾌﾟﾚｰﾄ 焼付,N1 近似色,1,開口96x66 4-φ5,2026/7/29,佐川急便,2026/7/29,,完成,古川,2026/7/24,製造
ｹｲ･ｴｽ･ﾃﾞｰ　鹿児島★,九州工場,九州工場,2026/7/23,2026/7/23,26-J0091471-001-771,IIP0000C,1.6,230,200,0,鉄 ﾌﾟﾚｰﾄ 焼付,N1 近似色,1,開口92.5x92.5 開口22x22 2-M3ﾀｯﾌﾟ 4-φ5,2026/7/29,佐川急便,2026/7/29,,完成,古川,2026/7/24,製造
ｹｲ･ｴｽ･ﾃﾞｰ　鹿児島★,九州工場,九州工場,2026/7/23,2026/7/23,26-J0091471-003-771,IIP0000C,1.6,230,150,0,鉄 ﾌﾟﾚｰﾄ 焼付,N1 近似色,1,4-φ26 φ4 φ10 4-φ5,2026/7/29,佐川急便,2026/7/29,,完成,古川,2026/7/24,製造
カンサイ南九州社★,九州工場,九州工場,2026/7/23,2026/7/23,26-J0092132-001-771,BE3030SC,1.6,300,300,300,国土 PB 平 焼付,2.5Y9/1 近似色,1,ｱｰｽ,2026/7/29,佐川急便,2026/7/29,,完成,古川,2026/7/24,製造
宮地電機　徳島,九州工場,九州工場,2026/7/23,2026/7/23,26-J0092133-001-771,SP0000WN,1.5,700,500,500,SUS PBﾄｸ 被せ,,1,,2026/7/29,福山通運　九州発送,2026/7/29,,完成,倉重,2026/7/29,製造
宮地電機　徳島,九州工場,九州工場,2026/7/23,2026/7/23,26-J0092133-003-771,SP0000WN,1.5,700,350,350,SUS PBﾄｸ 被せ,,1,,2026/7/29,福山通運　九州発送,2026/7/29,,完成,倉重,2026/7/29,製造
宮地電機　徳島,九州工場,九州工場,2026/7/23,2026/7/23,26-J0092133-002-771,SP0000WN,1.5,700,500,300,SUS PBﾄｸ 被せ,,1,,2026/7/29,福山通運　九州発送,2026/7/29,,完成,倉重,2026/7/29,製造
三親電材　岡山★,九州工場,九州工場,2026/7/23,2026/7/23,26-J0092487-001-771,SIP0000N,3,150,85,0,SUS ﾌﾟﾚｰﾄ,,2,C5x4 穴加工ｱﾘ 2分割,2026/7/29,福山通運　九州発送,2026/7/29,,完成,服部,2026/7/29,製造
東芝電材　福岡★,九州工場,九州工場,2026/7/24,2026/7/24,26-J0092617-001-771,DE0000XN,1.6,200,200,200,Sﾀﾞｲﾏ PBﾄｸ 水切,,1,ｱｰｽ,2026/7/28,ヤマックス福岡,2026/7/29,,完成,坂元,2026/7/28,製造
米良電機　宮崎★,九州工場,九州工場,2026/7/24,2026/7/24,26-J0092643-001-771,BE1010XC,1.6,100,100,100,国土 PB 水切 焼付,2.5Y9/1 近似色,1,ｱｰｽ,2026/7/29,佐川急便,2026/7/29,,完成,古川,2026/7/24,製造
ナミデン　福岡★,九州工場,九州工場,2026/7/24,2026/7/24,26-J0092754-001-771,ITG0000G,0,"1,080.00","2,060.00",0,鉄 耐震架台,,1,L90x90x7t さび止め 4階 冷凍機室・ﾎﾞｲﾗｰ室 62,2026/7/28,ヤマックス　ｽﾎﾟｯﾄ便,2026/7/29,,完成,倉重,2026/7/27,製造
宮地電機　南予,九州工場,九州工場,2026/7/24,2026/7/24,26-J0093037-003-771,SMK0000N,1.5,213,60,20,SUS 曲金物,,1,蓋帯,2026/7/29,福山通運　九州発送,2026/7/29,,完成,服部,2026/7/29,製造
宮地電機　南予,九州工場,九州工場,2026/7/24,2026/7/24,26-J0093037-001-771,SD2015JT,1.5,195,100,140,SUS ｼﾞｮｲﾝﾄ金具,,1,,2026/7/29,福山通運　九州発送,2026/7/29,,完成,服部,2026/7/29,製造
東芝電材　筑後★,九州工場,九州工場,2026/7/24,2026/7/24,26-J0093562-002-771,SMK0000N,3,800,200,40,SUS 曲金物,,3,三角ﾌﾞﾗｹｯﾄ　9-長穴　2-R15,2026/7/29,佐川急便,2026/7/29,,完成,樋口,2026/7/29,製造
さくら電機　志布志★,九州工場,九州工場,2026/7/27,2026/7/27,26-J0093752-001-771,IP0000SG,1.6,695,440,165,鉄 PBﾄｸ 平,,1,さび止め,2026/7/29,佐川急便,2026/7/29,,完成,古川,2026/7/28,製造
カンサイ　西★,九州工場,九州工場,2026/7/27,2026/7/27,26-J0093784-001-771,S02060WN,1.5,600,600,0,SUS ふた,,1,被せふた,2026/7/28,ヤマックス福岡,2026/7/29,,完成,古川,2026/7/28,製造
カンサイ　電設★,九州工場,九州工場,2026/7/27,2026/7/27,26-J0094082-001-771,IG0000G,0,70,0,0,鉄 架台,,30,さび止め C75x40x5x7,2026/7/28,ヤマックス　ｽﾎﾟｯﾄ便,2026/7/29,,完成,服部,2026/7/27,製造
カンサイ　西★,九州工場,九州工場,2026/7/27,2026/7/27,26-J0094127-001-771,DIP0000N,1.6,300,300,0,Sﾀﾞｲﾏ ﾌﾟﾚｰﾄ,,1,生地　ﾊﾟｯｷﾝ付,2026/7/28,ヤマックス福岡,2026/7/29,,完成,服部,2026/7/28,製造
カンサイ九州昭和　北九州★,九州工場,九州工場,2026/7/27,2026/7/27,26-J0094213-001-771,DE2010WN,1.6,200,200,100,Sﾀﾞｲﾏ PB 被せ,,1,ｱｰｽ,2026/7/28,北九州配達,2026/7/29,,完成,服部,2026/7/28,製造
Q-mast　電気グル－プ★,九州工場,九州工場,2026/7/27,2026/7/27,26-J0094288-001-771,IKW0000G,1.6,400,200,215,鉄 貫通枠,,1,さび止め L-30x30x3t,2026/7/29,ヤマックス　ｽﾎﾟｯﾄ便,2026/7/29,,完成,服部,2026/7/28,製造
三親電材　広島★,九州工場,九州工場,2026/7/27,2026/7/27,26-J0094476-001-771,IG0000G,0,"1,950.00",150,0,鉄 架台,,1,さび止め L50x50x6t （L)(R)セット,2026/7/29,福山通運　九州発送,2026/7/29,,完成,倉重,2026/7/28,製造
三親電材　水島★,九州工場,九州工場,2026/7/27,2026/7/27,26-J0094583-001-771,SE0000XN,1.5,600,400,350,SUS PBﾄｸ 水切,,1,ｱｰｽ,2026/7/29,福山通運　九州発送,2026/7/29,,完成,坂元,2026/7/29,製造
東芝電材　小倉★,九州工場,九州工場,2026/7/27,2026/7/27,26-J0094679-001-771,SP5050XN,1.5,500,500,500,SUS PB 水切,,1,,2026/7/28,北九州配達,2026/7/29,,完成,古川,2026/7/28,製造
暁電業　岡山本社★,九州工場,九州工場,2026/7/27,2026/7/27,26-J0094687-001-771,SP0000WN,1.5,600,600,200,SUS PBﾄｸ 被せ,,1,,2026/7/29,福山通運　九州発送,2026/7/29,,完成,服部,2026/7/29,製造
平岡電気　福岡南★,九州工場,九州工場,2026/7/27,2026/7/27,26-J0094710-001-771,IKM0000G,1.6,160,25,75,鉄 金物,,1,さび止め 2-M4ﾀｯﾌﾟ　2-φ6,2026/7/29,ヤマックス福岡,2026/7/29,,完成,服部,2026/7/28,製造
佐野電機工業,九州工場,九州工場,2026/7/27,2026/7/27,26-J0094755-001-771,SP6040XN,1.5,600,600,400,SUS PB 水切,,1,,2026/7/29,福山通運　九州発送,2026/7/29,,完成,坂元,2026/7/29,製造
東芝電材　中津★,九州工場,九州工場,2026/7/27,2026/7/27,26-J0094776-001-771,IP0000SG,1.6,300,200,100,鉄 PBﾄｸ 平,,1,さび止め,2026/7/29,佐川急便,2026/7/29,,完成,服部,2026/7/28,製造
日本電設資材　福岡★,九州工場,九州工場,2026/7/27,2026/7/27,26-J0094791-001-771,IAI0000G,3,40,40,"4,000.00",鉄 ｱﾝｸﾞﾙ,,6,さび止め L40x40x3t,2026/7/29,福山通運　九州発送,2026/7/29,,完成,倉重,2026/7/28,製造
ナミデン　広島★,九州工場,九州工場,2026/7/27,2026/7/27,26-J0094867-001-771,IE0000SG,1.6,300,200,150,鉄 PBﾄｸ 平,,1,ｱｰｽ さび止め,2026/7/29,佐川急便,2026/7/29,,完成,服部,2026/7/28,製造
東芝電材　熊本★,九州工場,九州工場,2026/7/28,2026/7/28,26-J0095119-001-771,SE5020XN,1.5,500,500,200,SUS PB 水切,,1,ｱｰｽ,2026/7/29,佐川急便,2026/7/29,,完成,服部,2026/7/29,製造
興陽電機　岩国★,九州工場,九州工場,2026/7/28,2026/7/28,26-J0095288-001-771,BE3030XG,1.6,300,300,300,国土 PB 水切,,1,ｱｰｽ さび止め,2026/7/29,福山通運　九州発送,2026/7/29,,完成,服部,2026/7/28,製造
興陽電機　岩国★,九州工場,九州工場,2026/7/28,2026/7/28,26-J0095288-002-771,BE2015XG,1.6,200,200,150,国土 PB 水切,,1,ｱｰｽ さび止め,2026/7/29,福山通運　九州発送,2026/7/29,,完成,服部,2026/7/28,製造
ウチダ★,九州工場,九州工場,2026/7/28,2026/7/28,26-J0095469-001-771,DP2020WN,1.6,200,200,200,Sﾀﾞｲﾏ PB 被せ,,1,,2026/7/29,福山通運　九州発送,2026/7/29,,完成,古川,2026/7/29,製造
木村電機　本社★,九州工場,九州工場,2026/7/28,2026/7/28,26-J0095631-001-771,SE4040SN,1.5,400,400,400,SUS PB 平,,2,ｱｰｽ,2026/7/29,佐川急便,2026/7/29,,完成,樋口,2026/7/29,製造
木村電機　本社★,九州工場,九州工場,2026/7/28,2026/7/28,26-J0095640-001-771,SE2520SN,1.5,250,250,200,SUS PB 平,,2,ｱｰｽ,2026/7/29,佐川急便,2026/7/29,,完成,樋口,2026/7/29,製造
東芝電材　宮崎★,九州工場,九州工場,2026/7/29,2026/7/29,26-J0096384-002-771,SE0000WN,1.5,300,200,150,SUS PBﾄｸ 被せ,,1,ｱｰｽ,2026/7/29,福山通運　九州発送,2026/7/29,,完成,服部,2026/7/29,製造
東芝電材　宮崎★,九州工場,九州工場,2026/7/29,2026/7/29,26-J0096384-001-771,SE0000WN,1.5,400,250,200,SUS PBﾄｸ 被せ,,1,ｱｰｽ,2026/7/29,福山通運　九州発送,2026/7/29,,完成,服部,2026/7/29,製造
三共電気　東★,九州工場,九州工場,2026/7/29,2026/7/29,26-J0096447-001-771,IG0000G,0,390,0,0,鉄 架台,,1,さび止め C75x40x5x7,2026/7/29,福山通運　九州発送,2026/7/29,,完成,服部,2026/7/29,製造
イシグロ　宮崎★,九州工場,九州工場,2026/7/29,2026/7/29,26-J0096681-001-771,30PLA,0,0,0,0,補修塗料 筆付,2.5Y9/1 近似色,1,ﾌﾟﾗ30ml,2026/7/29,佐川急便,2026/7/29,,完成,古川,,製造
三親電材　米子★,九州工場,九州工場,2026/6/26,2026/6/26,26-J0070859-001-771,ZE0000XA,2.3,200,200,200,ZN PBﾄｸ 水切,,9,HDZT56 ｱｰｽ 足付L5x40Φ12 ｶｯﾌﾟﾘﾝｸﾞ･穴加工ｱﾘ【P19】,2026/7/29,福山通運　九州発送,2026/7/30,,完成,金光,2026/7/17,製造
三親電材　米子★,九州工場,九州工場,2026/6/26,2026/6/26,26-J0070864-001-771,ZE0000XA,2.3,200,200,200,ZN PBﾄｸ 水切,,9,HDZT56 ｱｰｽ 足付L5x40Φ12 ｶｯﾌﾟﾘﾝｸﾞ･穴加工ｱﾘ【P19】,2026/7/30,福山通運　九州発送,2026/7/30,,完成,金光,2026/7/21,製造
南四国ﾅｼｮﾅﾙ　本社★,九州工場,九州工場,2026/7/7,2026/7/7,26-J0078599-001-771,IMK0000C,1.6,340,260,50,鉄 曲金物 焼付,N9.5(近似色),20,穴加工ｱﾘ【G1～G5】,2026/7/30,福山通運　九州発送,2026/7/30,,完成,古川,2026/7/27,製造
カンサイ　電設★,九州工場,九州工場,2026/7/15,2026/7/15,26-J0085750-001-771,ZG0000,6.5,"2,900.00",75,150,ZN 架台,,1,SS-C-6.5x75x150　PL-6t　穴加工　左右＝1セット,2026/7/30,チャーター便,2026/7/30,,完成,金光,2026/7/23,製造
カンサイ　電設★,九州工場,九州工場,2026/7/15,2026/7/15,26-J0085750-003-771,ZG0000,0,"1,890.00",295,900,ZN 架台,,1,SS-L-65x65x6t　縞鋼板-4.5t　Sダイマ-1.6t　LA付,2026/7/30,チャーター便,2026/7/30,,完成,金光,2026/7/23,製造
カンサイ　電設★,九州工場,九州工場,2026/7/15,2026/7/15,26-J0085750-002-771,ZC0000,2.3,"1,890.00",145,95,ZN ｶﾊﾞｰ,,1,SPHC-2.3t　穴加工,2026/7/30,チャーター便,2026/7/30,,完成,金光,2026/7/23,製造
カンサイ　西★,九州工場,九州工場,2026/7/16,2026/7/16,26-J0086406-003-771,DKW0000N,1.6,500,200,150,Sﾀﾞｲﾏ 貫通枠,,2,蓋付,2026/7/28,ヤマックス福岡,2026/7/30,,完成,古川,2026/7/28,製造
カンサイ　西★,九州工場,九州工場,2026/7/16,2026/7/16,26-J0086406-002-771,DKW0000N,1.6,400,200,150,Sﾀﾞｲﾏ 貫通枠,,2,蓋付,2026/7/28,ヤマックス福岡,2026/7/30,,完成,古川,2026/7/28,製造
カンサイ　西★,九州工場,九州工場,2026/7/16,2026/7/16,26-J0086406-005-771,DKW0000N,1.6,750,200,150,Sﾀﾞｲﾏ 貫通枠,,3,蓋付,2026/7/29,ヤマックス福岡,2026/7/30,,完成,古川,2026/7/29,製造
カンサイ　西★,九州工場,九州工場,2026/7/16,2026/7/16,26-J0086406-001-771,DKW0000N,1.6,700,200,150,Sﾀﾞｲﾏ 貫通枠,,2,蓋付,2026/7/28,ヤマックス福岡,2026/7/30,,完成,古川,2026/7/28,製造
カンサイ　西★,九州工場,九州工場,2026/7/16,2026/7/16,26-J0086406-004-771,DKW0000N,1.6,600,200,150,Sﾀﾞｲﾏ 貫通枠,,2,蓋付,2026/7/29,ヤマックス福岡,2026/7/30,,完成,古川,2026/7/29,製造
大洋電材　本社★,九州工場,九州工場,2026/7/16,2026/7/16,26-J0086976-004-771,ZG0000,0,380,180,0,ZN 架台,,15,L-40x40x3t　D1（M10ねじ止め）,2026/7/29,北九州配達,2026/7/30,,完成,倉重,2026/7/22,製造
三親電材　福山★,九州工場,九州工場,2026/7/16,2026/7/16,26-J0087240-001-771,IG0000C,6,703.2,363.2,200,鉄 架台 焼付,5Y7/1 近似色,1,L6x50 FB6x50 上φ15x4 下φ15x6,2026/7/30,福山通運　九州発送,2026/7/30,,完成,古川,2026/7/24,製造
平岡電気　大牟田★,九州工場,九州工場,2026/7/17,2026/7/17,26-J0088178-001-771,IP0000SC,1.6,900,650,160,鉄 PBﾄｸ 平 焼付,10YR8.5/0.5 近似色,6,蓋890x640 φ12x4,2026/7/30,佐川急便,2026/7/30,,完成,古川,2026/7/23,製造
平岡電材　玉名★,九州工場,九州工場,2026/7/17,2026/7/17,26-J0088187-001-771,ZG0000,4,700,225,500,ZN 架台,,1,L4x50 φ12x4 φ14x4,2026/7/30,佐川急便,2026/7/30,,完成,倉重,2026/7/22,製造
かごしま電工　奄美★,九州工場,九州工場,2026/7/17,2026/7/17,26-J0088400-001-771,SG0000N,2,150,150,85,SUS 架台,,60,/30/30 前室照明架台 φ13x4 φ10x4,2026/7/29,佐川急便,2026/7/30,,完成,樋口,2026/7/29,製造
カンサイ　日進商会★,九州工場,九州工場,2026/7/21,2026/7/21,26-J0088548-001-771,IC0000C,3.2,470,406.4,825,鉄 ｶﾊﾞｰ 焼付,N5.5 全ﾂﾔ 近似色,1,ﾄﾗﾝｽｶﾊﾞｰ　蓋ｱｸﾘﾙ板,2026/7/29,北九州配達,2026/7/30,,完成,古川,2026/7/24,製造
デンザイ東亜　本社★,九州工場,九州工場,2026/7/21,2026/7/21,26-J0088842-001-771,IKM0000C,1.6,200,300,200,鉄 金物 焼付,2.5Y9/1 近似色,1,4-φ10 取手丸棒φ9曲げ,2026/7/29,佐川急便,2026/7/30,,完成,古川,2026/7/24,製造
米良電機　宮崎★,九州工場,九州工場,2026/7/21,2026/7/21,26-J0089233-004-771,BE1510SC,1.6,150,150,100,国土 PB 平 焼付,2.5Y9/1 近似色,7,ｱｰｽ,2026/7/30,佐川急便,2026/7/30,,完成,古川,,加工
米良電機　宮崎★,九州工場,九州工場,2026/7/21,2026/7/21,26-J0089233-003-771,BE2020SC,1.6,200,200,200,国土 PB 平 焼付,2.5Y9/1 近似色,1,ｱｰｽ,2026/7/30,佐川急便,2026/7/30,,完成,古川,,加工
米良電機　宮崎★,九州工場,九州工場,2026/7/21,2026/7/21,26-J0089233-002-771,SE2020XC,1.5,200,200,200,SUS PB 水切 焼付,2.5Y9/1 近似色,1,ｱｰｽ,2026/7/30,佐川急便,2026/7/30,,完成,古川,,加工
米良電機　宮崎★,九州工場,九州工場,2026/7/21,2026/7/21,26-J0089233-001-771,SE3030XC,1.5,300,300,300,SUS PB 水切 焼付,2.5Y9/1 近似色,1,ｱｰｽ,2026/7/30,佐川急便,2026/7/30,,完成,古川,2026/7/27,製造
正和電材　諫早★,九州工場,九州工場,2026/7/21,2026/7/21,26-J0089309-001-771,ZE6060S3,3.2,600,600,600,ZN PB 平,,1,ｱｰｽ,2026/7/30,福山通運　九州発送,2026/7/30,,完成,倉重,2026/7/23,製造
三共電気　本社★,九州工場,九州工場,2026/7/21,2026/7/21,26-J0089618-001-771,IDC0000C,1.6,192,200,"2,800.00",鉄 ﾀﾞｸﾄｶﾊﾞｰ 焼付,5Y7/1 近似色,1,本体・蓋2分割  平蓋,2026/7/29,ヤマックス福岡,2026/7/30,,完成,古川,2026/7/24,製造
ナミデン　福岡★,九州工場,九州工場,2026/7/21,2026/7/21,26-J0089658-001-771,ZTG0000,0,"1,010.00","1,590.00",0,ZN 耐震架台,,1,L65x65x6   OL棟　A,2026/7/29,ヤマックス　ｽﾎﾟｯﾄ便,2026/7/30,,完成,古川,2026/7/23,製造
ナミデン　福岡★,九州工場,九州工場,2026/7/21,2026/7/21,26-J0089658-002-771,ZTG0000,0,"1,010.00","1,290.00",0,ZN 耐震架台,,1,L65x65x6   OL棟　B,2026/7/29,ヤマックス　ｽﾎﾟｯﾄ便,2026/7/30,,完成,古川,2026/7/23,製造
平岡電気　大川,九州工場,九州工場,2026/7/21,2026/7/21,26-J0089934-002-771,ZIP0000,3.2,300,300,0,ZN ﾌﾟﾚｰﾄ,,3,凹形ﾌﾟﾚｰﾄ 穴加工有り,2026/7/29,佐川急便,2026/7/30,,完成,倉重,2026/7/22,製造
三親電材　周南★,九州工場,九州工場,2026/7/22,2026/7/22,26-J0090060-001-771,IC0000C,2.3,64,60,0,鉄 ｶﾊﾞｰ 焼付,5Y7/1 近似色,2,2-M4x15ｽﾀｯﾄﾞﾎﾞﾙﾄ溶接　4-R2  ﾌﾗﾝｼﾞﾅｯﾄ付,2026/7/30,佐川急便,2026/7/30,,完成,古川,2026/7/27,製造
三親電材　周南★,九州工場,九州工場,2026/7/22,2026/7/22,26-J0090060-003-771,IMK0000C,2.3,120,18,18,鉄 曲金物 焼付,5Y7/1 近似色,4,2-φ5 　,2026/7/30,佐川急便,2026/7/30,,完成,古川,2026/7/29,製造
三親電材　周南★,九州工場,九州工場,2026/7/22,2026/7/22,26-J0090060-002-771,IC0000C,2.3,102,102,0,鉄 ｶﾊﾞｰ 焼付,5Y7/1 近似色,2,4-M4x15ｽﾀｯﾄﾞﾎﾞﾙﾄ溶接　4-R2  ﾌﾗﾝｼﾞﾅｯﾄ付,2026/7/30,佐川急便,2026/7/30,,完成,古川,2026/7/27,製造
木村電機　菊陽★,九州工場,九州工場,2026/7/22,2026/7/22,26-J0090299-001-771,IIP0000C,2.3,790,790,15,鉄 ﾌﾟﾚｰﾄ 焼付,5Y7/1 近似色,2,ｶｯﾄ有り折曲げ2方向 φ10x4,2026/7/29,佐川急便,2026/7/30,,完成,古川,2026/7/24,製造
カンサイ九州昭和　北九州★,九州工場,九州工場,2026/7/22,2026/7/22,26-J0090397-001-771,IF0000G,1.6,100,150,50,鉄 裏BOX,,21,穴加工  さび止め,2026/7/29,北九州配達,2026/7/30,,完成,服部,2026/7/28,製造
カンサイ九州昭和　北九州★,九州工場,九州工場,2026/7/22,2026/7/22,26-J0090402-001-771,IF0000G,1.6,100,150,50,鉄 裏BOX,,44,穴加工  さび止め,2026/7/29,北九州配達,2026/7/30,,完成,服部,2026/7/28,製造
木村電機　本社★,九州工場,九州工場,2026/7/22,2026/7/22,26-J0091308-001-771,BE1010SC,1.6,100,100,100,国土 PB 平 焼付,N-40 近似色,2,ｱｰｽ,2026/7/30,佐川急便,2026/7/30,,完成,古川,2026/7/24,製造
木村電機　本社★,九州工場,九州工場,2026/7/22,2026/7/22,26-J0091308-004-771,BE3030SC,1.6,300,300,300,国土 PB 平 焼付,N-40 近似色,1,ｱｰｽ,2026/7/30,佐川急便,2026/7/30,,完成,古川,2026/7/24,製造
木村電機　本社★,九州工場,九州工場,2026/7/22,2026/7/22,26-J0091308-003-771,BE2015SC,1.6,200,200,150,国土 PB 平 焼付,N-40 近似色,3,ｱｰｽ,2026/7/30,佐川急便,2026/7/30,,完成,古川,,加工
木村電機　本社★,九州工場,九州工場,2026/7/22,2026/7/22,26-J0091308-002-771,BE1515SC,1.6,150,150,150,国土 PB 平 焼付,N-40 近似色,5,ｱｰｽ,2026/7/30,佐川急便,2026/7/30,,完成,古川,2026/7/24,製造
大洋電材　本社★,九州工場,九州工場,2026/7/23,2026/7/23,26-J0091389-002-771,SE2010XC,1.5,200,200,100,SUS PB 水切 焼付,2.5Y9/1 近似色,2,ｱｰｽ,2026/7/29,北九州配達,2026/7/30,,完成,古川,,加工
大洋電材　本社★,九州工場,九州工場,2026/7/23,2026/7/23,26-J0091389-004-771,SE3020XC,1.5,300,300,200,SUS PB 水切 焼付,2.5Y9/1 近似色,1,ｱｰｽ,2026/7/29,北九州配達,2026/7/30,,完成,古川,,加工
大洋電材　本社★,九州工場,九州工場,2026/7/23,2026/7/23,26-J0091389-001-771,SE1510XC,1.5,150,150,100,SUS PB 水切 焼付,2.5Y9/1 近似色,4,ｱｰｽ,2026/7/29,北九州配達,2026/7/30,,完成,古川,,加工
大洋電材　本社★,九州工場,九州工場,2026/7/23,2026/7/23,26-J0091389-003-771,SE2020XC,1.5,200,200,200,SUS PB 水切 焼付,2.5Y9/1 近似色,2,ｱｰｽ,2026/7/29,北九州配達,2026/7/30,,完成,古川,,加工
大洋電材　本社★,九州工場,九州工場,2026/7/23,2026/7/23,26-J0091389-006-771,SE5040XC,1.5,500,500,400,SUS PB 水切 焼付,2.5Y9/1 近似色,2,ｱｰｽ,2026/7/29,北九州配達,2026/7/30,,完成,古川,2026/7/24,製造
大洋電材　本社★,九州工場,九州工場,2026/7/23,2026/7/23,26-J0091389-005-771,SE4030XC,1.5,400,400,300,SUS PB 水切 焼付,2.5Y9/1 近似色,2,ｱｰｽ,2026/7/29,北九州配達,2026/7/30,,完成,古川,2026/7/24,製造
かごしま電工　国分★,九州工場,九州工場,2026/7/23,2026/7/23,26-J0091561-001-771,IDC0000C,1.6,600,250,995,鉄 ﾀﾞｸﾄｶﾊﾞｰ 焼付,2.5Y9/1 近似色,1,平蓋450x450  ｱﾝｶｰ穴6-φ12,2026/7/30,佐川急便,2026/7/30,,完成,古川,2026/7/27,製造
三親電材　周南★,九州工場,九州工場,2026/7/23,2026/7/23,26-J0091931-003-771,IMK0000C,2.3,120,18,18,鉄 曲金物 焼付,5Y7/1 近似色,2,2-φ5 　,2026/7/30,佐川急便,2026/7/30,,完成,古川,2026/7/27,製造
三親電材　周南★,九州工場,九州工場,2026/7/23,2026/7/23,26-J0091931-002-771,IC0000C,2.3,102,102,0,鉄 ｶﾊﾞｰ 焼付,5Y7/1 近似色,1,4-M4x15ｽﾀｯﾄﾞﾎﾞﾙﾄ溶接　4-R2  ﾌﾗﾝｼﾞﾅｯﾄ付,2026/7/30,佐川急便,2026/7/30,,完成,古川,2026/7/27,製造
宮地電機　今治,九州工場,九州工場,2026/7/23,2026/7/23,26-J0092065-001-771,IMK0000C,1.6,560,240,12,鉄 曲金物 焼付,5Y7/1(近似色),1,穴加工ｱﾘ,2026/7/30,福山通運　九州発送,2026/7/30,,完成,古川,2026/7/27,製造
宮地電機　今治,九州工場,九州工場,2026/7/23,2026/7/23,26-J0092065-002-771,IMK0000C,1.6,160,60,80,鉄 曲金物 焼付,5Y7/1(近似色),1,穴加工ｱﾘ,2026/7/30,福山通運　九州発送,2026/7/30,,完成,古川,2026/7/27,製造
キクスイ電機,九州工場,九州工場,2026/7/23,2026/7/23,26-J0092188-006-771,IP0000SG,1.6,400,300,200,鉄 PBﾄｸ 平,,1,さび止め,2026/7/29,北九州配達,2026/7/30,,完成,服部,2026/7/27,製造
キクスイ電機,九州工場,九州工場,2026/7/23,2026/7/23,26-J0092188-008-771,IP0000SG,1.6,700,120,400,鉄 PBﾄｸ 平,,1,さび止め,2026/7/29,北九州配達,2026/7/30,,完成,倉重,2026/7/27,製造
キクスイ電機,九州工場,九州工場,2026/7/23,2026/7/23,26-J0092188-009-771,IP0000SG,1.6,850,120,400,鉄 PBﾄｸ 平,,1,さび止め,2026/7/29,北九州配達,2026/7/30,,完成,倉重,2026/7/27,製造
キクスイ電機,九州工場,九州工場,2026/7/23,2026/7/23,26-J0092188-002-771,IP0000SG,1.6,200,200,250,鉄 PBﾄｸ 平,,5,さび止め,2026/7/29,北九州配達,2026/7/30,,完成,服部,2026/7/27,製造
キクスイ電機,九州工場,九州工場,2026/7/23,2026/7/23,26-J0092188-005-771,IP0000SG,1.6,"1,200.00",150,400,鉄 PBﾄｸ 平,,1,さび止め,2026/7/29,北九州配達,2026/7/30,,完成,倉重,2026/7/27,製造
キクスイ電機,九州工場,九州工場,2026/7/23,2026/7/23,26-J0092188-007-771,IP0000SG,1.6,350,120,350,鉄 PBﾄｸ 平,,1,さび止め,2026/7/29,北九州配達,2026/7/30,,完成,倉重,2026/7/27,製造
イシグロ　宮崎★,九州工場,九州工場,2026/7/23,2026/7/23,26-J0092336-003-771,SG0000N,6,300,300,0,SUS 架台,,20,三角ブラケット 穴加工x4 L50x50x6t,2026/7/30,福山通運　九州発送,2026/7/30,,完成,倉重,2026/7/30,製造
ミューハウス　熊本★,九州工場,九州工場,2026/7/23,2026/7/23,26-J0092525-001-771,BE2020SC,1.6,200,200,200,国土 PB 平 焼付,2.5Y9/1 近似色,1,ｱｰｽ,2026/7/30,佐川急便,2026/7/30,,完成,古川,,加工
アサヒ　中部,九州工場,九州工場,2026/7/24,2026/7/24,26-J0092597-001-771,IE0000SC,2.3,800,800,500,鉄 PBﾄｸ 平 焼付,2.5Y9/1,1,蓋２分割 ｱｰｽ,2026/7/30,沖縄直送,2026/7/30,,完成,古川,2026/7/27,製造
興陽電機　八幡★,九州工場,九州工場,2026/7/24,2026/7/24,26-J0092637-003-771,SE0000WN,1.5,600,500,200,SUS PBﾄｸ 被せ,,1,ｱｰｽ  開口  穴加工,2026/7/29,店頭渡し,2026/7/30,,完成,倉重,2026/7/29,製造
中西電機　高松本社★,九州工場,九州工場,2026/7/24,2026/7/24,26-J0092742-001-771,IIP0000C,1.6,500,230,0,鉄 ﾌﾟﾚｰﾄ 焼付,2.5Y9/1(近似色),2,C3x4 穴加工ｱﾘ,2026/7/30,福山通運　九州発送,2026/7/30,,完成,古川,2026/7/27,製造
Q-mast　電気グル－プ★,九州工場,九州工場,2026/7/24,2026/7/24,26-J0092906-011-771,IKS0000G,1.6,400,410,180,鉄 貫通ｽﾘｰﾌﾞ,,1,平蓋 さび止め 19F EPS-12 E-12,2026/7/29,ヤマックス　ｽﾎﾟｯﾄ便,2026/7/30,,完成,古川,2026/7/28,製造
Q-mast　電気グル－プ★,九州工場,九州工場,2026/7/24,2026/7/24,26-J0092906-010-771,IKS0000G,1.6,900,200,180,鉄 貫通ｽﾘｰﾌﾞ,,1,平蓋 さび止め 19F EPS-12 E-11,2026/7/29,ヤマックス　ｽﾎﾟｯﾄ便,2026/7/30,,完成,古川,2026/7/28,製造
Q-mast　電気グル－プ★,九州工場,九州工場,2026/7/24,2026/7/24,26-J0092906-007-771,IKS0000G,1.6,700,200,200,鉄 貫通ｽﾘｰﾌﾞ,,1,平蓋 さび止め 19F EPS-11 E-08,2026/7/29,ヤマックス　ｽﾎﾟｯﾄ便,2026/7/30,,完成,古川,2026/7/28,製造
Q-mast　電気グル－プ★,九州工場,九州工場,2026/7/24,2026/7/24,26-J0092906-009-771,IKS0000G,1.6,"1,100.00",200,180,鉄 貫通ｽﾘｰﾌﾞ,,1,平蓋 さび止め 19F EPS-12 E-10,2026/7/29,ヤマックス　ｽﾎﾟｯﾄ便,2026/7/30,,ｷｬﾝｾﾙ,恒川,2026/7/28,製造
Q-mast　電気グル－プ★,九州工場,九州工場,2026/7/24,2026/7/24,26-J0092906-001-771,IKS0000G,1.6,700,200,180,鉄 貫通ｽﾘｰﾌﾞ,,1,平蓋 さび止め 19F EPS-1 E-03,2026/7/29,ヤマックス　ｽﾎﾟｯﾄ便,2026/7/30,,完成,古川,2026/7/28,製造
Q-mast　電気グル－プ★,九州工場,九州工場,2026/7/24,2026/7/24,26-J0092906-002-771,IKS0000G,1.6,"1,300.00",250,180,鉄 貫通ｽﾘｰﾌﾞ,,1,平蓋 さび止め 19F EPS-1 E-04,2026/7/29,ヤマックス　ｽﾎﾟｯﾄ便,2026/7/30,,完成,古川,2026/7/28,製造
Q-mast　電気グル－プ★,九州工場,九州工場,2026/7/24,2026/7/24,26-J0092906-003-771,IKS0000G,1.6,"1,100.00",250,180,鉄 貫通ｽﾘｰﾌﾞ,,2,平蓋 さび止め 19F CPS E-01.E-02,2026/7/29,ヤマックス　ｽﾎﾟｯﾄ便,2026/7/30,,完成,古川,2026/7/28,製造
Q-mast　電気グル－プ★,九州工場,九州工場,2026/7/24,2026/7/24,26-J0092906-004-771,IKS0000G,1.6,700,200,180,鉄 貫通ｽﾘｰﾌﾞ,,1,平蓋 さび止め 19F EPS-2 E-06,2026/7/29,ヤマックス　ｽﾎﾟｯﾄ便,2026/7/30,,完成,古川,2026/7/28,製造
Q-mast　電気グル－プ★,九州工場,九州工場,2026/7/24,2026/7/24,26-J0092906-005-771,IKS0000G,1.6,"1,100.00",250,180,鉄 貫通ｽﾘｰﾌﾞ,,1,平蓋 さび止め 19F EPS-2 E-05,2026/7/29,ヤマックス　ｽﾎﾟｯﾄ便,2026/7/30,,完成,古川,2026/7/28,製造
Q-mast　電気グル－プ★,九州工場,九州工場,2026/7/24,2026/7/24,26-J0092906-006-771,IKS0000G,1.6,700,200,180,鉄 貫通ｽﾘｰﾌﾞ,,1,平蓋 さび止め 19F EPS-11 E-07,2026/7/29,ヤマックス　ｽﾎﾟｯﾄ便,2026/7/30,,完成,古川,2026/7/28,製造
Q-mast　電気グル－プ★,九州工場,九州工場,2026/7/24,2026/7/24,26-J0092906-015-771,IKS0000G,1.6,600,200,180,鉄 貫通ｽﾘｰﾌﾞ,,2,平蓋 さび止め 19F EPS-12 E-10,2026/7/29,ヤマックス　ｽﾎﾟｯﾄ便,2026/7/30,,完成,古川,2026/7/28,製造
Q-mast　電気グル－プ★,九州工場,九州工場,2026/7/24,2026/7/24,26-J0092906-008-771,IKS0000G,1.6,400,410,180,鉄 貫通ｽﾘｰﾌﾞ,,1,平蓋 さび止め 19F EPS-11 E-09,2026/7/29,ヤマックス　ｽﾎﾟｯﾄ便,2026/7/30,,完成,古川,2026/7/28,製造
Q-mast　電気グル－プ★,九州工場,九州工場,2026/7/24,2026/7/24,26-J0092971-001-771,ZG0000,0,530,250,250,ZN 架台,,2,L65x65x6 L75x75x6 床用架台,2026/7/30,ヤマックス　ｽﾎﾟｯﾄ便,2026/7/30,,完成,古川,2026/7/24,製造
Q-mast　電気グル－プ★,九州工場,九州工場,2026/7/24,2026/7/24,26-J0092971-002-771,ZG0000,0,410,210,210,ZN 架台,,2,L50x50x6 L65x65x6 床用架台,2026/7/30,ヤマックス　ｽﾎﾟｯﾄ便,2026/7/30,,完成,古川,2026/7/24,製造
Q-mast　電気グル－プ★,九州工場,九州工場,2026/7/24,2026/7/24,26-J0092971-003-771,ZCI0000,0,200,0,0,ZN ﾁｬﾝﾈﾙ,,2,[150x75x6.5x10  鋼材,2026/7/30,ヤマックス　ｽﾎﾟｯﾄ便,2026/7/30,,ｷｬﾝｾﾙ,林(秀),2026/7/24,製造
米良電機　宮崎★,九州工場,九州工場,2026/7/24,2026/7/24,26-J0093001-001-771,SE2020XC,1.5,200,200,200,SUS PB 水切 焼付,2.5Y9/1 近似色,2,ｱｰｽ,2026/7/30,佐川急便,2026/7/30,,完成,古川,,加工
Q-mast　電気グル－プ★,九州工場,九州工場,2026/7/24,2026/7/24,26-J0093359-003-771,ICI0000G,0,200,0,0,鉄 ﾁｬﾝﾈﾙ,,2,[150x75x6.5x10  さび止め,2026/7/29,ヤマックス　ｽﾎﾟｯﾄ便,2026/7/30,,完成,倉重,2026/7/28,製造
ナミデン　岡山★,九州工場,九州工場,2026/7/25,2026/7/25,26-J0093687-002-771,DMK0000N,2.3,"1,110.00",305,285,Sﾀﾞｲﾏ 曲金物,,1,L型 穴加工ｱﾘ,2026/7/29,福山通運　九州発送,2026/7/30,,完成,坂元,2026/7/28,製造
ナミデン　岡山★,九州工場,九州工場,2026/7/25,2026/7/25,26-J0093687-001-771,DKM0000N,2.3,600,380,170,Sﾀﾞｲﾏ 金物,,1,穴加工ｱﾘ,2026/7/29,福山通運　九州発送,2026/7/30,,完成,古川,2026/7/28,製造
ナミデン　岡山★,九州工場,九州工場,2026/7/25,2026/7/25,26-J0093687-004-771,DMK0000N,2.3,"2,175.00",700,305,Sﾀﾞｲﾏ 曲金物,,1,L型 切欠･穴加工ｱﾘ,2026/7/29,福山通運　九州発送,2026/7/30,,完成,坂元,2026/7/28,製造
ナミデン　岡山★,九州工場,九州工場,2026/7/25,2026/7/25,26-J0093687-003-771,DMK0000N,2.3,"2,175.00",600,305,Sﾀﾞｲﾏ 曲金物,,1,L型 穴加工ｱﾘ,2026/7/29,福山通運　九州発送,2026/7/30,,完成,坂元,2026/7/28,製造
ナンリツ　本社営業部★,九州工場,九州工場,2026/7/25,2026/7/25,26-J0093727-001-771,BE0000SG,2.3,"1,000.00",700,400,国土 PBﾄｸ 平,,1,ｱｰｽ さび止め,2026/7/30,福山通運　九州発送,2026/7/30,,完成,倉重,2026/7/29,製造
興陽電機　小倉★,九州工場,九州工場,2026/7/27,2026/7/27,26-J0094448-001-771,DE1510WN,1.6,150,150,100,Sﾀﾞｲﾏ PB 被せ,,11,ｱｰｽ,2026/7/29,北九州配達,2026/7/30,,完成,服部,2026/7/29,製造
カンサイ　西★,九州工場,九州工場,2026/7/27,2026/7/27,26-J0094577-001-771,BE1010XG,1.6,100,100,100,国土 PB 水切,,3,ｱｰｽ さび止め,2026/7/29,ヤマックス福岡,2026/7/30,,完成,服部,2026/7/28,製造
三親電材　東広島★,九州工場,九州工場,2026/7/27,2026/7/27,26-J0094801-004-771,BE0000SG,1.6,400,200,200,国土 PBﾄｸ 平,,1,ｱｰｽ さび止め,2026/7/29,福山通運　九州発送,2026/7/30,,完成,服部,2026/7/28,製造
東芝電材　武雄★,九州工場,九州工場,2026/7/27,2026/7/27,26-J0094883-002-771,DKW0000N,1.6,"1,079.60",179.6,50,Sﾀﾞｲﾏ 貫通枠,,3,,2026/7/30,佐川急便,2026/7/30,,完成,服部,2026/7/30,製造
東芝電材　武雄★,九州工場,九州工場,2026/7/27,2026/7/27,26-J0094883-001-771,DKW0000N,1.6,"1,086.80",186.8,250,Sﾀﾞｲﾏ 貫通枠,,3,,2026/7/30,佐川急便,2026/7/30,,完成,服部,2026/7/30,製造
東芝電材　武雄★,九州工場,九州工場,2026/7/27,2026/7/27,26-J0094883-003-771,DKW0000N,1.6,486.8,186.8,250,Sﾀﾞｲﾏ 貫通枠,,1,,2026/7/30,佐川急便,2026/7/30,,完成,古川,2026/7/30,製造
東芝電材　武雄★,九州工場,九州工場,2026/7/27,2026/7/27,26-J0094883-004-771,DKW0000N,1.6,479.6,179.6,50,Sﾀﾞｲﾏ 貫通枠,,1,,2026/7/30,佐川急便,2026/7/30,,完成,古川,2026/7/30,製造
Q-mast　電気グル－プ★,九州工場,九州工場,2026/7/27,2026/7/27,26-J0094987-007-771,IG0000G,0,300,"1,900.00",0,鉄 架台,,2,さび止め L50x50x6 MCｼｮｯﾌﾟ2階ﾚｰｽｳｪｲ架台,2026/7/29,ヤマックス　ｽﾎﾟｯﾄ便,2026/7/30,,完成,森田,2026/7/28,製造
Q-mast　電気グル－プ★,九州工場,九州工場,2026/7/27,2026/7/27,26-J0094987-011-771,IG0000G,0,550,"1,300.00",0,鉄 架台,,1,さび止め L50x50x6 MCｼｮｯﾌﾟ2階ﾚｰｽｳｪｲ架台,2026/7/29,ヤマックス　ｽﾎﾟｯﾄ便,2026/7/30,,完成,森田,2026/7/28,製造
Q-mast　電気グル－プ★,九州工場,九州工場,2026/7/27,2026/7/27,26-J0094987-010-771,IG0000G,0,670,"1,300.00",0,鉄 架台,,8,さび止め L50x50x6 MCｼｮｯﾌﾟ2階ﾚｰｽｳｪｲ架台,2026/7/29,ヤマックス　ｽﾎﾟｯﾄ便,2026/7/30,,完成,森田,2026/7/28,製造
Q-mast　電気グル－プ★,九州工場,九州工場,2026/7/27,2026/7/27,26-J0094987-004-771,IG0000G,0,"1,650.00",500,0,鉄 架台,,1,さび止め L50x50x6 MCｼｮｯﾌﾟ2階ﾚｰｽｳｪｲ架台,2026/7/29,ヤマックス　ｽﾎﾟｯﾄ便,2026/7/30,,完成,森田,2026/7/28,製造
Q-mast　電気グル－プ★,九州工場,九州工場,2026/7/27,2026/7/27,26-J0094987-003-771,IG0000G,0,300,"1,300.00",0,鉄 架台,,1,さび止め L50x50x6 MCｼｮｯﾌﾟ2階ﾚｰｽｳｪｲ架台,2026/7/29,ヤマックス　ｽﾎﾟｯﾄ便,2026/7/30,,完成,森田,2026/7/28,製造
Q-mast　電気グル－プ★,九州工場,九州工場,2026/7/27,2026/7/27,26-J0094987-005-771,IG0000G,0,"1,350.00",0,0,鉄 架台,,8,さび止め L50x50x6 MCｼｮｯﾌﾟ2階ﾚｰｽｳｪｲ架台,2026/7/29,ヤマックス　ｽﾎﾟｯﾄ便,2026/7/30,,完成,森田,2026/7/28,製造
Q-mast　電気グル－プ★,九州工場,九州工場,2026/7/27,2026/7/27,26-J0094987-001-771,IG0000G,0,950,0,0,鉄 架台,,1,さび止め L50x50x6 MCｼｮｯﾌﾟ2階ﾚｰｽｳｪｲ架台,2026/7/29,ヤマックス　ｽﾎﾟｯﾄ便,2026/7/30,,完成,森田,2026/7/28,製造
Q-mast　電気グル－プ★,九州工場,九州工場,2026/7/27,2026/7/27,26-J0094987-002-771,IG0000G,0,300,350,0,鉄 架台,,2,さび止め L50x50x6 MCｼｮｯﾌﾟ2階ﾚｰｽｳｪｲ架台,2026/7/29,ヤマックス　ｽﾎﾟｯﾄ便,2026/7/30,,完成,森田,2026/7/28,製造
Q-mast　電気グル－プ★,九州工場,九州工場,2026/7/27,2026/7/27,26-J0094987-012-771,IG0000G,0,"1,950.00",0,0,鉄 架台,,2,さび止め L50x50x6 MCｼｮｯﾌﾟ2階ﾚｰｽｳｪｲ架台,2026/7/29,ヤマックス　ｽﾎﾟｯﾄ便,2026/7/30,,完成,森田,2026/7/28,製造
Q-mast　電気グル－プ★,九州工場,九州工場,2026/7/27,2026/7/27,26-J0094987-009-771,IG0000G,0,750,"1,200.00",0,鉄 架台,,1,さび止め L50x50x6 MCｼｮｯﾌﾟ2階ﾚｰｽｳｪｲ架台,2026/7/29,ヤマックス　ｽﾎﾟｯﾄ便,2026/7/30,,完成,森田,2026/7/28,製造
Q-mast　電気グル－プ★,九州工場,九州工場,2026/7/27,2026/7/27,26-J0094987-006-771,IG0000G,0,300,"1,500.00",0,鉄 架台,,14,さび止め L50x50x6 MCｼｮｯﾌﾟ2階ﾚｰｽｳｪｲ架台,2026/7/29,ヤマックス　ｽﾎﾟｯﾄ便,2026/7/30,,完成,森田,2026/7/28,製造
Q-mast　電気グル－プ★,九州工場,九州工場,2026/7/27,2026/7/27,26-J0094987-008-771,IG0000G,0,"1,050.00","1,200.00",0,鉄 架台,,1,さび止め L50x50x6 MCｼｮｯﾌﾟ2階ﾚｰｽｳｪｲ架台,2026/7/29,ヤマックス　ｽﾎﾟｯﾄ便,2026/7/30,,完成,森田,2026/7/28,製造
啓電社★,九州工場,九州工場,2026/7/28,2026/7/28,26-J0095057-001-771,IAI0000G,0,"2,100.00",0,0,鉄 ｱﾝｸﾞﾙ,,2,L6x65  さび止め,2026/7/29,ヤマックス福岡,2026/7/30,,完成,古川,2026/7/28,製造
啓電社★,九州工場,九州工場,2026/7/28,2026/7/28,26-J0095057-003-771,IAI0000G,0,"1,000.00",0,0,鉄 ｱﾝｸﾞﾙ,,3,L6x65  さび止め,2026/7/29,ヤマックス福岡,2026/7/30,,完成,古川,2026/7/28,製造
啓電社★,九州工場,九州工場,2026/7/28,2026/7/28,26-J0095057-002-771,IAI0000G,0,"1,200.00",0,0,鉄 ｱﾝｸﾞﾙ,,2,L6x65  さび止め,2026/7/29,ヤマックス福岡,2026/7/30,,完成,古川,2026/7/28,製造
平岡電気　福岡東★,九州工場,九州工場,2026/7/28,2026/7/28,26-J0095058-002-771,DC0000N,1.6,"1,140.00",50,100,Sﾀﾞｲﾏ ｶﾊﾞｰ,,2,穴加工,2026/7/30,ヤマックス福岡,2026/7/30,,完成,古川,2026/7/30,製造
平岡電気　福岡東★,九州工場,九州工場,2026/7/28,2026/7/28,26-J0095058-001-771,DC0000N,1.6,"1,040.00",140,100,Sﾀﾞｲﾏ ｶﾊﾞｰ,,2,穴加工,2026/7/30,ヤマックス福岡,2026/7/30,,完成,服部,2026/7/30,製造
平岡電気　福岡東★,九州工場,九州工場,2026/7/28,2026/7/28,26-J0095058-003-771,DC0000N,1.6,650,100,100,Sﾀﾞｲﾏ ｶﾊﾞｰ,,1,穴加工,2026/7/30,ヤマックス福岡,2026/7/30,,完成,服部,2026/7/30,製造
平岡電気　福岡東★,九州工場,九州工場,2026/7/28,2026/7/28,26-J0095058-004-771,DC0000N,1.6,750,50,100,Sﾀﾞｲﾏ ｶﾊﾞｰ,,1,穴加工,2026/7/30,ヤマックス福岡,2026/7/30,,完成,古川,2026/7/30,製造
東芝電材　福岡★,九州工場,九州工場,2026/7/28,2026/7/28,26-J0095278-001-771,DE1510WN,1.6,150,150,100,Sﾀﾞｲﾏ PB 被せ,,2,ｱｰｽ,2026/7/29,ヤマックス福岡,2026/7/30,,完成,服部,2026/7/29,製造
カンサイ　熊本★,九州工場,九州工場,2026/7/28,2026/7/28,26-J0095561-001-771,BE3020XG,1.6,300,300,200,国土 PB 水切,,2,ｱｰｽ さび止め,2026/7/30,佐川急便,2026/7/30,,完成,倉重,2026/7/29,製造
杉本電機　広島★,九州工場,九州工場,2026/7/28,2026/7/28,26-J0095809-001-771,IP5030WG,1.6,500,500,300,鉄 PB 被せ,,1,さび止め,2026/7/30,佐川急便,2026/7/30,,完成,倉重,2026/7/29,製造
東芝電材　福岡★,九州工場,九州工場,2026/7/28,2026/7/28,26-J0095844-001-771,BE0000SG,1.6,600,300,200,国土 PBﾄｸ 平,,2,ｱｰｽ さび止め　（蓋面600ｘ300）,2026/7/30,佐川急便,2026/7/30,,完成,倉重,2026/7/29,製造
カンサイ　八幡★,九州工場,九州工場,2026/7/28,2026/7/28,26-J0096130-001-771,DP0000XN,1.6,400,400,250,Sﾀﾞｲﾏ PBﾄｸ 水切,,1,,2026/7/30,佐川急便,2026/7/30,,完成,服部,2026/7/30,製造
カンサイ　八幡★,九州工場,九州工場,2026/7/28,2026/7/28,26-J0096130-002-771,DP0000XN,1.6,250,250,200,Sﾀﾞｲﾏ PBﾄｸ 水切,,1,,2026/7/30,佐川急便,2026/7/30,,完成,服部,2026/7/30,製造
カンサイ　電設★,九州工場,九州工場,2026/7/29,2026/7/29,26-J0096397-001-771,IG0000G,0,70,0,0,鉄 架台,,40,さび止め C75x40x5x7,2026/7/29,ヤマックス　ｽﾎﾟｯﾄ便,2026/7/30,,完成,古川,2026/7/29,製造
啓電社★,九州工場,九州工場,2026/7/29,2026/7/29,26-J0096421-002-771,ZG0000,0,75,40,"1,500.00",ZN 架台,,1,C75x40x5x7 先メッキ　,2026/7/30,福山通運　九州発送,2026/7/30,,完成,金光,2026/7/23,製造
啓電社★,九州工場,九州工場,2026/7/29,2026/7/29,26-J0096421-001-771,ZG0000,0,75,40,"1,000.00",ZN 架台,,5,C75x40x5x7 先メッキ　,2026/7/30,福山通運　九州発送,2026/7/30,,完成,金光,2026/7/23,製造
ナミデン　福岡★,九州工場,九州工場,2026/7/29,2026/7/29,26-J0096626-001-771,ZAI0000,0,"2,000.00",0,0,ZN ｱﾝｸﾞﾙ,,4,L6tx50x50    先ﾒｯｷ　ｶｯﾄ,2026/7/29,ヤマックス福岡,2026/7/30,,完成,古川,2026/7/29,製造
シンセイ　広島第二★,九州工場,九州工場,2026/7/29,2026/7/29,26-J0096674-001-771,SE0000WN,1.5,600,300,300,SUS PBﾄｸ 被せ,,1,ｱｰｽ,2026/7/30,福山通運　九州発送,2026/7/30,,完成,倉重,2026/7/30,製造
さくら電機　志布志★,九州工場,九州工場,2026/7/29,2026/7/29,26-J0096689-001-771,SP0000WN,1.5,400,300,400,SUS PBﾄｸ 被せ,,1,,2026/7/30,佐川急便,2026/7/30,,完成,倉重,2026/7/30,製造
シンセイ　福山★,九州工場,九州工場,2026/7/29,2026/7/29,26-J0096806-001-771,SE0000XN,1.5,400,400,250,SUS PBﾄｸ 水切,,2,ｱｰｽ,2026/7/30,福山通運　九州発送,2026/7/30,,完成,倉重,2026/7/30,製造
興陽電機　防府★,九州工場,九州工場,2026/7/29,2026/7/29,26-J0096809-001-771,SP6040XN,1.5,600,600,400,SUS PB 水切,,1,,2026/7/30,福山通運　九州発送,2026/7/30,,完成,倉重,2026/7/30,製造
かごしま電工　国分★,九州工場,九州工場,2026/7/29,2026/7/29,26-J0097021-001-771,SP5030SN,1.5,500,500,300,SUS PB 平,,1,,2026/7/30,佐川急便,2026/7/30,,完成,倉重,2026/7/30,製造
かごしま電工　国分★,九州工場,九州工場,2026/7/29,2026/7/29,26-J0097021-002-771,SP4030SN,1.5,400,400,300,SUS PB 平,,3,,2026/7/30,佐川急便,2026/7/30,,完成,井上,2026/7/30,製造
丸十電材店,九州工場,九州工場,2026/7/29,2026/7/29,26-J0097123-001-771,SP5050XN,1.5,500,500,500,SUS PB 水切,,1,座無ｼｰﾙ付,2026/7/30,佐川急便,2026/7/30,,完成,倉重,2026/7/30,製造
ミツヤ電機　宇部★,九州工場,九州工場,2026/7/30,2026/7/30,26-J0097566-001-771,SE0000XN,1.5,300,150,150,SUS PBﾄｸ 水切,,1,ｱｰｽ,2026/7/30,福山通運　九州発送,2026/7/30,,完成,倉重,2026/7/30,製造
ムトウ電材　富士見★,九州工場,九州工場,2026/7/30,2026/7/30,26-J0097614-001-771,30PLA,0,0,0,0,補修塗料 筆付,2.5Y9/1 近似色,1,ﾌﾟﾗ30ml,2026/7/30,佐川急便,2026/7/30,,完成,古川,,製造
Q-mast　電気グル－プ★,九州工場,九州工場,2026/7/30,2026/7/30,26-J0098075-002-771,IKM0000N,0,30,0,0,鉄 金物,,1,ﾂﾊﾞ管　SGP65A φ176.3  生地,2026/7/30,佐川急便,2026/7/30,,完成,井上,2026/7/30,製造
かごしま電工　鹿屋★,九州工場,九州工場,2026/6/15,2026/6/15,26-J0061232-001-771,IP0000XC,1.6,350,200,100,鉄 PBﾄｸ 水切 焼付,2.5Y9/1 近似色,5,蓋面開口 穴加工,2026/7/30,佐川急便,2026/7/31,,完成,古川,2026/7/27,製造
暁電業　岡山本社★,九州工場,九州工場,2026/7/2,2026/7/2,26-J0075636-001-771,IMK0000N,2.3,240,230,257,鉄 曲金物,,1,さび止め用生地 穴加工ｱﾘ,2026/7/31,福山通運　九州発送,2026/7/31,,完成,倉重,2026/7/31,製造
オリオン商事　福岡★,九州工場,九州工場,2026/7/3,2026/7/3,26-J0076742-001-771,BE0000SG,1.6,700,700,700,国土 PBﾄｸ 平,,1,ｱｰｽ さび止め,2026/7/24,福山通運,2026/7/31,,完成,倉重,2026/7/22,製造
オリオン商事　福岡★,九州工場,九州工場,2026/7/3,2026/7/3,26-J0076744-001-771,SE0000WN,1.5,700,700,700,SUS PBﾄｸ 被せ,,1,ｱｰｽ,2026/7/27,福山通運,2026/7/31,,完成,坂元,2026/7/27,製造
南四国ﾅｼｮﾅﾙ　本社★,九州工場,九州工場,2026/7/7,2026/7/7,26-J0078629-001-771,IMK0000C,1.6,340,260,50,鉄 曲金物 焼付,N9.5(近似色),20,穴加工ｱﾘ【G1～G5】,2026/7/31,福山通運　九州発送,2026/7/31,,完成,古川,2026/7/28,製造
イシグロ　沖縄★,九州工場,九州工場,2026/7/8,2026/7/8,26-J0080148-005-771,ZG0000,6,"1,600.00","1,150.00",65,ZN 架台,,8,HDZT77 /　L-65x65x6t 取付穴,2026/7/28,沖縄直送,2026/7/31,,完成,古川,2026/7/22,製造
イシグロ　沖縄★,九州工場,九州工場,2026/7/8,2026/7/8,26-J0080148-006-771,ZG0000,6,"1,600.00","1,150.00",65,ZN 架台,,8,HDZT77 /　L-65x65x6t 取付穴,2026/7/29,沖縄直送,2026/7/31,,完成,古川,2026/7/23,製造
イシグロ　沖縄★,九州工場,九州工場,2026/7/8,2026/7/8,26-J0080148-007-771,ZG0000,6,"1,600.00","1,150.00",65,ZN 架台,,8,HDZT77 /　L-65x65x6t 取付穴,2026/7/30,沖縄直送,2026/7/31,,完成,金光,2026/7/24,製造
イシグロ　沖縄★,九州工場,九州工場,2026/7/8,2026/7/8,26-J0080148-004-771,ZG0000,6,"1,600.00","1,150.00",65,ZN 架台,,8,HDZT77 /　L-65x65x6t 取付穴,2026/7/27,沖縄直送,2026/7/31,,完成,森田,2026/7/21,製造
イシグロ　沖縄★,九州工場,九州工場,2026/7/8,2026/7/8,26-J0080148-002-771,ZG0000,6,"1,000.00","1,100.00",65,ZN 架台,,8,HDZT77 /　L-65x65x6t 取付穴,2026/7/24,沖縄直送,2026/7/31,,完成,古川,2026/7/17,製造
イシグロ　沖縄★,九州工場,九州工場,2026/7/8,2026/7/8,26-J0080148-001-771,ZG0000,6,"1,000.00","1,100.00",65,ZN 架台,,8,HDZT77 /　L-65x65x6t 取付穴,2026/7/23,沖縄直送,2026/7/31,,完成,森田,2026/7/16,製造
啓電社★,九州工場,九州工場,2026/7/17,2026/7/17,26-J0087773-001-771,DD0000N,2.3,755,200,875,Sﾀﾞｲﾏ ﾀﾞｸﾄ,,1,二方曲げカブセ蓋　上下、背面開口あり,2026/7/30,ヤマックス福岡,2026/7/31,,完成,倉重,2026/7/30,製造
大洋電材　本社★,九州工場,九州工場,2026/7/17,2026/7/17,26-J0088041-006-771,ZG0000,0,350,230,0,ZN 架台,,1,L-40x40x3t　D1（M10ねじ止め）,2026/7/30,北九州配達,2026/7/31,,完成,金光,2026/7/23,製造
大洋電材　本社★,九州工場,九州工場,2026/7/17,2026/7/17,26-J0088041-005-771,ZG0000,0,230,230,0,ZN 架台,,1,L-40x40x3t　D1（M10ねじ止め）,2026/7/30,北九州配達,2026/7/31,,完成,金光,2026/7/23,製造
大洋電材　本社★,九州工場,九州工場,2026/7/17,2026/7/17,26-J0088041-003-771,ZG0000,0,400,180,0,ZN 架台,,7,L-40x40x3t　D1（M10ねじ止め）,2026/7/30,北九州配達,2026/7/31,,完成,倉重,2026/7/23,製造
山電　八幡,九州工場,九州工場,2026/7/17,2026/7/17,26-J0088199-003-771,ZPA0000,0,250,0,0,ZN ﾎﾟｰﾙｱﾀﾞﾌﾟﾀｰ,,2,上部65A 下部90A 押しﾎﾞﾙﾄ,2026/7/29,北九州配達,2026/7/31,,完成,倉重,2026/7/22,製造
Q-mast　空調管グル－プ★,九州工場,九州工場,2026/7/21,2026/7/21,26-J0088683-009-771,ZTG0000,0,276,830,0,ZN 耐震架台,,1,L50x50x4  精錬棟1階 消火配管 20,2026/7/30,ヤマックス　ｽﾎﾟｯﾄ便,2026/7/31,,完成,金光,2026/7/24,製造
Q-mast　空調管グル－プ★,九州工場,九州工場,2026/7/21,2026/7/21,26-J0088683-012-771,ZTG0000,0,277,878,0,ZN 耐震架台,,1,L50x50x4  精錬棟1階 消火配管 25,2026/7/30,ヤマックス　ｽﾎﾟｯﾄ便,2026/7/31,,完成,金光,2026/7/24,製造
Q-mast　空調管グル－プ★,九州工場,九州工場,2026/7/21,2026/7/21,26-J0088683-011-771,ZTG0000,0,276,"1,130.00",0,ZN 耐震架台,,1,L50x50x4  精錬棟1階 消火配管 24,2026/7/30,ヤマックス　ｽﾎﾟｯﾄ便,2026/7/31,,完成,金光,2026/7/24,製造
Q-mast　空調管グル－プ★,九州工場,九州工場,2026/7/21,2026/7/21,26-J0088683-010-771,ZTG0000,0,276,711,0,ZN 耐震架台,,1,L50x50x4  精錬棟1階 消火配管 21,2026/7/30,ヤマックス　ｽﾎﾟｯﾄ便,2026/7/31,,完成,金光,2026/7/24,製造
Q-mast　空調管グル－プ★,九州工場,九州工場,2026/7/21,2026/7/21,26-J0088683-008-771,ZTG0000,0,416,700,0,ZN 耐震架台,,2,L50x50x4  精錬棟1階 消火配管 18,2026/7/30,ヤマックス　ｽﾎﾟｯﾄ便,2026/7/31,,完成,金光,2026/7/24,製造
Q-mast　空調管グル－プ★,九州工場,九州工場,2026/7/21,2026/7/21,26-J0088683-007-771,ZTG0000,0,416,900,0,ZN 耐震架台,,1,L50x50x4  精錬棟1階 消火配管 17,2026/7/30,ヤマックス　ｽﾎﾟｯﾄ便,2026/7/31,,完成,金光,2026/7/24,製造
Q-mast　空調管グル－プ★,九州工場,九州工場,2026/7/21,2026/7/21,26-J0088683-006-771,ZTG0000,0,450,"1,297.00",0,ZN 耐震架台,,1,L65x65x6  精錬棟1階 消火配管 16,2026/7/30,ヤマックス　ｽﾎﾟｯﾄ便,2026/7/31,,完成,金光,2026/7/24,製造
Q-mast　空調管グル－プ★,九州工場,九州工場,2026/7/21,2026/7/21,26-J0088683-005-771,ZTG0000,0,416,775,0,ZN 耐震架台,,4,L50x50x4  精錬棟1階 消火配管 15,2026/7/30,ヤマックス　ｽﾎﾟｯﾄ便,2026/7/31,,完成,金光,2026/7/24,製造
Q-mast　空調管グル－プ★,九州工場,九州工場,2026/7/21,2026/7/21,26-J0088683-004-771,ZTG0000,0,416,745,0,ZN 耐震架台,,1,L50x50x4  精錬棟1階 消火配管 11,2026/7/30,ヤマックス　ｽﾎﾟｯﾄ便,2026/7/31,,完成,金光,2026/7/24,製造
Q-mast　空調管グル－プ★,九州工場,九州工場,2026/7/21,2026/7/21,26-J0088683-003-771,ZTG0000,0,365,"1,165.00",0,ZN 耐震架台,,1,L50x50x4  精錬棟1階 消火配管 10,2026/7/30,ヤマックス　ｽﾎﾟｯﾄ便,2026/7/31,,完成,金光,2026/7/24,製造
Q-mast　空調管グル－プ★,九州工場,九州工場,2026/7/21,2026/7/21,26-J0088683-002-771,ZTG0000,0,365,685,0,ZN 耐震架台,,1,L50x50x4  精錬棟1階 消火配管 8,2026/7/30,ヤマックス　ｽﾎﾟｯﾄ便,2026/7/31,,完成,金光,2026/7/24,製造
Q-mast　空調管グル－プ★,九州工場,九州工場,2026/7/21,2026/7/21,26-J0088683-001-771,ZTG0000,0,450,"1,221.00",0,ZN 耐震架台,,1,L65x65x6  精錬棟1階 消火配管 19,2026/7/30,ヤマックス　ｽﾎﾟｯﾄ便,2026/7/31,,完成,金光,2026/7/24,製造
Q-mast　空調管グル－プ★,九州工場,九州工場,2026/7/21,2026/7/21,26-J0088724-016-771,ZTG0000,0,449,905,0,ZN 耐震架台,,3,[100x50x5  精錬棟1階 ｽﾌﾟﾘﾝｸﾗｰ管 27,2026/7/30,ヤマックス　ｽﾎﾟｯﾄ便,2026/7/31,,完成,金光,2026/7/24,製造
Q-mast　空調管グル－プ★,九州工場,九州工場,2026/7/21,2026/7/21,26-J0088724-013-771,ZTG0000,0,"1,357.00",710,0,ZN 耐震架台,,1,L50x50x4  精錬棟1階 ｽﾌﾟﾘﾝｸﾗｰ管 4,2026/7/30,ヤマックス　ｽﾎﾟｯﾄ便,2026/7/31,,完成,金光,2026/7/24,製造
Q-mast　空調管グル－プ★,九州工場,九州工場,2026/7/21,2026/7/21,26-J0088724-015-771,ZTG0000,0,340,630,0,ZN 耐震架台,,2,L50x50x4  精錬棟1階 ｽﾌﾟﾘﾝｸﾗｰ管 19,2026/7/30,ヤマックス　ｽﾎﾟｯﾄ便,2026/7/31,,完成,金光,2026/7/24,製造
Q-mast　空調管グル－プ★,九州工場,九州工場,2026/7/21,2026/7/21,26-J0088724-014-771,ZTG0000,0,392,710,0,ZN 耐震架台,,2,L50x50x4  精錬棟1階 ｽﾌﾟﾘﾝｸﾗｰ管 12,2026/7/30,ヤマックス　ｽﾎﾟｯﾄ便,2026/7/31,,完成,金光,2026/7/24,製造
Q-mast　空調管グル－プ★,九州工場,九州工場,2026/7/21,2026/7/21,26-J0088724-007-771,ZTG0000,0,"1,357.00",710,0,ZN 耐震架台,,3,L50x50x4  精錬棟1階 ｽﾌﾟﾘﾝｸﾗｰ管 3,2026/7/30,ヤマックス　ｽﾎﾟｯﾄ便,2026/7/31,,完成,金光,2026/7/24,製造
かごしま電工　奄美★,九州工場,九州工場,2026/7/21,2026/7/21,26-J0089149-002-771,ZATR500,0,500,500,500,ZN ｱﾝｸﾞﾙ引き込み架台,,1,HDZT77  L6x50 三角支え付ﾀｲﾌﾟ,2026/7/31,佐川急便,2026/7/31,,完成,古川,2026/7/24,製造
かごしま電工　奄美★,九州工場,九州工場,2026/7/21,2026/7/21,26-J0089149-001-771,ZATR350,0,350,350,350,ZN ｱﾝｸﾞﾙ引き込み架台,,1,HDZT77  L6x50 三角支え付ﾀｲﾌﾟ,2026/7/31,佐川急便,2026/7/31,,完成,金光,2026/7/24,製造
アサヒ　宜野湾,九州工場,九州工場,2026/7/21,2026/7/21,26-J0089538-001-771,SE4040SC,1.5,400,400,400,SUS PB 平 焼付,2.5Y9/1,2,ｱｰｽ ﾊﾟｯｷﾝ付,2026/7/27,イトカツ,2026/7/31,2026/7/27,完成,森田,2026/7/22,製造
アサヒ　宜野湾,九州工場,九州工場,2026/7/21,2026/7/21,26-J0089538-002-771,SE5050SC,1.5,500,500,500,SUS PB 平 焼付,2.5Y9/1,2,ｱｰｽ ﾊﾟｯｷﾝ付,2026/7/27,イトカツ,2026/7/31,2026/7/27,完成,森田,2026/7/22,製造
アサヒ　宜野湾,九州工場,九州工場,2026/7/21,2026/7/21,26-J0089609-001-771,SE0000SC,1.5,400,300,400,SUS PBﾄｸ 平 焼付,2.5Y9/1,1,ｱｰｽ ﾊﾟｯｷﾝ付 側面･底面開口 取付穴,2026/7/28,イトカツ,2026/7/31,2026/7/28,完成,古川,2026/7/23,製造
シンセイ　福山★,九州工場,九州工場,2026/7/22,2026/7/22,26-J0090334-001-771,SP5040XN,1.5,500,500,400,SUS PB 水切,,1,,2026/7/31,福山通運　九州発送,2026/7/31,,完成,坂元,2026/7/31,製造
ナミデン　福岡★,九州工場,九州工場,2026/7/22,2026/7/22,26-J0090548-001-771,ZC0000,2.3,142.9,510,0,ZN ｶﾊﾞｰ,,1,ﾎﾟｰﾙｶﾊﾞｰ　,2026/7/31,ヤマックス福岡,2026/7/31,,ｷｬﾝｾﾙ,林(秀),2026/7/24,製造
山陰ﾊﾟﾅｿﾆｯｸ　益田★,九州工場,九州工場,2026/7/22,2026/7/22,26-J0090569-001-771,ZP5050X2,2.3,500,500,500,ZN PB 水切,,1,HDZT56,2026/7/31,福山通運　九州発送,2026/7/31,,完成,金光,2026/7/24,製造
デンザイ東亜　本社★,九州工場,九州工場,2026/7/22,2026/7/22,26-J0090650-001-771,IKM0000C,1.6,200,300,200,鉄 金物 焼付,2.5Y9/1 近似色,6,4-φ10 取手丸棒φ9曲げ,2026/7/31,佐川急便,2026/7/31,,完成,古川,2026/7/28,製造
誠新産業　長崎★,九州工場,九州工場,2026/7/22,2026/7/22,26-J0090669-001-771,ZG0000,6,"2,400.00",300,0,ZN 架台,,2,穴加工　L50x50x6t　　(L)(R)1セット,2026/7/30,福山通運　九州発送,2026/7/31,,完成,金光,2026/7/24,製造
誠新産業　長崎★,九州工場,九州工場,2026/7/22,2026/7/22,26-J0090669-004-771,DMK0000N,2.3,45,20,"2,900.00",Sﾀﾞｲﾏ 曲金物,,2,穴加工,2026/7/30,福山通運　九州発送,2026/7/31,,完成,坂元,2026/7/30,製造
カンサイ　八幡★,九州工場,九州工場,2026/7/22,2026/7/22,26-J0090794-003-771,ZG0000,6,700,350,350,ZN 架台,,4,HDZT77  L-50x50x6t 三角支え付　左　7-φ12,2026/7/30,北九州配達,2026/7/31,,完成,金光,2026/7/24,製造
カンサイ　八幡★,九州工場,九州工場,2026/7/22,2026/7/22,26-J0090794-002-771,ZG0000,6,700,350,350,ZN 架台,,4,HDZT77  L-50x50x6t 三角支え付　右　7-φ12,2026/7/30,北九州配達,2026/7/31,,完成,金光,2026/7/24,製造
カンサイ　八幡★,九州工場,九州工場,2026/7/22,2026/7/22,26-J0090794-004-771,ZG0000,6,700,350,50,ZN 架台,,5,HDZT77  L-50x50x6t 三角　左　5-φ12,2026/7/30,北九州配達,2026/7/31,,完成,金光,2026/7/24,製造
カンサイ　八幡★,九州工場,九州工場,2026/7/22,2026/7/22,26-J0090794-001-771,ZMK0000,6,500,50,50,ZN 曲金物,,1,HDZT77  ｺ形 SS6t 2-φ15,2026/7/30,北九州配達,2026/7/31,,完成,金光,2026/7/24,製造
東芝電材　中津★,九州工場,九州工場,2026/7/22,2026/7/22,26-J0090838-001-771,ZE4030X2,2.3,400,400,300,ZN PB 水切,,5,ｱｰｽ,2026/7/31,佐川急便,2026/7/31,,完成,金光,2026/7/24,製造
Q-mast　空調管グル－プ★,九州工場,九州工場,2026/7/22,2026/7/22,26-J0090979-001-771,ZTG0000,0,"1,630.00","1,359.00",0,ZN 耐震架台,,1,L50x50x6  消火配管 1,2026/7/30,ヤマックス　ｽﾎﾟｯﾄ便,2026/7/31,,完成,金光,2026/7/24,製造
平岡電気　城南★,九州工場,九州工場,2026/7/22,2026/7/22,26-J0091230-003-771,SE4030XC,1.5,400,400,300,SUS PB 水切 焼付,2.5Y9/1 近似色,3,ｱｰｽ,2026/7/30,ヤマックス福岡,2026/7/31,,完成,古川,2026/7/27,製造
平岡電気　城南★,九州工場,九州工場,2026/7/22,2026/7/22,26-J0091230-004-771,SE4040XC,1.5,400,400,400,SUS PB 水切 焼付,2.5Y9/1 近似色,1,ｱｰｽ,2026/7/30,ヤマックス福岡,2026/7/31,,完成,服部,2026/7/27,製造
平岡電気　城南★,九州工場,九州工場,2026/7/22,2026/7/22,26-J0091230-002-771,SE3030XC,1.5,300,300,300,SUS PB 水切 焼付,2.5Y9/1 近似色,1,ｱｰｽ,2026/7/30,ヤマックス福岡,2026/7/31,,完成,岡,2026/7/27,製造
平岡電気　城南★,九州工場,九州工場,2026/7/22,2026/7/22,26-J0091230-001-771,SE3020XC,1.5,300,300,200,SUS PB 水切 焼付,2.5Y9/1 近似色,7,ｱｰｽ,2026/7/29,ヤマックス福岡,2026/7/31,,完成,古川,2026/7/24,製造
三親電材　水島★,九州工場,九州工場,2026/7/22,2026/7/22,26-J0091299-004-771,IIP0000C,3.2,300,150,0,鉄 ﾌﾟﾚｰﾄ 焼付,42-70D,1,ｽﾀｯﾄﾎﾞﾙﾄ付,2026/7/31,福山通運　九州発送,2026/7/31,,完成,古川,2026/7/28,製造
三親電材　水島★,九州工場,九州工場,2026/7/22,2026/7/22,26-J0091299-001-771,IIP0000C,3.2,"1,400.00","1,100.00",0,鉄 ﾌﾟﾚｰﾄ 焼付,42-70D,1,ｽﾀｯﾄﾎﾞﾙﾄ･開口ｱﾘ,2026/7/31,福山通運　九州発送,2026/7/31,,完成,古川,2026/7/28,製造
三親電材　水島★,九州工場,九州工場,2026/7/22,2026/7/22,26-J0091299-003-771,IIP0000C,3.2,120,120,0,鉄 ﾌﾟﾚｰﾄ 焼付,42-70D,3,ｽﾀｯﾄﾎﾞﾙﾄ付,2026/7/31,福山通運　九州発送,2026/7/31,,完成,古川,2026/7/28,製造
木村電機　本社★,九州工場,九州工場,2026/7/22,2026/7/22,26-J0091310-001-771,BE2020SC,1.6,200,200,200,国土 PB 平 焼付,N-40 近似色,7,ｱｰｽ,2026/7/31,佐川急便,2026/7/31,,完成,古川,,加工
木村電機　本社★,九州工場,九州工場,2026/7/22,2026/7/22,26-J0091310-002-771,BE3025SC,1.6,300,300,250,国土 PB 平 焼付,N-40 近似色,4,ｱｰｽ,2026/7/31,佐川急便,2026/7/31,,完成,古川,2026/7/27,製造
大洋電材　本社★,九州工場,九州工場,2026/7/23,2026/7/23,26-J0091401-003-771,BE2010SC,1.6,200,200,100,国土 PB 平 焼付,2.5Y9/1 近似色,4,ｱｰｽ,2026/7/30,北九州配達,2026/7/31,,完成,古川,,加工
大洋電材　本社★,九州工場,九州工場,2026/7/23,2026/7/23,26-J0091401-002-771,SE6050XC,1.5,600,600,500,SUS PB 水切 焼付,2.5Y9/1 近似色,1,ｱｰｽ,2026/7/30,北九州配達,2026/7/31,,完成,倉重,2026/7/27,製造
大洋電材　本社★,九州工場,九州工場,2026/7/23,2026/7/23,26-J0091401-004-771,BE3020SC,1.6,300,300,200,国土 PB 平 焼付,2.5Y9/1 近似色,4,ｱｰｽ,2026/7/30,北九州配達,2026/7/31,,完成,古川,,加工
ｹｲ･ｴｽ･ﾃﾞｰ　大分★,九州工場,九州工場,2026/7/23,2026/7/23,26-J0091768-001-771,ZIP0000,6,100,"2,000.00",0,ZN ﾌﾟﾚｰﾄ,,1,ﾌﾗｯﾄﾊﾞｰ　6x100　φ8x2吊穴可,2026/7/31,佐川急便,2026/7/31,,完成,金光,2026/7/24,製造
正和電材　佐世保★,九州工場,九州工場,2026/7/23,2026/7/23,26-J0091901-002-771,ZE0000X,2.3,200,200,300,ZN PBﾄｸ 水切,,2,ｱｰｽ側面,2026/7/31,佐川急便,2026/7/31,,完成,金光,2026/7/24,製造
正和電材　佐世保★,九州工場,九州工場,2026/7/23,2026/7/23,26-J0091901-001-771,ZE2020X2,2.3,200,200,200,ZN PB 水切,,3,ｱｰｽ,2026/7/31,佐川急便,2026/7/31,,完成,金光,2026/7/24,製造
平岡電気　玉名★,九州工場,九州工場,2026/7/23,2026/7/23,26-J0092077-001-771,SIP0000C,2,305,305,0,SUS ﾌﾟﾚｰﾄ 焼付,2.5Y9/1 近似色,8,M4小頭皿ﾋﾞｽ用穴加工x4  4ｺｰﾅｰは直角90°,2026/7/30,佐川急便,2026/7/31,,完成,古川,2026/7/27,製造
カンサイ　南★,九州工場,九州工場,2026/7/23,2026/7/23,26-J0092083-001-771,ZP4040X2,2.3,400,400,400,ZN PB 水切,,1,座無しｼｰﾙ付,2026/7/30,ヤマックス福岡,2026/7/31,,完成,金光,2026/7/24,製造
カンサイ　西★,九州工場,九州工場,2026/7/24,2026/7/24,26-J0092599-003-771,SE2015XC,1.5,200,200,150,SUS PB 水切 焼付,2.5Y9/1 近似色,2,ｱｰｽ,2026/7/30,ヤマックス福岡,2026/7/31,,完成,岡,,加工
カンサイ　西★,九州工場,九州工場,2026/7/24,2026/7/24,26-J0092599-001-771,BE2015SC,1.6,200,200,150,国土 PB 平 焼付,2.5Y9/1 近似色,1,ｱｰｽ,2026/7/30,ヤマックス福岡,2026/7/31,,完成,柴﨑,,加工
カンサイ　西★,九州工場,九州工場,2026/7/24,2026/7/24,26-J0092599-002-771,SE4020XC,1.5,400,400,200,SUS PB 水切 焼付,2.5Y9/1 近似色,1,ｱｰｽ,2026/7/30,ヤマックス福岡,2026/7/31,,完成,服部,2026/7/27,製造
さくら電機　鹿児島★,九州工場,九州工場,2026/7/24,2026/7/24,26-J0092606-002-771,SE1515XCW,1.5,150,150,150,SUS PB 水切 焼付,2.5Y9/1 近似色,2,ｱｰｽ 内ﾜﾆｽ,2026/7/31,佐川急便,2026/7/31,,完成,古川,2026/7/27,製造
さくら電機　鹿児島★,九州工場,九州工場,2026/7/24,2026/7/24,26-J0092606-001-771,BE2520XCW,1.6,250,250,200,国土 PB 水切 焼付,2.5Y9/1 近似色,1,ｱｰｽ  内ﾜﾆｽ,2026/7/31,佐川急便,2026/7/31,,完成,古川,2026/7/27,製造
中西電機　高松本社★,九州工場,九州工場,2026/7/24,2026/7/24,26-J0092957-001-771,IMK0000C,1.6,165,110,135,鉄 曲金物 焼付,5Y7/1(近似色),1,/125/28 穴加工ｱﾘ,2026/7/31,福山通運　九州発送,2026/7/31,,完成,古川,2026/7/28,製造
八州電気工業　津山★,九州工場,九州工場,2026/7/24,2026/7/24,26-J0093070-001-771,IIP0000C,1.6,"1,370.00",350,0,鉄 ﾌﾟﾚｰﾄ 焼付,N9.5(近似色),2,ｾﾝﾀｰ1235x220開口,2026/7/31,福山通運　九州発送,2026/7/31,,完成,古川,2026/7/28,製造
ナンリツ　本社営業部★,九州工場,九州工場,2026/7/24,2026/7/24,26-J0093261-001-771,SE0000XN,2,"1,000.00",700,400,SUS PBﾄｸ 水切,,1,ｱｰｽ,2026/7/31,福山通運　九州発送,2026/7/31,,完成,坂元,2026/7/31,製造
中国機材設備　三次★,九州工場,九州工場,2026/7/24,2026/7/24,26-J0093370-001-771,SE2010XC,1.5,200,200,100,SUS PB 水切 焼付,N9.5 近似色,2,ｱｰｽ,2026/7/31,福山通運　九州発送,2026/7/31,,完成,古川,,加工
暁電業　岡山本社★,九州工場,九州工場,2026/7/24,2026/7/24,26-J0093445-002-771,SE0000XN,1.5,500,300,200,SUS PBﾄｸ 水切,,1,ｱｰｽ,2026/7/31,福山通運　九州発送,2026/7/31,,完成,服部,2026/7/31,製造
暁電業　岡山本社★,九州工場,九州工場,2026/7/24,2026/7/24,26-J0093445-001-771,SE0000XN,1.5,500,200,200,SUS PBﾄｸ 水切,,1,ｱｰｽ,2026/7/31,福山通運　九州発送,2026/7/31,,完成,倉重,2026/7/31,製造
ＳＴＥＰ　福岡★,九州工場,九州工場,2026/7/24,2026/7/24,26-J0093490-001-771,SE0000XN,1.5,200,200,150,SUS PBﾄｸ 水切,,2,ｱｰｽ  ｳﾏ金物溶接　穴加工,2026/7/30,ヤマックス福岡,2026/7/31,,完成,服部,2026/7/30,製造
巴電業　広島★,九州工場,九州工場,2026/7/24,2026/7/24,26-J0093618-001-771,SP1515XC,1.5,150,150,150,SUS PB 水切 焼付,2.5Y9/1 近似色,12,座無ｼｰﾙ付,2026/7/31,福山通運　九州発送,2026/7/31,,完成,古川,2026/7/28,製造
栗田電機　松山★,九州工場,九州工場,2026/7/25,2026/7/25,26-J0093667-001-771,SDC0000N,1.5,300,280,500,SUS ﾀﾞｸﾄｶﾊﾞｰ,,1,,2026/7/31,福山通運　九州発送,2026/7/31,,完成,服部,2026/7/31,製造
栗田電機　松山★,九州工場,九州工場,2026/7/25,2026/7/25,26-J0093667-002-771,SDC0000N,1.5,500,280,600,SUS ﾀﾞｸﾄｶﾊﾞｰ,,1,,2026/7/31,福山通運　九州発送,2026/7/31,,完成,服部,2026/7/31,製造
山陰ﾊﾟﾅｿﾆｯｸ　浜田★,九州工場,九州工場,2026/7/25,2026/7/25,26-J0093723-001-771,IIP0000C,1.6,600,300,0,鉄 ﾌﾟﾚｰﾄ 焼付,5Y8/0.5(近似色),3,開口･穴加工ｱﾘ,2026/7/31,福山通運　九州発送,2026/7/31,,完成,古川,2026/7/28,製造
カワショウ★,九州工場,九州工場,2026/7/27,2026/7/27,26-J0094106-001-771,SE5030WC,1.5,500,500,300,SUS PB 被せ 焼付,19-30B 近似色,1,ｱｰｽ,2026/7/31,佐川急便,2026/7/31,,完成,古川,2026/7/28,製造
シンセイ　岩国★,九州工場,九州工場,2026/7/27,2026/7/27,26-J0094146-001-771,BE0000SC,1.6,400,300,200,国土 PBﾄｸ 平 焼付,2.5Y9/1 近似色,1,ｱｰｽ L-50x50x4t足つき,2026/7/31,福山通運　九州発送,2026/7/31,,完成,古川,2026/7/28,製造
暁電業　岡山本社★,九州工場,九州工場,2026/7/27,2026/7/27,26-J0094313-001-771,IC0000G,2.3,300,200,250,鉄 ｶﾊﾞｰ,,2,/200 さび止め R30x2,2026/7/31,福山通運　九州発送,2026/7/31,,完成,服部,2026/7/30,製造
暁電業　岡山本社★,九州工場,九州工場,2026/7/27,2026/7/27,26-J0094313-003-771,IC0000G,2.3,300,500,250,鉄 ｶﾊﾞｰ,,1,/200 さび止め R30x2,2026/7/31,福山通運　九州発送,2026/7/31,,完成,倉重,2026/7/30,製造
暁電業　岡山本社★,九州工場,九州工場,2026/7/27,2026/7/27,26-J0094313-002-771,IC0000G,2.3,300,360,250,鉄 ｶﾊﾞｰ,,1,/200 さび止め R30x2,2026/7/31,福山通運　九州発送,2026/7/31,,完成,倉重,2026/7/30,製造
三星商会　岡山★,九州工場,九州工場,2026/7/27,2026/7/27,26-J0094355-001-771,IC0000G,2.3,450,200,250,鉄 ｶﾊﾞｰ,,1,/200 さび止め R30x2,2026/7/31,福山通運　九州発送,2026/7/31,,完成,倉重,2026/7/30,製造
日本電設資材　福岡★,九州工場,九州工場,2026/7/27,2026/7/27,26-J0094388-001-771,SE0000XC,1.5,300,300,200,SUS PBﾄｸ 水切 焼付,2.5Y9/1 近似色,1,ｱｰｽ 2-φ65,2026/7/30,ヤマックス福岡,2026/7/31,,完成,古川,2026/7/28,製造
三親電材　岡山★,九州工場,九州工場,2026/7/27,2026/7/27,26-J0094674-001-771,IIP0000C,2.3,"1,395.00",550,0,鉄 ﾌﾟﾚｰﾄ 焼付,2.5Y9/1(近似色),1,穴加工ｱﾘ,2026/7/31,福山通運　九州発送,2026/7/31,,完成,古川,2026/7/29,製造
三親電材　岡山★,九州工場,九州工場,2026/7/27,2026/7/27,26-J0094674-002-771,IIP0000C,2.3,350,300,0,鉄 ﾌﾟﾚｰﾄ 焼付,2.5Y9/1(近似色),1,穴加工ｱﾘ,2026/7/31,福山通運　九州発送,2026/7/31,,完成,古川,2026/7/29,製造
カンサイ　西★,九州工場,九州工場,2026/7/27,2026/7/27,26-J0094951-001-771,DP5050WN,1.6,500,500,500,Sﾀﾞｲﾏ PB 被せ,,3,,2026/7/30,ヤマックス福岡,2026/7/31,,完成,服部,2026/7/29,製造
ｹｲ･ｴｽ･ﾃﾞｰ　熊本★,九州工場,九州工場,2026/7/28,2026/7/28,26-J0095093-001-771,SE2520XC,1.5,250,250,200,SUS PB 水切 焼付,2.5Y9/1 近似色,1,ｱｰｽ,2026/7/31,福山通運　九州発送,2026/7/31,,完成,古川,2026/7/29,製造
シンセイ　広島第二★,九州工場,九州工場,2026/7/28,2026/7/28,26-J0095458-001-771,DDC0000N,2.3,800,300,"1,000.00",Sﾀﾞｲﾏ ﾀﾞｸﾄｶﾊﾞｰ,,1,平蓋 側面+背面耳に切欠き,2026/7/31,福山通運　九州発送,2026/7/31,,完成,古川,2026/7/31,製造
岡本電機　福山★,九州工場,九州工場,2026/7/28,2026/7/28,26-J0095682-001-771,IP0000SG,1.6,100,100,50,鉄 PBﾄｸ 平,,2,さび止め,2026/7/30,福山通運　九州発送,2026/7/31,,完成,服部,2026/7/29,製造
イシグロ　北九州★,九州工場,九州工場,2026/7/28,2026/7/28,26-J0095717-003-771,ZG0000,0,"2,690.00",0,0,ZN 架台,,1,[75X40X5t　※先メッキ材を使用　3,2026/7/31,福山通運　九州発送,2026/7/31,,完成,古川,2026/7/31,製造
イシグロ　北九州★,九州工場,九州工場,2026/7/28,2026/7/28,26-J0095717-006-771,ZG0000,0,"2,690.00",0,0,ZN 架台,,1,[75X40X5t　※先メッキ材を使用　6,2026/7/31,福山通運　九州発送,2026/7/31,,完成,古川,2026/7/31,製造
イシグロ　北九州★,九州工場,九州工場,2026/7/28,2026/7/28,26-J0095717-005-771,ZG0000,0,"2,560.00",0,0,ZN 架台,,1,[75X40X5t　※先メッキ材を使用　5,2026/7/31,福山通運　九州発送,2026/7/31,,完成,古川,2026/7/31,製造
イシグロ　北九州★,九州工場,九州工場,2026/7/28,2026/7/28,26-J0095717-004-771,ZG0000,0,"2,590.00",0,0,ZN 架台,,1,[75X40X5t　※先メッキ材を使用　4,2026/7/31,福山通運　九州発送,2026/7/31,,完成,金光,2026/7/31,製造
イシグロ　北九州★,九州工場,九州工場,2026/7/28,2026/7/28,26-J0095717-001-771,ZG0000,0,"2,680.00",0,0,ZN 架台,,1,[75X40X5t　※先メッキ材を使用　1,2026/7/31,福山通運　九州発送,2026/7/31,,完成,金光,2026/7/31,製造
イシグロ　北九州★,九州工場,九州工場,2026/7/28,2026/7/28,26-J0095717-002-771,ZG0000,0,"2,690.00",0,0,ZN 架台,,1,[75X40X5t　※先メッキ材を使用　2,2026/7/31,福山通運　九州発送,2026/7/31,,完成,古川,2026/7/31,製造
シンセイ　広島第一★,九州工場,九州工場,2026/7/28,2026/7/28,26-J0095771-001-771,DE2015WN,1.6,200,200,150,Sﾀﾞｲﾏ PB 被せ,,4,ｱｰｽ,2026/7/31,福山通運　九州発送,2026/7/31,,完成,古川,2026/7/31,製造
赤木電機★,九州工場,九州工場,2026/7/28,2026/7/28,26-J0095859-004-771,SE0000XNA,1.5,700,400,300,SUS PBﾄｸ 水切,,2,ｱｰｽ 足付400側L4x50Φ12,2026/7/31,福山通運　九州発送,2026/7/31,,完成,坂元,2026/7/31,製造
赤木電機★,九州工場,九州工場,2026/7/28,2026/7/28,26-J0095859-001-771,SE0000XNA,1.5,600,400,300,SUS PBﾄｸ 水切,,1,ｱｰｽ 足付400側L4x50Φ12,2026/7/31,福山通運　九州発送,2026/7/31,,完成,坂元,2026/7/31,製造
赤木電機★,九州工場,九州工場,2026/7/28,2026/7/28,26-J0095859-003-771,SE0000XNA,1.5,500,400,300,SUS PBﾄｸ 水切,,1,ｱｰｽ 足付400側L4x50Φ12,2026/7/31,福山通運　九州発送,2026/7/31,,完成,坂元,2026/7/31,製造
赤木電機★,九州工場,九州工場,2026/7/28,2026/7/28,26-J0095859-002-771,SE0000XNA,1.5,600,300,400,SUS PBﾄｸ 水切,,1,ｱｰｽ 足付600側側面L4x50Φ12,2026/7/31,福山通運　九州発送,2026/7/31,,完成,坂元,2026/7/31,製造
栗田電機　松山★,九州工場,九州工場,2026/7/28,2026/7/28,26-J0095887-002-771,SP3520WN,1.5,350,350,200,SUS PB 被せ,,3,,2026/7/31,福山通運　九州発送,2026/7/31,,完成,服部,2026/7/31,製造
かごしま電工　鹿屋★,九州工場,九州工場,2026/7/28,2026/7/28,26-J0096000-001-771,SE4030XNW,1.5,400,400,300,SUS PB 水切,,2,ｱｰｽ 内ﾜﾆｽ,2026/7/31,佐川急便,2026/7/31,,完成,服部,2026/7/30,製造
山陰ﾊﾟﾅｿﾆｯｸ　倉吉,九州工場,九州工場,2026/7/28,2026/7/28,26-J0096165-001-771,SP0000XN,1.5,300,300,200,SUS PBﾄｸ 水切,,1,底面平蓋付,2026/7/31,福山通運　九州発送,2026/7/31,,完成,服部,2026/7/31,製造
山陰ﾊﾟﾅｿﾆｯｸ　倉吉,九州工場,九州工場,2026/7/28,2026/7/28,26-J0096165-002-771,SP0000XN,1.5,450,450,200,SUS PBﾄｸ 水切,,2,底面平蓋付,2026/7/31,福山通運　九州発送,2026/7/31,,完成,服部,2026/7/31,製造
Q-mast　電気グル－プ★,九州工場,九州工場,2026/7/28,2026/7/28,26-J0096189-002-771,IG0000G,0,"1,300.00",630,"3,000.00",鉄 架台,,1,縦ﾗｯｸ架台 さび止め L50x50x6,2026/7/30,ヤマックス　ｽﾎﾟｯﾄ便,2026/7/31,,完成,倉重,2026/7/29,製造
Q-mast　電気グル－プ★,九州工場,九州工場,2026/7/28,2026/7/28,26-J0096189-003-771,IG0000G,0,600,630,"3,000.00",鉄 架台,,1,縦ﾗｯｸ架台 さび止め L50x50x6,2026/7/30,ヤマックス　ｽﾎﾟｯﾄ便,2026/7/31,,完成,倉重,2026/7/29,製造
Q-mast　電気グル－プ★,九州工場,九州工場,2026/7/28,2026/7/28,26-J0096189-001-771,IG0000G,0,"1,100.00",630,"3,000.00",鉄 架台,,1,縦ﾗｯｸ架台 さび止め L50x50x6,2026/7/30,ヤマックス　ｽﾎﾟｯﾄ便,2026/7/31,,完成,倉重,2026/7/29,製造
巴電業　広島★,九州工場,九州工場,2026/7/29,2026/7/29,26-J0096399-001-771,SE0000XN,2,900,400,400,SUS PBﾄｸ 水切,,1,ｱｰｽ,2026/7/31,福山通運　九州発送,2026/7/31,,完成,坂元,2026/7/31,製造
巴電業　広島★,九州工場,九州工場,2026/7/29,2026/7/29,26-J0096414-001-771,BE0000SG,1.6,700,700,400,国土 PBﾄｸ 平,,1,ｱｰｽ さび止め,2026/7/31,福山通運　九州発送,2026/7/31,,完成,志田,2026/7/30,製造
富士商会★,九州工場,九州工場,2026/7/29,2026/7/29,26-J0096917-001-771,BE0000SG,1.6,600,300,150,国土 PBﾄｸ 平,,1,ｱｰｽ さび止め,2026/7/31,福山通運　九州発送,2026/7/31,,完成,服部,2026/7/30,製造
富士商会★,九州工場,九州工場,2026/7/29,2026/7/29,26-J0096917-002-771,BE0000SG,1.6,200,150,150,国土 PBﾄｸ 平,,2,ｱｰｽ さび止め,2026/7/31,福山通運　九州発送,2026/7/31,,完成,倉重,2026/7/30,製造
東芝電材　熊本★,九州工場,九州工場,2026/7/29,2026/7/29,26-J0097010-001-771,DP4030WN,1.6,400,400,300,Sﾀﾞｲﾏ PB 被せ,,1,,2026/7/31,佐川急便,2026/7/31,,完成,古川,2026/7/31,製造
ウチダ★,九州工場,九州工場,2026/7/29,2026/7/29,26-J0097023-001-771,IP5040WG,1.6,500,500,400,鉄 PB 被せ,,2,さび止め,2026/7/31,福山通運　九州発送,2026/7/31,,完成,樋口,2026/7/30,製造
東芝電材　宮崎★,九州工場,九州工場,2026/7/29,2026/7/29,26-J0097170-001-771,IP0000SG,1.6,200,200,75,鉄 PBﾄｸ 平,,4,さび止め,2026/7/31,福山通運　九州発送,2026/7/31,,完成,倉重,2026/7/30,製造
かごしま電工　出水★,九州工場,九州工場,2026/7/29,2026/7/29,26-J0097257-001-771,IIP0000G,1.6,200,200,0,鉄 ﾌﾟﾚｰﾄ,,7,さび止め φ4x4,2026/7/31,佐川急便,2026/7/31,,完成,服部,2026/7/30,製造
かごしま電工　出水★,九州工場,九州工場,2026/7/29,2026/7/29,26-J0097257-002-771,IIP0000G,1.6,250,250,0,鉄 ﾌﾟﾚｰﾄ,,2,さび止め φ4x4,2026/7/31,佐川急便,2026/7/31,,完成,服部,2026/7/30,製造
栗田電機　松山★,九州工場,九州工場,2026/7/29,2026/7/29,26-J0097258-002-771,SE0000XN,1.5,500,300,300,SUS PBﾄｸ 水切,,1,ｱｰｽ,2026/7/31,福山通運　九州発送,2026/7/31,,完成,服部,2026/7/31,製造
平岡電気　大川,九州工場,九州工場,2026/7/29,2026/7/29,26-J0097296-002-771,SP0000WN,1.5,600,500,400,SUS PBﾄｸ 被せ,,1,,2026/7/30,ヤマックス福岡,2026/7/31,,完成,坂元,2026/7/30,製造
東芝電材　霧島★,九州工場,九州工場,2026/7/29,2026/7/29,26-J0097311-001-771,SP0000WN,1.5,250,200,150,SUS PBﾄｸ 被せ,,1,底面開口 底面外ﾂﾊﾞ,2026/7/31,福山通運　九州発送,2026/7/31,,完成,服部,2026/7/31,製造
ナミデン　山口★,九州工場,九州工場,2026/7/29,2026/7/29,26-J0097433-002-771,SIP0000N,1.5,250,150,0,SUS ﾌﾟﾚｰﾄ,,1,平ふた ｺﾞﾑﾊﾟｯｷﾝ付 ﾌﾟﾚｰﾄD,2026/7/31,福山通運　九州発送,2026/7/31,,完成,服部,2026/7/31,製造
ナミデン　山口★,九州工場,九州工場,2026/7/29,2026/7/29,26-J0097433-001-771,SIP0000N,1.5,250,200,0,SUS ﾌﾟﾚｰﾄ,,1,平ふた ｺﾞﾑﾊﾟｯｷﾝ付 ﾌﾟﾚｰﾄB,2026/7/31,福山通運　九州発送,2026/7/31,,完成,服部,2026/7/31,製造
ナミデン　山口★,九州工場,九州工場,2026/7/29,2026/7/29,26-J0097433-003-771,SIP0000N,1.5,300,250,0,SUS ﾌﾟﾚｰﾄ,,1,平ふた ｺﾞﾑﾊﾟｯｷﾝ付 ﾌﾟﾚｰﾄC,2026/7/31,福山通運　九州発送,2026/7/31,,完成,服部,2026/7/31,製造
ナミデン　山口★,九州工場,九州工場,2026/7/29,2026/7/29,26-J0097433-007-771,SIP0000N,1.5,650,650,0,SUS ﾌﾟﾚｰﾄ,,1,平ふた ｺﾞﾑﾊﾟｯｷﾝ付 ﾌﾟﾚｰﾄA,2026/7/31,福山通運　九州発送,2026/7/31,,完成,服部,2026/7/31,製造
平和テクノ　山口西★,九州工場,九州工場,2026/7/30,2026/7/30,26-J0098354-001-771,SIP0000N,1.5,165,165,0,SUS ﾌﾟﾚｰﾄ,,1,φ90 φ6x12長穴x4,2026/7/31,佐川急便,2026/7/31,,完成,倉重,2026/7/31,製造
田中商事　福岡,九州工場,九州工場,2026/7/30,2026/7/30,26-J0098468-001-771,AI0000N,3,300,300,0,ｱﾙﾐ 切板,,1,生地,2026/7/31,佐川急便,2026/7/31,,完成,服部,2026/7/31,製造
シンセイ　備南★,九州工場,九州工場,2026/7/31,2026/7/31,26-J0099029-001-771,SE1007SNP,1.5,100,100,75,SUS PB 平,,2,ｱｰｽ ｺﾞﾑﾊﾟｯｷﾝ付,2026/7/31,福山通運　九州発送,2026/7/31,,完成,服部,2026/7/31,製造
日本電設資材　福岡★,九州工場,九州工場,2026/6/29,2026/6/29,26-J0071539-003-771,IG0000G,0,215,210,900,鉄 架台,,1,さび止め [150x75x6.5t L65x65x6t QR50用(EPS2),2026/7/31,ヤマックス福岡,2026/8/3,,完成,古川,2026/7/29,製造
日本電設資材　福岡★,九州工場,九州工場,2026/6/29,2026/6/29,26-J0071539-005-771,IG0000G,0,215,210,900,鉄 架台,,1,さび止め [150x75x6.5t L65x65x6t QR50用(EPS4),2026/7/31,ヤマックス福岡,2026/8/3,,完成,古川,2026/7/29,製造
日本電設資材　福岡★,九州工場,九州工場,2026/6/29,2026/6/29,26-J0071539-001-771,IG0000G,0,215,210,"1,100.00",鉄 架台,,1,さび止め [150×75×6.5t　L65×65×6t QR70用(EPS1),2026/7/31,ヤマックス福岡,2026/8/3,,完成,古川,2026/7/29,製造
日本電設資材　福岡★,九州工場,九州工場,2026/6/29,2026/6/29,26-J0071539-002-771,IG0000G,0,215,210,"1,100.00",鉄 架台,,1,さび止め [150×75×6.5t　L65×65×6t QR70用(EPS3),2026/7/31,ヤマックス福岡,2026/8/3,,完成,古川,2026/7/29,製造
イシグロ　鹿児島★,九州工場,九州工場,2026/7/2,2026/7/2,26-J0074731-036-771,IG0000G,6,700,150,"1,300.00",鉄 架台,,2,さび止め　SS-L-50x50x6t　PL-6t,2026/7/31,チャーター便,2026/8/3,,完成,古川,2026/7/30,製造
イシグロ　鹿児島★,九州工場,九州工場,2026/7/2,2026/7/2,26-J0074731-001-771,IG0000G,5,200,65,"2,200.00",鉄 架台,,16,さび止め SS-C-5x50x100　FB6x65,2026/7/31,チャーター便,2026/8/3,,完成,森田,2026/7/30,製造
イシグロ　鹿児島★,九州工場,九州工場,2026/7/2,2026/7/2,26-J0074731-002-771,IG0000G,5,300,65,"2,300.00",鉄 架台,,24,さび止め SS-C-5x50x100　FB6x65　PL-6t,2026/7/31,チャーター便,2026/8/3,,完成,森田,2026/7/30,製造
イシグロ　鹿児島★,九州工場,九州工場,2026/7/2,2026/7/2,26-J0074731-003-771,IG0000G,5,100,65,"2,300.00",鉄 架台,,3,さび止め SS-C-5x50x100　FB6x65,2026/7/31,チャーター便,2026/8/3,,完成,森田,2026/7/30,製造
イシグロ　鹿児島★,九州工場,九州工場,2026/7/2,2026/7/2,26-J0074731-004-771,IG0000G,5,100,65,"2,300.00",鉄 架台,,3,さび止め SS-C-5x50x100　FB6x65,2026/7/31,チャーター便,2026/8/3,,完成,森田,2026/7/30,製造
イシグロ　鹿児島★,九州工場,九州工場,2026/7/2,2026/7/2,26-J0074731-005-771,IG0000G,5,100,50,"1,900.00",鉄 架台,,2,さび止め SS-C-5x50x100　PL-6t,2026/7/31,チャーター便,2026/8/3,,完成,森田,2026/7/30,製造
イシグロ　鹿児島★,九州工場,九州工場,2026/7/2,2026/7/2,26-J0074731-006-771,IG0000G,5,100,50,"1,900.00",鉄 架台,,2,さび止め SS-C-5x50x100　PL-6t,2026/7/31,チャーター便,2026/8/3,,完成,森田,2026/7/30,製造
イシグロ　鹿児島★,九州工場,九州工場,2026/7/2,2026/7/2,26-J0074731-007-771,IKM0000G,5,100,50,"1,150.00",鉄 金物,,2,さび止め SS-C-5x50x100,2026/7/31,チャーター便,2026/8/3,,完成,森田,2026/7/30,製造
イシグロ　鹿児島★,九州工場,九州工場,2026/7/2,2026/7/2,26-J0074731-008-771,IKM0000G,5,100,50,800,鉄 金物,,2,さび止め SS-C-5x50x100,2026/7/31,チャーター便,2026/8/3,,完成,森田,2026/7/30,製造
イシグロ　鹿児島★,九州工場,九州工場,2026/7/2,2026/7/2,26-J0074731-009-771,IG0000G,5,100,50,"2,650.00",鉄 架台,,1,さび止め SS-C-5x50x100　PL-6t,2026/7/31,チャーター便,2026/8/3,,完成,森田,2026/7/30,製造
イシグロ　鹿児島★,九州工場,九州工場,2026/7/2,2026/7/2,26-J0074731-010-771,IG0000G,5,100,50,"2,650.00",鉄 架台,,2,さび止め SS-C-5x50x100　PL-6t,2026/7/31,チャーター便,2026/8/3,,完成,森田,2026/7/30,製造
イシグロ　鹿児島★,九州工場,九州工場,2026/7/2,2026/7/2,26-J0074731-011-771,IG0000G,5,100,50,"2,650.00",鉄 架台,,1,さび止め SS-C-5x50x100　PL-6t,2026/7/31,チャーター便,2026/8/3,,完成,森田,2026/7/30,製造
イシグロ　鹿児島★,九州工場,九州工場,2026/7/2,2026/7/2,26-J0074731-012-771,IKM0000G,5,100,50,"1,350.00",鉄 金物,,4,さび止め SS-C-5x50x100　,2026/7/31,チャーター便,2026/8/3,,完成,古川,2026/7/30,製造
イシグロ　鹿児島★,九州工場,九州工場,2026/7/2,2026/7/2,26-J0074731-013-771,IKM0000G,5,100,50,"1,350.00",鉄 金物,,4,さび止め -C-5x50x100　,2026/7/31,チャーター便,2026/8/3,,完成,古川,2026/7/30,製造
イシグロ　鹿児島★,九州工場,九州工場,2026/7/2,2026/7/2,26-J0074731-014-771,IKM0000G,5,100,50,250,鉄 金物,,1,さび止め SS-C-5x50x100　,2026/7/31,チャーター便,2026/8/3,,完成,森田,2026/7/30,製造
イシグロ　鹿児島★,九州工場,九州工場,2026/7/2,2026/7/2,26-J0074731-015-771,IG0000G,5,100,50,"1,750.00",鉄 架台,,1,さび止め SS-C-5x50x100　PL-6t,2026/7/31,チャーター便,2026/8/3,,完成,森田,2026/7/30,製造
イシグロ　鹿児島★,九州工場,九州工場,2026/7/2,2026/7/2,26-J0074731-016-771,IG0000G,5,100,50,"1,650.00",鉄 架台,,4,さび止め SS-C-5x50x100　PL-6t,2026/7/31,チャーター便,2026/8/3,,完成,森田,2026/7/30,製造
イシグロ　鹿児島★,九州工場,九州工場,2026/7/2,2026/7/2,26-J0074731-017-771,IG0000G,5,100,50,"1,650.00",鉄 架台,,2,さび止め SS-C-5x50x100　PL-6t,2026/7/31,チャーター便,2026/8/3,,完成,森田,2026/7/30,製造
イシグロ　鹿児島★,九州工場,九州工場,2026/7/2,2026/7/2,26-J0074731-018-771,IG0000G,5,100,50,"1,650.00",鉄 架台,,1,さび止め SS-C-5x50x100　PL-6t,2026/7/31,チャーター便,2026/8/3,,完成,森田,2026/7/30,製造
イシグロ　鹿児島★,九州工場,九州工場,2026/7/2,2026/7/2,26-J0074731-019-771,IG0000G,5,100,50,"1,600.00",鉄 架台,,2,さび止め SS-C-5x50x100　PL-6t,2026/7/31,チャーター便,2026/8/3,,完成,森田,2026/7/30,製造
イシグロ　鹿児島★,九州工場,九州工場,2026/7/2,2026/7/2,26-J0074731-020-771,IG0000G,5,100,50,"1,600.00",鉄 架台,,4,さび止め SS-C-5x50x100　PL-6t,2026/7/31,チャーター便,2026/8/3,,完成,森田,2026/7/30,製造
イシグロ　鹿児島★,九州工場,九州工場,2026/7/2,2026/7/2,26-J0074731-021-771,IG0000G,5,100,50,"1,600.00",鉄 架台,,2,さび止め SS-C-5x50x100　PL-6t,2026/7/31,チャーター便,2026/8/3,,完成,森田,2026/7/30,製造
イシグロ　鹿児島★,九州工場,九州工場,2026/7/2,2026/7/2,26-J0074731-022-771,IG0000G,5,100,50,"1,525.00",鉄 架台,,4,さび止め SS-C-5x50x100　PL-6t,2026/7/31,チャーター便,2026/8/3,,完成,森田,2026/7/30,製造
イシグロ　鹿児島★,九州工場,九州工場,2026/7/2,2026/7/2,26-J0074731-023-771,IG0000G,5,100,50,"1,475.00",鉄 架台,,4,さび止め SS-C-5x50x100　PL-6t,2026/7/31,チャーター便,2026/8/3,,完成,森田,2026/7/30,製造
イシグロ　鹿児島★,九州工場,九州工場,2026/7/2,2026/7/2,26-J0074731-024-771,IG0000G,5,100,50,"1,250.00",鉄 架台,,2,さび止め SS-C-5x50x100　PL-6t,2026/7/31,チャーター便,2026/8/3,,完成,森田,2026/7/30,製造
イシグロ　鹿児島★,九州工場,九州工場,2026/7/2,2026/7/2,26-J0074731-025-771,IG0000G,5,100,50,"1,250.00",鉄 架台,,2,さび止め SS-C-5x50x100　PL-6t,2026/7/31,チャーター便,2026/8/3,,完成,森田,2026/7/30,製造
イシグロ　鹿児島★,九州工場,九州工場,2026/7/2,2026/7/2,26-J0074731-026-771,IG0000G,5,100,50,700,鉄 架台,,1,さび止め SS-C-5x50x100　PL-6t,2026/7/31,チャーター便,2026/8/3,,完成,森田,2026/7/30,製造
イシグロ　鹿児島★,九州工場,九州工場,2026/7/2,2026/7/2,26-J0074731-027-771,IG0000G,5,100,50,700,鉄 架台,,4,さび止め SS-C-5x50x100　PL-6t,2026/7/31,チャーター便,2026/8/3,,完成,森田,2026/7/30,製造
イシグロ　鹿児島★,九州工場,九州工場,2026/7/2,2026/7/2,26-J0074731-028-771,IKM0000G,5,100,50,700,鉄 金物,,2,さび止め SS-C-5x50x100,2026/7/31,チャーター便,2026/8/3,,完成,森田,2026/7/30,製造
イシグロ　鹿児島★,九州工場,九州工場,2026/7/2,2026/7/2,26-J0074731-029-771,IG0000G,5,100,50,700,鉄 架台,,2,さび止め SS-C-5x50x100　PL-6t,2026/7/31,チャーター便,2026/8/3,,完成,森田,2026/7/30,製造
イシグロ　鹿児島★,九州工場,九州工場,2026/7/2,2026/7/2,26-J0074731-030-771,IKM0000G,5,100,50,700,鉄 金物,,2,さび止め SS-C-5x50x100,2026/7/31,チャーター便,2026/8/3,,完成,森田,2026/7/30,製造
イシグロ　鹿児島★,九州工場,九州工場,2026/7/2,2026/7/2,26-J0074731-031-771,IG0000G,5,200,56,450,鉄 架台,,3,さび止め SS-C-5x50x100　PL-6t,2026/7/31,チャーター便,2026/8/3,,完成,森田,2026/7/30,製造
イシグロ　鹿児島★,九州工場,九州工場,2026/7/2,2026/7/2,26-J0074731-032-771,IG0000G,5,100,50,600,鉄 架台,,1,さび止め SS-C-5x50x100　PL-6t,2026/7/31,チャーター便,2026/8/3,,完成,森田,2026/7/30,製造
イシグロ　鹿児島★,九州工場,九州工場,2026/7/2,2026/7/2,26-J0074731-033-771,IKM0000G,5,100,50,500,鉄 金物,,2,さび止め SS-C-5x50x100　,2026/7/31,チャーター便,2026/8/3,,完成,森田,2026/7/30,製造
イシグロ　鹿児島★,九州工場,九州工場,2026/7/2,2026/7/2,26-J0074731-034-771,IKM0000G,5,100,50,500,鉄 金物,,2,さび止め SS-C-5x50x100　,2026/7/31,チャーター便,2026/8/3,,完成,森田,2026/7/30,製造
イシグロ　鹿児島★,九州工場,九州工場,2026/7/2,2026/7/2,26-J0074731-035-771,IG0000G,6,700,150,"1,300.00",鉄 架台,,4,さび止め　SS-L-50x50x6t　PL-6t,2026/7/31,チャーター便,2026/8/3,,完成,古川,2026/7/30,製造
イシグロ　鹿児島★,九州工場,九州工場,2026/7/2,2026/7/2,26-J0074731-037-771,IG0000G,6,350,150,"1,300.00",鉄 架台,,2,さび止め　SS-L-50x50x6t　PL-6t,2026/7/31,チャーター便,2026/8/3,,完成,古川,2026/7/30,製造
イシグロ　鹿児島★,九州工場,九州工場,2026/7/2,2026/7/2,26-J0074731-038-771,IG0000G,6,350,100,"1,000.00",鉄 架台,,2,さび止め　SS-L-50x50x6t　PL-6t,2026/7/31,チャーター便,2026/8/3,,完成,古川,2026/7/30,製造
イシグロ　鹿児島★,九州工場,九州工場,2026/7/2,2026/7/2,26-J0074731-039-771,IG0000G,6,350,50,250,鉄 架台,,2,さび止め　SS-L-50x50x6t,2026/7/31,チャーター便,2026/8/3,,完成,古川,2026/7/30,製造
イシグロ　鹿児島★,九州工場,九州工場,2026/7/2,2026/7/2,26-J0074731-040-771,IG0000G,6,350,50,100,鉄 架台,,3,さび止め　SS-L-50x50x6t　PL-6t,2026/7/31,チャーター便,2026/8/3,,完成,古川,2026/7/30,製造
中国機材設備　呉★,九州工場,九州工場,2026/7/2,2026/7/2,26-J0075626-001-771,IKM0000G,2.3,560,180,0,鉄 金物,,10,さび止め Z型曲げ金物溶接　穴加工,2026/8/3,福山通運　九州発送,2026/8/3,,完成,古川,2026/7/29,製造
中国機材設備　呉★,九州工場,九州工場,2026/7/7,2026/7/7,26-J0078177-001-771,IKM0000G,2.3,560,180,0,鉄 金物,,15,さび止め Z型曲げ金物溶接　穴加工,2026/8/3,福山通運　九州発送,2026/8/3,,完成,倉重,2026/7/29,製造
ウチダ★,九州工場,九州工場,2026/7/7,2026/7/7,26-J0078436-003-771,SP0000XN,1.5,300,300,150,SUS PBﾄｸ 水切,,1,酸洗い　取付足、端子台ﾍﾞｰｽ、 ﾈｼﾞ付管筒　溶接,2026/8/3,福山通運　九州発送,2026/8/3,,完成,倉重,2026/7/31,製造
ウチダ★,九州工場,九州工場,2026/7/7,2026/7/7,26-J0078436-001-771,SP0000XN,1.5,300,300,150,SUS PBﾄｸ 水切,,1,酸洗い　取付足、端子台ﾍﾞｰｽ、 ﾈｼﾞ付管筒　溶接,2026/8/3,福山通運　九州発送,2026/8/3,,完成,倉重,2026/7/31,製造
ウチダ★,九州工場,九州工場,2026/7/7,2026/7/7,26-J0078436-002-771,SP0000XN,1.5,300,300,150,SUS PBﾄｸ 水切,,1,酸洗い　取付足、端子台ﾍﾞｰｽ、 ﾈｼﾞ付管筒　溶接,2026/8/3,福山通運　九州発送,2026/8/3,,完成,倉重,2026/7/31,製造
南四国ﾅｼｮﾅﾙ　本社★,九州工場,九州工場,2026/7/7,2026/7/7,26-J0078636-001-771,IMK0000C,1.6,340,260,50,鉄 曲金物 焼付,N9.5(近似色),20,穴加工ｱﾘ【G1～G5】,2026/8/3,福山通運　九州発送,2026/8/3,,完成,古川,2026/7/29,製造
かごしま電工　国分★,九州工場,九州工場,2026/7/14,2026/7/14,26-J0084222-001-771,ZG0000,0,800,800,0,ZN 架台,,1,[-5x50x100 [-6.5x75x150 PL6.0t 穴加工,2026/8/3,福山通運　九州発送,2026/8/3,,完成,倉重,2026/7/24,製造
日本電設資材　福岡★,九州工場,九州工場,2026/7/15,2026/7/15,26-J0086219-004-771,IKW0000G,1.6,310,130,230,鉄 貫通枠,,1,さび止め C125x65x6x8  EPS4,2026/7/31,ヤマックス福岡,2026/8/3,,完成,服部,2026/7/29,製造
日本電設資材　福岡★,九州工場,九州工場,2026/7/15,2026/7/15,26-J0086219-003-771,IKW0000G,1.6,310,130,230,鉄 貫通枠,,1,さび止め C125x65x6x8  EPS3,2026/7/31,ヤマックス福岡,2026/8/3,,完成,服部,2026/7/29,製造
日本電設資材　福岡★,九州工場,九州工場,2026/7/15,2026/7/15,26-J0086219-002-771,IKW0000G,1.6,860,130,230,鉄 貫通枠,,1,さび止め C125x65x6x8  EPS2,2026/7/31,ヤマックス福岡,2026/8/3,,完成,服部,2026/7/29,製造
日本電設資材　福岡★,九州工場,九州工場,2026/7/15,2026/7/15,26-J0086219-001-771,IKW0000G,1.6,860,130,230,鉄 貫通枠,,1,さび止め C125x65x6x8  EPS1,2026/7/31,ヤマックス福岡,2026/8/3,,完成,服部,2026/7/29,製造
平和テクノ　下関★,九州工場,九州工場,2026/7/16,2026/7/16,26-J0086917-001-771,IP6050SG,1.6,600,600,500,鉄 PB 平,,1,さび止め,2026/8/3,福山通運　九州発送,2026/8/3,,完成,倉重,2026/7/31,製造
大洋電材　本社★,九州工場,九州工場,2026/7/17,2026/7/17,26-J0088067-009-771,ZG0000,0,250,230,0,ZN 架台,,1,L-40x40x3t　D1（M10ねじ止め）,2026/7/31,北九州配達,2026/8/3,,完成,金光,2026/7/24,製造
大洋電材　本社★,九州工場,九州工場,2026/7/17,2026/7/17,26-J0088067-007-771,ZG0000,0,400,230,0,ZN 架台,,1,L-40x40x3t　D1（M10ねじ止め）,2026/7/31,北九州配達,2026/8/3,,完成,金光,2026/7/24,製造
大洋電材　本社★,九州工場,九州工場,2026/7/17,2026/7/17,26-J0088067-010-771,ZG0000,0,150,180,0,ZN 架台,,5,L-40x40x3t　D1（M10ねじ止め）,2026/7/31,北九州配達,2026/8/3,,完成,金光,2026/7/24,製造
大洋電材　本社★,九州工場,九州工場,2026/7/17,2026/7/17,26-J0088067-008-771,ZG0000,0,380,230,0,ZN 架台,,2,L-40x40x3t　D1（M10ねじ止め）,2026/7/31,北九州配達,2026/8/3,,完成,金光,2026/7/24,製造
イシグロ　福岡★,九州工場,九州工場,2026/7/17,2026/7/17,26-J0088335-005-771,ZG0000,6,65,65,"2,356.00",ZN 架台,,1,SS-L-65x65x6t　PL-6t,2026/8/3,福山通運　九州発送,2026/8/3,,完成,倉重,2026/7/27,製造
イシグロ　福岡★,九州工場,九州工場,2026/7/17,2026/7/17,26-J0088335-001-771,ZG0000,6,425,135,200,ZN 架台,,1,SS-L-65x65x6t　,2026/8/3,福山通運　九州発送,2026/8/3,,完成,倉重,2026/7/27,製造
イシグロ　福岡★,九州工場,九州工場,2026/7/17,2026/7/17,26-J0088335-002-771,ZG0000,6,65,65,"1,806.00",ZN 架台,,1,SS-L-65x65x6t　PL-6t,2026/8/3,福山通運　九州発送,2026/8/3,,完成,倉重,2026/7/27,製造
イシグロ　福岡★,九州工場,九州工場,2026/7/17,2026/7/17,26-J0088335-003-771,ZG0000,6,65,65,"1,806.00",ZN 架台,,1,SS-L-65x65x6t　PL-6t,2026/8/3,福山通運　九州発送,2026/8/3,,完成,倉重,2026/7/27,製造
イシグロ　福岡★,九州工場,九州工場,2026/7/17,2026/7/17,26-J0088335-004-771,ZG0000,6,425,335,200,ZN 架台,,1,SS-L-65x65x6t　,2026/8/3,福山通運　九州発送,2026/8/3,,完成,倉重,2026/7/27,製造
イシグロ　福岡★,九州工場,九州工場,2026/7/17,2026/7/17,26-J0088335-006-771,ZG0000,6,65,65,"2,356.00",ZN 架台,,1,SS-L-65x65x6t　PL-6t,2026/8/3,福山通運　九州発送,2026/8/3,,完成,倉重,2026/7/27,製造
三親電材　米子★,九州工場,九州工場,2026/7/21,2026/7/21,26-J0088502-001-771,ZE0000X,2.3,400,400,450,ZN PBﾄｸ 水切,,1,HDZT56 ｱｰｽ ｶｯﾌﾟﾘﾝｸﾞ･ｺﾝ柱取付金具x2付,2026/8/3,福山通運　九州発送,2026/8/3,,完成,金光,2026/7/24,製造
三和電気商会★,九州工場,九州工場,2026/7/21,2026/7/21,26-J0089006-001-771,ZE0000S,3.2,900,300,350,ZN PBﾄｸ 平,,1,◆　側面ｱｰｽ 蓋2分割･FB補強,2026/8/3,福山通運　九州発送,2026/8/3,,完成,倉重,2026/7/24,製造
菱栄電材★,九州工場,九州工場,2026/7/21,2026/7/21,26-J0089718-001-771,ZG0000,4,990,230,100,ZN 架台,,1,HDZT63　L-50x50x4t 穴加工,2026/8/3,福山通運　九州発送,2026/8/3,,完成,倉重,2026/7/27,製造
東芝電材　八幡★,九州工場,九州工場,2026/7/21,2026/7/21,26-J0089820-001-771,DE4030WN,1.6,400,400,300,Sﾀﾞｲﾏ PB 被せ,,4,ｱｰｽ,2026/7/31,北九州配達,2026/8/3,,完成,古川,2026/7/31,製造
興陽電機　行橋★,九州工場,九州工場,2026/7/22,2026/7/22,26-J0090243-002-771,SP0000WN,1.5,450,450,300,SUS PBﾄｸ 被せ,,2,,2026/8/3,佐川急便,2026/8/3,,完成,服部,2026/8/3,製造
新光産業　本社,九州工場,九州工場,2026/7/22,2026/7/22,26-J0090250-002-771,SE0000XC,1.5,400,400,100,SUS PBﾄｸ 水切 焼付,2.5Y9/1,2,ｱｰｽ,2026/7/28,イトカツ,2026/8/3,2026/7/28,完成,古川,2026/7/23,製造
新光産業　本社,九州工場,九州工場,2026/7/22,2026/7/22,26-J0090250-001-771,SE5020XC,1.5,500,500,200,SUS PB 水切 焼付,2.5Y9/1,2,ｱｰｽ,2026/7/28,イトカツ,2026/8/3,2026/7/28,完成,古川,2026/7/23,製造
大洋電材　本社★,九州工場,九州工場,2026/7/22,2026/7/22,26-J0090603-005-771,BE2520SC,1.6,250,250,200,国土 PB 平 焼付,2.5Y9/1 近似色,1,ｱｰｽ,2026/7/29,北九州配達,2026/8/3,,完成,古川,2026/7/24,製造
大洋電材　本社★,九州工場,九州工場,2026/7/22,2026/7/22,26-J0090603-004-771,BE2020SC,1.6,200,200,200,国土 PB 平 焼付,2.5Y9/1 近似色,10,ｱｰｽ,2026/7/28,北九州配達,2026/8/3,,完成,古川,2026/7/23,製造
大洋電材　本社★,九州工場,九州工場,2026/7/22,2026/7/22,26-J0090603-002-771,BE1510SC,1.6,150,150,100,国土 PB 平 焼付,2.5Y9/1 近似色,1,ｱｰｽ,2026/7/28,北九州配達,2026/8/3,,完成,古川,,加工
大洋電材　本社★,九州工場,九州工場,2026/7/22,2026/7/22,26-J0090603-003-771,BE2010SC,1.6,200,200,100,国土 PB 平 焼付,2.5Y9/1 近似色,13,ｱｰｽ,2026/7/29,北九州配達,2026/8/3,,完成,古川,2026/7/24,製造
大洋電材　本社★,九州工場,九州工場,2026/7/22,2026/7/22,26-J0090603-001-771,BE1010SC,1.6,100,100,100,国土 PB 平 焼付,2.5Y9/1 近似色,2,ｱｰｽ,2026/7/28,北九州配達,2026/8/3,,完成,古川,2026/7/23,製造
日本電設資材　福岡★,九州工場,九州工場,2026/7/23,2026/7/23,26-J0091693-001-771,IMK0000G,4.5,"1,100.00",100,40,鉄 曲金物,,3,さび止め　穴加工　EPS1,2026/7/31,ヤマックス福岡,2026/8/3,,完成,倉重,2026/7/29,製造
日本電設資材　福岡★,九州工場,九州工場,2026/7/23,2026/7/23,26-J0091693-003-771,IMK0000G,4.5,"1,100.00",100,40,鉄 曲金物,,3,さび止め　穴加工　EPS3,2026/7/31,ヤマックス福岡,2026/8/3,,完成,倉重,2026/7/29,製造
日本電設資材　福岡★,九州工場,九州工場,2026/7/23,2026/7/23,26-J0091693-004-771,IMK0000G,4.5,900,100,40,鉄 曲金物,,3,さび止め　穴加工　EPS4,2026/7/31,ヤマックス福岡,2026/8/3,,完成,倉重,2026/7/29,製造
日本電設資材　福岡★,九州工場,九州工場,2026/7/23,2026/7/23,26-J0091693-002-771,IMK0000G,4.5,900,100,40,鉄 曲金物,,3,さび止め　穴加工　EPS2,2026/7/31,ヤマックス福岡,2026/8/3,,完成,倉重,2026/7/29,製造
山陰ﾊﾟﾅｿﾆｯｸ　浜田★,九州工場,九州工場,2026/7/23,2026/7/23,26-J0091865-001-771,ZE0000SA,3.2,600,250,600,ZN PBﾄｸ 平,,1,側面ｱｰｽ 足付(位置指定)L6x50Φ15 ｺﾞﾑﾊﾟｯｷﾝ付,2026/8/3,福山通運　九州発送,2026/8/3,,完成,倉重,2026/7/27,製造
山陰ﾊﾟﾅｿﾆｯｸ　浜田★,九州工場,九州工場,2026/7/23,2026/7/23,26-J0091865-002-771,ZE0000SP,3.2,600,600,500,ZN PBﾄｸ 平,,1,ｱｰｽ(位置指定) ｺﾞﾑﾊﾟｯｷﾝ付 開口･穴加工ｱﾘ,2026/8/3,福山通運　九州発送,2026/8/3,,完成,倉重,2026/7/27,製造
イシグロ　福岡★,九州工場,九州工場,2026/7/23,2026/7/23,26-J0091950-002-771,ZG0000,0,710,325,0,ZN 架台,,1,穴加工　L65x65x6t （E2）,2026/7/31,店頭渡し,2026/8/3,,完成,古川,2026/7/27,製造
イシグロ　福岡★,九州工場,九州工場,2026/7/23,2026/7/23,26-J0091950-001-771,ZG0000,0,765,325,0,ZN 架台,,1,穴加工　L65x65x6t （E1）,2026/7/31,店頭渡し,2026/8/3,,完成,古川,2026/7/27,製造
イシグロ　福岡★,九州工場,九州工場,2026/7/23,2026/7/23,26-J0091950-011-771,ZG0000,0,965,325,0,ZN 架台,,1,穴加工　L65x65x6t （I1）,2026/7/31,店頭渡し,2026/8/3,,完成,金光,2026/7/27,製造
イシグロ　福岡★,九州工場,九州工場,2026/7/23,2026/7/23,26-J0091950-010-771,ZG0000,0,950,325,0,ZN 架台,,1,穴加工　L65x65x6t （I2）,2026/7/31,店頭渡し,2026/8/3,,完成,金光,2026/7/27,製造
イシグロ　福岡★,九州工場,九州工場,2026/7/23,2026/7/23,26-J0091950-009-771,ZG0000,0,"1,100.00",325,0,ZN 架台,,1,穴加工　L65x65x6t （I3）,2026/7/31,店頭渡し,2026/8/3,,完成,金光,2026/7/27,製造
イシグロ　福岡★,九州工場,九州工場,2026/7/23,2026/7/23,26-J0091950-008-771,ZG0000,0,"1,280.00",385,0,ZN 架台,,1,穴加工　L65x65x6t （I4）,2026/7/31,店頭渡し,2026/8/3,,完成,古川,2026/7/27,製造
イシグロ　福岡★,九州工場,九州工場,2026/7/23,2026/7/23,26-J0091950-007-771,ZG0000,0,"1,025.00",285,0,ZN 架台,,1,穴加工　L65x65x6t （I5）,2026/7/31,店頭渡し,2026/8/3,,完成,金光,2026/7/27,製造
イシグロ　福岡★,九州工場,九州工場,2026/7/23,2026/7/23,26-J0091950-006-771,ZG0000,0,"1,105.00",300,0,ZN 架台,,1,穴加工　L65x65x6t （I6）,2026/7/31,店頭渡し,2026/8/3,,完成,金光,2026/7/27,製造
イシグロ　福岡★,九州工場,九州工場,2026/7/23,2026/7/23,26-J0091950-005-771,ZG0000,0,770,325,0,ZN 架台,,1,穴加工　L65x65x6t （E5）,2026/7/31,店頭渡し,2026/8/3,,完成,金光,2026/7/27,製造
イシグロ　福岡★,九州工場,九州工場,2026/7/23,2026/7/23,26-J0091950-004-771,ZG0000,0,900,325,0,ZN 架台,,1,穴加工　L65x65x6t （E4）,2026/7/31,店頭渡し,2026/8/3,,完成,古川,2026/7/27,製造
イシグロ　福岡★,九州工場,九州工場,2026/7/23,2026/7/23,26-J0091950-003-771,ZG0000,0,685,273,0,ZN 架台,,1,穴加工　L65x65x6t （E3）,2026/7/31,店頭渡し,2026/8/3,,完成,古川,2026/7/27,製造
平岡電気　大牟田★,九州工場,九州工場,2026/7/23,2026/7/23,26-J0092074-001-771,ZI0000,6,50,"1,000.00",0,ZN 切板,,1,,2026/8/3,佐川急便,2026/8/3,,完成,倉重,2026/7/27,製造
東芝電材　福岡★,九州工場,九州工場,2026/7/23,2026/7/23,26-J0092292-002-771,ZE0000W,3.2,600,400,400,ZN PBﾄｸ 被せ,,1,ｱｰｽ,2026/7/31,ヤマックス福岡,2026/8/3,,完成,古川,2026/7/27,製造
東芝電材　福岡★,九州工場,九州工場,2026/7/23,2026/7/23,26-J0092292-001-771,ZE6060W3,3.2,600,600,600,ZN PB 被せ,,1,ｱｰｽ,2026/7/31,ヤマックス福岡,2026/8/3,,完成,金光,2026/7/27,製造
ナミデン　福岡★,九州工場,九州工場,2026/7/23,2026/7/23,26-J0092360-001-771,ZG0000,0,800,300,0,ZN 架台,,1,L40x40x5  屋上 床ﾗｯｸ架台,2026/7/31,ヤマックス福岡,2026/8/3,,完成,古川,2026/7/27,製造
興陽電機　行橋★,九州工場,九州工場,2026/7/23,2026/7/23,26-J0092424-002-771,BE3030SC,1.6,300,300,300,国土 PB 平 焼付,2.5Y9/1 近似色,4,ｱｰｽ,2026/7/30,佐川急便,2026/8/3,,完成,岡,2026/7/27,製造
興陽電機　行橋★,九州工場,九州工場,2026/7/23,2026/7/23,26-J0092424-001-771,BE2020SC,1.6,200,200,200,国土 PB 平 焼付,2.5Y9/1 近似色,8,ｱｰｽ,2026/7/31,佐川急便,2026/8/3,,完成,岡,,加工
デンザイ東亜　本社★,九州工場,九州工場,2026/7/23,2026/7/23,26-J0092447-001-771,ZE3015X2,2.3,300,300,150,ZN PB 水切,,1,ｱｰｽ,2026/8/3,佐川急便,2026/8/3,,完成,倉重,2026/7/27,製造
広島電機器材,九州工場,九州工場,2026/7/24,2026/7/24,26-J0092641-001-771,ZE2010X2,2.3,200,200,100,ZN PB 水切,,5,ｱｰｽ,2026/8/3,福山通運　九州発送,2026/8/3,,完成,倉重,2026/7/27,製造
米良電機　日南★,九州工場,九州工場,2026/7/24,2026/7/24,26-J0092659-002-771,ZE0000X,3.2,600,600,300,ZN PBﾄｸ 水切,,1,ｱｰｽ ｾﾊﾟﾚｰﾀ付,2026/8/3,佐川急便,2026/8/3,,完成,倉重,2026/7/27,製造
米良電機　日南★,九州工場,九州工場,2026/7/24,2026/7/24,26-J0092659-001-771,ZE4030X2,2.3,400,400,300,ZN PB 水切,,1,ｱｰｽ,2026/8/3,佐川急便,2026/8/3,,完成,倉重,2026/7/27,製造
宮地電機　徳島,九州工場,九州工場,2026/7/24,2026/7/24,26-J0093031-001-771,BE3030SC,1.6,300,300,300,国土 PB 平 焼付,N9.5(近似色),1,ｱｰｽ,2026/8/3,福山通運　九州発送,2026/8/3,,完成,古川,2026/7/29,製造
かごしま電工　国分★,九州工場,九州工場,2026/7/24,2026/7/24,26-J0093045-002-771,IIP0000C,2.3,250,250,0,鉄 ﾌﾟﾚｰﾄ 焼付,2.5Y9/1 近似色,6,φ6x4  裏側ワニス,2026/8/3,佐川急便,2026/8/3,,完成,古川,2026/7/27,製造
興陽電機　八幡★,九州工場,九州工場,2026/7/24,2026/7/24,26-J0093179-001-771,IP0000SG,2.3,900,300,300,鉄 PBﾄｸ 平,,1,さび止め,2026/7/31,北九州配達,2026/8/3,,完成,倉重,2026/7/29,製造
三共電気　本社★,九州工場,九州工場,2026/7/24,2026/7/24,26-J0093470-001-771,BD0000C,1.6,200,100,686,国土 ﾀﾞｸﾄ 焼付,2.5Y9/1 近似色,1,/535/413  ｱｰｽ  平蓋　ｹｰﾌﾞﾙ支持棒付　,2026/8/3,福山通運　九州発送,2026/8/3,,ｷｬﾝｾﾙ,林(浩),2026/7/29,製造
三共電気　本社★,九州工場,九州工場,2026/7/24,2026/7/24,26-J0093470-002-771,BD0000C,1.6,300,100,686,国土 ﾀﾞｸﾄ 焼付,2.5Y9/1 近似色,1,/535/413  ｱｰｽ  平蓋　ｹｰﾌﾞﾙ支持棒付　,2026/8/3,福山通運　九州発送,2026/8/3,,ｷｬﾝｾﾙ,林(浩),2026/7/29,製造
山電　八幡,九州工場,九州工場,2026/7/24,2026/7/24,26-J0093623-003-771,BE2515SC,1.6,250,250,150,国土 PB 平 焼付,2.5Y9/1 近似色,1,ｱｰｽ,2026/7/31,北九州配達,2026/8/3,,完成,岡,2026/7/28,製造
山電　八幡,九州工場,九州工場,2026/7/24,2026/7/24,26-J0093623-001-771,BE3020SC,1.6,300,300,200,国土 PB 平 焼付,2.5Y9/1 近似色,1,ｱｰｽ,2026/7/31,北九州配達,2026/8/3,,完成,岡,,加工
山電　八幡,九州工場,九州工場,2026/7/24,2026/7/24,26-J0093623-002-771,BE0000SC,1.6,350,300,150,国土 PBﾄｸ 平 焼付,2.5Y9/1 近似色,1,ｱｰｽ,2026/7/31,北九州配達,2026/8/3,,完成,岡,2026/7/28,製造
カンサイ　中央★,九州工場,九州工場,2026/7/27,2026/7/27,26-J0093746-001-771,SE3020XC,1.5,300,300,200,SUS PB 水切 焼付,2.5Y9/1 近似色,2,ｱｰｽ,2026/7/31,ヤマックス福岡,2026/8/3,,完成,岡,,加工
かごしま電工　南★,九州工場,九州工場,2026/7/27,2026/7/27,26-J0093845-001-771,BE3020SCW,1.6,300,300,200,国土 PB 平 焼付,2.5Y9/1 近似色,1,ｱｰｽ  内ﾜﾆｽ,2026/8/3,佐川急便,2026/8/3,,完成,古川,2026/7/28,製造
かごしま電工　南★,九州工場,九州工場,2026/7/27,2026/7/27,26-J0093845-002-771,SE3020XCW,1.5,300,300,200,SUS PB 水切 焼付,2.5Y9/1 近似色,2,ｱｰｽ 内ﾜﾆｽ,2026/8/3,佐川急便,2026/8/3,,完成,古川,2026/7/28,製造
かごしま電工　南★,九州工場,九州工場,2026/7/27,2026/7/27,26-J0094101-001-771,SE3030XCW,1.5,300,300,300,SUS PB 水切 焼付,5Y7/1 近似色,1,ｱｰｽ 内ﾜﾆｽ,2026/8/3,佐川急便,2026/8/3,,完成,古川,2026/7/28,製造
ナミデン　福岡★,九州工場,九州工場,2026/7/27,2026/7/27,26-J0094217-004-771,ITG0000G,0,"1,030.00","1,835.00",0,鉄 耐震架台,,6,さび止め L65x65x6 TYPE C,2026/7/31,ヤマックス　ｽﾎﾟｯﾄ便,2026/8/3,,完成,森田,2026/7/30,製造
ナミデン　福岡★,九州工場,九州工場,2026/7/27,2026/7/27,26-J0094217-005-771,ITG0000G,0,"1,180.00","1,860.00",0,鉄 耐震架台,,1,さび止め L90x90x7 TYPE D,2026/7/31,ヤマックス　ｽﾎﾟｯﾄ便,2026/8/3,,完成,森田,2026/7/30,製造
ナミデン　福岡★,九州工場,九州工場,2026/7/27,2026/7/27,26-J0094217-006-771,ITG0000G,0,"1,500.00","1,860.00",0,鉄 耐震架台,,1,さび止め L90x90x7 TYPE F,2026/7/31,ヤマックス　ｽﾎﾟｯﾄ便,2026/8/3,,完成,森田,2026/7/30,製造
ナミデン　福岡★,九州工場,九州工場,2026/7/27,2026/7/27,26-J0094217-001-771,ITG0000G,0,"1,680.00","1,860.00",0,鉄 耐震架台,,3,さび止め L90x90x7 TYPE A-1,2026/7/31,ヤマックス　ｽﾎﾟｯﾄ便,2026/8/3,,完成,森田,2026/7/30,製造
ナミデン　福岡★,九州工場,九州工場,2026/7/27,2026/7/27,26-J0094217-002-771,ITG0000G,0,"2,100.00","1,860.00",0,鉄 耐震架台,,2,さび止め L90x90x7 TYPE A-2,2026/7/31,ヤマックス　ｽﾎﾟｯﾄ便,2026/8/3,,完成,森田,2026/7/30,製造
ナミデン　福岡★,九州工場,九州工場,2026/7/27,2026/7/27,26-J0094217-003-771,ITG0000G,0,"1,780.00","1,860.00",0,鉄 耐震架台,,1,さび止め L90x90x7 TYPE B,2026/7/31,ヤマックス　ｽﾎﾟｯﾄ便,2026/8/3,,完成,森田,2026/7/30,製造
大洋電材　本社★,九州工場,九州工場,2026/7/27,2026/7/27,26-J0094219-001-771,SE1510XC,1.5,150,150,100,SUS PB 水切 焼付,N9.5 近似色,1,ｱｰｽ,2026/7/31,北九州配達,2026/8/3,,完成,岡,,加工
サン・システム★,九州工場,九州工場,2026/7/27,2026/7/27,26-J0094459-001-771,SE0000XN,1.5,250,250,200,SUS PBﾄｸ 水切,,2,ｱｰｽ 200:50ｾﾊﾟﾚｰﾀ,2026/8/3,福山通運　九州発送,2026/8/3,,完成,服部,2026/8/3,製造
ナミデン　山口★,九州工場,九州工場,2026/7/27,2026/7/27,26-J0094593-001-771,DP0000SNP,1.6,400,400,220,Sﾀﾞｲﾏ PBﾄｸ 平,,1,ｺﾞﾑﾊﾟｯｷﾝ付,2026/8/3,福山通運　九州発送,2026/8/3,,完成,古川,2026/8/3,製造
カンサイ　日進商会★,九州工場,九州工場,2026/7/27,2026/7/27,26-J0094685-001-771,IF0000G,1.6,145,145,100,鉄 裏BOX,,1,さび止め 外ﾂﾊﾞ17.5 開口2-72x50 4-M4ﾀｯﾌﾟ 4-φ5,2026/7/31,北九州配達,2026/8/3,,完成,倉重,2026/7/30,製造
ウチダ★,九州工場,九州工場,2026/7/27,2026/7/27,26-J0094806-001-771,BE2015SC,1.6,200,200,150,国土 PB 平 焼付,2.5Y9/1 近似色,2,ｱｰｽ,2026/8/3,福山通運　九州発送,2026/8/3,,完成,古川,,加工
ウチダ★,九州工場,九州工場,2026/7/27,2026/7/27,26-J0094806-002-771,SE2525XC,1.5,250,250,250,SUS PB 水切 焼付,2.5Y9/1 近似色,1,ｱｰｽ,2026/8/3,福山通運　九州発送,2026/8/3,,完成,古川,2026/7/29,製造
ウチダ★,九州工場,九州工場,2026/7/27,2026/7/27,26-J0094806-003-771,SE0000XC,1.5,200,200,250,SUS PBﾄｸ 水切 焼付,2.5Y9/1 近似色,1,ｱｰｽ側面,2026/8/3,福山通運　九州発送,2026/8/3,,完成,古川,2026/7/29,製造
東芝電材　熊本★,九州工場,九州工場,2026/7/27,2026/7/27,26-J0094968-001-771,BE2015SC,1.6,200,200,150,国土 PB 平 焼付,2.5Y9/1 近似色,1,ｱｰｽ,2026/8/3,佐川急便,2026/8/3,,完成,古川,,加工
三親電材　東広島★,九州工場,九州工場,2026/7/27,2026/7/27,26-J0094979-001-771,SE3020WC,1.5,300,300,200,SUS PB 被せ 焼付,2.5Y9/1 全艶 近似色,1,ｱｰｽ,2026/8/3,福山通運　九州発送,2026/8/3,,完成,古川,2026/7/29,製造
三親電材　東広島★,九州工場,九州工場,2026/7/27,2026/7/27,26-J0094982-002-771,SE2010WC,1.5,200,200,100,SUS PB 被せ 焼付,2.5Y9/1 全艶 近似色,8,ｱｰｽ,2026/8/3,福山通運　九州発送,2026/8/3,,完成,古川,2026/7/29,製造
ナンリツ　新居浜★,九州工場,九州工場,2026/7/27,2026/7/27,26-J0095017-001-771,SE5030WC,1.5,500,500,300,SUS PB 被せ 焼付,5Y7/1(近似色),1,ｱｰｽ,2026/8/3,福山通運　九州発送,2026/8/3,,完成,古川,2026/7/29,製造
ナンリツ　新居浜★,九州工場,九州工場,2026/7/27,2026/7/27,26-J0095017-002-771,SE4030WC,1.5,400,400,300,SUS PB 被せ 焼付,5Y7/1(近似色),1,ｱｰｽ,2026/8/3,福山通運　九州発送,2026/8/3,,完成,古川,2026/7/29,製造
東芝電材　熊本★,九州工場,九州工場,2026/7/28,2026/7/28,26-J0095122-001-771,BE5020SC,1.6,500,500,200,国土 PB 平 焼付,2.5Y9/1 近似色,1,ｱｰｽ,2026/8/3,佐川急便,2026/8/3,,完成,古川,2026/7/29,製造
ユゲデンキ　電材部★,九州工場,九州工場,2026/7/28,2026/7/28,26-J0095511-001-771,BE2515SC,1.6,250,250,150,国土 PB 平 焼付,2.5Y9/1 近似色,2,ｱｰｽ,2026/8/3,佐川急便,2026/8/3,,完成,古川,2026/7/29,製造
栗田電機　松山★,九州工場,九州工場,2026/7/28,2026/7/28,26-J0095626-001-771,SE2015XC,1.5,200,200,150,SUS PB 水切 焼付,5Y7/1(近似色),1,ｱｰｽ,2026/8/3,福山通運　九州発送,2026/8/3,,完成,古川,,加工
宮地電機　新居浜,九州工場,九州工場,2026/7/28,2026/7/28,26-J0095733-001-771,SIMP0000N,6,265,0,0,SUS 丸ﾌﾟﾚｰﾄ,,1,Φ265 2分割･穴加工ｱﾘ,2026/8/3,福山通運　九州発送,2026/8/3,,完成,倉重,2026/8/3,製造
ナミデン　福岡★,九州工場,九州工場,2026/7/28,2026/7/28,26-J0095764-002-771,DP2015WN,1.6,200,200,150,Sﾀﾞｲﾏ PB 被せ,,2,,2026/7/31,ヤマックス福岡,2026/8/3,,完成,服部,2026/7/31,製造
ナミデン　福岡★,九州工場,九州工場,2026/7/28,2026/7/28,26-J0095764-001-771,DP2015WN,1.6,200,200,150,Sﾀﾞｲﾏ PB 被せ,,3,,2026/7/31,ヤマックス福岡,2026/8/3,,完成,服部,2026/7/31,製造
イシグロ　宮崎★,九州工場,九州工場,2026/7/28,2026/7/28,26-J0095860-001-771,SKM0000N,0,990,490,0,SUS 金物,,1,FB-3tx30　12-M5x20ｽﾀｯﾄﾞﾎﾞﾙﾄ溶接　枠,2026/8/3,佐川急便,2026/8/3,,ｷｬﾝｾﾙ,林(秀),2026/8/3,製造
イシグロ　宮崎★,九州工場,九州工場,2026/7/28,2026/7/28,26-J0095860-002-771,SKM0000N,0.4,985,485,0,SUS 金物,,1,線径0.4　20ﾒｯｼｭ　防虫網,2026/8/3,佐川急便,2026/8/3,,ｷｬﾝｾﾙ,林(秀),2026/8/3,製造
シンセイ　広島第二★,九州工場,九州工場,2026/7/28,2026/7/28,26-J0095879-002-771,DDC0000N,2.3,"1,860.00",400,"1,200.00",Sﾀﾞｲﾏ ﾀﾞｸﾄｶﾊﾞｰ,,1,平蓋ｺﾞﾑP 背面耳に切欠き 本体2分割,2026/8/3,福山通運　九州発送,2026/8/3,,完成,古川,2026/8/3,製造
ユゲデンキ　電材部★,九州工場,九州工場,2026/7/28,2026/7/28,26-J0096101-002-771,IIP0000C,2.3,"1,000.00",400,0,鉄 ﾌﾟﾚｰﾄ 焼付,5Y7/1 近似色,1,φ11x6,2026/8/3,佐川急便,2026/8/3,,完成,古川,2026/7/29,製造
米良電機　宮崎★,九州工場,九州工場,2026/7/28,2026/7/28,26-J0096119-001-771,IIP0000C,2.3,100,0,0,鉄 ﾌﾟﾚｰﾄ 焼付,2.5Y9/1 近似色,2,φ100ﾄﾞｰﾅﾂ形 φ27 φ5x2,2026/8/3,佐川急便,2026/8/3,,完成,古川,2026/7/29,製造
米良電機　宮崎★,九州工場,九州工場,2026/7/28,2026/7/28,26-J0096121-001-771,BIP0000C,2.3,460,500,20,処理鋼板 ﾌﾟﾚｰﾄ 焼付,2.5Y9/1 近似色,1,L形 長穴x6,2026/8/3,佐川急便,2026/8/3,,完成,古川,2026/7/29,製造
ｹｲ･ｴｽ･ﾃﾞｰ　鹿児島★,九州工場,九州工場,2026/7/28,2026/7/28,26-J0096288-001-771,BE0000SC,1.6,400,300,300,国土 PBﾄｸ 平 焼付,2.5Y9/1 近似色,1,ｱｰｽ,2026/8/3,佐川急便,2026/8/3,,完成,古川,2026/7/30,製造
Q-mast　電気グル－プ★,九州工場,九州工場,2026/7/29,2026/7/29,26-J0096553-010-771,IG0000G,0,"1,790.00",0,0,鉄 架台,,1,さび止め L50x50x6 MCｼｮｯﾌﾟ2階ﾚｰｽｳｪｲ架台,2026/7/31,ヤマックス　ｽﾎﾟｯﾄ便,2026/8/3,,完成,森田,2026/7/30,製造
Q-mast　電気グル－プ★,九州工場,九州工場,2026/7/29,2026/7/29,26-J0096553-011-771,IG0000G,0,850,"1,690.00",0,鉄 架台,,1,さび止め L50x50x6 MCｼｮｯﾌﾟ2階ﾚｰｽｳｪｲ架台,2026/7/31,ヤマックス　ｽﾎﾟｯﾄ便,2026/8/3,,完成,森田,2026/7/30,製造
Q-mast　電気グル－プ★,九州工場,九州工場,2026/7/29,2026/7/29,26-J0096553-012-771,IG0000G,0,300,"2,390.00",0,鉄 架台,,1,さび止め L50x50x6 MCｼｮｯﾌﾟ2階ﾚｰｽｳｪｲ架台,2026/7/31,ヤマックス　ｽﾎﾟｯﾄ便,2026/8/3,,完成,森田,2026/7/30,製造
Q-mast　電気グル－プ★,九州工場,九州工場,2026/7/29,2026/7/29,26-J0096553-004-771,IG0000G,0,300,"1,940.00",0,鉄 架台,,4,さび止め L50x50x6 MCｼｮｯﾌﾟ2階ﾚｰｽｳｪｲ架台,2026/7/31,ヤマックス　ｽﾎﾟｯﾄ便,2026/8/3,,完成,森田,2026/7/30,製造
Q-mast　電気グル－プ★,九州工場,九州工場,2026/7/29,2026/7/29,26-J0096553-003-771,IG0000G,0,300,"1,690.00",0,鉄 架台,,2,さび止め L50x50x6 MCｼｮｯﾌﾟ2階ﾚｰｽｳｪｲ架台,2026/7/31,ヤマックス　ｽﾎﾟｯﾄ便,2026/8/3,,完成,森田,2026/7/30,製造
Q-mast　電気グル－プ★,九州工場,九州工場,2026/7/29,2026/7/29,26-J0096553-002-771,IG0000G,0,300,"1,440.00",0,鉄 架台,,3,さび止め L50x50x6 MCｼｮｯﾌﾟ2階ﾚｰｽｳｪｲ架台,2026/7/31,ヤマックス　ｽﾎﾟｯﾄ便,2026/8/3,,完成,森田,2026/7/30,製造
Q-mast　電気グル－プ★,九州工場,九州工場,2026/7/29,2026/7/29,26-J0096553-001-771,IG0000G,0,300,"1,240.00",0,鉄 架台,,1,さび止め L50x50x6 MCｼｮｯﾌﾟ2階ﾚｰｽｳｪｲ架台,2026/7/31,ヤマックス　ｽﾎﾟｯﾄ便,2026/8/3,,完成,森田,2026/7/30,製造
Q-mast　電気グル－プ★,九州工場,九州工場,2026/7/29,2026/7/29,26-J0096553-005-771,IG0000G,0,"2,140.00",0,0,鉄 架台,,1,さび止め L50x50x6 MCｼｮｯﾌﾟ2階ﾚｰｽｳｪｲ架台,2026/7/31,ヤマックス　ｽﾎﾟｯﾄ便,2026/8/3,,完成,森田,2026/7/30,製造
Q-mast　電気グル－プ★,九州工場,九州工場,2026/7/29,2026/7/29,26-J0096553-014-771,IG0000G,0,650,"1,690.00",0,鉄 架台,,4,さび止め L50x50x6 MCｼｮｯﾌﾟ2階ﾚｰｽｳｪｲ架台,2026/7/31,ヤマックス　ｽﾎﾟｯﾄ便,2026/8/3,,完成,森田,2026/7/30,製造
Q-mast　電気グル－プ★,九州工場,九州工場,2026/7/29,2026/7/29,26-J0096553-013-771,IG0000G,0,"1,050.00","1,690.00",0,鉄 架台,,1,さび止め L50x50x6 MCｼｮｯﾌﾟ2階ﾚｰｽｳｪｲ架台,2026/7/31,ヤマックス　ｽﾎﾟｯﾄ便,2026/8/3,,完成,森田,2026/7/30,製造
Q-mast　電気グル－プ★,九州工場,九州工場,2026/7/29,2026/7/29,26-J0096553-006-771,IG0000G,0,"1,048.00","1,690.00",0,鉄 架台,,1,さび止め L50x50x6 MCｼｮｯﾌﾟ2階ﾚｰｽｳｪｲ架台,2026/7/31,ヤマックス　ｽﾎﾟｯﾄ便,2026/8/3,,完成,森田,2026/7/30,製造
Q-mast　電気グル－プ★,九州工場,九州工場,2026/7/29,2026/7/29,26-J0096553-007-771,IG0000G,0,650,"1,240.00",0,鉄 架台,,3,さび止め L50x50x6 MCｼｮｯﾌﾟ2階ﾚｰｽｳｪｲ架台,2026/7/31,ヤマックス　ｽﾎﾟｯﾄ便,2026/8/3,,完成,森田,2026/7/30,製造
Q-mast　電気グル－プ★,九州工場,九州工場,2026/7/29,2026/7/29,26-J0096553-008-771,IG0000G,0,850,"1,250.00",0,鉄 架台,,5,さび止め L50x50x6 MCｼｮｯﾌﾟ2階ﾚｰｽｳｪｲ架台,2026/7/31,ヤマックス　ｽﾎﾟｯﾄ便,2026/8/3,,完成,森田,2026/7/30,製造
Q-mast　電気グル－プ★,九州工場,九州工場,2026/7/29,2026/7/29,26-J0096553-009-771,IG0000G,0,850,"1,440.00",0,鉄 架台,,2,さび止め L50x50x6 MCｼｮｯﾌﾟ2階ﾚｰｽｳｪｲ架台,2026/7/31,ヤマックス　ｽﾎﾟｯﾄ便,2026/8/3,,完成,森田,2026/7/30,製造
Q-mast　電気グル－プ★,九州工場,九州工場,2026/7/29,2026/7/29,26-J0096553-015-771,IG0000G,0,300,"2,140.00",0,鉄 架台,,1,さび止め L50x50x6 MCｼｮｯﾌﾟ2階ﾚｰｽｳｪｲ架台,2026/7/31,ヤマックス　ｽﾎﾟｯﾄ便,2026/8/3,,完成,森田,2026/7/30,製造
Q-mast　電気グル－プ★,九州工場,九州工場,2026/7/29,2026/7/29,26-J0096553-016-771,IG0000G,0,"1,050.00","1,690.00",0,鉄 架台,,1,さび止め L50x50x6 MCｼｮｯﾌﾟ2階ﾚｰｽｳｪｲ架台,2026/7/31,ヤマックス　ｽﾎﾟｯﾄ便,2026/8/3,,完成,森田,2026/7/30,製造
イシグロ　宮崎★,九州工場,九州工場,2026/7/29,2026/7/29,26-J0096742-001-771,SKM0000N,0,990,490,0,SUS 金物,,1,FB-3tx30枠 防虫網（20ﾒｯｼｭ）ｽﾎﾟｯﾄ溶接,2026/8/3,佐川急便,2026/8/3,,完成,倉重,2026/8/3,製造
アサヒ　中部,九州工場,九州工場,2026/7/29,2026/7/29,26-J0096758-001-771,30PLA,0,0,0,0,補修塗料 筆付,5Y7/1,1,ﾌﾟﾗ30ml,2026/7/29,イトカツ,2026/8/3,2026/7/29,完成,古川,,製造
菱栄電材★,九州工場,九州工場,2026/7/29,2026/7/29,26-J0096790-001-771,IP0000SG,2.3,"1,000.00",500,500,鉄 PBﾄｸ 平,,1,さび止め,2026/8/3,福山通運　九州発送,2026/8/3,,完成,倉重,2026/7/31,製造
平岡電気　福岡南★,九州工場,九州工場,2026/7/29,2026/7/29,26-J0096980-001-771,SDC0000N,1.5,810,400,570,SUS ﾀﾞｸﾄｶﾊﾞｰ,,1,ﾊﾄ小屋ﾀﾞｸﾄｶﾊﾞｰ 三方ｶﾌﾞｾ蓋,2026/7/31,ヤマックス福岡,2026/8/3,,完成,坂元,2026/7/31,製造
正二電気　岡山本社,九州工場,九州工場,2026/7/29,2026/7/29,26-J0096989-001-771,SC0000N,1.5,400,100,90,SUS ｶﾊﾞｰ,,1,/80 切欠ｱﾘ,2026/8/3,福山通運　九州発送,2026/8/3,,完成,服部,2026/8/3,製造
興陽電機　八幡★,九州工場,九州工場,2026/7/29,2026/7/29,26-J0097288-003-771,SE0000XN,1.5,150,150,100,SUS PBﾄｸ 水切,,1,ｱｰｽ  水抜き穴,2026/7/31,北九州配達,2026/8/3,,完成,服部,2026/7/31,製造
栗田電機　松山★,九州工場,九州工場,2026/7/29,2026/7/29,26-J0097414-001-771,SG0000N,0,500,400,890,SUS 架台,,1,ｱﾝｸﾞﾙ,2026/8/3,福山通運　九州発送,2026/8/3,,完成,倉重,2026/8/3,製造
日本電設資材　福岡★,九州工場,九州工場,2026/7/30,2026/7/30,26-J0097591-001-771,DP1510WN,1.6,150,150,100,Sﾀﾞｲﾏ PB 被せ,,1,,2026/7/31,ヤマックス福岡,2026/8/3,,完成,坂元,2026/7/31,製造
正和電材　諫早★,九州工場,九州工場,2026/7/30,2026/7/30,26-J0097643-001-771,SE0000XN,2,"1,000.00",600,600,SUS PBﾄｸ 水切,,1,ｱｰｽ,2026/8/3,福山通運　九州発送,2026/8/3,,完成,倉重,2026/8/3,製造
ナミデン　福岡★,九州工場,九州工場,2026/7/30,2026/7/30,26-J0097736-001-771,IE2525SG,1.6,250,250,250,鉄 PB 平,,2,ｱｰｽ さび止め,2026/7/31,ヤマックス福岡,2026/8/3,,完成,服部,2026/7/30,製造
菱栄電材★,九州工場,九州工場,2026/7/30,2026/7/30,26-J0098129-001-771,SE3020XNA,1.5,300,300,200,SUS PB 水切,,1,ｱｰｽ 足付 L3x40(φ12)x4,2026/8/3,福山通運　九州発送,2026/8/3,,完成,白濵,2026/8/3,製造
三星商会　岡山★,九州工場,九州工場,2026/7/30,2026/7/30,26-J0098283-001-771,SE0000XN,2,800,800,800,SUS PBﾄｸ 水切,,1,ｱｰｽ,2026/8/3,福山通運　九州発送,2026/8/3,,完成,古川,2026/8/3,製造
ナミデン　広島★,九州工場,九州工場,2026/7/30,2026/7/30,26-J0098433-001-771,DIP0000N,1.6,"1,303.00",630,15,Sﾀﾞｲﾏ ﾌﾟﾚｰﾄ,,1,,2026/8/3,佐川急便,2026/8/3,,完成,古川,2026/8/3,製造
ナミデン　広島★,九州工場,九州工場,2026/7/30,2026/7/30,26-J0098433-002-771,DIP0000N,1.6,500,500,80,Sﾀﾞｲﾏ ﾌﾟﾚｰﾄ,,2,,2026/8/3,佐川急便,2026/8/3,,完成,古川,2026/8/3,製造
ナミデン　山口★,九州工場,九州工場,2026/7/30,2026/7/30,26-J0098522-001-771,BE0000SG,1.6,300,200,150,国土 PBﾄｸ 平,,1,ｱｰｽ さび止め,2026/8/3,福山通運　九州発送,2026/8/3,,完成,服部,2026/7/31,製造
東芝電材　小倉★,九州工場,九州工場,2026/7/31,2026/7/31,26-J0098646-001-771,SE0000XN,1.5,350,200,100,SUS PBﾄｸ 水切,,1,ｱｰｽ,2026/7/31,北九州配達,2026/8/3,,完成,服部,2026/7/31,製造
かごしま電工　鹿屋★,九州工場,九州工場,2026/7/31,2026/7/31,26-J0099044-001-771,IE0000SN,1.6,400,400,400,鉄 PBﾄｸ 平,,2,ｱｰｽ  ｻﾋﾞ生地,2026/8/3,佐川急便,2026/8/3,,完成,倉重,2026/8/3,製造
シンセイ　広島第二★,九州工場,九州工場,2026/7/31,2026/7/31,26-J0099202-001-771,SP4040SN,1.5,400,400,400,SUS PB 平,,1,,2026/8/3,福山通運　九州発送,2026/8/3,,完成,白濵,2026/8/3,製造
木村電機　本社★,九州工場,九州工場,2026/5/28,2026/5/28,26-J0049294-001-771,SP0000XC,2,"1,400.00",355,300,SUS PBﾄｸ 水切 焼付,5Y7/1 近似色,1,上面・背面開口　背面穴加工,2026/8/3,福山通運　九州発送,2026/8/4,,完成,古川,2026/7/29,製造
八州電気工業　岡山★,九州工場,九州工場,2026/6/30,2026/6/30,26-J0073422-001-771,ZG0000,4.5,600,110,50,ZN 架台,,2,開口ｱﾘ,2026/8/4,福山通運　九州発送,2026/8/4,,完成,倉重,2026/7/28,製造
南四国ﾅｼｮﾅﾙ　本社★,九州工場,九州工場,2026/7/7,2026/7/7,26-J0078643-001-771,IMK0000C,1.6,340,260,50,鉄 曲金物 焼付,N9.5(近似色),17,穴加工ｱﾘ【G1～G5】,2026/8/4,福山通運　九州発送,2026/8/4,,完成,古川,2026/7/30,製造
興陽電機　下関★,九州工場,九州工場,2026/7/16,2026/7/16,26-J0087126-001-771,IP0000WC,1.6,"1,180.00",800,300,鉄 PBﾄｸ 被せ 焼付,5Y7/1 近似色,1,蓋縞鋼板3.2ｔ　L40x40x5t補強 約76kg,2026/8/4,福山通運　九州発送,2026/8/4,,完成,ナム,2026/7/29,製造
田中商事　熊本,九州工場,九州工場,2026/7/17,2026/7/17,26-J0087439-001-771,ZP0000W,3.2,900,600,250,ZN PBﾄｸ 被せ,,1,◆,2026/8/3,福山通運　九州発送,2026/8/4,,完成,金光,2026/7/24,製造
大洋電材　本社★,九州工場,九州工場,2026/7/17,2026/7/17,26-J0088082-011-771,ZG0000,0,230,180,0,ZN 架台,,3,L-40x40x3t　D1（M10ねじ止め）,2026/8/3,北九州配達,2026/8/4,,完成,金光,2026/7/27,製造
大洋電材　本社★,九州工場,九州工場,2026/7/17,2026/7/17,26-J0088082-012-771,ZG0000,0,250,180,0,ZN 架台,,6,L-40x40x3t　D1（M10ねじ止め）,2026/8/3,北九州配達,2026/8/4,,完成,金光,2026/7/27,製造
東芝電材　倉吉★,九州工場,九州工場,2026/7/21,2026/7/21,26-J0088804-001-771,SE6060WN,1.5,600,600,600,SUS PB 被せ,,1,ｱｰｽ,2026/8/4,福山通運　九州発送,2026/8/4,,完成,金光,2026/8/4,製造
カンサイ　電設★,九州工場,九州工場,2026/7/22,2026/7/22,26-J0090440-001-771,DC0000N,1.6,890,"1,270.00",0,Sﾀﾞｲﾏ ｶﾊﾞｰ,,1,ｷｭｰﾋﾞｸﾙ基礎 塞ぎ板 ﾊﾟﾝﾁﾝｸﾞ加工  A,2026/8/4,福山通運　九州発送,2026/8/4,,完成,坂元,2026/8/4,製造
カンサイ　電設★,九州工場,九州工場,2026/7/22,2026/7/22,26-J0090440-007-771,DC0000N,1.6,896,"1,295.00",0,Sﾀﾞｲﾏ ｶﾊﾞｰ,,1,ｷｭｰﾋﾞｸﾙ基礎 塞ぎ板 ﾊﾟﾝﾁﾝｸﾞ加工  F,2026/8/4,福山通運　九州発送,2026/8/4,,完成,坂元,2026/8/4,製造
カンサイ　電設★,九州工場,九州工場,2026/7/22,2026/7/22,26-J0090440-004-771,DC0000N,1.6,890,"1,265.00",0,Sﾀﾞｲﾏ ｶﾊﾞｰ,,1,ｷｭｰﾋﾞｸﾙ基礎 塞ぎ板 ﾊﾟﾝﾁﾝｸﾞ加工  C,2026/8/4,福山通運　九州発送,2026/8/4,,完成,坂元,2026/8/4,製造
カンサイ　電設★,九州工場,九州工場,2026/7/22,2026/7/22,26-J0090440-003-771,DC0000N,1.6,890,"1,265.00",0,Sﾀﾞｲﾏ ｶﾊﾞｰ,,1,ｷｭｰﾋﾞｸﾙ基礎 塞ぎ板 ﾊﾟﾝﾁﾝｸﾞ加工  B,2026/8/4,福山通運　九州発送,2026/8/4,,完成,道上,2026/8/4,製造
カンサイ　電設★,九州工場,九州工場,2026/7/22,2026/7/22,26-J0090440-005-771,DC0000N,1.6,896,"1,290.00",0,Sﾀﾞｲﾏ ｶﾊﾞｰ,,1,ｷｭｰﾋﾞｸﾙ基礎 塞ぎ板 ﾊﾟﾝﾁﾝｸﾞ加工  D,2026/8/4,福山通運　九州発送,2026/8/4,,完成,坂元,2026/8/4,製造
カンサイ　電設★,九州工場,九州工場,2026/7/22,2026/7/22,26-J0090440-006-771,DC0000N,1.6,885,"1,295.00",0,Sﾀﾞｲﾏ ｶﾊﾞｰ,,1,ｷｭｰﾋﾞｸﾙ基礎 塞ぎ板 ﾊﾟﾝﾁﾝｸﾞ加工  E,2026/8/4,福山通運　九州発送,2026/8/4,,完成,坂元,2026/8/4,製造
カンサイ　電設★,九州工場,九州工場,2026/7/22,2026/7/22,26-J0090473-005-771,ZKM0000,0,"1,265.00",0,0,ZN 金物,,1,塞ぎ板取付金物　L50x50x6t  R　B,2026/8/4,福山通運　九州発送,2026/8/4,,完成,金光,2026/7/27,製造
カンサイ　電設★,九州工場,九州工場,2026/7/22,2026/7/22,26-J0090473-013-771,ZKM0000,0,"1,295.00",0,0,ZN 金物,,1,塞ぎ板取付金物　L50x50x6t  R　F,2026/8/4,福山通運　九州発送,2026/8/4,,完成,金光,2026/7/27,製造
カンサイ　電設★,九州工場,九州工場,2026/7/22,2026/7/22,26-J0090473-012-771,ZKM0000,0,"1,295.00",0,0,ZN 金物,,1,塞ぎ板取付金物　L50x50x6t  L　F,2026/8/4,福山通運　九州発送,2026/8/4,,完成,金光,2026/7/27,製造
カンサイ　電設★,九州工場,九州工場,2026/7/22,2026/7/22,26-J0090473-011-771,ZKM0000,0,"1,295.00",0,0,ZN 金物,,1,塞ぎ板取付金物　L50x50x6t  R　E,2026/8/4,福山通運　九州発送,2026/8/4,,完成,金光,2026/7/27,製造
カンサイ　電設★,九州工場,九州工場,2026/7/22,2026/7/22,26-J0090473-010-771,ZKM0000,0,"1,295.00",0,0,ZN 金物,,1,塞ぎ板取付金物　L50x50x6t  L　E,2026/8/4,福山通運　九州発送,2026/8/4,,完成,金光,2026/7/27,製造
カンサイ　電設★,九州工場,九州工場,2026/7/22,2026/7/22,26-J0090473-009-771,ZKM0000,0,"1,290.00",0,0,ZN 金物,,1,塞ぎ板取付金物　L50x50x6t  R　D,2026/8/4,福山通運　九州発送,2026/8/4,,完成,金光,2026/7/27,製造
カンサイ　電設★,九州工場,九州工場,2026/7/22,2026/7/22,26-J0090473-008-771,ZKM0000,0,"1,290.00",0,0,ZN 金物,,1,塞ぎ板取付金物　L50x50x6t  L　D,2026/8/4,福山通運　九州発送,2026/8/4,,完成,金光,2026/7/27,製造
カンサイ　電設★,九州工場,九州工場,2026/7/22,2026/7/22,26-J0090473-007-771,ZKM0000,0,"1,265.00",0,0,ZN 金物,,1,塞ぎ板取付金物　L50x50x6t  R　C,2026/8/4,福山通運　九州発送,2026/8/4,,完成,金光,2026/7/27,製造
カンサイ　電設★,九州工場,九州工場,2026/7/22,2026/7/22,26-J0090473-006-771,ZKM0000,0,"1,265.00",0,0,ZN 金物,,1,塞ぎ板取付金物　L50x50x6t  L　C,2026/8/4,福山通運　九州発送,2026/8/4,,完成,金光,2026/7/27,製造
カンサイ　電設★,九州工場,九州工場,2026/7/22,2026/7/22,26-J0090473-004-771,ZKM0000,0,"1,265.00",0,0,ZN 金物,,1,塞ぎ板取付金物　L50x50x6t  L　B,2026/8/4,福山通運　九州発送,2026/8/4,,完成,金光,2026/7/27,製造
カンサイ　電設★,九州工場,九州工場,2026/7/22,2026/7/22,26-J0090473-003-771,ZKM0000,0,"1,270.00",0,0,ZN 金物,,1,塞ぎ板取付金物　L50x50x6t  R　A,2026/8/4,福山通運　九州発送,2026/8/4,,完成,金光,2026/7/27,製造
カンサイ　電設★,九州工場,九州工場,2026/7/22,2026/7/22,26-J0090473-001-771,ZKM0000,0,"1,270.00",0,0,ZN 金物,,1,塞ぎ板取付金物　L50x50x6t  L　A,2026/8/4,福山通運　九州発送,2026/8/4,,完成,金光,2026/7/27,製造
大洋電材　本社★,九州工場,九州工場,2026/7/22,2026/7/22,26-J0090608-002-771,BE3020SC,1.6,300,300,200,国土 PB 平 焼付,2.5Y9/1 近似色,14,ｱｰｽ,2026/7/31,北九州配達,2026/8/4,,完成,岡,2026/7/28,製造
大洋電材　本社★,九州工場,九州工場,2026/7/22,2026/7/22,26-J0090608-001-771,BE3020SC,1.6,300,300,200,国土 PB 平 焼付,2.5Y9/1 近似色,15,ｱｰｽ,2026/7/30,北九州配達,2026/8/4,,完成,岡,2026/7/27,製造
梶電機工業★,九州工場,九州工場,2026/7/22,2026/7/22,26-J0090997-001-771,ZP2020X2,2.3,200,200,200,ZN PB 水切,,6,HDZT56,2026/8/4,福山通運　九州発送,2026/8/4,,完成,倉重,2026/7/28,製造
宮地電機　徳島,九州工場,九州工場,2026/7/22,2026/7/22,26-J0091072-003-771,ZE2020X2,2.3,200,200,200,ZN PB 水切,,2,HDZT56 ｱｰｽ,2026/8/4,福山通運　九州発送,2026/8/4,,完成,倉重,2026/7/28,製造
宮地電機　徳島,九州工場,九州工場,2026/7/22,2026/7/22,26-J0091072-004-771,ZE3030X2,2.3,300,300,300,ZN PB 水切,,2,HDZT56 ｱｰｽ,2026/8/4,福山通運　九州発送,2026/8/4,,完成,倉重,2026/7/28,製造
大洋電材　本社★,九州工場,九州工場,2026/7/23,2026/7/23,26-J0091408-001-771,ZG0000,0,350,0,0,ZN 架台,,8,HDZT77  L6x50  直線　中,2026/8/3,北九州配達,2026/8/4,,完成,金光,2026/7/27,製造
Q-mast　空調管グル－プ★,九州工場,九州工場,2026/7/23,2026/7/23,26-J0091600-003-771,ZG0000,0,600,610,0,ZN 架台,,1,精錬棟1階　衛生配管 21,2026/8/3,ヤマックス　ｽﾎﾟｯﾄ便,2026/8/4,,完成,古川,2026/7/27,製造
Q-mast　空調管グル－プ★,九州工場,九州工場,2026/7/23,2026/7/23,26-J0091600-004-771,ZG0000,0,600,"1,670.00",0,ZN 架台,,1,精錬棟1階　衛生配管 21,2026/8/3,ヤマックス　ｽﾎﾟｯﾄ便,2026/8/4,,完成,古川,2026/7/27,製造
Q-mast　空調管グル－プ★,九州工場,九州工場,2026/7/23,2026/7/23,26-J0091600-001-771,ZG0000,0,376,"1,728.00",0,ZN 架台,,1,精錬棟1階　衛生配管 19,2026/8/3,ヤマックス　ｽﾎﾟｯﾄ便,2026/8/4,,完成,古川,2026/7/27,製造
Q-mast　空調管グル－プ★,九州工場,九州工場,2026/7/23,2026/7/23,26-J0091600-002-771,ZG0000,0,305,"1,380.00",0,ZN 架台,,2,精錬棟1階　衛生配管 20,2026/8/3,ヤマックス　ｽﾎﾟｯﾄ便,2026/8/4,,完成,古川,2026/7/27,製造
興陽電機　行橋★,九州工場,九州工場,2026/7/23,2026/7/23,26-J0092425-001-771,BE4040SC,1.6,400,400,400,国土 PB 平 焼付,2.5Y9/1 近似色,5,ｱｰｽ,2026/8/3,福山通運　九州発送,2026/8/4,,完成,古川,2026/7/29,製造
興陽電機　行橋★,九州工場,九州工場,2026/7/23,2026/7/23,26-J0092425-003-771,BE5040SC,1.6,500,500,400,国土 PB 平 焼付,2.5Y9/1 近似色,2,ｱｰｽ,2026/8/4,福山通運　九州発送,2026/8/4,,完成,古川,2026/7/30,製造
興陽電機　行橋★,九州工場,九州工場,2026/7/23,2026/7/23,26-J0092425-002-771,BE4040SC,1.6,400,400,400,国土 PB 平 焼付,2.5Y9/1 近似色,3,ｱｰｽ,2026/8/4,福山通運　九州発送,2026/8/4,,完成,古川,2026/7/30,製造
東芝電材　岡山★,九州工場,九州工場,2026/7/24,2026/7/24,26-J0092610-001-771,BE2010SC,1.6,200,200,100,国土 PB 平 焼付,2.5Y9/1(近似色),15,ｱｰｽ,2026/8/4,福山通運　九州発送,2026/8/4,,完成,古川,2026/7/29,製造
東芝電材　岡山★,九州工場,九州工場,2026/7/24,2026/7/24,26-J0092610-003-771,BE4030SC,1.6,400,400,300,国土 PB 平 焼付,2.5Y9/1(近似色),4,ｱｰｽ,2026/8/3,福山通運　九州発送,2026/8/4,,完成,古川,2026/7/28,製造
東芝電材　岡山★,九州工場,九州工場,2026/7/24,2026/7/24,26-J0092610-005-771,BE3020SC,1.6,300,300,200,国土 PB 平 焼付,2.5Y9/1(近似色),5,ｱｰｽ,2026/7/31,福山通運　九州発送,2026/8/4,,完成,岡,,加工
カンサイエコプラス　山口★,九州工場,九州工場,2026/7/24,2026/7/24,26-J0092611-001-771,IE0000SC,1.6,350,100,100,鉄 PBﾄｸ 平 焼付,25-90A 近似色,12,ｱｰｽ,2026/8/3,福山通運　九州発送,2026/8/4,,完成,岡,2026/7/28,製造
カンサイエコプラス　山口★,九州工場,九州工場,2026/7/24,2026/7/24,26-J0092611-003-771,IE0000SC,1.6,350,100,100,鉄 PBﾄｸ 平 焼付,25-90A 近似色,12,ｱｰｽ,2026/8/4,福山通運　九州発送,2026/8/4,,完成,古川,2026/7/29,製造
シンセイ　広島第一★,九州工場,九州工場,2026/7/24,2026/7/24,26-J0092814-001-771,ZE0000X,2.3,300,300,200,ZN PBﾄｸ 水切,,8,ｱｰｽ  ｾﾝﾀｰｾﾊﾟﾚｰﾀ,2026/8/4,福山通運　九州発送,2026/8/4,,ｷｬﾝｾﾙ,志田,2026/7/28,製造
シンセイ　広島第一★,九州工場,九州工場,2026/7/24,2026/7/24,26-J0092814-003-771,ZE3020X2,2.3,300,300,200,ZN PB 水切,,8,ｱｰｽ,2026/8/4,福山通運　九州発送,2026/8/4,,完成,倉重,2026/7/28,製造
岡本電機　呉★,九州工場,九州工場,2026/7/24,2026/7/24,26-J0092928-002-771,ZE5030S2,2.3,500,500,300,ZN PB 平,,5,HDZT49 ｱｰｽ,2026/8/4,佐川急便,2026/8/4,,完成,倉重,2026/7/28,製造
岡本電機　呉★,九州工場,九州工場,2026/7/24,2026/7/24,26-J0092928-003-771,ZE0000S,2.3,500,500,400,ZN PBﾄｸ 平,,1,HDZT49 ｱｰｽ ｾﾝﾀｰｾﾊﾟﾚｰﾀ,2026/8/4,佐川急便,2026/8/4,,完成,倉重,2026/7/28,製造
岡本電機　呉★,九州工場,九州工場,2026/7/24,2026/7/24,26-J0092928-001-771,ZE4030S2,2.3,400,400,300,ZN PB 平,,2,HDZT49 ｱｰｽ,2026/8/4,佐川急便,2026/8/4,,完成,倉重,2026/7/28,製造
田中商事　小倉,九州工場,九州工場,2026/7/24,2026/7/24,26-J0093007-003-771,IDC0000C,1.6,"1,900.00",450,617,鉄 ﾀﾞｸﾄｶﾊﾞｰ 焼付,2.5Y9/1 近似色,1,3分割　平蓋　切欠き有 穴加工 木板付,2026/8/3,北九州配達,2026/8/4,,完成,ナム,2026/7/29,製造
田中商事　小倉,九州工場,九州工場,2026/7/24,2026/7/24,26-J0093007-001-771,IDC0000C,1.6,300,200,"1,147.00",鉄 ﾀﾞｸﾄｶﾊﾞｰ 焼付,2.5Y9/1 近似色,1,平蓋　切欠き有 穴加工,2026/8/3,北九州配達,2026/8/4,,完成,倉重,2026/7/29,製造
田中商事　小倉,九州工場,九州工場,2026/7/24,2026/7/24,26-J0093007-002-771,IDC0000C,1.6,300,420,"1,022.00",鉄 ﾀﾞｸﾄｶﾊﾞｰ 焼付,2.5Y9/1 近似色,1,平蓋　切欠き有 穴加工,2026/8/3,北九州配達,2026/8/4,,完成,倉重,2026/7/29,製造
イシグロ　広島★,九州工場,九州工場,2026/7/24,2026/7/24,26-J0093071-003-771,IG0000G,0,0,250,"1,000.00",鉄 架台,,1,さび止め　L-50X50X6t  4階中国空調 MNB分,2026/8/4,福山通運　九州発送,2026/8/4,,完成,森田,2026/8/3,製造
イシグロ　広島★,九州工場,九州工場,2026/7/24,2026/7/24,26-J0093071-005-771,IG0000G,0,0,250,500,鉄 架台,,3,さび止め　L-50X50X6t　4階中国空調 MNB分,2026/8/4,福山通運　九州発送,2026/8/4,,完成,森田,2026/8/3,製造
イシグロ　広島★,九州工場,九州工場,2026/7/24,2026/7/24,26-J0093071-004-771,IG0000G,0,0,250,750,鉄 架台,,12,さび止め　L-50X50X6t　4階中国空調 MNB分,2026/8/4,福山通運　九州発送,2026/8/4,,完成,森田,2026/8/3,製造
イシグロ　広島★,九州工場,九州工場,2026/7/24,2026/7/24,26-J0093071-001-771,IG0000G,0,0,250,"1,300.00",鉄 架台,,2,さび止め　L-50X50X6t  4階中国空調 MNB分　,2026/8/4,福山通運　九州発送,2026/8/4,,完成,森田,2026/8/3,製造
イシグロ　広島★,九州工場,九州工場,2026/7/24,2026/7/24,26-J0093071-002-771,IG0000G,0,0,250,"1,100.00",鉄 架台,,11,さび止め　L-50X50X6t　4階中国空調 MNB分,2026/8/4,福山通運　九州発送,2026/8/4,,完成,森田,2026/8/3,製造
かごしま電工　南★,九州工場,九州工場,2026/7/24,2026/7/24,26-J0093245-012-771,BF0000C,1.6,500,300,300,国土 裏BOX 焼付,2.5Y9/1 近似色,1,ｱｰｽ  内ﾜﾆｽ,2026/8/3,佐川急便,2026/8/4,,完成,古川,2026/7/28,製造
かごしま電工　南★,九州工場,九州工場,2026/7/24,2026/7/24,26-J0093245-008-771,BE3030SCW,1.6,300,300,300,国土 PB 平 焼付,2.5Y9/1 近似色,2,ｱｰｽ  内ﾜﾆｽ,2026/8/3,佐川急便,2026/8/4,,完成,古川,2026/7/28,製造
かごしま電工　南★,九州工場,九州工場,2026/7/24,2026/7/24,26-J0093245-009-771,BE3535SCW,1.6,350,350,350,国土 PB 平 焼付,2.5Y9/1 近似色,4,ｱｰｽ  内ﾜﾆｽ,2026/8/3,佐川急便,2026/8/4,,完成,古川,2026/7/28,製造
かごしま電工　南★,九州工場,九州工場,2026/7/24,2026/7/24,26-J0093245-011-771,BF0000C,1.6,300,300,300,国土 裏BOX 焼付,2.5Y9/1 近似色,1,ｱｰｽ  内ﾜﾆｽ,2026/8/3,佐川急便,2026/8/4,,完成,古川,2026/7/28,製造
かごしま電工　南★,九州工場,九州工場,2026/7/24,2026/7/24,26-J0093245-014-771,SP0000SCW,1.5,400,400,100,SUS PBﾄｸ 平 焼付,2.5Y9/1 近似色,1,張出蓋(430x430)  内ﾜﾆｽ,2026/8/4,佐川急便,2026/8/4,,完成,古川,2026/7/29,製造
かごしま電工　南★,九州工場,九州工場,2026/7/24,2026/7/24,26-J0093245-013-771,SE0000SCW,1.5,300,300,100,SUS PBﾄｸ 平 焼付,2.5Y9/1 近似色,1,ｱｰｽ 張出蓋(330x330)  内ﾜﾆｽ,2026/8/4,佐川急便,2026/8/4,,完成,古川,2026/7/29,製造
東芝電材　宇部★,九州工場,九州工場,2026/7/24,2026/7/24,26-J0093511-001-771,DDC0000N,2.3,"1,000.00",200,500,Sﾀﾞｲﾏ ﾀﾞｸﾄｶﾊﾞｰ,,1,平蓋ｺﾞﾑP付ﾌｰﾄﾞ ｺｰｷﾝｸﾞ用折返し,2026/8/3,福山通運　九州発送,2026/8/4,,完成,古川,2026/8/3,製造
八州電気工業　倉敷★,九州工場,九州工場,2026/7/27,2026/7/27,26-J0093927-001-771,B02025SC,1.6,250,250,0,国土 ふた 焼付,2.5Y9/1(近似色),3,平ふた,2026/8/4,福山通運　九州発送,2026/8/4,,完成,古川,2026/7/30,製造
シンセイ　徳山★,九州工場,九州工場,2026/7/27,2026/7/27,26-J0093969-001-771,SP4020SN,1.5,400,400,200,SUS PB 平,,1,,2026/8/4,佐川急便,2026/8/4,,完成,服部,2026/8/4,製造
日本電設資材　福岡★,九州工場,九州工場,2026/7/27,2026/7/27,26-J0093991-001-771,ZE2020X2,2.3,200,200,200,ZN PB 水切,,6,ｱｰｽ,2026/8/3,佐川急便,2026/8/4,,完成,金光,2026/7/28,製造
日本電設資材　福岡★,九州工場,九州工場,2026/7/27,2026/7/27,26-J0093991-002-771,ZE2020X2,2.3,200,200,200,ZN PB 水切,,6,ｱｰｽ,2026/8/4,佐川急便,2026/8/4,,完成,金光,2026/7/29,製造
東芝電材　佐伯★,九州工場,九州工場,2026/7/27,2026/7/27,26-J0094300-001-771,IG0000C,4,700,321,500,鉄 架台 焼付,日東工業 5Y7/1 近似色,1,L4x50 穴加工,2026/8/4,福山通運　九州発送,2026/8/4,,完成,古川,2026/7/30,製造
東芝電材　佐伯★,九州工場,九州工場,2026/7/27,2026/7/27,26-J0094319-001-771,IG0000C,6,"1,197.00",600,500,鉄 架台 焼付,日東工業 5Y7/1 近似色,1,L6x50,2026/8/4,福山通運　九州発送,2026/8/4,,完成,増井,2026/7/30,製造
富士商会　大村★,九州工場,九州工場,2026/7/27,2026/7/27,26-J0094472-001-771,ZE2015X2,2.3,200,200,150,ZN PB 水切,,1,ｱｰｽ,2026/8/4,佐川急便,2026/8/4,,完成,倉重,2026/7/28,製造
宮地電機　幡多,九州工場,九州工場,2026/7/27,2026/7/27,26-J0094738-001-771,BE1515SC,1.6,150,150,150,国土 PB 平 焼付,N9.5(近似色),6,ｱｰｽ,2026/8/4,福山通運　九州発送,2026/8/4,,完成,古川,2026/7/30,製造
宮地電機　幡多,九州工場,九州工場,2026/7/27,2026/7/27,26-J0094738-002-771,BE2020SC,1.6,200,200,200,国土 PB 平 焼付,N9.5(近似色),4,ｱｰｽ,2026/8/3,福山通運　九州発送,2026/8/4,,完成,古川,,加工
宮地電機　幡多,九州工場,九州工場,2026/7/27,2026/7/27,26-J0094738-003-771,BE4020SC,1.6,400,400,200,国土 PB 平 焼付,N9.5(近似色),2,ｱｰｽ,2026/8/3,福山通運　九州発送,2026/8/4,,完成,古川,2026/7/29,製造
佐野電機工業,九州工場,九州工場,2026/7/27,2026/7/27,26-J0094747-001-771,BE2015SC,1.6,200,200,150,国土 PB 平 焼付,2.5Y9/1(近似色),6,ｱｰｽ,2026/8/4,福山通運　九州発送,2026/8/4,,完成,古川,,加工
三共電気　本社★,九州工場,九州工場,2026/7/27,2026/7/27,26-J0094874-002-771,BD0000C,1.6,300,100,686,国土 ﾀﾞｸﾄ 焼付,2.5Y9/1 近似色,1,/535/413  ｱｰｽ  平蓋　ｹｰﾌﾞﾙ支持棒付　,2026/8/4,福山通運　九州発送,2026/8/4,,完成,古川,2026/7/30,製造
三共電気　本社★,九州工場,九州工場,2026/7/27,2026/7/27,26-J0094874-001-771,BD0000C,1.6,200,100,686,国土 ﾀﾞｸﾄ 焼付,2.5Y9/1 近似色,1,/535/413  ｱｰｽ  平蓋　ｹｰﾌﾞﾙ支持棒付　,2026/8/4,福山通運　九州発送,2026/8/4,,完成,古川,2026/7/30,製造
興陽電機　福岡西★,九州工場,九州工場,2026/7/27,2026/7/27,26-J0094957-001-771,SE0000XC,1.5,400,400,100,SUS PBﾄｸ 水切 焼付,2.5Y9/1 近似色,1,ｱｰｽ,2026/8/3,ヤマックス福岡,2026/8/4,,完成,古川,2026/7/29,製造
那須電機商事★,九州工場,九州工場,2026/7/28,2026/7/28,26-J0095068-002-771,ZPCP0000,3.2,410,400,23.2,ZN ｼﾏﾋﾟｯﾄ蓋,,1,縞鋼板 切欠･PLt6.0付,2026/8/4,福山通運　九州発送,2026/8/4,,完成,金光,2026/7/29,製造
那須電機商事★,九州工場,九州工場,2026/7/28,2026/7/28,26-J0095068-001-771,ZMK0000,4.5,"1,400.00",300,200,ZN 曲金物,,2,穴加工ｱﾘ,2026/8/4,福山通運　九州発送,2026/8/4,,完成,金光,2026/7/29,製造
興陽電機　八幡★,九州工場,九州工場,2026/7/28,2026/7/28,26-J0095232-001-771,IIP0000C,3.2,480,335,0,鉄 ﾌﾟﾚｰﾄ 焼付,5Y7/1 近似色,1,開口、穴加工　ｽﾀｯﾄﾎﾞﾙﾄ溶接,2026/8/3,北九州配達,2026/8/4,,完成,倉重,2026/7/29,製造
興陽電機　八幡★,九州工場,九州工場,2026/7/28,2026/7/28,26-J0095232-002-771,IIP0000C,1.6,250,200,0,鉄 ﾌﾟﾚｰﾄ 焼付,5Y7/1 近似色,1,穴加工　ｽﾀｯﾄﾎﾞﾙﾄ溶接,2026/8/3,北九州配達,2026/8/4,,完成,倉重,2026/7/29,製造
東芝電材　福岡西★,九州工場,九州工場,2026/7/28,2026/7/28,26-J0095404-001-771,IIP0000C,1.6,500,500,0,鉄 ﾌﾟﾚｰﾄ 焼付,2.5Y9/1 近似色,2,φ6x4,2026/8/3,ヤマックス福岡,2026/8/4,,完成,古川,2026/7/29,製造
山電　八幡,九州工場,九州工場,2026/7/28,2026/7/28,26-J0095415-001-771,SE2010XC,1.5,200,200,100,SUS PB 水切 焼付,2.5Y9/1 近似色,5,ｱｰｽ,2026/8/3,北九州配達,2026/8/4,,完成,古川,,加工
田中商事　小倉,九州工場,九州工場,2026/7/28,2026/7/28,26-J0095738-001-771,BE3015SC,1.6,300,300,150,国土 PB 平 焼付,5Y7/1 近似色,1,ｱｰｽ,2026/8/3,北九州配達,2026/8/4,,完成,古川,2026/7/29,製造
東芝電材　川内★,九州工場,九州工場,2026/7/28,2026/7/28,26-J0095922-001-771,SE1510XCW,1.5,150,150,100,SUS PB 水切 焼付,2.5Y9/1 近似色,2,ｱｰｽ 内ﾜﾆｽ,2026/8/4,佐川急便,2026/8/4,,完成,古川,2026/7/29,製造
大洋電材　本社★,九州工場,九州工場,2026/7/28,2026/7/28,26-J0096111-001-771,SE0000XC,1.5,720,160,50,SUS PBﾄｸ 水切 焼付,2.5Y9/1 近似色,2,ｱｰｽ位置指定,2026/8/3,北九州配達,2026/8/4,,完成,倉重,2026/7/29,製造
三共電気　東★,九州工場,九州工場,2026/7/29,2026/7/29,26-J0096455-001-771,IG0000G,0,330,"1,788.00",0,鉄 架台,,6,さび止め C75x40x5x7,2026/8/4,福山通運　九州発送,2026/8/4,,完成,倉重,2026/8/3,製造
三親電材　松江★,九州工場,九州工場,2026/7/29,2026/7/29,26-J0096489-001-771,SMK0000N,3,300,50,50,SUS 曲金物,,4,穴加工ｱﾘ,2026/8/4,福山通運　九州発送,2026/8/4,,完成,倉重,2026/8/4,製造
三親電材　松江★,九州工場,九州工場,2026/7/29,2026/7/29,26-J0096489-003-771,SKM0000N,2,"1,280.00","1,000.00",150,SUS 金物,,1,,2026/8/4,福山通運　九州発送,2026/8/4,,完成,坂元,2026/8/4,製造
三親電材　松江★,九州工場,九州工場,2026/7/29,2026/7/29,26-J0096489-002-771,SMK0000N,3,500,50,50,SUS 曲金物,,2,穴加工ｱﾘ,2026/8/4,福山通運　九州発送,2026/8/4,,完成,坂元,2026/8/4,製造
因幡電機　九州物流(409)★,九州工場,九州工場,2026/7/29,2026/7/29,26-J0096656-001-771,IP2015SG,1.6,200,200,150,鉄 PB 平,,10,さび止め,2026/8/3,ヤマックス福岡,2026/8/4,,完成,樋口,2026/7/30,製造
三親電材　福山★,九州工場,九州工場,2026/7/29,2026/7/29,26-J0096666-001-771,SP6060XN,1.5,600,600,600,SUS PB 水切,,1,,2026/8/4,福山通運　九州発送,2026/8/4,,完成,金光,2026/8/4,製造
中国機材設備　本社★,九州工場,九州工場,2026/7/29,2026/7/29,26-J0096690-002-771,BE3020SC,1.6,300,300,200,国土 PB 平 焼付,N9.5 近似色,4,ｱｰｽ,2026/8/4,佐川急便,2026/8/4,,完成,古川,,加工
中国機材設備　本社★,九州工場,九州工場,2026/7/29,2026/7/29,26-J0096690-001-771,BE3020SC,1.6,300,300,200,国土 PB 平 焼付,N9.5 近似色,4,ｱｰｽ,2026/8/4,佐川急便,2026/8/4,,完成,古川,,加工
シンセイ　倉敷★,九州工場,九州工場,2026/7/29,2026/7/29,26-J0096816-001-771,IPA0000G,0,200,0,0,鉄 ﾎﾟｰﾙｱﾀﾞﾌﾟﾀｰ,,20,さび止め SGP50A PLt3.2,2026/8/4,福山通運　九州発送,2026/8/4,,完成,服部,2026/8/3,製造
岡本電機　福山★,九州工場,九州工場,2026/7/29,2026/7/29,26-J0096824-001-771,IIP0000C,1.6,415,330,0,鉄 ﾌﾟﾚｰﾄ 焼付,N1 近似色,1,開口有り,2026/8/4,福山通運　九州発送,2026/8/4,,完成,古川,2026/7/30,製造
Q-mast　電気グル－プ★,九州工場,九州工場,2026/7/29,2026/7/29,26-J0096867-003-771,ITG0000G,0,"1,500.00","2,720.00",0,鉄 耐震架台,,1,さび止め C100x50x5x7.5 B地区2階ﾗｯｸ架台　3,2026/8/3,ヤマックス　ｽﾎﾟｯﾄ便,2026/8/4,,完成,樫原,2026/7/31,製造
Q-mast　電気グル－プ★,九州工場,九州工場,2026/7/29,2026/7/29,26-J0096867-004-771,ITG0000G,0,"1,500.00","2,720.00",0,鉄 耐震架台,,1,さび止め C100x50x5x7.5 B地区2階ﾗｯｸ架台　4,2026/8/3,ヤマックス　ｽﾎﾟｯﾄ便,2026/8/4,,完成,樫原,2026/7/31,製造
Q-mast　電気グル－プ★,九州工場,九州工場,2026/7/29,2026/7/29,26-J0096867-002-771,ITG0000G,0,"1,500.00","2,720.00",0,鉄 耐震架台,,1,さび止め C100x50x5x7.5 B地区2階ﾗｯｸ架台　2,2026/8/3,ヤマックス　ｽﾎﾟｯﾄ便,2026/8/4,,完成,樫原,2026/7/31,製造
Q-mast　電気グル－プ★,九州工場,九州工場,2026/7/29,2026/7/29,26-J0096867-001-771,ITG0000G,0,"1,700.00","2,720.00",0,鉄 耐震架台,,1,さび止め C100x50x5x7.5 B地区2階ﾗｯｸ架台　1,2026/8/3,ヤマックス　ｽﾎﾟｯﾄ便,2026/8/4,,完成,樫原,2026/7/31,製造
ウチダ★,九州工場,九州工場,2026/7/29,2026/7/29,26-J0096884-001-771,BE2020SC,1.6,200,200,200,国土 PB 平 焼付,2.5Y9/1 近似色,1,ｱｰｽ,2026/8/4,福山通運　九州発送,2026/8/4,,完成,古川,,加工
ミューハウス　熊本★,九州工場,九州工場,2026/7/29,2026/7/29,26-J0096905-001-771,BE2020SC,1.6,200,200,200,国土 PB 平 焼付,2.5Y9/1 近似色,1,ｱｰｽ,2026/8/4,佐川急便,2026/8/4,,完成,古川,,加工
三共電気　本社★,九州工場,九州工場,2026/7/29,2026/7/29,26-J0097107-001-771,IIP0000C,1.6,300,100,0,鉄 ﾌﾟﾚｰﾄ 焼付,2.5Y9/0.5 近似色,1,φ4x4,2026/8/3,ヤマックス福岡,2026/8/4,,完成,古川,2026/7/30,製造
田中商事　小倉,九州工場,九州工場,2026/7/29,2026/7/29,26-J0097455-001-771,SE0000XN,2,800,300,500,SUS PBﾄｸ 水切,,1,ｱｰｽ,2026/8/3,北九州配達,2026/8/4,,完成,白濵,2026/8/3,製造
宮地電機　高松,九州工場,九州工場,2026/7/30,2026/7/30,26-J0097854-003-771,SP5040XN,1.5,500,500,400,SUS PB 水切,,1,,2026/8/4,福山通運　九州発送,2026/8/4,,完成,服部,2026/8/4,製造
宮地電機　高松,九州工場,九州工場,2026/7/30,2026/7/30,26-J0097854-004-771,SP5050XN,1.5,500,500,500,SUS PB 水切,,1,,2026/8/4,福山通運　九州発送,2026/8/4,,完成,服部,2026/8/4,製造
日本電設資材　福岡★,九州工場,九州工場,2026/7/30,2026/7/30,26-J0098079-001-771,IP0000SG,1.6,300,200,200,鉄 PBﾄｸ 平,,1,さび止め,2026/8/3,佐川急便,2026/8/4,,完成,倉重,2026/7/31,製造
越智電機産業　今治★,九州工場,九州工場,2026/7/30,2026/7/30,26-J0098135-001-771,IMK0000G,1.6,300,110,100,鉄 曲金物,,1,さび止め,2026/8/4,福山通運　九州発送,2026/8/4,,完成,樫原,2026/8/3,製造
興陽電機　八幡★,九州工場,九州工場,2026/7/30,2026/7/30,26-J0098290-001-771,DP5030WN,1.6,500,500,300,Sﾀﾞｲﾏ PB 被せ,,2,,2026/8/3,北九州配達,2026/8/4,,完成,山口,2026/8/3,製造
カンサイ　筑豊★,九州工場,九州工場,2026/7/31,2026/7/31,26-J0098625-001-771,I02035WG,1.6,350,350,0,鉄 ふた,,1,被せふた さび止め,2026/8/3,ヤマックス福岡,2026/8/4,,完成,古川,2026/7/31,製造
東芝電材　武雄★,九州工場,九州工場,2026/7/31,2026/7/31,26-J0098632-001-771,BE5050WG,1.6,500,500,500,国土 PB 被せ,,1,ｱｰｽ さび止め,2026/8/4,佐川急便,2026/8/4,,完成,倉重,2026/8/3,製造
東芝電材　福岡★,九州工場,九州工場,2026/7/31,2026/7/31,26-J0098668-001-771,SE0000WN,1.5,300,200,200,SUS PBﾄｸ 被せ,,2,ｱｰｽ,2026/8/3,ヤマックス福岡,2026/8/4,,完成,白濵,2026/8/3,製造
東芝電材　福岡★,九州工場,九州工場,2026/7/31,2026/7/31,26-J0098668-003-771,SE0000WN,1.5,400,300,200,SUS PBﾄｸ 被せ,,1,ｱｰｽ,2026/8/3,ヤマックス福岡,2026/8/4,,完成,樋口,2026/8/3,製造
東芝電材　福岡★,九州工場,九州工場,2026/7/31,2026/7/31,26-J0098668-002-771,SE0000WN,1.5,500,300,300,SUS PBﾄｸ 被せ,,1,ｱｰｽ,2026/8/3,ヤマックス福岡,2026/8/4,,完成,白濵,2026/8/3,製造
中西電機　高松本社★,九州工場,九州工場,2026/7/31,2026/7/31,26-J0098808-001-771,DE1510WN,1.6,150,150,100,Sﾀﾞｲﾏ PB 被せ,,1,ｱｰｽ,2026/8/4,福山通運　九州発送,2026/8/4,,完成,服部,2026/8/3,製造
三共電気　本社★,九州工場,九州工場,2026/7/31,2026/7/31,26-J0098870-001-771,IKS0000G,1.6,"1,300.00",450,200,鉄 貫通ｽﾘｰﾌﾞ,,1,さび止め,2026/8/3,ヤマックス福岡,2026/8/4,,完成,倉重,2026/7/31,製造
カンサイ　八幡★,九州工場,九州工場,2026/7/31,2026/7/31,26-J0098952-001-771,IAI0000G,0,"4,000.00",0,0,鉄 ｱﾝｸﾞﾙ,,20,さび止め L65x65x6,2026/8/3,ヤマックス　ｽﾎﾟｯﾄ便,2026/8/4,,完成,古川,2026/7/31,製造
カンサイ　電設★,九州工場,九州工場,2026/7/31,2026/7/31,26-J0098968-001-771,IAI0000G,0,"4,000.00",0,0,鉄 ｱﾝｸﾞﾙ,,20,さび止め L50x50x6t,2026/8/3,ヤマックス　ｽﾎﾟｯﾄ便,2026/8/4,,完成,古川,2026/7/31,製造
栗田電機　松山★,九州工場,九州工場,2026/7/31,2026/7/31,26-J0099048-001-771,SP0000WN,1.5,300,300,100,SUS PBﾄｸ 被せ,,1,開口ｱﾘ,2026/8/4,福山通運　九州発送,2026/8/4,,完成,服部,2026/8/4,製造
菱栄電材★,九州工場,九州工場,2026/7/31,2026/7/31,26-J0099146-003-771,SE0000XN,1.5,650,400,150,SUS PBﾄｸ 水切,,1,ｱｰｽ,2026/8/4,福山通運　九州発送,2026/8/4,,完成,倉重,2026/8/4,製造
菱栄電材★,九州工場,九州工場,2026/7/31,2026/7/31,26-J0099146-002-771,SE0000XN,1.5,450,300,150,SUS PBﾄｸ 水切,,3,ｱｰｽ,2026/8/4,福山通運　九州発送,2026/8/4,,完成,服部,2026/8/4,製造
菱栄電材★,九州工場,九州工場,2026/7/31,2026/7/31,26-J0099146-001-771,SE0000XN,1.5,450,400,150,SUS PBﾄｸ 水切,,3,ｱｰｽ,2026/8/3,福山通運　九州発送,2026/8/4,,完成,白濵,2026/8/3,製造
東芝電材　鳥取★,九州工場,九州工場,2026/7/31,2026/7/31,26-J0099162-001-771,SMK0000N,1.5,140,140,15,SUS 曲金物,,11,穴加工ｱﾘ,2026/8/4,福山通運　九州発送,2026/8/4,,完成,服部,2026/8/4,製造
東芝電材　川内★,九州工場,九州工場,2026/7/31,2026/7/31,26-J0099263-001-771,SIP0000N,1.5,250,230,0,SUS ﾌﾟﾚｰﾄ,,16,φ158 φ6x4,2026/8/4,佐川急便,2026/8/4,,完成,服部,2026/8/4,製造
シンセイ　福山★,九州工場,九州工場,2026/7/31,2026/7/31,26-J0099288-001-771,IP0000SG,1.6,350,250,50,鉄 PBﾄｸ 平,,1,さび止め,2026/8/4,福山通運　九州発送,2026/8/4,,完成,服部,2026/8/3,製造
東芝電材　福岡★,九州工場,九州工場,2026/7/31,2026/7/31,26-J0099292-001-771,SP4030SN,1.5,400,400,300,SUS PB 平,,1,,2026/8/3,ヤマックス福岡,2026/8/4,,完成,白濵,2026/8/3,製造
大興電機★,九州工場,九州工場,2026/7/31,2026/7/31,26-J0099333-001-771,SP0000WN,1.5,400,400,150,SUS PBﾄｸ 被せ,,1,,2026/8/3,北九州配達,2026/8/4,,完成,白濵,2026/8/3,製造
栗田電機　松山★,九州工場,九州工場,2026/7/31,2026/7/31,26-J0099404-001-771,SP0000WN,1.5,300,250,100,SUS PBﾄｸ 被せ,,1,開口･穴加工ｱﾘ,2026/8/4,福山通運　九州発送,2026/8/4,,完成,服部,2026/8/4,製造
東芝電材　唐津★,九州工場,九州工場,2026/8/3,2026/8/3,26-J0099682-001-771,BE3530SG,1.6,350,350,300,国土 PB 平,,2,ｱｰｽ さび止め,2026/8/4,佐川急便,2026/8/4,,完成,服部,2026/8/3,製造
ナミデン　福岡★,九州工場,九州工場,2026/8/3,2026/8/3,26-J0099685-003-771,IKS0000G,1.6,450,410,280,鉄 貫通ｽﾘｰﾌﾞ,,1,平蓋  さび止め  RF 南側ハト小屋用,2026/8/4,ヤマックス福岡,2026/8/4,,完成,服部,2026/8/3,製造
ナミデン　福岡★,九州工場,九州工場,2026/8/3,2026/8/3,26-J0099685-001-771,IKS0000G,1.6,500,200,280,鉄 貫通ｽﾘｰﾌﾞ,,1,平蓋  さび止め  RF 北ハト小屋用,2026/8/4,ヤマックス福岡,2026/8/4,,完成,服部,2026/8/3,製造
ナミデン　福岡★,九州工場,九州工場,2026/8/3,2026/8/3,26-J0099685-002-771,IKS0000G,1.6,"1,100.00",400,280,鉄 貫通ｽﾘｰﾌﾞ,,2,平蓋  さび止め  RF 南北ハト小屋用,2026/8/4,ヤマックス福岡,2026/8/4,,完成,服部,2026/8/3,製造
栗田電機　松山★,九州工場,九州工場,2026/8/3,2026/8/3,26-J0099957-002-771,SE0000WN,1.5,650,500,300,SUS PBﾄｸ 被せ,,2,ｱｰｽ,2026/8/4,福山通運　九州発送,2026/8/4,,完成,服部,2026/8/4,製造
栗田電機　松山★,九州工場,九州工場,2026/8/3,2026/8/3,26-J0099957-001-771,SP0000WN,1.5,650,500,300,SUS PBﾄｸ 被せ,,2,,2026/8/4,福山通運　九州発送,2026/8/4,,ｷｬﾝｾﾙ,古川,2026/8/4,製造
興陽電機　中津★,九州工場,九州工場,2026/8/3,2026/8/3,26-J0099973-001-771,SIP0000N,1.5,452,230,0,SUS ﾌﾟﾚｰﾄ,,1,6-φ5  φ20  2-M4ﾀｯﾌﾟ,2026/8/4,福山通運　九州発送,2026/8/4,,完成,服部,2026/8/4,製造
ウチダ★,九州工場,九州工場,2026/8/3,2026/8/3,26-J0100050-001-771,BP2010SG,1.6,200,200,100,国土 PB 平,,1,ｱｰｽ無 さび止め,2026/8/4,福山通運　九州発送,2026/8/4,,完成,服部,2026/8/3,製造
シンセイ　福山★,九州工場,九州工場,2026/8/3,2026/8/3,26-J0100103-001-771,SP0000WN,1.5,300,200,150,SUS PBﾄｸ 被せ,,1,,2026/8/4,福山通運　九州発送,2026/8/4,,完成,服部,2026/8/4,製造
Q-mast　電気グル－プ★,九州工場,九州工場,2026/8/4,2026/8/4,26-J0101904-001-771,IKM0000N,0,30,0,0,鉄 金物,,1,ﾂﾊﾞ管　SGP80A  φ189.1　生地,2026/8/4,佐川急便,2026/8/4,,完成,服部,2026/8/4,製造
宮地電機　徳島,九州工場,九州工場,2026/7/6,2026/7/6,26-J0077990-001-771,SE0000XN,1.5,200,200,200,SUS PBﾄｸ 水切,,4,ｱｰｽ ｺﾝ柱金具付き,2026/8/5,福山通運　九州発送,2026/8/5,,完成,樋口,2026/8/5,製造
宮地電機　徳島,九州工場,九州工場,2026/7/6,2026/7/6,26-J0077990-002-771,SE0000XN,1.5,200,200,150,SUS PBﾄｸ 水切,,4,ｱｰｽ ｺﾝ柱金具付き,2026/8/5,福山通運　九州発送,2026/8/5,,完成,樋口,2026/8/5,製造
南四国ﾅｼｮﾅﾙ　本社★,九州工場,九州工場,2026/7/7,2026/7/7,26-J0078651-001-771,IMK0000C,1.6,340,260,50,鉄 曲金物 焼付,N9.5(近似色),22,穴加工ｱﾘ【eA-2】,2026/8/5,福山通運　九州発送,2026/8/5,,完成,古川,2026/7/31,製造
ナミデン　福岡★,九州工場,九州工場,2026/7/21,2026/7/21,26-J0089703-002-771,ZTG0000,0,"1,150.00","1,515.00",0,ZN 耐震架台,,3,L75x75x6　MS棟 接続ﾌﾞﾘｯｼﾞｹｰﾌﾞﾙﾗｯｸ　TYPE B,2026/8/3,ヤマックス　ｽﾎﾟｯﾄ便,2026/8/5,,完成,金光,2026/7/27,製造
ナミデン　福岡★,九州工場,九州工場,2026/7/21,2026/7/21,26-J0089703-001-771,ZTG0000,0,"1,650.00","1,515.00",0,ZN 耐震架台,,15,L75x75x6  MS棟 接続ﾌﾞﾘｯｼﾞｹｰﾌﾞﾙﾗｯｸ　TYPE A,2026/8/3,ヤマックス　ｽﾎﾟｯﾄ便,2026/8/5,,完成,金光,2026/7/27,製造
金城電気商会,九州工場,九州工場,2026/7/21,2026/7/21,26-J0089855-001-771,DX0000N,1.6,150,150,13.2,Sﾀﾞｲﾏ その他,,35,開口 ﾀｯﾌﾟ Ｒ加工,2026/7/30,イトカツ,2026/8/5,2026/7/30,完成,服部,2026/7/29,製造
琉球機器,九州工場,九州工場,2026/7/21,2026/7/21,26-J0089876-001-771,SC0000N,1.5,800,675,640,SUS ｶﾊﾞｰ,,4,ﾎﾟﾝﾌﾟｶﾊﾞｰ　Ｂﾀｲﾌﾟ　全ﾊﾞﾗ,2026/7/30,イトカツ,2026/8/5,2026/7/30,完成,坂元,2026/7/29,製造
琉球機器,九州工場,九州工場,2026/7/22,2026/7/22,26-J0089995-001-771,SC0000N,1.5,880,675,640,SUS ｶﾊﾞｰ,,1,ﾎﾟﾝﾌﾟｶﾊﾞｰ　Ｃﾀｲﾌﾟ　全ﾊﾞﾗ,2026/7/31,イトカツ,2026/8/5,2026/7/31,完成,倉重,2026/7/30,製造
日新電機システム,九州工場,九州工場,2026/7/22,2026/7/22,26-J0090514-005-771,IG0000N,3.2,"1,300.00",500,50,鉄 架台,,2,焼生地 開口 取付穴 裏ﾅｯﾄ,2026/7/31,イトカツ,2026/8/5,2026/7/31,完成,倉重,2026/7/30,製造
日新電機システム,九州工場,九州工場,2026/7/22,2026/7/22,26-J0090514-002-771,BDC0000N,1.6,600,540,550,国土 ﾀﾞｸﾄｶﾊﾞｰ,,2,焼生地 開口 取付穴 受金具,2026/7/31,イトカツ,2026/8/5,2026/7/31,完成,服部,2026/7/30,製造
日新電機システム,九州工場,九州工場,2026/7/22,2026/7/22,26-J0090514-001-771,BDC0000N,1.6,700,540,550,国土 ﾀﾞｸﾄｶﾊﾞｰ,,1,焼生地 開口 取付穴 受金具,2026/7/31,イトカツ,2026/8/5,2026/7/31,完成,服部,2026/7/30,製造
日新電機システム,九州工場,九州工場,2026/7/22,2026/7/22,26-J0090514-003-771,BDC0000N,1.6,700,540,550,国土 ﾀﾞｸﾄｶﾊﾞｰ,,1,焼生地 開口 取付穴 受金具,2026/7/31,イトカツ,2026/8/5,2026/7/31,完成,服部,2026/7/30,製造
大洋電材　本社★,九州工場,九州工場,2026/7/22,2026/7/22,26-J0090620-002-771,SE2010XC,1.5,200,200,100,SUS PB 水切 焼付,2.5Y9/1 近似色,8,ｱｰｽ,2026/8/3,北九州配達,2026/8/5,,完成,倉重,,加工
大洋電材　本社★,九州工場,九州工場,2026/7/22,2026/7/22,26-J0090620-003-771,SE2020XC,1.5,200,200,200,SUS PB 水切 焼付,2.5Y9/1 近似色,2,ｱｰｽ,2026/8/3,北九州配達,2026/8/5,,完成,倉重,,加工
大洋電材　本社★,九州工場,九州工場,2026/7/22,2026/7/22,26-J0090620-004-771,SE0000XC,1.5,200,200,250,SUS PBﾄｸ 水切 焼付,2.5Y9/1 近似色,1,ｱｰｽ,2026/8/3,北九州配達,2026/8/5,,完成,古川,2026/7/29,製造
大洋電材　本社★,九州工場,九州工場,2026/7/22,2026/7/22,26-J0090620-005-771,SE2520XC,1.5,250,250,200,SUS PB 水切 焼付,2.5Y9/1 近似色,2,ｱｰｽ,2026/8/3,北九州配達,2026/8/5,,完成,倉重,2026/7/29,製造
大洋電材　本社★,九州工場,九州工場,2026/7/22,2026/7/22,26-J0090620-006-771,SE3020XC,1.5,300,300,200,SUS PB 水切 焼付,2.5Y9/1 近似色,3,ｱｰｽ,2026/8/3,北九州配達,2026/8/5,,完成,古川,2026/7/29,製造
大洋電材　本社★,九州工場,九州工場,2026/7/22,2026/7/22,26-J0090620-007-771,SE0000XC,1.5,550,250,200,SUS PBﾄｸ 水切 焼付,2.5Y9/1 近似色,2,ｱｰｽ,2026/8/3,北九州配達,2026/8/5,,完成,岡,2026/7/29,製造
大洋電材　本社★,九州工場,九州工場,2026/7/22,2026/7/22,26-J0090620-008-771,SE0000XC,1.5,600,300,250,SUS PBﾄｸ 水切 焼付,2.5Y9/1 近似色,2,ｱｰｽ,2026/8/3,北九州配達,2026/8/5,,完成,倉重,2026/7/29,製造
メイク機材★,九州工場,九州工場,2026/7/22,2026/7/22,26-J0091018-001-771,ZG0000,0,"1,535.00","1,135.00",100,ZN 架台,,1,C100x50x5x7.5t,2026/8/5,福山通運　九州発送,2026/8/5,,完成,倉重,2026/7/29,製造
宮地電機　徳島,九州工場,九州工場,2026/7/22,2026/7/22,26-J0091078-001-771,ZE0000X,3.2,600,500,500,ZN PBﾄｸ 水切,,1,HDZT63 ｱｰｽ,2026/8/5,福山通運　九州発送,2026/8/5,,完成,倉重,2026/7/29,製造
西日本電設資材★,九州工場,九州工場,2026/7/23,2026/7/23,26-J0091920-001-771,ZG0000,0,350,350,350,ZN 架台,,2,HDZT77  L-50x50x6t 7-φ16　三角支え付 左,2026/8/4,北九州配達,2026/8/5,,完成,倉重,2026/7/28,製造
西日本電設資材★,九州工場,九州工場,2026/7/23,2026/7/23,26-J0091920-002-771,ZG0000,0,350,350,350,ZN 架台,,2,HDZT77  L-50x50x6t 7-φ16　三角支え付 右,2026/8/4,北九州配達,2026/8/5,,完成,倉重,2026/7/28,製造
アサヒ　名護,九州工場,九州工場,2026/7/23,2026/7/23,26-J0092192-001-771,SE5040XC,1.5,500,500,400,SUS PB 水切 焼付,2.5Y9/1,1,ｱｰｽ,2026/7/29,イトカツ,2026/8/5,2026/7/29,完成,森田,2026/7/24,製造
アサヒ　本社,九州工場,九州工場,2026/7/24,2026/7/24,26-J0092845-001-771,SE3520XC,1.5,350,350,200,SUS PB 水切 焼付,2.5Y9/1,1,ｱｰｽ,2026/7/30,イトカツ,2026/8/5,2026/7/30,完成,古川,2026/7/27,製造
イシグロ　広島★,九州工場,九州工場,2026/7/24,2026/7/24,26-J0093117-008-771,IG0000G,0,0,250,"1,250.00",鉄 架台,,1,さび止め　L-50X50X6t　4階コジマ K＆M分,2026/8/5,福山通運　九州発送,2026/8/5,,完成,古川,2026/8/4,製造
イシグロ　広島★,九州工場,九州工場,2026/7/24,2026/7/24,26-J0093117-013-771,IG0000G,0,0,250,800,鉄 架台,,9,さび止め　L-50X50X6t　4階コジマ K＆M分,2026/8/5,福山通運　九州発送,2026/8/5,,完成,古川,2026/8/4,製造
イシグロ　広島★,九州工場,九州工場,2026/7/24,2026/7/24,26-J0093117-011-771,IG0000G,0,0,250,"1,000.00",鉄 架台,,1,さび止め　L-50X50X6t　4階コジマ K＆M分,2026/8/5,福山通運　九州発送,2026/8/5,,完成,古川,2026/8/4,製造
イシグロ　広島★,九州工場,九州工場,2026/7/24,2026/7/24,26-J0093117-012-771,IG0000G,0,0,250,900,鉄 架台,,5,さび止め　L-50X50X6t　4階コジマ K＆M分,2026/8/5,福山通運　九州発送,2026/8/5,,完成,古川,2026/8/4,製造
イシグロ　広島★,九州工場,九州工場,2026/7/24,2026/7/24,26-J0093117-010-771,IG0000G,0,0,250,"1,100.00",鉄 架台,,3,さび止め　L-50X50X6t　4階コジマ K＆M分,2026/8/5,福山通運　九州発送,2026/8/5,,完成,古川,2026/8/4,製造
イシグロ　広島★,九州工場,九州工場,2026/7/24,2026/7/24,26-J0093117-009-771,IG0000G,0,0,250,"1,200.00",鉄 架台,,1,さび止め　L-50X50X6t　4階コジマ K＆M分,2026/8/5,福山通運　九州発送,2026/8/5,,完成,古川,2026/8/4,製造
イシグロ　広島★,九州工場,九州工場,2026/7/24,2026/7/24,26-J0093117-007-771,IG0000G,0,0,250,"1,300.00",鉄 架台,,2,さび止め　L-50X50X6t　4階コジマ K＆M分　,2026/8/5,福山通運　九州発送,2026/8/5,,完成,古川,2026/8/4,製造
新光産業　本社,九州工場,九州工場,2026/7/27,2026/7/27,26-J0094064-002-771,BE0000SC,1.6,600,600,200,国土 PBﾄｸ 平 焼付,2.5Y9/1,1,ｱｰｽ,2026/7/31,イトカツ,2026/8/5,2026/7/31,完成,古川,2026/7/28,製造
新光産業　本社,九州工場,九州工場,2026/7/27,2026/7/27,26-J0094064-001-771,BE0000SC,2.3,700,700,400,国土 PBﾄｸ 平 焼付,2.5Y9/1,1,ｱｰｽ,2026/7/31,イトカツ,2026/8/5,2026/7/31,完成,古川,2026/7/28,製造
新光産業　本社,九州工場,九州工場,2026/7/27,2026/7/27,26-J0094085-001-771,BE0000SC,1.6,300,200,100,国土 PBﾄｸ 平 焼付,2.5Y9/1,3,ｱｰｽ　　/(TV),2026/7/31,イトカツ,2026/8/5,2026/7/31,完成,古川,2026/7/28,製造
新光産業　本社,九州工場,九州工場,2026/7/27,2026/7/27,26-J0094085-002-771,BE0000SC,1.6,600,300,100,国土 PBﾄｸ 平 焼付,2.5Y9/1,1,ｱｰｽ　　/(LAN),2026/7/31,イトカツ,2026/8/5,2026/7/31,完成,古川,2026/7/28,製造
新光産業　本社,九州工場,九州工場,2026/7/27,2026/7/27,26-J0094085-003-771,BE0000SC,1.6,600,300,150,国土 PBﾄｸ 平 焼付,2.5Y9/1,1,ｱｰｽ　　/(LAN),2026/7/31,イトカツ,2026/8/5,2026/7/31,完成,古川,2026/7/28,製造
丸井産業　宮崎★,九州工場,九州工場,2026/7/27,2026/7/27,26-J0094341-001-771,SD0000N,2,940,210,"1,700.00",SUS ﾀﾞｸﾄ,,1,2面被ｾ蓋-取手付 L型 支持棒付 ｱｰｽ・ｾﾊﾟ無し 背面開口,2026/8/5,福山通運　九州発送,2026/8/5,,完成,坂元,2026/8/5,製造
かごしま電工　南★,九州工場,九州工場,2026/7/27,2026/7/27,26-J0094554-002-771,ZE0000X,3.2,600,500,500,ZN PBﾄｸ 水切,,1,ｱｰｽ,2026/8/5,福山通運　九州発送,2026/8/5,,完成,倉重,2026/7/29,製造
カンサイ　中央★,九州工場,九州工場,2026/7/27,2026/7/27,26-J0094568-002-771,BD0000C,1.6,400,250,"1,270.00",国土 ﾀﾞｸﾄ 焼付,2.5Y9/1 近似色,1,平蓋 ｱｰｽ付き 支持棒・ｾﾊﾟﾚｰﾀ無し 部分開口 L型,2026/8/4,ヤマックス福岡,2026/8/5,,完成,ナム,2026/7/31,製造
カンサイ　中央★,九州工場,九州工場,2026/7/27,2026/7/27,26-J0094568-003-771,BD0000C,1.6,400,245,"1,260.00",国土 ﾀﾞｸﾄ 焼付,2.5Y9/1 近似色,1,平蓋 ｱｰｽ付き 支持棒・ｾﾊﾟﾚｰﾀ無し 部分開口 L型,2026/8/4,ヤマックス福岡,2026/8/5,,完成,ナム,2026/7/31,製造
カンサイ　中央★,九州工場,九州工場,2026/7/27,2026/7/27,26-J0094568-004-771,BD0000C,1.6,400,240,"1,260.00",国土 ﾀﾞｸﾄ 焼付,2.5Y9/1 近似色,1,平蓋 ｱｰｽ付き 支持棒・ｾﾊﾟﾚｰﾀ無し 部分開口 L型,2026/8/4,ヤマックス福岡,2026/8/5,,完成,ナム,2026/7/31,製造
カンサイ　中央★,九州工場,九州工場,2026/7/27,2026/7/27,26-J0094568-001-771,BD0000C,1.6,400,250,"1,270.00",国土 ﾀﾞｸﾄ 焼付,2.5Y9/1 近似色,1,平蓋 ｱｰｽ付き 支持棒・ｾﾊﾟﾚｰﾀ無し 部分開口,2026/8/4,ヤマックス福岡,2026/8/5,,完成,古川,2026/7/31,製造
新光産業　南,九州工場,九州工場,2026/7/27,2026/7/27,26-J0094713-002-771,SG0000N,3,300,200,40,SUS 架台,,1,L40x3t 長穴(φ12-63)x6 ﾌﾗｯﾄﾊﾞｰ　Ｌ,2026/7/30,イトカツ,2026/8/5,2026/7/30,完成,倉重,2026/7/29,製造
新光産業　南,九州工場,九州工場,2026/7/27,2026/7/27,26-J0094713-001-771,SG0000N,3,300,200,40,SUS 架台,,1,L40x3t 長穴(φ12-63)x6 ﾌﾗｯﾄﾊﾞｰ　Ｒ,2026/7/30,イトカツ,2026/8/5,2026/7/30,完成,倉重,2026/7/29,製造
三親電材　山口★,九州工場,九州工場,2026/7/28,2026/7/28,26-J0095832-001-771,BD0000C,1.6,300,100,"1,000.00",国土 ﾀﾞｸﾄ 焼付,2.5Y9/1 近似色,2,ｱｰｽ付 ｹｰﾌﾞﾙ支持材付き ｾﾊﾟ無し,2026/8/5,福山通運　九州発送,2026/8/5,,完成,岡,2026/7/31,製造
三親電材　福山★,九州工場,九州工場,2026/7/28,2026/7/28,26-J0095889-001-771,ZE3020X2,2.3,300,300,200,ZN PB 水切,,1,ｱｰｽ,2026/8/5,福山通運　九州発送,2026/8/5,,完成,倉重,2026/7/29,製造
三共電気　沖縄★,九州工場,九州工場,2026/7/28,2026/7/28,26-J0096071-004-771,SIP0000N,1.5,730,200,0,SUS ﾌﾟﾚｰﾄ,,1,閉塞PL 取付穴2-φ8,2026/7/31,イトカツ,2026/8/5,2026/7/31,完成,倉重,2026/7/30,製造
三共電気　沖縄★,九州工場,九州工場,2026/7/28,2026/7/28,26-J0096071-001-771,SC0000N,1.5,530,310,110,SUS ｶﾊﾞｰ,,1,M6ﾅｯﾄ溶接x2 取付穴10-φ5,2026/7/31,イトカツ,2026/8/5,2026/7/31,完成,倉重,2026/7/30,製造
三共電気　沖縄★,九州工場,九州工場,2026/7/28,2026/7/28,26-J0096071-003-771,SC0000N,1.5,730,400,200,SUS ｶﾊﾞｰ,,1,M6ﾅｯﾄ溶接x2 取付穴5-φ5､4-φ8,2026/7/31,イトカツ,2026/8/5,2026/7/31,完成,倉重,2026/7/30,製造
三共電気　沖縄★,九州工場,九州工場,2026/7/28,2026/7/28,26-J0096071-002-771,SIP0000N,1.5,530,110,0,SUS ﾌﾟﾚｰﾄ,,1,閉塞PL 取付穴2-φ8,2026/7/31,イトカツ,2026/8/5,2026/7/31,完成,古川,2026/7/30,製造
カンサイ　西★,九州工場,九州工場,2026/7/28,2026/7/28,26-J0096217-001-771,SE2525XC,1.5,250,250,250,SUS PB 水切 焼付,2.5Y9/1 近似色,1,ｱｰｽ,2026/8/4,ヤマックス福岡,2026/8/5,,完成,古川,2026/7/30,製造
中西電機　丸亀★,九州工場,九州工場,2026/7/28,2026/7/28,26-J0096236-001-771,IP0000SC,2.3,390,315,70,鉄 PBﾄｸ 平 焼付,5Y7/1(近似色),2,開口･穴加工ｱﾘ,2026/8/5,福山通運　九州発送,2026/8/5,,完成,岡,2026/7/31,製造
東芝電材　南福岡★,九州工場,九州工場,2026/7/28,2026/7/28,26-J0096347-002-771,BE2020SC,1.6,200,200,200,国土 PB 平 焼付,2.5Y9/1 近似色,7,ｱｰｽ,2026/8/5,佐川急便,2026/8/5,,完成,岡,,加工
東芝電材　南福岡★,九州工場,九州工場,2026/7/28,2026/7/28,26-J0096347-001-771,BE1510SC,1.6,150,150,100,国土 PB 平 焼付,2.5Y9/1 近似色,6,ｱｰｽ,2026/8/4,佐川急便,2026/8/5,,完成,倉重,,加工
かごしま電工　南★,九州工場,九州工場,2026/7/29,2026/7/29,26-J0096702-002-771,SE4040XCW,1.5,400,400,400,SUS PB 水切 焼付,2.5Y9/1 近似色,1,ｱｰｽ 内ﾜﾆｽ,2026/8/5,佐川急便,2026/8/5,,完成,岡,2026/7/30,製造
かごしま電工　南★,九州工場,九州工場,2026/7/29,2026/7/29,26-J0096702-001-771,SE3030XCW,1.5,300,300,300,SUS PB 水切 焼付,2.5Y9/1 近似色,2,ｱｰｽ 内ﾜﾆｽ,2026/8/5,佐川急便,2026/8/5,,完成,岡,2026/7/30,製造
かごしま電工　南★,九州工場,九州工場,2026/7/29,2026/7/29,26-J0096711-001-771,SE4030XCW,1.5,400,400,300,SUS PB 水切 焼付,2.5Y9/1 近似色,1,ｱｰｽ 内ﾜﾆｽ,2026/8/5,佐川急便,2026/8/5,,完成,岡,2026/7/30,製造
かごしま電工　南★,九州工場,九州工場,2026/7/29,2026/7/29,26-J0096711-002-771,SE4040XCW,1.5,400,400,400,SUS PB 水切 焼付,2.5Y9/1 近似色,2,ｱｰｽ 内ﾜﾆｽ,2026/8/5,佐川急便,2026/8/5,,完成,岡,2026/7/30,製造
かごしま電工　南★,九州工場,九州工場,2026/7/29,2026/7/29,26-J0096719-001-771,BE2525SCW,1.6,250,250,250,国土 PB 平 焼付,2.5Y9/1 近似色,2,ｱｰｽ  内ﾜﾆｽ,2026/8/5,佐川急便,2026/8/5,,完成,岡,2026/7/30,製造
山電　八幡,九州工場,九州工場,2026/7/29,2026/7/29,26-J0097149-002-771,BMK0000C,1.6,160,150,36.5,処理鋼板 曲金物 焼付,2.5Y9/1 近似色,1,ﾊｯﾄ型 4-吊穴,2026/8/4,北九州配達,2026/8/5,,完成,倉重,2026/7/31,製造
山電　八幡,九州工場,九州工場,2026/7/29,2026/7/29,26-J0097149-001-771,BMK0000C,1.6,160,60,36.5,処理鋼板 曲金物 焼付,2.5Y9/1 近似色,1,ﾊｯﾄ型 4-吊穴,2026/8/4,北九州配達,2026/8/5,,完成,倉重,2026/7/31,製造
八州電気工業　津山★,九州工場,九州工場,2026/7/29,2026/7/29,26-J0097199-001-771,IIP0000C,1.6,550,65,0,鉄 ﾌﾟﾚｰﾄ 焼付,2.5Y9/1(近似色),1,穴加工ｱﾘ,2026/8/5,福山通運　九州発送,2026/8/5,,完成,岡,2026/7/31,製造
東芝電材　城南★,九州工場,九州工場,2026/7/29,2026/7/29,26-J0097224-001-771,SE1510XC,1.5,150,150,100,SUS PB 水切 焼付,2.5Y9/1 近似色,2,ｱｰｽ,2026/8/4,ヤマックス福岡,2026/8/5,,完成,古川,,加工
東芝電材　城南★,九州工場,九州工場,2026/7/29,2026/7/29,26-J0097224-002-771,SE2020XC,1.5,200,200,200,SUS PB 水切 焼付,2.5Y9/1 近似色,1,ｱｰｽ,2026/8/4,ヤマックス福岡,2026/8/5,,完成,古川,2026/7/30,製造
三共電気　本社★,九州工場,九州工場,2026/7/29,2026/7/29,26-J0097289-001-771,IIP0000C,1.6,500,160,0,鉄 ﾌﾟﾚｰﾄ 焼付,2.5Y9/1 近似色,1,ｺ形 穴加工,2026/8/4,ヤマックス福岡,2026/8/5,,完成,古川,2026/7/30,製造
Q-mast　電気グル－プ★,九州工場,九州工場,2026/7/29,2026/7/29,26-J0097336-001-771,IKM0000N,2.3,170,80,104.5,鉄 金物,,172,生地 穴加工 B地区CR取付金物,2026/8/4,ヤマックス　ｽﾎﾟｯﾄ便,2026/8/5,,完成,服部,2026/8/4,製造
中国機材設備　北★,九州工場,九州工場,2026/7/29,2026/7/29,26-J0097341-001-771,IP0000SC,1.6,400,400,200,鉄 PBﾄｸ 平 焼付,5Y7/1 近似色,2,穴加工,2026/8/5,佐川急便,2026/8/5,,完成,岡,2026/8/3,製造
三親電材　米子★,九州工場,九州工場,2026/7/29,2026/7/29,26-J0097400-001-771,BE0000SG,2.3,800,600,600,国土 PBﾄｸ 平,,1,ｱｰｽ さび止め L型蓋　,2026/8/5,福山通運　九州発送,2026/8/5,,完成,倉重,2026/8/4,製造
カンサイ　中央★,九州工場,九州工場,2026/7/29,2026/7/29,26-J0097404-001-771,SP0000XN,2,800,300,300,SUS PBﾄｸ 水切,,2,2-支持棒　2-φ240 4-φ15,2026/8/4,ヤマックス福岡,2026/8/5,,完成,倉重,2026/8/4,製造
三永興産★,九州工場,九州工場,2026/7/30,2026/7/30,26-J0097525-001-771,IP3015SC,1.6,300,300,150,鉄 PB 平 焼付,5Y7/1 近似色,1,,2026/8/5,福山通運　九州発送,2026/8/5,,完成,岡,2026/7/31,製造
Q-mast　電気グル－プ★,九州工場,九州工場,2026/7/30,2026/7/30,26-J0097560-002-771,IG0000G,0,"1,083.00",283,0,鉄 架台,,1,/311 さび止め L65x65x6t 精錬棟2階ﾗｯｸ架台,2026/8/4,ヤマックス　ｽﾎﾟｯﾄ便,2026/8/5,,完成,森田,2026/8/3,製造
Q-mast　電気グル－プ★,九州工場,九州工場,2026/7/30,2026/7/30,26-J0097560-001-771,IG0000G,0,"1,083.00",672,0,鉄 架台,,9,/684 さび止め L65x65x6t 精錬棟2階ﾗｯｸ架台,2026/8/4,ヤマックス　ｽﾎﾟｯﾄ便,2026/8/5,,完成,森田,2026/8/3,製造
木村電機　本社★,九州工場,九州工場,2026/7/30,2026/7/30,26-J0097596-001-771,BE2020SC,1.6,200,200,200,国土 PB 平 焼付,5Y7/1 近似色,1,ｱｰｽ,2026/8/5,佐川急便,2026/8/5,,完成,岡,2026/7/31,製造
宮地電機　高松,九州工場,九州工場,2026/7/30,2026/7/30,26-J0097859-001-771,SP0000XN,2,860,360,500,SUS PBﾄｸ 水切,,1,,2026/8/5,福山通運　九州発送,2026/8/5,,完成,樋口,2026/8/5,製造
米良電機　宮崎★,九州工場,九州工場,2026/7/30,2026/7/30,26-J0097926-001-771,BE2010SC,1.6,200,200,100,国土 PB 平 焼付,2.5Y9/1 近似色,1,ｱｰｽ,2026/8/5,佐川急便,2026/8/5,,完成,岡,,加工
三共電気　本社★,九州工場,九州工場,2026/7/30,2026/7/30,26-J0098484-001-771,DDC0000N,2.3,740,250,"1,050.00",Sﾀﾞｲﾏ ﾀﾞｸﾄｶﾊﾞｰ,,1,ﾌｰﾄﾞ L型蓋 平ふたﾊﾟｯｷﾝ付き 穴加工 止水 本体2分割,2026/8/4,ヤマックス福岡,2026/8/5,,完成,服部,2026/8/4,製造
かごしま電工　南★,九州工場,九州工場,2026/7/31,2026/7/31,26-J0099001-001-771,BE0000SGW,1.6,500,250,200,国土 PBﾄｸ 平,,1,ｱｰｽ さび止め 内ﾜﾆｽ,2026/8/5,佐川急便,2026/8/5,,完成,倉重,2026/8/3,製造
かごしま電工　南★,九州工場,九州工場,2026/7/31,2026/7/31,26-J0099001-002-771,BE3030SGW,1.6,300,300,300,国土 PB 平,,1,ｱｰｽ さび止め 内ﾜﾆｽ,2026/8/5,佐川急便,2026/8/5,,完成,倉重,2026/8/3,製造
かごしま電工　南★,九州工場,九州工場,2026/7/31,2026/7/31,26-J0099001-003-771,BE0000SGW,1.6,500,200,200,国土 PBﾄｸ 平,,1,ｱｰｽ さび止め 内ﾜﾆｽ,2026/8/5,佐川急便,2026/8/5,,完成,倉重,2026/8/3,製造
東芝電材　福岡★,九州工場,九州工場,2026/7/31,2026/7/31,26-J0099295-001-771,DE4040WN,1.6,400,400,400,Sﾀﾞｲﾏ PB 被せ,,1,ｱｰｽ,2026/8/4,ヤマックス福岡,2026/8/5,,完成,服部,2026/8/4,製造
矢島電機商会　倉敷,九州工場,九州工場,2026/7/31,2026/7/31,26-J0099377-001-771,SP0000XNA,1.5,600,300,250,SUS PBﾄｸ 水切,,1,足付(位置指定)FB3x50Φ12 開口ｱﾘ,2026/8/5,福山通運　九州発送,2026/8/5,,ｷｬﾝｾﾙ,ルアン,2026/8/5,製造
矢島電機商会　倉敷,九州工場,九州工場,2026/7/31,2026/7/31,26-J0099377-002-771,SP0000SNA,1.5,600,300,250,SUS PBﾄｸ 平,,1,足付(位置指定)FB3x50Φ12 開口ｱﾘ,2026/8/5,福山通運　九州発送,2026/8/5,,完成,樋口,2026/8/5,製造
三親電材　広島★,九州工場,九州工場,2026/7/31,2026/7/31,26-J0099422-004-771,IG0000G,0,300,"1,350.00",0,鉄 架台,,2,さび止め L-65x65x6t 穴加工　左,2026/8/5,福山通運　九州発送,2026/8/5,,完成,倉重,2026/8/4,製造
三親電材　広島★,九州工場,九州工場,2026/7/31,2026/7/31,26-J0099422-003-771,IG0000G,0,300,"1,350.00",0,鉄 架台,,2,さび止め L-65x65x6t 穴加工　左,2026/8/5,福山通運　九州発送,2026/8/5,,完成,倉重,2026/8/4,製造
三親電材　広島★,九州工場,九州工場,2026/7/31,2026/7/31,26-J0099422-002-771,IG0000G,0,300,"1,000.00",0,鉄 架台,,5,さび止め L-65x65x6t 穴加工　右,2026/8/5,福山通運　九州発送,2026/8/5,,完成,倉重,2026/8/4,製造
三親電材　広島★,九州工場,九州工場,2026/7/31,2026/7/31,26-J0099422-001-771,IG0000G,0,300,"1,000.00",0,鉄 架台,,5,さび止め L-65x65x6t 穴加工　左,2026/8/5,福山通運　九州発送,2026/8/5,,完成,倉重,2026/8/4,製造
宮地電機　高松,九州工場,九州工場,2026/7/31,2026/7/31,26-J0099471-001-771,IMK0000C,1.6,926,350,10,鉄 曲金物 焼付,N1 ﾂﾔ無(近似色),1,切欠･穴加工ｱﾘ,2026/8/5,福山通運　九州発送,2026/8/5,,完成,古川,2026/8/3,製造
宮地電機　高松,九州工場,九州工場,2026/7/31,2026/7/31,26-J0099471-004-771,DMK0000N,2.3,855,200,30,Sﾀﾞｲﾏ 曲金物,,1,L型,2026/8/5,福山通運　九州発送,2026/8/5,,完成,ラム,2026/8/4,製造
宮地電機　高松,九州工場,九州工場,2026/7/31,2026/7/31,26-J0099471-003-771,DMK0000N,2.3,"1,495.00",350,100,Sﾀﾞｲﾏ 曲金物,,1,L型 穴加工ｱﾘ,2026/8/5,福山通運　九州発送,2026/8/5,,完成,井上,2026/8/4,製造
宮地電機　高松,九州工場,九州工場,2026/7/31,2026/7/31,26-J0099471-002-771,DMK0000N,2.3,"1,495.00",345,100,Sﾀﾞｲﾏ 曲金物,,1,L型 穴加工ｱﾘ,2026/8/5,福山通運　九州発送,2026/8/5,,完成,井上,2026/8/4,製造
正二電気　福山★,九州工場,九州工場,2026/7/31,2026/7/31,26-J0099606-001-771,SE0000XN,2,800,800,800,SUS PBﾄｸ 水切,,1,ｱｰｽ,2026/8/5,福山通運　九州発送,2026/8/5,,完成,坂元,2026/8/5,製造
ナミデン　福岡★,九州工場,九州工場,2026/8/3,2026/8/3,26-J0099728-003-771,IKM0000N,0,473,0,0,鉄 金物,,10,FB16tx50  生地,2026/8/4,ヤマックス　ｽﾎﾟｯﾄ便,2026/8/5,,完成,倉重,2026/8/4,製造
ナミデン　福岡★,九州工場,九州工場,2026/8/3,2026/8/3,26-J0099728-002-771,IKM0000N,0,473,0,0,鉄 金物,,10,FB9tx50  生地,2026/8/4,ヤマックス　ｽﾎﾟｯﾄ便,2026/8/5,,完成,倉重,2026/8/4,製造
ナミデン　福岡★,九州工場,九州工場,2026/8/3,2026/8/3,26-J0099728-001-771,IKM0000N,0,473,0,0,鉄 金物,,10,FB6tx50  生地,2026/8/4,ヤマックス　ｽﾎﾟｯﾄ便,2026/8/5,,完成,倉重,2026/8/4,製造
西日本電設資材★,九州工場,九州工場,2026/8/3,2026/8/3,26-J0100136-001-771,SP2510WNA,1.5,250,250,100,SUS PB 被せ,,1,足付L3X40 12ﾊﾟｲx4,2026/8/4,北九州配達,2026/8/5,,完成,服部,2026/8/4,製造
東芝電材　佐伯★,九州工場,九州工場,2026/8/3,2026/8/3,26-J0100152-001-771,BE0000SG,1.6,300,300,300,国土 PBﾄｸ 平,,1,ｱｰｽ セパ付き（センター）さび止め,2026/8/5,佐川急便,2026/8/5,,完成,倉重,2026/8/4,製造
シンセイ　福山★,九州工場,九州工場,2026/8/3,2026/8/3,26-J0100694-001-771,BE0000SG,1.6,450,450,100,国土 PBﾄｸ 平,,1,ｱｰｽ さび止め,2026/8/5,福山通運　九州発送,2026/8/5,,完成,倉重,2026/8/4,製造
ナンリツ　本社営業部★,九州工場,九州工場,2026/8/3,2026/8/3,26-J0100824-001-771,SE0000XN,1.5,600,600,200,SUS PBﾄｸ 水切,,1,ｱｰｽ,2026/8/5,福山通運　九州発送,2026/8/5,,完成,坂元,2026/8/5,製造
三親電材　津山★,九州工場,九州工場,2026/8/3,2026/8/3,26-J0100842-001-771,SE0000WN,1.5,400,200,200,SUS PBﾄｸ 被せ,,1,ｱｰｽ,2026/8/5,福山通運　九州発送,2026/8/5,,完成,樋口,2026/8/5,製造
シンセイ　広島第一★,九州工場,九州工場,2026/8/3,2026/8/3,26-J0101046-001-771,II0000G,1.6,200,500,0,鉄 切板,,1,さび止め,2026/8/5,福山通運　九州発送,2026/8/5,,完成,倉重,2026/8/4,製造
三和電気商会★,九州工場,九州工場,2026/8/4,2026/8/4,26-J0101251-001-771,IP0000SG,1.6,250,150,100,鉄 PBﾄｸ 平,,2,さび止め,2026/8/5,福山通運　九州発送,2026/8/5,,完成,倉重,2026/8/4,製造
カンサイ　宗像★,九州工場,九州工場,2026/8/4,2026/8/4,26-J0101287-001-771,SE0000XN,1.5,400,300,300,SUS PBﾄｸ 水切,,1,ｱｰｽ,2026/8/5,佐川急便,2026/8/5,,完成,樋口,2026/8/5,製造
三和電気商会★,九州工場,九州工場,2026/8/4,2026/8/4,26-J0101411-001-771,IP0000SG,1.6,500,500,150,鉄 PBﾄｸ 平,,1,さび止め,2026/8/5,福山通運　九州発送,2026/8/5,,完成,倉重,2026/8/4,製造
宮地電機　松山,九州工場,九州工場,2026/8/4,2026/8/4,26-J0101561-001-771,IP6030WG,1.6,600,600,300,鉄 PB 被せ,,1,さび止め,2026/8/5,福山通運　九州発送,2026/8/5,,完成,倉重,2026/8/4,製造
三親電材　岡山★,九州工場,九州工場,2026/8/4,2026/8/4,26-J0101688-001-771,SP0000WN,1.5,500,300,150,SUS PBﾄｸ 被せ,,1,,2026/8/5,福山通運　九州発送,2026/8/5,,完成,樋口,2026/8/5,製造
シンセイ　広島第一★,九州工場,九州工場,2026/8/4,2026/8/4,26-J0101743-001-771,II0000G,1.6,300,300,0,鉄 切板,,1,さび止め,2026/8/5,福山通運　九州発送,2026/8/5,,完成,倉重,2026/8/4,製造
宮地電機　今治,九州工場,九州工場,2026/8/4,2026/8/4,26-J0101829-001-771,SP6060WN,1.5,600,600,600,SUS PB 被せ,,1,,2026/8/5,福山通運　九州発送,2026/8/5,,完成,樋口,2026/8/5,製造
宮地電機　今治,九州工場,九州工場,2026/8/4,2026/8/4,26-J0101829-002-771,SP6060SN,1.5,600,600,600,SUS PB 平,,1,,2026/8/5,福山通運　九州発送,2026/8/5,,完成,樋口,2026/8/5,製造
宮地電機　新居浜,九州工場,九州工場,2026/8/4,2026/8/4,26-J0102016-001-771,SP3520WN,1.5,350,350,200,SUS PB 被せ,,1,,2026/8/5,福山通運　九州発送,2026/8/5,,完成,樋口,2026/8/5,製造
ハッピー電気　富合★,九州工場,九州工場,2026/8/5,2026/8/5,26-J0103241-001-771,SE0000XN,1.5,300,250,250,SUS PBﾄｸ 水切,,2,ｱｰｽ,2026/8/5,佐川急便,2026/8/5,,完成,坂元,2026/8/5,製造
日本電設資材　福岡★,九州工場,九州工場,2026/6/17,2026/6/17,26-J0063170-001-771,IG0000G,0,"1,900.00","1,950.00",300,鉄 架台,,24,さび止め 泡消火配管架台,2026/7/29,ヤマックス　ｽﾎﾟｯﾄ便,2026/8/6,,完成,森田,2026/7/23,製造
ハッピー電気　山鹿★,九州工場,九州工場,2026/7/2,2026/7/2,26-J0075582-001-771,IIP0000C,1.6,330,330,0,鉄 ﾌﾟﾚｰﾄ 焼付,N9.5 近似色,13,開口275X275,2026/8/5,佐川急便,2026/8/6,,完成,岡,2026/7/30,製造
南四国ﾅｼｮﾅﾙ　本社★,九州工場,九州工場,2026/7/7,2026/7/7,26-J0078661-002-771,IMK0000C,1.6,340,260,50,鉄 曲金物 焼付,N9.5(近似色),5,穴加工ｱﾘ【eC-C】,2026/8/6,福山通運　九州発送,2026/8/6,,完成,古川,2026/8/3,製造
南四国ﾅｼｮﾅﾙ　本社★,九州工場,九州工場,2026/7/7,2026/7/7,26-J0078661-001-771,IMK0000C,1.6,340,260,50,鉄 曲金物 焼付,N9.5(近似色),4,穴加工ｱﾘ【eC-BL】,2026/8/6,福山通運　九州発送,2026/8/6,,完成,古川,2026/8/3,製造
タカラ通商　滋賀★,九州工場,九州工場,2026/7/8,2026/7/8,26-J0080254-004-771,IC0000C,1.6,"1,790.00",900,25,鉄 ｶﾊﾞｰ 焼付,2.5Y9/1(近似色),4,ｱﾝｸﾞﾙ補強 2分割,2026/8/3,チャーター便,2026/8/6,,完成,古川,2026/7/24,製造
タカラ通商　滋賀★,九州工場,九州工場,2026/7/8,2026/7/8,26-J0080254-006-771,30PLA,0,0,0,0,補修塗料 筆付,2.5Y9/1(近似色),3,ﾌﾟﾗ30ml,2026/8/3,チャーター便,2026/8/6,,完成,増井,,製造
タカラ通商　滋賀★,九州工場,九州工場,2026/7/8,2026/7/8,26-J0080254-003-771,IC0000C,1.6,"1,790.00",470,25,鉄 ｶﾊﾞｰ 焼付,2.5Y9/1(近似色),20,ｱﾝｸﾞﾙ補強,2026/8/3,チャーター便,2026/8/6,,完成,古川,2026/7/24,製造
タカラ通商　滋賀★,九州工場,九州工場,2026/7/8,2026/7/8,26-J0080254-002-771,IBGF1250C,2.3,"1,250.00",400,350,鉄 防球ガード 焼付,2.5Y9/1(近似色),8,搬送ファン用,2026/8/3,チャーター便,2026/8/6,,完成,森田,2026/7/24,製造
タカラ通商　滋賀★,九州工場,九州工場,2026/7/8,2026/7/8,26-J0080254-001-771,IBGC1800C,2.3,"1,800.00",800,350,鉄 防球ガード 焼付,2.5Y9/1(近似色),24,天吊形空調機用,2026/8/3,チャーター便,2026/8/6,,ｷｬﾝｾﾙ,道上,2026/7/24,製造
タカラ通商　滋賀★,九州工場,九州工場,2026/7/8,2026/7/8,26-J0080254-005-771,IC0000C,1.6,160,350,565,鉄 ｶﾊﾞｰ 焼付,2.5Y9/1(近似色),20,/230/140,2026/8/3,チャーター便,2026/8/6,,完成,古川,2026/7/24,製造
丸井産業　四日市★,九州工場,九州工場,2026/7/9,2026/7/9,26-J0080791-001-771,IBG0000C,0,"1,150.00","1,200.00",714.3,鉄 防球ガード 焼付,2.5Y9/1(近似色）,27,,2026/8/5,チャーター便,2026/8/6,,完成,ナム,2026/7/21,製造
巴電業　広島★,九州工場,九州工場,2026/7/14,2026/7/14,26-J0084925-003-771,ZP0000W,2.3,300,150,130,ZN PBﾄｸ 被せ,,10,ﾊﾟｯｷﾝ無し　底面ｾﾝﾀｰφ20　2-φ10,2026/8/3,佐川急便,2026/8/6,,完成,金光,2026/7/27,製造
巴電業　広島★,九州工場,九州工場,2026/7/14,2026/7/14,26-J0084925-004-771,ZP0000W,2.3,400,150,130,ZN PBﾄｸ 被せ,,4,ﾊﾟｯｷﾝ無し　底面ｾﾝﾀｰφ20　2-φ10,2026/7/31,佐川急便,2026/8/6,,完成,古川,2026/7/24,製造
巴電業　広島★,九州工場,九州工場,2026/7/14,2026/7/14,26-J0084925-002-771,ZP0000W,2.3,200,150,130,ZN PBﾄｸ 被せ,,5,ﾊﾟｯｷﾝ無し　底面ｾﾝﾀｰφ20　2-φ10,2026/7/31,佐川急便,2026/8/6,,完成,古川,2026/7/24,製造
新光産業　中部,九州工場,九州工場,2026/7/15,2026/7/15,26-J0086215-001-771,SE4020SC,1.5,400,400,200,SUS PB 平 焼付,2.5Y9/1,4,ｱｰｽ ﾊﾟｯｷﾝ付,2026/7/30,イトカツ,2026/8/6,2026/7/30,完成,古川,2026/7/27,製造
平岡電気　大牟田★,九州工場,九州工場,2026/7/22,2026/7/22,26-J0090485-001-771,ZG0000,0,"3,000.00","1,000.00","2,000.00",ZN 架台,,1,L-65x65x6t みぞ形鋼[5x50x100 ｶﾞｾｯﾄ ﾗｲﾅｰ,2026/8/6,福山通運　九州発送,2026/8/6,,完成,金光,2026/7/30,製造
大洋電材　本社★,九州工場,九州工場,2026/7/22,2026/7/22,26-J0090625-002-771,SE1510XC,1.5,150,150,100,SUS PB 水切 焼付,2.5Y9/1 近似色,14,ｱｰｽ,2026/8/5,北九州配達,2026/8/6,,完成,岡,2026/7/31,製造
大洋電材　本社★,九州工場,九州工場,2026/7/22,2026/7/22,26-J0090625-001-771,SE1510XC,1.5,150,150,100,SUS PB 水切 焼付,2.5Y9/1 近似色,14,ｱｰｽ,2026/8/4,北九州配達,2026/8/6,,完成,古川,2026/7/30,製造
トリスタン★,九州工場,九州工場,2026/7/22,2026/7/22,26-J0090933-002-771,ZIP0000C,4.5,200,100,0,ZN ﾌﾟﾚｰﾄ 焼付,255R半艶(5YR2/1.5),1,穴加工 HDZT56,2026/8/6,佐川急便,2026/8/6,,完成,古川,2026/7/27,製造
トリスタン★,九州工場,九州工場,2026/7/22,2026/7/22,26-J0090933-001-771,ZIP0000C,4.5,200,150,0,ZN ﾌﾟﾚｰﾄ 焼付,255R半艶(5YR2/1.5),1,穴加工 HDZT56,2026/8/6,佐川急便,2026/8/6,,完成,古川,2026/7/27,製造
宮地電機　高知,九州工場,九州工場,2026/7/24,2026/7/24,26-J0093392-001-771,ZE3030X2,2.3,300,300,300,ZN PB 水切,,3,HDZT56 ｱｰｽ,2026/8/5,福山通運　九州発送,2026/8/6,,完成,金光,2026/7/29,製造
宮地電機　高知,九州工場,九州工場,2026/7/24,2026/7/24,26-J0093392-003-771,ZE2020X2,2.3,200,200,200,ZN PB 水切,,4,HDZT56 ｱｰｽ,2026/8/5,福山通運　九州発送,2026/8/6,,完成,金光,2026/7/29,製造
宮地電機　高知,九州工場,九州工場,2026/7/24,2026/7/24,26-J0093392-002-771,ZE4040X2,2.3,400,400,400,ZN PB 水切,,4,HDZT56 ｱｰｽ,2026/8/6,福山通運　九州発送,2026/8/6,,完成,金光,2026/7/30,製造
イシグロ　福岡★,九州工場,九州工場,2026/7/27,2026/7/27,26-J0094161-002-771,ZKM0000,6.5,500,75,150,ZN 金物,,4,SS-C-6.5x75x150　穴加工,2026/8/6,福山通運　九州発送,2026/8/6,,完成,金光,2026/7/30,製造
イシグロ　福岡★,九州工場,九州工場,2026/7/27,2026/7/27,26-J0094161-003-771,ZKM0000,6.5,500,75,150,ZN 金物,,4,SS-C-6.5x75x150　穴加工,2026/8/6,福山通運　九州発送,2026/8/6,,完成,金光,2026/7/30,製造
イシグロ　福岡★,九州工場,九州工場,2026/7/27,2026/7/27,26-J0094161-001-771,ZKM0000,5,200,50,100,ZN 金物,,8,SS-C-5x50x100　穴加工,2026/8/6,福山通運　九州発送,2026/8/6,,完成,金光,2026/7/30,製造
カンサイ　城南★,九州工場,九州工場,2026/7/27,2026/7/27,26-J0094653-003-771,BD0000C,1.6,200,100,900,国土 ﾀﾞｸﾄ 焼付,2.5Y9/1 近似色,1,直線ﾀﾞｸﾄ 平蓋　ｱｰｽ/支持棒溶接 ｾﾊﾟﾚｰﾀ除外,2026/8/5,福山通運　九州発送,2026/8/6,,完成,岡,2026/7/31,製造
カンサイ　城南★,九州工場,九州工場,2026/7/27,2026/7/27,26-J0094653-002-771,BD0000C,1.6,200,100,"2,400.00",国土 ﾀﾞｸﾄ 焼付,2.5Y9/1 近似色,1,直線ﾀﾞｸﾄ 平蓋　ｱｰｽ/支持棒溶接 ｾﾊﾟﾚｰﾀ除外,2026/8/5,福山通運　九州発送,2026/8/6,,完成,古川,2026/7/31,製造
カンサイ　城南★,九州工場,九州工場,2026/7/27,2026/7/27,26-J0094653-004-771,BD0000C,1.6,200,100,850,国土 ﾀﾞｸﾄ 焼付,2.5Y9/1 近似色,1,直線ﾀﾞｸﾄ 平蓋　ｱｰｽ/支持棒溶接 ｾﾊﾟﾚｰﾀ除外,2026/8/6,福山通運　九州発送,2026/8/6,,完成,岡,2026/8/3,製造
カンサイ　城南★,九州工場,九州工場,2026/7/27,2026/7/27,26-J0094653-005-771,BD0000C,1.6,400,200,"2,800.00",国土 ﾀﾞｸﾄ 焼付,2.5Y9/1 近似色,1,直線ﾀﾞｸﾄ 平蓋　ｱｰｽ/支持棒溶接 ｾﾊﾟﾚｰﾀ除外,2026/8/6,福山通運　九州発送,2026/8/6,,ｷｬﾝｾﾙ,林(秀),2026/8/3,製造
カンサイ　城南★,九州工場,九州工場,2026/7/27,2026/7/27,26-J0094653-010-771,BD0000C,1.6,200,100,725,国土 ﾀﾞｸﾄ 焼付,2.5Y9/1 近似色,1,直線ﾀﾞｸﾄ 平蓋　ｱｰｽ/支持棒溶接 ｾﾊﾟﾚｰﾀ除外,2026/8/5,福山通運　九州発送,2026/8/6,,完成,岡,2026/7/31,製造
東芝電材　熊本★,九州工場,九州工場,2026/7/28,2026/7/28,26-J0095241-001-771,IMK0000C,1.6,220,130,100,鉄 曲金物 焼付,5R4/14 近似色,1,上下全開口　6-φ19 4-φ5,2026/8/6,佐川急便,2026/8/6,,完成,古川,2026/8/3,製造
八州電気工業　倉敷★,九州工場,九州工場,2026/7/28,2026/7/28,26-J0095727-001-771,ZE3535W2,2.3,350,350,350,ZN PB 被せ,,1,ｱｰｽ　HDZT56,2026/8/6,福山通運　九州発送,2026/8/6,,完成,金光,2026/7/29,製造
ナミデン　山口★,九州工場,九州工場,2026/7/28,2026/7/28,26-J0095774-001-771,ZE5050X2A,2.3,500,500,500,ZN PB 水切,,1,ｱｰｽ 足付L4x50 12ﾊﾟｲx4,2026/8/6,福山通運　九州発送,2026/8/6,,完成,金光,2026/7/30,製造
イシグロ　福岡★,九州工場,九州工場,2026/7/28,2026/7/28,26-J0095987-003-771,ZKM0000,6,"1,460.00",65,65,ZN 金物,,2,SS-L-65x65x6t　穴加工,2026/8/6,福山通運　九州発送,2026/8/6,,完成,金光,2026/7/30,製造
イシグロ　福岡★,九州工場,九州工場,2026/7/28,2026/7/28,26-J0095987-004-771,ZG0000,6,830,65,"1,700.00",ZN 架台,,1,SS-L-65x65x6t　穴加工,2026/8/6,福山通運　九州発送,2026/8/6,,完成,金光,2026/7/30,製造
イシグロ　福岡★,九州工場,九州工場,2026/7/28,2026/7/28,26-J0095987-005-771,ZG0000,6,"1,760.00",65,970,ZN 架台,,1,SS-L-65x65x6t　穴加工,2026/8/6,福山通運　九州発送,2026/8/6,,完成,金光,2026/7/30,製造
イシグロ　福岡★,九州工場,九州工場,2026/7/28,2026/7/28,26-J0095987-001-771,ZKM0000,5,200,50,100,ZN 金物,,8,SS-C-5x50x100　穴加工,2026/8/6,福山通運　九州発送,2026/8/6,,完成,金光,2026/7/30,製造
イシグロ　福岡★,九州工場,九州工場,2026/7/28,2026/7/28,26-J0095987-002-771,ZG0000,6,200,65,"1,300.00",ZN 架台,,10,SS-L-65x65x6t　穴加工,2026/8/6,福山通運　九州発送,2026/8/6,,完成,金光,2026/7/30,製造
イシグロ　福岡★,九州工場,九州工場,2026/7/28,2026/7/28,26-J0095987-007-771,ZG0000,6,200,65,"1,300.00",ZN 架台,,30,SS-L-65x65x6t　穴加工,2026/8/5,福山通運　九州発送,2026/8/6,,完成,金光,2026/7/29,製造
ナミデン　福岡★,九州工場,九州工場,2026/7/29,2026/7/29,26-J0096551-001-771,ZE6040W3,3.2,600,600,400,ZN PB 被せ,,1,ｱｰｽ,2026/8/5,ヤマックス福岡,2026/8/6,,完成,金光,2026/7/30,製造
かごしま電工　南★,九州工場,九州工場,2026/7/29,2026/7/29,26-J0096727-001-771,SE3030XCW,1.5,300,300,300,SUS PB 水切 焼付,2.5Y9/1 近似色,5,ｱｰｽ 内ﾜﾆｽ,2026/8/6,佐川急便,2026/8/6,,完成,古川,2026/7/31,製造
かごしま電工　南★,九州工場,九州工場,2026/7/29,2026/7/29,26-J0096727-002-771,SE4040XCW,1.5,400,400,400,SUS PB 水切 焼付,2.5Y9/1 近似色,1,ｱｰｽ 内ﾜﾆｽ,2026/8/6,佐川急便,2026/8/6,,完成,古川,2026/7/31,製造
かごしま電工　南★,九州工場,九州工場,2026/7/29,2026/7/29,26-J0096737-001-771,SE3030XCW,1.5,300,300,300,SUS PB 水切 焼付,5Y7/1 近似色,6,ｱｰｽ 内ﾜﾆｽ,2026/8/6,佐川急便,2026/8/6,,完成,古川,2026/7/31,製造
越智電機産業　今治★,九州工場,九州工場,2026/7/29,2026/7/29,26-J0097245-001-771,BP0000SC,1.6,150,100,150,国土 PBﾄｸ 平 焼付,5Y7/1(近似色),1,ｱｰｽ無 開口･穴加工ｱﾘ,2026/8/6,福山通運　九州発送,2026/8/6,,完成,古川,2026/8/3,製造
越智電機産業　今治★,九州工場,九州工場,2026/7/29,2026/7/29,26-J0097245-002-771,IMK0000C,3.2,159.4,35,120,鉄 曲金物 焼付,5Y7/1(近似色),1,,2026/8/6,福山通運　九州発送,2026/8/6,,完成,古川,2026/8/3,製造
栗田電機　松山★,九州工場,九州工場,2026/7/29,2026/7/29,26-J0097260-001-771,DKW0000N,1.6,295,295,130,Sﾀﾞｲﾏ 貫通枠,,1,/380/380,2026/8/6,福山通運　九州発送,2026/8/6,,完成,古川,2026/8/5,製造
かごしま電工　国分★,九州工場,九州工場,2026/7/29,2026/7/29,26-J0097367-001-771,ID0000C,1.6,700,200,800,鉄 ﾀﾞｸﾄ 焼付,2.5Y9/1 近似色,1,正面平蓋　背面取付穴6-φ12,2026/8/6,佐川急便,2026/8/6,,完成,古川,2026/8/3,製造
東芝電材　武雄★,九州工場,九州工場,2026/7/29,2026/7/29,26-J0097391-001-771,DI0000N,0.8,914,200,0,Sﾀﾞｲﾏ 切板,,60,生地,2026/8/6,佐川急便,2026/8/6,,完成,古川,2026/8/6,製造
かごしま電工　奄美★,九州工場,九州工場,2026/7/30,2026/7/30,26-J0097608-001-771,SE4030XCW,1.5,400,400,300,SUS PB 水切 焼付,5Y7/1 近似色,1,ｱｰｽ 内ﾜﾆｽ,2026/8/6,佐川急便,2026/8/6,,完成,古川,2026/7/31,製造
三和電気商会★,九州工場,九州工場,2026/7/30,2026/7/30,26-J0097893-004-771,IDC0000C,1.6,300,200,595,鉄 ﾀﾞｸﾄｶﾊﾞｰ 焼付,2.5Y9/1(近似色),1,ｱｰｽ ﾒｸﾗ付 支持棒付,2026/8/6,EYE　O姫路2,2026/8/6,,ｷｬﾝｾﾙ,林(秀),2026/8/3,製造
三和電気商会★,九州工場,九州工場,2026/7/30,2026/7/30,26-J0097893-001-771,ID0000C,3.2,"1,250.00",200,450,鉄 ﾀﾞｸﾄ 焼付,2.5Y9/1(近似色),1,本体2分割 蓋3分割 支持棒付,2026/8/6,EYE　O姫路2,2026/8/6,,ｷｬﾝｾﾙ,林(秀),2026/8/3,製造
三和電気商会★,九州工場,九州工場,2026/7/30,2026/7/30,26-J0097893-002-771,IDC0000C,1.6,500,200,595,鉄 ﾀﾞｸﾄｶﾊﾞｰ 焼付,2.5Y9/1(近似色),1,ｱｰｽ ﾒｸﾗ付 支持棒付,2026/8/6,EYE　O姫路2,2026/8/6,,ｷｬﾝｾﾙ,林(秀),2026/8/3,製造
三和電気商会★,九州工場,九州工場,2026/7/30,2026/7/30,26-J0097893-003-771,IDC0000C,1.6,600,200,595,鉄 ﾀﾞｸﾄｶﾊﾞｰ 焼付,2.5Y9/1(近似色),1,ｱｰｽ ﾒｸﾗ付 支持棒付,2026/8/6,EYE　O姫路2,2026/8/6,,ｷｬﾝｾﾙ,林(秀),2026/8/3,製造
平岡電気　福岡東★,九州工場,九州工場,2026/7/30,2026/7/30,26-J0098173-002-771,DC0000N,1.6,750,150,15,Sﾀﾞｲﾏ ｶﾊﾞｰ,,1,三方コーキング代 穴加工,2026/8/5,ヤマックス福岡,2026/8/6,,完成,服部,2026/8/5,製造
平岡電気　福岡東★,九州工場,九州工場,2026/7/30,2026/7/30,26-J0098173-001-771,DC0000N,1.6,"1,140.00",190,15,Sﾀﾞｲﾏ ｶﾊﾞｰ,,2,三方コーキング代 穴加工,2026/8/5,ヤマックス福岡,2026/8/6,,完成,服部,2026/8/5,製造
木村電機　熊本東★,九州工場,九州工場,2026/7/30,2026/7/30,26-J0098566-001-771,BE2010SC,1.6,200,200,100,国土 PB 平 焼付,2.5Y9/1 近似色,1,ｱｰｽ,2026/8/6,佐川急便,2026/8/6,,完成,古川,,加工
田中商事　熊本,九州工場,九州工場,2026/7/31,2026/7/31,26-J0098750-001-771,SE5030XC,1.5,500,500,300,SUS PB 水切 焼付,5Y7/1 近似色,1,ｱｰｽ,2026/8/6,佐川急便,2026/8/6,,完成,古川,2026/8/3,製造
カンサイ　中央★,九州工場,九州工場,2026/7/31,2026/7/31,26-J0098822-001-771,BE3030SC,1.6,300,300,300,国土 PB 平 焼付,2.5Y9/1 近似色,1,ｱｰｽ,2026/8/6,佐川急便,2026/8/6,,完成,古川,2026/8/3,製造
八州電気工業　岡山★,九州工場,九州工場,2026/7/31,2026/7/31,26-J0098954-001-771,IIP0000C,1.6,"1,335.00",320,0,鉄 ﾌﾟﾚｰﾄ 焼付,N9.5(近似色),5,開口･穴加工ｱﾘ,2026/8/6,福山通運　九州発送,2026/8/6,,完成,古川,2026/8/3,製造
平岡電気　佐賀★,九州工場,九州工場,2026/7/31,2026/7/31,26-J0099079-001-771,SPS1500,6,250,250,"1,500.00",SUS ﾊﾟｲﾌﾟｽﾀﾝｼｮﾝ,,1,H=1500 SUS304,2026/8/6,佐川急便,2026/8/6,,完成,坂元,2026/8/3,製造
東芝電材　熊本★,九州工場,九州工場,2026/7/31,2026/7/31,26-J0099099-001-771,BE2520SC,1.6,250,250,200,国土 PB 平 焼付,2.5Y9/1 近似色,1,ｱｰｽ,2026/8/6,佐川急便,2026/8/6,,完成,古川,2026/8/3,製造
かごしま電工　出水★,九州工場,九州工場,2026/7/31,2026/7/31,26-J0099187-001-771,IG0000G,0,550,400,0,鉄 架台,,1,さび止め L50x50x6t 2-PL6.0t 穴加工,2026/8/6,福山通運　九州発送,2026/8/6,,完成,倉重,2026/8/5,製造
かごしま電工　出水★,九州工場,九州工場,2026/7/31,2026/7/31,26-J0099493-001-771,IG0000G,0,550,400,0,鉄 架台,,1,さび止め L50x50x6t 2-PL6.0t 穴加工,2026/8/6,福山通運　九州発送,2026/8/6,,完成,倉重,2026/8/5,製造
三親電材　広島★,九州工場,九州工場,2026/7/31,2026/7/31,26-J0099658-002-771,DMK0000N,1.6,50,170,30,Sﾀﾞｲﾏ 曲金物,,40,2-φ5,2026/8/6,福山通運　九州発送,2026/8/6,,完成,古川,2026/8/6,製造
平和テクノ　行橋★,九州工場,九州工場,2026/8/3,2026/8/3,26-J0099930-001-771,SIP0000N,2,150,24,0,SUS ﾌﾟﾚｰﾄ,,44,φ7x40長穴x2 ｺｰﾅｰR5x4 生地,2026/8/6,佐川急便,2026/8/6,,完成,古川,2026/8/6,製造
富士商会　佐賀★,九州工場,九州工場,2026/8/3,2026/8/3,26-J0100600-001-771,IAI0000G,0,"3,000.00",0,0,鉄 ｱﾝｸﾞﾙ,,3,L40x40x3t  赤錆,2026/8/6,福山通運　九州発送,2026/8/6,,完成,倉重,2026/8/6,製造
ナンリツ　本社営業部★,九州工場,九州工場,2026/8/3,2026/8/3,26-J0100864-002-771,SE0000XN,1.5,500,500,250,SUS PBﾄｸ 水切,,1,ｱｰｽ,2026/8/6,福山通運　九州発送,2026/8/6,,完成,樋口,2026/8/6,製造
ナンリツ　本社営業部★,九州工場,九州工場,2026/8/3,2026/8/3,26-J0100864-004-771,SE0000XN,1.5,400,300,200,SUS PBﾄｸ 水切,,1,ｱｰｽ,2026/8/6,福山通運　九州発送,2026/8/6,,完成,樋口,2026/8/6,製造
ナンリツ　本社営業部★,九州工場,九州工場,2026/8/3,2026/8/3,26-J0100864-003-771,SE0000XN,1.5,500,300,300,SUS PBﾄｸ 水切,,1,ｱｰｽ,2026/8/6,福山通運　九州発送,2026/8/6,,完成,樋口,2026/8/6,製造
ナンリツ　本社営業部★,九州工場,九州工場,2026/8/3,2026/8/3,26-J0100864-001-771,SE0000XN,1.5,600,400,200,SUS PBﾄｸ 水切,,1,ｱｰｽ,2026/8/6,福山通運　九州発送,2026/8/6,,完成,樋口,2026/8/6,製造
新光産業　やんばる,九州工場,九州工場,2026/8/3,2026/8/3,26-J0100957-001-771,BE0000SC,1.6,250,200,100,国土 PBﾄｸ 平 焼付,2.5Y9/1,1,ｱｰｽ　　/動力(2),2026/8/6,九州航空,2026/8/6,,完成,古川,2026/8/5,製造
広島電機器材,九州工場,九州工場,2026/8/3,2026/8/3,26-J0101182-001-771,IE2020SG,1.6,200,200,200,鉄 PB 平,,8,ｱｰｽ さび止め,2026/8/6,福山通運　九州発送,2026/8/6,,完成,倉重,2026/8/5,製造
西日本電設資材★,九州工場,九州工場,2026/8/4,2026/8/4,26-J0101197-004-771,DP1510WN,1.6,150,150,100,Sﾀﾞｲﾏ PB 被せ,,4,,2026/8/6,佐川急便,2026/8/6,,完成,服部,2026/8/6,製造
西日本電設資材★,九州工場,九州工場,2026/8/4,2026/8/4,26-J0101197-003-771,DP2015WN,1.6,200,200,150,Sﾀﾞｲﾏ PB 被せ,,4,,2026/8/6,佐川急便,2026/8/6,,完成,服部,2026/8/6,製造
西日本電設資材★,九州工場,九州工場,2026/8/4,2026/8/4,26-J0101197-002-771,DP2520WN,1.6,250,250,200,Sﾀﾞｲﾏ PB 被せ,,4,,2026/8/5,佐川急便,2026/8/6,,完成,坂元,2026/8/5,製造
西日本電設資材★,九州工場,九州工場,2026/8/4,2026/8/4,26-J0101197-001-771,DP3020WN,1.6,300,300,200,Sﾀﾞｲﾏ PB 被せ,,2,,2026/8/5,佐川急便,2026/8/6,,完成,坂元,2026/8/5,製造
大興電機★,九州工場,九州工場,2026/8/4,2026/8/4,26-J0101200-001-771,IP5020SG,1.6,500,500,200,鉄 PB 平,,1,さび止め,2026/8/5,北九州配達,2026/8/6,,完成,倉重,2026/8/4,製造
東芝電材　福岡★,九州工場,九州工場,2026/8/4,2026/8/4,26-J0101221-001-771,BP3030SG,1.6,300,300,300,国土 PB 平,,1,ｱｰｽ無 さび止め,2026/8/5,ヤマックス福岡,2026/8/6,,完成,倉重,2026/8/4,製造
平岡電気　福岡東★,九州工場,九州工場,2026/8/4,2026/8/4,26-J0101311-002-771,IE0000SG,1.6,600,300,300,鉄 PBﾄｸ 平,,3,ｱｰｽ さび止め,2026/8/6,福山通運　九州発送,2026/8/6,,完成,坂元,2026/8/5,製造
平岡電気　福岡東★,九州工場,九州工場,2026/8/4,2026/8/4,26-J0101311-001-771,IE0000SG,2.3,"1,000.00",600,600,鉄 PBﾄｸ 平,,1,ｱｰｽ さび止め,2026/8/6,福山通運　九州発送,2026/8/6,,完成,坂元,2026/8/5,製造
平岡電気　福岡東★,九州工場,九州工場,2026/8/4,2026/8/4,26-J0101318-003-771,SE0000WN,2,800,600,300,SUS PBﾄｸ 被せ,,1,ｱｰｽ　,2026/8/6,福山通運　九州発送,2026/8/6,,完成,樋口,2026/8/6,製造
カンサイ九州昭和　福岡★,九州工場,九州工場,2026/8/4,2026/8/4,26-J0101339-001-771,IP0000SG,1.6,500,500,150,鉄 PBﾄｸ 平,,2,さび止め,2026/8/5,ヤマックス福岡,2026/8/6,,完成,倉重,2026/8/4,製造
興陽電機　八幡★,九州工場,九州工場,2026/8/4,2026/8/4,26-J0101445-001-771,DP1507WN,1.6,150,150,75,Sﾀﾞｲﾏ PB 被せ,,3,,2026/8/5,北九州配達,2026/8/6,,完成,坂元,2026/8/5,製造
ナミデン　山口★,九州工場,九州工場,2026/8/4,2026/8/4,26-J0101487-001-771,IE5020WG,1.6,500,500,200,鉄 PB 被せ,,1,ｱｰｽ さび止め,2026/8/6,福山通運　九州発送,2026/8/6,,完成,倉重,2026/8/5,製造
東芝電材　松江★,九州工場,九州工場,2026/8/4,2026/8/4,26-J0101642-002-771,IP0000SG,1.6,150,100,100,鉄 PBﾄｸ 平,,3,さび止め,2026/8/6,福山通運　九州発送,2026/8/6,,完成,服部,2026/8/5,製造
東芝電材　松江★,九州工場,九州工場,2026/8/4,2026/8/4,26-J0101642-001-771,IP0000SG,1.6,150,100,75,鉄 PBﾄｸ 平,,3,さび止め,2026/8/6,福山通運　九州発送,2026/8/6,,完成,服部,2026/8/5,製造
米良電機　日南★,九州工場,九州工場,2026/8/4,2026/8/4,26-J0101729-003-771,SE0000XN,2,700,700,700,SUS PBﾄｸ 水切,,1,ｱｰｽ,2026/8/6,福山通運　九州発送,2026/8/6,,完成,坂元,2026/8/6,製造
カンサイ　南★,九州工場,九州工場,2026/8/4,2026/8/4,26-J0101802-001-771,SE0000WN,2,900,700,400,SUS PBﾄｸ 被せ,,1,ｱｰｽ,2026/8/5,ヤマックス福岡,2026/8/6,,完成,坂元,2026/8/5,製造
小林電工　岡山★,九州工場,九州工場,2026/8/4,2026/8/4,26-J0102039-001-771,SE0000XN,1.5,500,500,250,SUS PBﾄｸ 水切,,1,ｱｰｽ,2026/8/6,福山通運　九州発送,2026/8/6,,完成,樋口,2026/8/6,製造
カンサイ　佐賀★,九州工場,九州工場,2026/8/4,2026/8/4,26-J0102237-001-771,BP0000SG,1.6,500,350,250,国土 PBﾄｸ 平,,1,ｱｰｽ無 さび止め,2026/8/6,佐川急便,2026/8/6,,完成,服部,2026/8/5,製造
三和電気商会★,九州工場,九州工場,2026/8/4,2026/8/4,26-J0102333-007-771,I02015WG,1.6,150,150,0,鉄 ふた,,2,被せふた さび止め,2026/8/6,福山通運　九州発送,2026/8/6,,完成,服部,2026/8/5,製造
木村電機　本社★,九州工場,九州工場,2026/8/4,2026/8/4,26-J0102581-001-771,DE0000WN,1.6,300,200,200,Sﾀﾞｲﾏ PBﾄｸ 被せ,,1,ｱｰｽ,2026/8/6,佐川急便,2026/8/6,,完成,古川,2026/8/6,製造
日本電設資材　久留米★,九州工場,九州工場,2026/8/5,2026/8/5,26-J0102834-001-771,BE1510XG,1.6,150,150,100,国土 PB 水切,,1,ｱｰｽ さび止め,2026/8/6,佐川急便,2026/8/6,,完成,服部,2026/8/5,製造
岡本電機　福山★,九州工場,九州工場,2026/8/5,2026/8/5,26-J0102883-001-771,SE0000XN,1.5,300,300,200,SUS PBﾄｸ 水切,,1,ｱｰｽ セパ付き（センター）,2026/8/6,福山通運　九州発送,2026/8/6,,完成,樋口,2026/8/6,製造
平岡電気　八女★,九州工場,九州工場,2026/8/5,2026/8/5,26-J0102893-001-771,SE0000XN,1.5,300,200,300,SUS PBﾄｸ 水切,,1,ｱｰｽ,2026/8/6,佐川急便,2026/8/6,,完成,服部,2026/8/6,製造
木村電機　玉名★,九州工場,九州工場,2026/8/5,2026/8/5,26-J0102909-001-771,AIP0000N,2,300,300,0,ｱﾙﾐ ﾌﾟﾚｰﾄ,,1,ｱﾙﾏｲﾄｸﾘｱ材 ｾﾝﾀｰにφ60穴加工,2026/8/6,佐川急便,2026/8/6,,完成,樋口,2026/8/6,製造
カンサイ　八幡★,九州工場,九州工場,2026/8/5,2026/8/5,26-J0103260-003-771,MAMEK,0,0,0,0,補修塗料 豆缶,2.5Y9/1 近似色,3,,2026/8/5,北九州配達,2026/8/6,,完成,古川,,製造
三和電気商会★,九州工場,九州工場,2026/8/5,2026/8/5,26-J0103351-002-771,BE0000SG,1.6,650,400,400,国土 PBﾄｸ 平,,1,ｱｰｽ さび止め,2026/8/6,福山通運　九州発送,2026/8/6,,完成,服部,2026/8/5,製造
三和電気商会★,九州工場,九州工場,2026/8/5,2026/8/5,26-J0103351-001-771,BE0000SG,1.6,650,350,400,国土 PBﾄｸ 平,,1,ｱｰｽ さび止め,2026/8/6,福山通運　九州発送,2026/8/6,,完成,服部,2026/8/5,製造
オリオン商事　福岡★,九州工場,九州工場,2026/8/5,2026/8/5,26-J0103438-001-771,SP0000XN,1.5,150,150,150,SUS PBﾄｸ 水切,,1,φ30 φ27 φ5,2026/8/6,佐川急便,2026/8/6,,完成,樋口,2026/8/6,製造
岡本電機　広島★,九州工場,九州工場,2026/8/5,2026/8/5,26-J0103530-001-771,SP5030SNP,1.5,500,500,300,SUS PB 平,,1,ｺﾞﾑﾊﾟｯｷﾝ付,2026/8/6,佐川急便,2026/8/6,,完成,樋口,2026/8/6,製造
富士商会★,九州工場,九州工場,2026/8/5,2026/8/5,26-J0103591-001-771,SE3530XN,1.5,350,350,300,SUS PB 水切,,1,ｱｰｽ,2026/8/6,福山通運　九州発送,2026/8/6,,完成,樋口,2026/8/6,製造
ナミデン　広島★,九州工場,九州工場,2026/8/5,2026/8/5,26-J0103879-001-771,IAI0000G,6,65,65,"3,000.00",鉄 ｱﾝｸﾞﾙ,,4,さび止め L65x65x6t,2026/8/6,佐川急便,2026/8/6,,完成,倉重,2026/8/5,製造
ミューハウス　熊本★,九州工場,九州工場,2026/8/6,2026/8/6,26-J0103898-001-771,SE5020SNP,1.5,500,500,200,SUS PB 平,,1,ｱｰｽ ｺﾞﾑﾊﾟｯｷﾝ付,2026/8/6,佐川急便,2026/8/6,,完成,樋口,2026/8/6,製造
東芝電材　宮崎★,九州工場,九州工場,2026/8/6,2026/8/6,26-J0103923-001-771,SI0000N,1.5,700,700,0,SUS 切板,,1,,2026/8/6,福山通運　九州発送,2026/8/6,,完成,坂元,2026/8/6,製造
イシグロ　宮崎★,九州工場,九州工場,2026/7/13,2026/7/13,26-J0083204-003-771,IBG0000C,0,"1,000.00",250,250,鉄 防球ガード 焼付,2.5Y9/1 近似色,9,配管ガード,2026/7/30,チャーター便,2026/8/7,,完成,樋口,2026/7/24,製造
イシグロ　宮崎★,九州工場,九州工場,2026/7/13,2026/7/13,26-J0083204-001-771,IBGC1800C,2.3,"1,800.00",800,350,鉄 防球ガード 焼付,2.5Y9/1 近似色,6,天吊形空調機用 床面扉,2026/7/30,チャーター便,2026/8/7,,完成,林(秀),2026/7/24,製造
イシグロ　宮崎★,九州工場,九州工場,2026/7/13,2026/7/13,26-J0083204-004-771,SG0000N,6,300,300,0,SUS 架台,,20,三角ブラケット 穴加工x4 L50x50x6t,2026/7/30,チャーター便,2026/8/7,,ｷｬﾝｾﾙ,林(秀),2026/7/30,製造
木村電機　本社★,九州工場,九州工場,2026/7/23,2026/7/23,26-J0092218-002-771,AD0000N,2,500,320,"3,300.00",ｱﾙﾐ ﾀﾞｸﾄ,,1,ｱﾙﾏｲﾄｸﾘｱ材　総AL-L-30x30x3t　本体･ふた3分割,2026/8/4,チャーター便,2026/8/7,,完成,樋口,2026/8/3,製造
木村電機　本社★,九州工場,九州工場,2026/7/23,2026/7/23,26-J0092218-001-771,AD0000N,2,915,540,"1,850.00",ｱﾙﾐ ﾀﾞｸﾄ,,1,ｱﾙﾏｲﾄｸﾘｱ材　総AL-L-30x30x3t　本体2分割･ふた3分割,2026/8/6,チャーター便,2026/8/7,,完成,坂元,2026/8/5,製造
木村電機　本社★,九州工場,九州工場,2026/7/23,2026/7/23,26-J0092237-003-771,ZKM0000,5,500,100,50,ZN 金物,,3,SS-C-5x50x100　穴加工,2026/8/5,チャーター便,2026/8/7,,完成,金光,2026/7/29,製造
木村電機　本社★,九州工場,九州工場,2026/7/23,2026/7/23,26-J0092251-004-771,SD0000N,1.5,"1,050.00",450,"1,950.00",SUS ﾀﾞｸﾄ,,1,被せ　本体･ふた2分割 生地　,2026/8/6,チャーター便,2026/8/7,,完成,坂元,2026/8/6,製造
木村電機　本社★,九州工場,九州工場,2026/7/23,2026/7/23,26-J0092251-005-771,SMK0000N,2,40,82,60,SUS 曲金物,,2,穴加工,2026/8/6,チャーター便,2026/8/7,,完成,井上,2026/8/6,製造
かごしま電工　南★,九州工場,九州工場,2026/7/29,2026/7/29,26-J0096756-001-771,SE2020XCW,1.5,200,200,200,SUS PB 水切 焼付,2.5Y9/1 近似色,2,ｱｰｽ 内ﾜﾆｽ,2026/8/7,佐川急便,2026/8/7,,完成,古川,2026/8/3,製造
かごしま電工　南★,九州工場,九州工場,2026/7/29,2026/7/29,26-J0096775-001-771,SE3030XCW,1.5,300,300,300,SUS PB 水切 焼付,5Y7/1 近似色,1,ｱｰｽ 内ﾜﾆｽ,2026/8/7,佐川急便,2026/8/7,,完成,古川,2026/8/3,製造
かごしま電工　南★,九州工場,九州工場,2026/7/29,2026/7/29,26-J0096775-002-771,SE4040XCW,1.5,400,400,400,SUS PB 水切 焼付,5Y7/1 近似色,5,ｱｰｽ 内ﾜﾆｽ,2026/8/7,佐川急便,2026/8/7,,完成,古川,2026/8/3,製造
栗田電機　今治★,九州工場,九州工場,2026/7/29,2026/7/29,26-J0097116-001-771,ZE0000W,3.2,200,190,150,ZN PBﾄｸ 被せ,,3,HDZT-49 ｱｰｽ FB 穴加工ｱﾘ,2026/8/7,福山通運　九州発送,2026/8/7,,完成,倉重,2026/7/31,製造
平岡電気　福岡東★,九州工場,九州工場,2026/7/29,2026/7/29,26-J0097349-001-771,ZG0000,9,360,360,80,ZN 架台,,1,ﾎﾟｰﾙﾍﾞｰｽｱﾀﾞﾌﾟﾀｰ,2026/8/7,佐川急便,2026/8/7,,ｷｬﾝｾﾙ,林(秀),2026/7/31,製造
カンサイHD　電設★,九州工場,九州工場,2026/7/29,2026/7/29,26-J0097514-004-771,DE0000SN,1.6,600,600,600,Sﾀﾞｲﾏ PBﾄｸ 平,,1,ｱｰｽ 開口穴　2面蓋,2026/8/6,チャーター便,2026/8/7,,完成,坂元,2026/8/4,製造
カンサイHD　電設★,九州工場,九州工場,2026/7/29,2026/7/29,26-J0097514-011-771,DP3030SNP,1.6,300,300,300,Sﾀﾞｲﾏ PB 平,,1,ｺﾞﾑﾊﾟｯｷﾝ付,2026/8/6,チャーター便,2026/8/7,,完成,服部,2026/8/4,製造
カンサイHD　電設★,九州工場,九州工場,2026/7/29,2026/7/29,26-J0097514-012-771,DE0000SN,2.3,"1,000.00",550,"1,150.00",Sﾀﾞｲﾏ PBﾄｸ 平,,1,ｱｰｽ 穴あきアングル溶接,2026/8/6,チャーター便,2026/8/7,,完成,坂元,2026/8/4,製造
カンサイHD　電設★,九州工場,九州工場,2026/7/29,2026/7/29,26-J0097514-007-771,DE0000WN,2.3,500,"1,000.00",300,Sﾀﾞｲﾏ PBﾄｸ 被せ,,5,ｱｰｽ 穴加工,2026/8/6,チャーター便,2026/8/7,,完成,坂元,2026/8/4,製造
カンサイHD　電設★,九州工場,九州工場,2026/7/29,2026/7/29,26-J0097514-006-771,DP0000WN,1.6,600,300,300,Sﾀﾞｲﾏ PBﾄｸ 被せ,,5,穴加工,2026/8/6,チャーター便,2026/8/7,,完成,坂元,2026/8/4,製造
カンサイHD　電設★,九州工場,九州工場,2026/7/29,2026/7/29,26-J0097514-005-771,DP0000SN,1.6,300,300,300,Sﾀﾞｲﾏ PBﾄｸ 平,,1,開口穴1面蓋,2026/8/6,チャーター便,2026/8/7,,完成,坂元,2026/8/4,製造
カンサイHD　電設★,九州工場,九州工場,2026/7/29,2026/7/29,26-J0097514-008-771,DE0000WN,2.3,"1,000.00",550,"1,150.00",Sﾀﾞｲﾏ PBﾄｸ 被せ,,1,ｱｰｽ 穴あきアングル溶接,2026/8/6,チャーター便,2026/8/7,,ｷｬﾝｾﾙ,熊谷,2026/8/4,製造
カンサイHD　電設★,九州工場,九州工場,2026/7/29,2026/7/29,26-J0097514-003-771,ZG0000,0,100,50,700,ZN 架台,,1,穴加工　C100x50 先メッキ,2026/8/6,チャーター便,2026/8/7,,完成,坂元,2026/8/4,製造
カンサイHD　電設★,九州工場,九州工場,2026/7/29,2026/7/29,26-J0097514-002-771,ZAI0000,0,50,50,"6,000.00",ZN ｱﾝｸﾞﾙ,,2,L50x50x6t 先メッキ,2026/8/6,チャーター便,2026/8/7,,完成,坂元,2026/8/4,製造
カンサイHD　電設★,九州工場,九州工場,2026/7/29,2026/7/29,26-J0097514-001-771,ZG0000,0,100,50,"6,000.00",ZN 架台,,2,C100x50x5x7.5 先メッキ,2026/8/6,チャーター便,2026/8/7,,完成,坂元,2026/8/4,製造
大洋電材　本社★,九州工場,九州工場,2026/7/30,2026/7/30,26-J0097743-001-771,SE0000XN,1.5,400,400,300,SUS PBﾄｸ 水切,,1,ｱｰｽ 穴加工、6-M8ボルト溶接(蝶ナット付)2-φ15,2026/8/6,北九州配達,2026/8/7,,完成,樋口,2026/8/6,製造
三親電材　広島★,九州工場,九州工場,2026/7/30,2026/7/30,26-J0097786-001-771,ZP0000W,2.3,150,150,75,ZN PBﾄｸ 被せ,,1,水抜き穴x2,2026/8/7,福山通運　九州発送,2026/8/7,,完成,倉重,2026/7/31,製造
アサヒ　中部,九州工場,九州工場,2026/7/30,2026/7/30,26-J0098317-001-771,IE0000SC,2.3,"2,300.00",400,250,鉄 PBﾄｸ 平 焼付,N5.5,1,本体２･蓋４分割 ｱｰｽ 穴加工,2026/8/7,沖縄直送,2026/8/7,,完成,古川,2026/8/4,製造
アサヒ　中部,九州工場,九州工場,2026/7/30,2026/7/30,26-J0098317-003-771,30PLA,0,0,0,0,補修塗料 筆付,N5.5,1,ﾌﾟﾗ30ml,2026/8/7,沖縄直送,2026/8/7,,完成,増井,,製造
アサヒ　中部,九州工場,九州工場,2026/7/30,2026/7/30,26-J0098317-002-771,IE0000SC,2.3,900,400,250,鉄 PBﾄｸ 平 焼付,N5.5,1,蓋２分割 ｱｰｽ,2026/8/7,沖縄直送,2026/8/7,,完成,古川,2026/8/4,製造
山電　八幡,九州工場,九州工場,2026/7/31,2026/7/31,26-J0098676-001-771,SE2010XC,1.5,200,200,100,SUS PB 水切 焼付,2.5Y9/1 近似色,1,ｱｰｽ,2026/8/6,北九州配達,2026/8/7,,完成,古川,,加工
田中商事　熊本,九州工場,九州工場,2026/7/31,2026/7/31,26-J0098747-003-771,SE0000XC,2,800,800,500,SUS PBﾄｸ 水切 焼付,5Y7/1 近似色,2,ｱｰｽ,2026/8/7,福山通運　九州発送,2026/8/7,,完成,古川,2026/8/4,製造
田中商事　熊本,九州工場,九州工場,2026/7/31,2026/7/31,26-J0098747-002-771,SE0000XC,2,800,800,800,SUS PBﾄｸ 水切 焼付,5Y7/1 近似色,2,ｱｰｽ,2026/8/7,福山通運　九州発送,2026/8/7,,ｷｬﾝｾﾙ,ラム,2026/8/4,製造
アサヒ　本社,九州工場,九州工場,2026/7/31,2026/7/31,26-J0098773-003-771,SE4020XC,1.5,400,400,200,SUS PB 水切 焼付,N-2 ﾂﾔ無,5,ｱｰｽ,2026/8/7,沖縄直送,2026/8/7,,完成,柴﨑,2026/8/4,製造
アサヒ　本社,九州工場,九州工場,2026/7/31,2026/7/31,26-J0098773-002-771,SE5030XC,1.5,500,500,300,SUS PB 水切 焼付,N-2 ﾂﾔ無,5,ｱｰｽ,2026/8/7,沖縄直送,2026/8/7,,完成,古川,2026/8/4,製造
アサヒ　本社,九州工場,九州工場,2026/7/31,2026/7/31,26-J0098773-001-771,SE3520XC,1.5,350,350,200,SUS PB 水切 焼付,2.5Y9/1,2,ｱｰｽ,2026/8/6,沖縄直送,2026/8/7,,完成,古川,2026/8/3,製造
東芝電材　福岡★,九州工場,九州工場,2026/7/31,2026/7/31,26-J0098866-001-771,SE1515XC,1.5,150,150,150,SUS PB 水切 焼付,2.5Y9/1 近似色,3,ｱｰｽ,2026/8/6,ヤマックス福岡,2026/8/7,,完成,古川,2026/8/3,製造
日本電設資材　福岡★,九州工場,九州工場,2026/7/31,2026/7/31,26-J0099040-001-771,SE3020XC,1.5,300,300,200,SUS PB 水切 焼付,2.5Y9/1 近似色,1,ｱｰｽ,2026/8/6,ヤマックス福岡,2026/8/7,,完成,古川,,加工
興陽電機　福岡★,九州工場,九州工場,2026/7/31,2026/7/31,26-J0099135-001-771,SE2010XC,1.5,200,200,100,SUS PB 水切 焼付,2.5Y9/1 近似色,1,ｱｰｽ,2026/8/6,ヤマックス福岡,2026/8/7,,完成,古川,,加工
中国機材設備　本社★,九州工場,九州工場,2026/7/31,2026/7/31,26-J0099329-001-771,I02000WC,1.6,460,270,20,鉄 ふたﾄｸ 焼付,N9.5 近似色,1,被せふた 塗装用吊り穴4,2026/8/7,佐川急便,2026/8/7,,完成,古川,2026/8/4,製造
木村電機　本社★,九州工場,九州工場,2026/8/3,2026/8/3,26-J0099675-002-771,SE0000XC,1.5,600,500,200,SUS PBﾄｸ 水切 焼付,2.5Y9/1 近似色,1,ｱｰｽ,2026/8/7,佐川急便,2026/8/7,,完成,古川,2026/8/4,製造
木村電機　本社★,九州工場,九州工場,2026/8/3,2026/8/3,26-J0099675-001-771,SE5050XC,1.5,500,500,500,SUS PB 水切 焼付,2.5Y9/1 近似色,2,ｱｰｽ,2026/8/7,佐川急便,2026/8/7,,完成,古川,2026/8/4,製造
カンサイHD　電設★,九州工場,九州工場,2026/8/3,2026/8/3,26-J0099707-001-771,DE4040SNP,1.6,400,400,400,Sﾀﾞｲﾏ PB 平,,1,ｱｰｽ ｺﾞﾑﾊﾟｯｷﾝ付,2026/8/6,チャーター便,2026/8/7,,完成,坂元,2026/8/6,製造
ｹｲ･ｴｽ･ﾃﾞｰ　鹿児島★,九州工場,九州工場,2026/8/3,2026/8/3,26-J0099742-001-771,SKM0000C,1.5,40,30,"2,500.00",SUS 金物 焼付,N1 近似色,3,SHLD1,2026/8/7,佐川急便,2026/8/7,,完成,古川,2026/8/4,製造
正二電気　岡山本社,九州工場,九州工場,2026/8/3,2026/8/3,26-J0099856-001-771,SMK0000C,1.5,580,100,35,SUS 曲金物 焼付,2.5Y9/1(近似色),1,穴加工ｱﾘ,2026/8/7,福山通運　九州発送,2026/8/7,,完成,古川,2026/8/4,製造
三和電気商会　姫路★,九州工場,九州工場,2026/8/3,2026/8/3,26-J0100335-001-771,SE4020XC,1.5,400,400,200,SUS PB 水切 焼付,K22-30D,2,ｱｰｽ,2026/8/7,福山通運　九州発送,2026/8/7,,完成,古川,2026/8/5,製造
興陽電機　小倉★,九州工場,九州工場,2026/8/3,2026/8/3,26-J0100768-001-771,IIP0000C,1.6,240,150,0,鉄 ﾌﾟﾚｰﾄ 焼付,N9.5 近似色,1,M4ﾀｯﾌﾟx4,2026/8/6,北九州配達,2026/8/7,,完成,古川,2026/8/4,製造
誠新産業　長崎★,九州工場,九州工場,2026/8/3,2026/8/3,26-J0101000-001-771,ZG0000,0,"2,700.00",300,0,ZN 架台,,1,穴加工　L50x50x6t（L)(R)1セット 先メッキ材,2026/8/7,福山通運　九州発送,2026/8/7,,完成,倉重,2026/7/31,製造
ミツヤ電機　本社★,九州工場,九州工場,2026/8/3,2026/8/3,26-J0101035-002-771,SE0000XN,1.5,300,300,200,SUS PBﾄｸ 水切,,3,ｱｰｽ M5脱落防止化粧ビス,2026/8/7,福山通運　九州発送,2026/8/7,,完成,樋口,2026/8/7,製造
ミツヤ電機　本社★,九州工場,九州工場,2026/8/3,2026/8/3,26-J0101035-001-771,SE0000XN,1.5,200,200,200,SUS PBﾄｸ 水切,,4,ｱｰｽ M5脱落防止化粧ビス,2026/8/7,福山通運　九州発送,2026/8/7,,完成,樋口,2026/8/7,製造
平岡電気　福岡東★,九州工場,九州工場,2026/8/4,2026/8/4,26-J0101293-001-771,DC0000C,1.6,250,50,200,Sﾀﾞｲﾏ ｶﾊﾞｰ 焼付,2.5Y9/1 近似色,1,庇,2026/8/7,ヤマックス福岡,2026/8/7,,完成,古川,2026/8/5,製造
東芝電材　小倉★,九州工場,九州工場,2026/8/4,2026/8/4,26-J0101374-001-771,SE2010WC,1.5,200,200,100,SUS PB 被せ 焼付,2.5Y9/1 近似色,1,ｱｰｽ,2026/8/7,店頭渡し,2026/8/7,,完成,古川,2026/8/5,製造
三親電材　水島★,九州工場,九州工場,2026/8/4,2026/8/4,26-J0101394-002-771,DD1510EP,1.6,145,50,95,Sﾀﾞｲﾏ ｴﾝﾄﾞﾌﾟﾚｰﾄ,,2,M8ﾎﾞﾙﾄﾅｯﾄ付,2026/8/7,福山通運　九州発送,2026/8/7,,完成,古川,2026/8/6,製造
三親電材　水島★,九州工場,九州工場,2026/8/4,2026/8/4,26-J0101394-001-771,DD1510W,1.6,150,100,"2,000.00",Sﾀﾞｲﾏ ﾀﾞｸﾄ 直線形,,1,被せふた,2026/8/7,福山通運　九州発送,2026/8/7,,完成,古川,2026/8/6,製造
カンサイ九州昭和　福岡★,九州工場,九州工場,2026/8/4,2026/8/4,26-J0101399-001-771,SE0000XN,2,"1,000.00",700,500,SUS PBﾄｸ 水切,,1,ｱｰｽ,2026/8/6,ヤマックス福岡,2026/8/7,,完成,樋口,2026/8/6,製造
かごしま電工　南★,九州工場,九州工場,2026/8/4,2026/8/4,26-J0101669-001-771,BE1515SGW,1.6,150,150,150,国土 PB 平,,1,ｱｰｽ さび止め 内ﾜﾆｽ,2026/8/7,佐川急便,2026/8/7,,完成,倉重,2026/8/5,製造
興陽電機　小倉★,九州工場,九州工場,2026/8/4,2026/8/4,26-J0102170-001-771,SP0000WN,1.5,700,700,300,SUS PBﾄｸ 被せ,,1,,2026/8/6,北九州配達,2026/8/7,,完成,樋口,2026/8/6,製造
山電　八幡,九州工場,九州工場,2026/8/4,2026/8/4,26-J0102269-001-771,SIP0000N,2,330,330,0,SUS ﾌﾟﾚｰﾄ,,1,開口 φ5x16,2026/8/6,北九州配達,2026/8/7,,完成,服部,2026/8/6,製造
東芝電材　小倉★,九州工場,九州工場,2026/8/4,2026/8/4,26-J0102498-002-771,SE0000XN,1.5,250,250,150,SUS PBﾄｸ 水切,,4,ｱｰｽ位置指定,2026/8/6,北九州配達,2026/8/7,,完成,樋口,2026/8/6,製造
東芝電材　小倉★,九州工場,九州工場,2026/8/4,2026/8/4,26-J0102498-001-771,SE0000XN,1.5,300,300,150,SUS PBﾄｸ 水切,,2,ｱｰｽ位置指定,2026/8/6,北九州配達,2026/8/7,,完成,樋口,2026/8/6,製造
山電　小倉,九州工場,九州工場,2026/8/4,2026/8/4,26-J0102593-001-771,ICI0000G,0,"3,000.00",0,0,鉄 ﾁｬﾝﾈﾙ,,1,[65x125x6t さび止め,2026/8/6,北九州配達,2026/8/7,,完成,樫原,2026/8/5,製造
シンセイ　広島第一★,九州工場,九州工場,2026/8/5,2026/8/5,26-J0102649-001-771,IP0000SG,1.6,600,450,450,鉄 PBﾄｸ 平,,1,さび止め,2026/8/7,福山通運　九州発送,2026/8/7,,完成,倉重,2026/8/6,製造
正和電材　佐世保★,九州工場,九州工場,2026/8/5,2026/8/5,26-J0102650-001-771,SE0000XN,2,800,600,400,SUS PBﾄｸ 水切,,2,ｱｰｽ,2026/8/7,福山通運　九州発送,2026/8/7,,完成,倉重,2026/8/7,製造
林電材★,九州工場,九州工場,2026/8/5,2026/8/5,26-J0102655-001-771,DE3020WN,1.6,300,300,200,Sﾀﾞｲﾏ PB 被せ,,2,ｱｰｽ,2026/8/6,北九州配達,2026/8/7,,完成,服部,2026/8/6,製造
林電材★,九州工場,九州工場,2026/8/5,2026/8/5,26-J0102655-002-771,DE5030WN,1.6,500,500,300,Sﾀﾞｲﾏ PB 被せ,,2,ｱｰｽ,2026/8/6,北九州配達,2026/8/7,,完成,古川,2026/8/6,製造
Q-mast　電気グル－プ★,九州工場,九州工場,2026/8/5,2026/8/5,26-J0102753-001-771,IKS0000G,1.6,"1,400.00",250,230,鉄 貫通ｽﾘｰﾌﾞ,,3,平蓋  さび止め　A地区,2026/8/6,ヤマックス　ｽﾎﾟｯﾄ便,2026/8/7,,完成,服部,2026/8/5,製造
Q-mast　電気グル－プ★,九州工場,九州工場,2026/8/5,2026/8/5,26-J0102753-002-771,IKS0000G,1.6,"1,200.00",200,300,鉄 貫通ｽﾘｰﾌﾞ,,1,平蓋  さび止め　A地区,2026/8/6,ヤマックス　ｽﾎﾟｯﾄ便,2026/8/7,,完成,服部,2026/8/5,製造
カンサイ　電設★,九州工場,九州工場,2026/8/5,2026/8/5,26-J0102950-003-771,ITG0000G,0,300,"1,950.00",0,鉄 耐震架台,,1,さび止め C1棟 1階 CR/BD T型ﾍﾞｰｽ 縦材 ｶﾞｾｯﾄ R.L 56,2026/8/6,ヤマックス　ｽﾎﾟｯﾄ便,2026/8/7,,完成,古川,2026/8/5,製造
カンサイ　電設★,九州工場,九州工場,2026/8/5,2026/8/5,26-J0102950-004-771,ITG0000G,0,300,300,0,鉄 耐震架台,,1,さび止め C1棟 1階 CR/BD T型ﾍﾞｰｽ  R.L 19,2026/8/6,ヤマックス　ｽﾎﾟｯﾄ便,2026/8/7,,完成,古川,2026/8/5,製造
カンサイ　電設★,九州工場,九州工場,2026/8/5,2026/8/5,26-J0102950-001-771,ITG0000G,0,300,"1,950.00",0,鉄 耐震架台,,1,さび止め C1棟 1階 CR/BD T型ﾍﾞｰｽ 縦材 ｶﾞｾｯﾄ R.L 54,2026/8/6,ヤマックス　ｽﾎﾟｯﾄ便,2026/8/7,,完成,古川,2026/8/5,製造
カンサイ　電設★,九州工場,九州工場,2026/8/5,2026/8/5,26-J0102950-002-771,ITG0000G,0,300,"1,950.00",0,鉄 耐震架台,,1,さび止め C1棟 1階 CR/BD T型ﾍﾞｰｽ 縦材 ｶﾞｾｯﾄ R.L 55,2026/8/6,ヤマックス　ｽﾎﾟｯﾄ便,2026/8/7,,完成,古川,2026/8/5,製造
大洋電材　本社★,九州工場,九州工場,2026/8/5,2026/8/5,26-J0103031-001-771,SP0000WN,1.5,700,300,300,SUS PBﾄｸ 被せ,,1,,2026/8/6,北九州配達,2026/8/7,,完成,樋口,2026/8/6,製造
大洋電材　本社★,九州工場,九州工場,2026/8/5,2026/8/5,26-J0103053-001-771,SP0000SNP,1.5,350,350,350,SUS PBﾄｸ 平,,2,ｺﾞﾑﾊﾟｯｷﾝ付,2026/8/6,北九州配達,2026/8/7,,完成,坂元,2026/8/6,製造
興陽電機　小倉★,九州工場,九州工場,2026/8/5,2026/8/5,26-J0103282-001-771,SAI0000N,0,"3,000.00",0,0,SUS ｱﾝｸﾞﾙ,,11,L4x50,2026/8/6,北九州配達,2026/8/7,,完成,倉重,2026/8/6,製造
カンサイ　宗像★,九州工場,九州工場,2026/8/5,2026/8/5,26-J0103377-001-771,IG0000G,6,0,400,"1,500.00",鉄 架台,,1,さび止め L50x50x6t,2026/8/7,店頭引取,2026/8/7,,完成,倉重,2026/8/6,製造
カンサイ　宗像★,九州工場,九州工場,2026/8/5,2026/8/5,26-J0103377-002-771,IG0000G,6,0,400,"1,500.00",鉄 架台,,1,さび止め L50x50x6t,2026/8/7,店頭引取,2026/8/7,,完成,倉重,2026/8/6,製造
中西電機　観音寺★,九州工場,九州工場,2026/8/5,2026/8/5,26-J0103559-001-771,SE0000XN,1.5,600,300,200,SUS PBﾄｸ 水切,,1,ｱｰｽ(位置指定),2026/8/7,福山通運　九州発送,2026/8/7,,完成,樋口,2026/8/7,製造
木村電機　八代★,九州工場,九州工場,2026/8/5,2026/8/5,26-J0103589-001-771,SP0000WN,1.5,700,700,200,SUS PBﾄｸ 被せ,,1,,2026/8/7,佐川急便,2026/8/7,,完成,樋口,2026/8/7,製造
栗田電機　松山★,九州工場,九州工場,2026/8/5,2026/8/5,26-J0103842-001-771,SP0000WN,1.5,300,300,100,SUS PBﾄｸ 被せ,,1,開口ｱﾘ,2026/8/7,福山通運　九州発送,2026/8/7,,完成,樋口,2026/8/7,製造
シンセイ　福山★,九州工場,九州工場,2026/8/6,2026/8/6,26-J0103894-001-771,SE0000XN,1.5,400,400,350,SUS PBﾄｸ 水切,,1,ｱｰｽ,2026/8/7,福山通運　九州発送,2026/8/7,,完成,樋口,2026/8/7,製造
米良電機　都城★,九州工場,九州工場,2026/8/6,2026/8/6,26-J0103909-001-771,SE0000XN,1.5,600,600,200,SUS PBﾄｸ 水切,,1,ｱｰｽ,2026/8/7,福山通運　九州発送,2026/8/7,,完成,樋口,2026/8/7,製造
啓電社★,九州工場,九州工場,2026/8/6,2026/8/6,26-J0104077-001-771,SE0000XN,1.5,700,500,400,SUS PBﾄｸ 水切,,1,ｱｰｽ,2026/8/7,ヤマックス福岡,2026/8/7,,完成,樋口,2026/8/7,製造
正和電材　長崎★,九州工場,九州工場,2026/8/6,2026/8/6,26-J0104221-001-771,SP0000XN,1.5,500,500,200,SUS PBﾄｸ 水切,,2,底面開口 φ15x4,2026/8/7,福山通運　九州発送,2026/8/7,,完成,樋口,2026/8/7,製造
カンサイ　熊本★,九州工場,九州工場,2026/8/6,2026/8/6,26-J0104247-002-771,SE0000XN,1.5,400,400,200,SUS PBﾄｸ 水切,,1,ｱｰｽ　底面開口 4-φ12,2026/8/7,福山通運　九州発送,2026/8/7,,完成,樋口,2026/8/7,製造
カンサイ　熊本★,九州工場,九州工場,2026/8/6,2026/8/6,26-J0104247-004-771,SE0000XN,1.5,700,700,200,SUS PBﾄｸ 水切,,2,ｱｰｽ　底面開口 8-φ12,2026/8/7,福山通運　九州発送,2026/8/7,,完成,樋口,2026/8/7,製造
イシグロ　北九州★,九州工場,九州工場,2026/8/6,2026/8/6,26-J0105059-002-771,ZG0000,0,"2,560.00",0,0,ZN 架台,,1,[75X40X5t　※先メッキ材を使用　5,2026/8/7,福山通運　九州発送,2026/8/7,,完成,倉重,2026/8/7,製造
イシグロ　北九州★,九州工場,九州工場,2026/8/6,2026/8/6,26-J0105059-001-771,ZG0000,0,"2,590.00",0,0,ZN 架台,,1,[75X40X5t　※先メッキ材を使用　4,2026/8/7,福山通運　九州発送,2026/8/7,,完成,倉重,2026/8/7,製造
新光産業　やんばる,九州工場,九州工場,2026/7/28,2026/7/28,26-J0095555-001-771,BE5030SC,1.6,500,500,300,国土 PB 平 焼付,2.5Y9/1,2,ｱｰｽ,2026/8/3,イトカツ,2026/8/10,2026/8/3,ｷｬﾝｾﾙ,三澄,2026/7/29,製造
日新電機システム,九州工場,九州工場,2026/7/27,2026/7/27,26-J0094245-002-771,BD0000C,1.6,600,250,600,国土 ﾀﾞｸﾄ 焼付,N8.5,1,平蓋 取付穴 支持ｱﾝｸﾞﾙ,2026/8/4,イトカツ,2026/8/12,2026/8/4,完成,古川,2026/7/29,製造
日新電機システム,九州工場,九州工場,2026/7/27,2026/7/27,26-J0094245-001-771,BD0000C,1.6,"1,200.00",250,600,国土 ﾀﾞｸﾄ 焼付,N8.5,1,平蓋２分割 取付穴 支持ｱﾝｸﾞﾙ,2026/8/4,イトカツ,2026/8/12,2026/8/4,完成,古川,2026/7/29,製造
アサヒ　中部,九州工場,九州工場,2026/7/28,2026/7/28,26-J0095926-001-771,SMK0000C,1.5,125,75,25,SUS 曲金物 焼付,5Y7/1,15,ハット型 取付穴4-φ6、2-M4ﾀｯﾌﾟ,2026/8/5,イトカツ,2026/8/12,2026/8/5,完成,岡,2026/7/31,製造
アサヒ　中部,九州工場,九州工場,2026/7/28,2026/7/28,26-J0095948-001-771,SMK0000C,1.5,125,75,25,SUS 曲金物 焼付,5Y7/1,15,ハット型 取付穴4-φ6、2-M4ﾀｯﾌﾟ,2026/8/4,イトカツ,2026/8/12,2026/8/4,完成,古川,2026/7/30,製造
アサヒ　中部,九州工場,九州工場,2026/7/29,2026/7/29,26-J0096514-001-771,SE4040XC,1.5,400,400,400,SUS PB 水切 焼付,2.5Y9/1,1,ｱｰｽ,2026/8/4,イトカツ,2026/8/12,2026/8/4,ｷｬﾝｾﾙ,林(秀),2026/7/30,製造
アサヒ　本社,九州工場,九州工場,2026/7/29,2026/7/29,26-J0097169-001-771,SE0000XC,1.5,200,250,100,SUS PBﾄｸ 水切 焼付,2.5Y9/1,1,ｱｰｽ　足付(L30x30x3tφ12)x4,2026/8/5,イトカツ,2026/8/13,2026/8/5,完成,岡,2026/7/31,製造
アサヒ　本社,九州工場,九州工場,2026/7/29,2026/7/29,26-J0097169-002-771,SE0000XC,1.5,200,200,100,SUS PBﾄｸ 水切 焼付,2.5Y9/1,2,ｱｰｽ　足付(L30x30x3tφ12)x4,2026/8/5,イトカツ,2026/8/13,2026/8/5,完成,岡,2026/7/31,製造
カイコス／安里商会,九州工場,九州工場,2026/7/29,2026/7/29,26-J0097272-001-771,IE0000WC,1.6,400,400,400,鉄 PBﾄｸ 被せ 焼付,5Y7/1,1,ｱｰｽ(外部) ﾙｰﾊﾞｰ穴 穴加工 脚部[-75x40x5t,2026/8/6,イトカツ,2026/8/13,2026/8/6,完成,古川,2026/8/3,製造
光電商会,九州工場,九州工場,2026/7/30,2026/7/30,26-J0097749-001-771,SE0000XC,1.5,450,450,300,SUS PBﾄｸ 水切 焼付,2.5Y9/1,1,ｱｰｽ,2026/8/5,イトカツ,2026/8/13,2026/8/5,完成,岡,2026/7/31,製造
新光産業　本社,九州工場,九州工場,2026/7/30,2026/7/30,26-J0097983-001-771,BE6060SC,1.6,600,600,600,国土 PB 平 焼付,2.5Y9/1,1,ｱｰｽ,2026/8/5,イトカツ,2026/8/13,2026/8/5,完成,岡,2026/7/31,製造
丸井産業　宜野湾★,九州工場,九州工場,2026/7/31,2026/7/31,26-J0099603-001-771,DKW0000N,1.6,900,300,200,Sﾀﾞｲﾏ 貫通枠,,1,取付穴8-φ8,2026/8/6,イトカツ,2026/8/14,2026/8/6,完成,古川,2026/8/5,製造
新光産業　本社,九州工場,九州工場,2026/8/3,2026/8/3,26-J0099757-002-771,SE0000XC,1.5,200,200,200,SUS PBﾄｸ 水切 焼付,2.5Y9/1,1,ｱｰｽ 足付(L30x3tφ12)x4 ｶｯﾌﾟG28 φ27.3,2026/8/7,イトカツ,2026/8/14,2026/8/7,完成,古川,2026/8/5,製造
新光産業　本社,九州工場,九州工場,2026/8/3,2026/8/3,26-J0099757-001-771,SE0000XC,1.5,200,200,200,SUS PBﾄｸ 水切 焼付,2.5Y9/1,1,ｱｰｽ 足付(L30x3tφ12)x4 ｶｯﾌﾟG22､G28,2026/8/7,イトカツ,2026/8/14,2026/8/7,完成,古川,2026/8/5,製造
アサヒ　本社,九州工場,九州工場,2026/8/3,2026/8/3,26-J0100436-001-771,SE6030XC,1.5,600,600,300,SUS PB 水切 焼付,2.5Y9/1,1,ｱｰｽ,2026/8/7,イトカツ,2026/8/14,2026/8/7,完成,古川,2026/8/4,製造
アサヒ　宜野湾,九州工場,九州工場,2026/8/3,2026/8/3,26-J0100571-001-771,SE0000SC,1.5,400,300,250,SUS PBﾄｸ 平 焼付,2.5Y9/1,1,ｱｰｽ ﾊﾟｯｷﾝ付,2026/8/7,イトカツ,2026/8/14,2026/8/7,完成,古川,2026/8/4,製造
アサヒ　宜野湾,九州工場,九州工場,2026/8/3,2026/8/3,26-J0100895-001-771,SE0000XC,1.5,500,400,300,SUS PBﾄｸ 水切 焼付,2.5Y9/1,1,ｱｰｽ,2026/8/7,イトカツ,2026/8/14,2026/8/7,完成,古川,2026/8/5,製造
アサヒ　本社,九州工場,九州工場,2026/8/5,2026/8/5,26-J0103364-001-771,IKW0000G,1.6,290,92,30,鉄 貫通枠,,1,外耳平蓋 さび止め,2026/8/7,イトカツ,2026/8/14,2026/8/7,完成,倉重,2026/8/7,製造
カンサイ　電設★,九州工場,九州工場,2026/6/10,2026/6/10,26-J0058493-001-771,ZG0000,0,300,300,300,ZN 架台,,11,HDZT-63  投光器架台　L-50X50X6t　上部4.5t板溶接,2026/8/7,福山通運　九州発送,2026/8/17,,完成,古川,2026/7/31,製造
東芝電材　岡山★,九州工場,九州工場,2026/7/3,2026/7/3,26-J0076193-001-771,ID0000C,1.6,500,136,"1,000.00",鉄 ﾀﾞｸﾄ 焼付,5Y7/1(近似色),1,ﾒｸﾗ付,2026/8/17,福山通運　九州発送,2026/8/17,,完成,岡,2026/8/5,製造
東芝電材　松江★,九州工場,九州工場,2026/7/16,2026/7/16,26-J0087266-003-771,BE2515SC,1.6,250,250,150,国土 PB 平 焼付,N1(近似色),1,ｱｰｽ,2026/8/5,福山通運　九州発送,2026/8/17,,完成,岡,2026/7/30,製造
東芝電材　松江★,九州工場,九州工場,2026/7/16,2026/7/16,26-J0087266-005-771,BE5050SC,1.6,500,500,500,国土 PB 平 焼付,N1(近似色),1,ｱｰｽ,2026/8/5,福山通運　九州発送,2026/8/17,,完成,岡,2026/7/30,製造
東芝電材　松江★,九州工場,九州工場,2026/7/16,2026/7/16,26-J0087266-001-771,BE1515SC,1.6,150,150,150,国土 PB 平 焼付,N1(近似色),2,ｱｰｽ,2026/8/5,福山通運　九州発送,2026/8/17,,ｷｬﾝｾﾙ,,2026/7/30,製造
東芝電材　松江★,九州工場,九州工場,2026/7/16,2026/7/16,26-J0087266-002-771,BE2020SC,1.6,200,200,200,国土 PB 平 焼付,N1(近似色),1,ｱｰｽ,2026/8/5,福山通運　九州発送,2026/8/17,,完成,岡,,加工
東芝電材　松江★,九州工場,九州工場,2026/7/16,2026/7/16,26-J0087266-004-771,BE5030SC,1.6,500,500,300,国土 PB 平 焼付,N1(近似色),2,ｱｰｽ,2026/8/5,福山通運　九州発送,2026/8/17,,完成,岡,2026/7/30,製造
東芝電材　松江★,九州工場,九州工場,2026/7/16,2026/7/16,26-J0087272-006-771,BE0000SC,1.6,500,500,250,国土 PBﾄｸ 平 焼付,5Y7/1(近似色),1,ｱｰｽ,2026/8/6,福山通運　九州発送,2026/8/17,,完成,古川,2026/7/31,製造
東芝電材　松江★,九州工場,九州工場,2026/7/16,2026/7/16,26-J0087272-003-771,BE3020SC,1.6,300,300,200,国土 PB 平 焼付,5Y7/1(近似色),1,ｱｰｽ,2026/8/6,福山通運　九州発送,2026/8/17,,完成,古川,,加工
東芝電材　松江★,九州工場,九州工場,2026/7/16,2026/7/16,26-J0087272-004-771,BE4030SC,1.6,400,400,300,国土 PB 平 焼付,5Y7/1(近似色),1,ｱｰｽ,2026/8/6,福山通運　九州発送,2026/8/17,,完成,古川,2026/7/31,製造
東芝電材　松江★,九州工場,九州工場,2026/7/16,2026/7/16,26-J0087272-005-771,BE4040SC,1.6,400,400,400,国土 PB 平 焼付,5Y7/1(近似色),1,ｱｰｽ,2026/8/6,福山通運　九州発送,2026/8/17,,完成,古川,2026/7/31,製造
東芝電材　松江★,九州工場,九州工場,2026/7/16,2026/7/16,26-J0087272-002-771,BE2020SC,1.6,200,200,200,国土 PB 平 焼付,5Y7/1(近似色),1,ｱｰｽ,2026/8/6,福山通運　九州発送,2026/8/17,,完成,古川,,加工
東芝電材　松江★,九州工場,九州工場,2026/7/17,2026/7/17,26-J0087680-001-771,BE0000SG,1.6,200,200,250,国土 PBﾄｸ 平,,1,ｱｰｽ さび止め,2026/8/7,福山通運　九州発送,2026/8/17,,完成,古川,2026/8/5,製造
ウチダ★,九州工場,九州工場,2026/7/23,2026/7/23,26-J0091628-001-771,SP0000XN,1.5,300,300,150,SUS PBﾄｸ 水切,,1,酸洗い　取付足、端子台ﾍﾞｰｽ、 ﾈｼﾞ付管筒　溶接,2026/8/17,福山通運　九州発送,2026/8/17,,完成,服部,2026/8/7,製造
カンサイ　西★,九州工場,九州工場,2026/7/28,2026/7/28,26-J0095318-001-771,ZG0000,6,500,500,500,ZN 架台,,1,引込架台　L50x50x6t 穴加工,2026/8/17,ヤマックス福岡,2026/8/17,,完成,倉重,2026/7/31,製造
Q-mast　電気グル－プ★,九州工場,九州工場,2026/7/28,2026/7/28,26-J0096035-001-771,SG0000C,1.5,325,325,50,SUS 架台 焼付,N9.5 近似色,1,誘導灯取付ﾎﾞｯｸｽ 重耐塩塗装 ｻﾝﾌﾟﾙ品,2026/8/7,ヤマックス　ｽﾎﾟｯﾄ便,2026/8/17,,完成,古川,2026/7/30,製造
ＳＴＥＰ　広島★,九州工場,九州工場,2026/7/30,2026/7/30,26-J0098412-001-771,IMK0000C,1.6,"1,300.00",300,10,鉄 曲金物 焼付,N9.5(近似色),13,穴加工ｱﾘ,2026/8/17,福山通運　九州発送,2026/8/17,,完成,古川,2026/8/5,製造
正和電材　諫早★,九州工場,九州工場,2026/7/30,2026/7/30,26-J0098518-001-771,ZE1010X2,2.3,100,100,100,ZN PB 水切,,1,ｱｰｽ,2026/8/17,佐川急便,2026/8/17,,完成,倉重,2026/8/3,製造
カワショウ★,九州工場,九州工場,2026/7/31,2026/7/31,26-J0099626-003-771,DG0000C,2.3,200,100,130,Sﾀﾞｲﾏ 架台 焼付,N-10 近似色,5,5-φ12,2026/8/17,佐川急便,2026/8/17,,完成,岡,2026/8/5,製造
イシグロ　広島★,九州工場,九州工場,2026/7/31,2026/7/31,26-J0099633-002-771,IG0000G,0,0,250,"1,300.00",鉄 架台,,16,L-50X50X6t  さび止め　5階中国空調工業分　,2026/8/17,福山通運　九州発送,2026/8/17,,完成,樋口,2026/8/7,製造
イシグロ　広島★,九州工場,九州工場,2026/7/31,2026/7/31,26-J0099633-001-771,IG0000G,0,0,250,"1,500.00",鉄 架台,,15,L-50X50X6t  さび止め　5階中国空調工業分　,2026/8/17,福山通運　九州発送,2026/8/17,,完成,樋口,2026/8/7,製造
イシグロ　広島★,九州工場,九州工場,2026/7/31,2026/7/31,26-J0099633-003-771,IG0000G,0,0,250,"1,000.00",鉄 架台,,13,L-50X50X6t  さび止め　5階中国空調工業分　,2026/8/17,福山通運　九州発送,2026/8/17,,完成,樋口,2026/8/7,製造
中国機材設備　本社★,九州工場,九州工場,2026/8/3,2026/8/3,26-J0100102-001-771,IC0000G,6,550,150,400,鉄 ｶﾊﾞｰ,,1,L-75x75x6t PL-6t 4-φ12  さび止め,2026/8/17,佐川急便,2026/8/17,,完成,服部,2026/8/6,製造
田中商事　小倉,九州工場,九州工場,2026/8/3,2026/8/3,26-J0100287-001-771,SE6040XC,1.5,600,600,400,SUS PB 水切 焼付,5Y7/1 近似色,1,ｱｰｽ,2026/8/7,北九州配達,2026/8/17,,完成,古川,2026/8/4,製造
宮地電機　徳島,九州工場,九州工場,2026/8/3,2026/8/3,26-J0100381-001-771,DD0000N,1.6,600,300,905,Sﾀﾞｲﾏ ﾀﾞｸﾄ,,1,/200 WP ｱｰｽ 支持棒･ｾﾊﾟﾚｰﾀ･付,2026/8/17,福山通運　九州発送,2026/8/17,,完成,古川,2026/8/7,製造
宮地電機　徳島,九州工場,九州工場,2026/8/3,2026/8/3,26-J0100381-002-771,SIP0000N,1.5,180,105,0,SUS ﾌﾟﾚｰﾄ,,1,R5x4 穴加工ｱﾘ,2026/8/17,福山通運　九州発送,2026/8/17,,完成,服部,2026/8/17,製造
宮地電機　徳島,九州工場,九州工場,2026/8/3,2026/8/3,26-J0100381-004-771,DMK0000N,0,0,0,0,Sﾀﾞｲﾏ 曲金物,,1,防水帯,2026/8/17,福山通運　九州発送,2026/8/17,,完成,古川,2026/8/7,製造
宮地電機　高知,九州工場,九州工場,2026/8/3,2026/8/3,26-J0100465-002-771,SE0000XN,1.5,700,400,400,SUS PBﾄｸ 水切,,2,ｱｰｽ,2026/8/17,福山通運　九州発送,2026/8/17,,完成,服部,2026/8/17,製造
かごしま電工　城南★,九州工場,九州工場,2026/8/3,2026/8/3,26-J0100505-001-771,SE2020XCW,1.5,200,200,200,SUS PB 水切 焼付,5Y7/1 近似色,1,ｱｰｽ 内ﾜﾆｽ,2026/8/17,佐川急便,2026/8/17,,完成,岡,,加工
丸井産業　熊本★,九州工場,九州工場,2026/8/3,2026/8/3,26-J0100547-001-771,IBG0000C,0,"1,500.00",800,350,鉄 防球ガード 焼付,2.5Y9/1 近似色,1,防球ガード　メッシュなし枠のみ,2026/8/17,佐川急便,2026/8/17,,完成,柴﨑,2026/8/5,製造
東芝電材　南福岡★,九州工場,九州工場,2026/8/4,2026/8/4,26-J0101230-001-771,BE1510SC,1.6,150,150,100,国土 PB 平 焼付,2.5Y9/1 近似色,1,ｱｰｽ,2026/8/17,佐川急便,2026/8/17,,完成,岡,,加工
日本電設資材　久留米★,九州工場,九州工場,2026/8/4,2026/8/4,26-J0101347-001-771,SE1510XC,1.5,150,150,100,SUS PB 水切 焼付,2.5Y9/1 近似色,1,ｱｰｽ,2026/8/17,佐川急便,2026/8/17,,完成,岡,,加工
Q-mast　電気グル－プ★,九州工場,九州工場,2026/8/4,2026/8/4,26-J0101388-002-771,IG0000G,0,650,660,"1,700.00",鉄 架台,,1,さび止め  6階 ﾊﾞｽﾀﾞｸﾄ架台 EPS2,2026/8/7,ヤマックス　ｽﾎﾟｯﾄ便,2026/8/17,,完成,倉重,2026/8/6,製造
Q-mast　電気グル－プ★,九州工場,九州工場,2026/8/4,2026/8/4,26-J0101388-001-771,IG0000G,0,650,770,"1,800.00",鉄 架台,,1,さび止め  6階 ﾊﾞｽﾀﾞｸﾄ架台 EPS1,2026/8/7,ヤマックス　ｽﾎﾟｯﾄ便,2026/8/17,,完成,倉重,2026/8/6,製造
日本電設資材　福岡★,九州工場,九州工場,2026/8/4,2026/8/4,26-J0101581-006-771,SG0000N,0,250,400,0,SUS 架台,,1,穴加工　L50x50x6t ピット耐震架台6,2026/8/7,ヤマックス福岡,2026/8/17,,完成,倉重,2026/8/7,製造
日本電設資材　福岡★,九州工場,九州工場,2026/8/4,2026/8/4,26-J0101581-001-771,SG0000N,0,200,260,50,SUS 架台,,1,穴加工　L50x50x6t ピット耐震架台2,2026/8/7,ヤマックス福岡,2026/8/17,,完成,倉重,2026/8/7,製造
日本電設資材　福岡★,九州工場,九州工場,2026/8/4,2026/8/4,26-J0101581-002-771,SAI0000N,0,50,50,250,SUS ｱﾝｸﾞﾙ,,2,穴加工　L50x50x6t　ピット耐震架台2,2026/8/7,ヤマックス福岡,2026/8/17,,完成,倉重,2026/8/7,製造
日本電設資材　福岡★,九州工場,九州工場,2026/8/4,2026/8/4,26-J0101581-003-771,SG0000N,0,720,400,0,SUS 架台,,1,穴加工　L50x50x6t ベース溶接　ピット耐震架台3,2026/8/7,ヤマックス福岡,2026/8/17,,完成,倉重,2026/8/7,製造
日本電設資材　福岡★,九州工場,九州工場,2026/8/4,2026/8/4,26-J0101581-004-771,SG0000N,0,625,400,0,SUS 架台,,1,穴加工　L50x50x6t ベース溶接　ピット耐震架台4,2026/8/7,ヤマックス福岡,2026/8/17,,完成,倉重,2026/8/7,製造
日本電設資材　福岡★,九州工場,九州工場,2026/8/4,2026/8/4,26-J0101581-005-771,SG0000N,0,200,360,0,SUS 架台,,1,穴加工　L50x50x6t ピット耐震架台5,2026/8/7,ヤマックス福岡,2026/8/17,,完成,倉重,2026/8/7,製造
日本電設資材　福岡★,九州工場,九州工場,2026/8/4,2026/8/4,26-J0101581-007-771,SG0000N,0,300,630,0,SUS 架台,,1,穴加工　L50x50x6t ピット耐震架台7,2026/8/7,ヤマックス福岡,2026/8/17,,完成,倉重,2026/8/7,製造
シンセイ　広島第一★,九州工場,九州工場,2026/8/4,2026/8/4,26-J0101623-001-771,BE6060SC,1.6,600,600,600,国土 PB 平 焼付,5Y7/1 近似色,1,ｱｰｽ,2026/8/17,福山通運　九州発送,2026/8/17,,塗装,ナム,2026/8/5,製造
シンセイ　広島第一★,九州工場,九州工場,2026/8/4,2026/8/4,26-J0101625-003-771,IP2020SC,1.6,200,200,200,鉄 PB 平 焼付,5Y7/1 近似色,3,,2026/8/17,福山通運　九州発送,2026/8/17,,完成,岡,2026/8/5,製造
シンセイ　広島第一★,九州工場,九州工場,2026/8/4,2026/8/4,26-J0101625-001-771,IP3030SC,1.6,300,300,300,鉄 PB 平 焼付,5Y7/1 近似色,1,,2026/8/17,福山通運　九州発送,2026/8/17,,塗装,ナム,2026/8/5,製造
シンセイ　広島第一★,九州工場,九州工場,2026/8/4,2026/8/4,26-J0101625-002-771,IP2520SC,1.6,250,250,200,鉄 PB 平 焼付,5Y7/1 近似色,1,,2026/8/17,福山通運　九州発送,2026/8/17,,完成,岡,2026/8/5,製造
かごしま電工　南★,九州工場,九州工場,2026/8/4,2026/8/4,26-J0101647-001-771,BP2525SC,1.6,250,250,250,国土 PB 平 焼付,2.5Y9/1 近似色,1,ｱｰｽ無,2026/8/17,佐川急便,2026/8/17,,完成,岡,2026/8/5,製造
米良電機　宮崎★,九州工場,九州工場,2026/8/4,2026/8/4,26-J0101815-001-771,SE3020XC,1.5,300,300,200,SUS PB 水切 焼付,2.5Y9/1 近似色,4,ｱｰｽ,2026/8/17,佐川急便,2026/8/17,,完成,岡,,加工
東芝電材　熊本★,九州工場,九州工場,2026/8/4,2026/8/4,26-J0102023-001-771,SE3020XC,1.5,300,300,200,SUS PB 水切 焼付,2.5Y9/1 近似色,1,ｱｰｽ,2026/8/17,佐川急便,2026/8/17,,完成,岡,,加工
東芝電材　小倉★,九州工場,九州工場,2026/8/4,2026/8/4,26-J0102155-001-771,SP0000XN,1.5,600,450,200,SUS PBﾄｸ 水切,,1,,2026/8/7,北九州配達,2026/8/17,,完成,樋口,2026/8/7,製造
米良電機　宮崎★,九州工場,九州工場,2026/8/4,2026/8/4,26-J0102164-001-771,BE2020SC,1.6,200,200,200,国土 PB 平 焼付,2.5Y9/1 近似色,1,ｱｰｽ,2026/8/17,佐川急便,2026/8/17,,完成,岡,,加工
山一電設★,九州工場,九州工場,2026/8/4,2026/8/4,26-J0102296-001-771,IIP0000N,2.3,700,600,0,鉄 ﾌﾟﾚｰﾄ,,4,生地 穴加工ｱﾘ,2026/8/17,福山通運　九州発送,2026/8/17,,完成,倉重,2026/8/17,製造
山一電設★,九州工場,九州工場,2026/8/4,2026/8/4,26-J0102296-002-771,IIP0000N,2.3,700,272,0,鉄 ﾌﾟﾚｰﾄ,,1,生地 穴加工ｱﾘ,2026/8/17,福山通運　九州発送,2026/8/17,,完成,倉重,2026/8/17,製造
中国機材設備　本社★,九州工場,九州工場,2026/8/5,2026/8/5,26-J0102647-001-771,BE0000SG,1.6,300,200,100,国土 PBﾄｸ 平,,2,ｱｰｽ さび止め,2026/8/17,佐川急便,2026/8/17,,完成,倉重,2026/8/7,製造
大興電機★,九州工場,九州工場,2026/8/5,2026/8/5,26-J0103338-001-771,IP5030WG,1.6,500,500,300,鉄 PB 被せ,,1,さび止め,2026/8/7,北九州配達,2026/8/17,,完成,古川,2026/8/6,製造
カンサイ　西★,九州工場,九州工場,2026/8/5,2026/8/5,26-J0103586-001-771,SIP0000N,1.5,550,550,0,SUS ﾌﾟﾚｰﾄ,,2,4-φ13,2026/8/7,ヤマックス福岡,2026/8/17,,完成,倉重,2026/8/7,製造
カンサイエコプラス　山口★,九州工場,九州工場,2026/8/5,2026/8/5,26-J0103689-001-771,BE2010SGA,1.6,200,200,100,国土 PB 平,,1,ｱｰｽ さび止め 足付L3x30 12ﾊﾟｲx4,2026/8/17,福山通運　九州発送,2026/8/17,,完成,倉重,2026/8/7,製造
平岡電気　城南★,九州工場,九州工場,2026/8/5,2026/8/5,26-J0103885-001-771,BP0000WC,1.6,600,235,74,国土 PBﾄｸ 被せ 焼付,2.5Y9/1 近似色,1,ｱｰｽ無  張出3方被せ蓋,2026/8/17,佐川急便,2026/8/17,,完成,岡,2026/8/6,製造
丸音音春商店　福岡★,九州工場,九州工場,2026/8/6,2026/8/6,26-J0104346-001-771,SE5030SN,1.5,500,500,300,SUS PB 平,,1,ｱｰｽ,2026/8/7,ヤマックス福岡,2026/8/17,,完成,樋口,2026/8/7,製造
木村電機　菊陽★,九州工場,九州工場,2026/8/6,2026/8/6,26-J0104711-002-771,SDC0000N,1.5,500,300,500,SUS ﾀﾞｸﾄｶﾊﾞｰ,,1,被せ防水 開口2ヶ所,2026/8/17,佐川急便,2026/8/17,,完成,服部,2026/8/17,製造
大成商会　松山★,九州工場,九州工場,2026/8/6,2026/8/6,26-J0104719-004-771,SE2020XNA,1.5,200,200,200,SUS PB 水切,,2,ｱｰｽ 足付4-L3x30.12φ,2026/8/17,福山通運　九州発送,2026/8/17,,完成,服部,2026/8/17,製造
中西電機　高松本社★,九州工場,九州工場,2026/8/6,2026/8/6,26-J0104961-001-771,SE0000XN,1.5,200,200,250,SUS PBﾄｸ 水切,,1,ｱｰｽ,2026/8/17,福山通運　九州発送,2026/8/17,,完成,服部,2026/8/17,製造
三和電気商会★,九州工場,九州工場,2026/8/6,2026/8/6,26-J0104978-001-771,SP0000WN,1.5,600,600,450,SUS PBﾄｸ 被せ,,1,,2026/8/17,福山通運　九州発送,2026/8/17,,完成,服部,2026/8/17,製造
啓電社★,九州工場,九州工場,2026/8/7,2026/8/7,26-J0105082-002-771,I02000SG,1.6,400,300,0,鉄 ふたﾄｸ,,1,平ふた さび止め  自社仕様,2026/8/17,ヤマックス福岡,2026/8/17,,完成,服部,2026/8/7,製造
啓電社★,九州工場,九州工場,2026/8/7,2026/8/7,26-J0105082-001-771,IP0000SG,1.6,400,300,100,鉄 PBﾄｸ 平,,1,さび止め,2026/8/17,ヤマックス福岡,2026/8/17,,完成,服部,2026/8/7,製造
エスエヌデー★,九州工場,九州工場,2026/8/7,2026/8/7,26-J0105091-001-771,IP0000SG,1.6,550,200,180,鉄 PBﾄｸ 平,,1,さび止め,2026/8/17,福山通運　九州発送,2026/8/17,,完成,服部,2026/8/7,製造
シンセイ　広島第二★,九州工場,九州工場,2026/8/7,2026/8/7,26-J0105712-001-771,BE0000SN,1.6,400,300,200,国土 PBﾄｸ 平,,1,ｱｰｽ 蓋面ﾌﾞﾗﾝｸ有り  焼付用生地,2026/8/17,福山通運　九州発送,2026/8/17,,完成,服部,2026/8/17,製造
木村電機　菊陽★,九州工場,九州工場,2026/8/17,2026/8/17,26-J0106203-001-771,S02040XN,1.5,400,400,0,SUS ふた,,1,水切ふた 国土ｼｰﾙ付,2026/8/17,佐川急便,2026/8/17,,完成,井上,2026/8/17,製造
岡本電機　安佐★,九州工場,九州工場,2026/8/17,2026/8/17,26-J0106470-001-771,SE2520SN,1.5,250,250,200,SUS PB 平,,2,ｱｰｽ,2026/8/17,佐川急便,2026/8/17,,組立,服部,2026/8/17,製造
ナミデン　広島★,九州工場,九州工場,2026/8/17,2026/8/17,26-J0106600-001-771,ZAI0000,6,50,50,"2,000.00",ZN ｱﾝｸﾞﾙ,,1,L50x50x6t　先メッキ,2026/8/17,佐川急便,2026/8/17,,完成,倉重,2026/8/17,製造
平岡電気　電設営業部★,九州工場,九州工場,2026/7/27,2026/7/27,26-J0094045-002-771,ZG0000,0,"1,900.00",250,400,ZN 架台,,1,盤架台 L50x50x6 1M-5,2026/8/17,チャーター便,2026/8/18,,組立,金光,2026/8/3,製造
平岡電気　電設営業部★,九州工場,九州工場,2026/7/27,2026/7/27,26-J0094045-010-771,ZG0000,0,"1,300.00",350,0,ZN 架台,,1,転倒防止用架台 L50x50x6 RM-2,2026/8/17,チャーター便,2026/8/18,,組立,金光,2026/8/3,製造
平岡電気　電設営業部★,九州工場,九州工場,2026/7/27,2026/7/27,26-J0094045-008-771,ZG0000,0,"1,050.00",350,0,ZN 架台,,1,転倒防止用架台 L50x50x6 2M-3用,2026/8/17,チャーター便,2026/8/18,,組立,金光,2026/8/3,製造
平岡電気　電設営業部★,九州工場,九州工場,2026/7/27,2026/7/27,26-J0094045-007-771,ZG0000,0,"1,000.00",250,0,ZN 架台,,1,転倒防止用架台 L50x50x6 1M-5,2026/8/17,チャーター便,2026/8/18,,組立,金光,2026/8/3,製造
平岡電気　電設営業部★,九州工場,九州工場,2026/7/27,2026/7/27,26-J0094045-006-771,ZG0000,0,"1,000.00",200,0,ZN 架台,,1,転倒防止用架台 L50x50x6 1M-6,2026/8/17,チャーター便,2026/8/18,,組立,金光,2026/8/3,製造
平岡電気　電設営業部★,九州工場,九州工場,2026/7/27,2026/7/27,26-J0094045-005-771,ZG0000,0,"4,700.00",350,200,ZN 架台,,1,盤架台 C200x80x7.5x11 RM-2,2026/8/17,チャーター便,2026/8/18,,組立,金光,2026/8/3,製造
平岡電気　電設営業部★,九州工場,九州工場,2026/7/27,2026/7/27,26-J0094045-004-771,ZG0000,0,"5,690.00",350,200,ZN 架台,,1,盤架台 C200x80x7.5x11 RM-1,2026/8/17,チャーター便,2026/8/18,,組立,金光,2026/8/3,製造
平岡電気　電設営業部★,九州工場,九州工場,2026/7/27,2026/7/27,26-J0094045-003-771,ZG0000,0,"3,300.00",350,100,ZN 架台,,1,盤架台 C100x50x5x7.5 2M-3用,2026/8/17,チャーター便,2026/8/18,,組立,金光,2026/8/3,製造
平岡電気　電設営業部★,九州工場,九州工場,2026/7/27,2026/7/27,26-J0094045-001-771,ZG0000,0,600,200,500,ZN 架台,,1,盤架台 L50x50x6 1M-6,2026/8/17,チャーター便,2026/8/18,,組立,金光,2026/8/3,製造
平岡電気　電設営業部★,九州工場,九州工場,2026/7/27,2026/7/27,26-J0094045-009-771,ZG0000,0,"1,300.00",350,0,ZN 架台,,1,転倒防止用架台 L50x50x6 RM-1,2026/8/17,チャーター便,2026/8/18,,組立,金光,2026/8/3,製造
カンサイ　日進商会★,九州工場,九州工場,2026/7/28,2026/7/28,26-J0096022-001-771,IDC0000C,1.6,"2,620.00",250,910,鉄 ﾀﾞｸﾄｶﾊﾞｰ 焼付,2.5Y9/1 近似色,1,平蓋　3分割　切り欠きあり,2026/8/17,北九州配達,2026/8/18,,組立,岡,2026/8/5,製造
東芝電材　南福岡★,九州工場,九州工場,2026/7/30,2026/7/30,26-J0097980-001-771,IG0000C,6,"1,500.00",500,500,鉄 架台 焼付,5Y7/1 近似色,1,4-φ14（アンカー穴用穴）4-φ6,2026/8/18,佐川急便,2026/8/18,,塗装,山口,2026/8/6,製造
東芝電材　南福岡★,九州工場,九州工場,2026/7/30,2026/7/30,26-J0097980-002-771,IIP0000C,2.3,500,360,0,鉄 ﾌﾟﾚｰﾄ 焼付,5Y7/1 近似色,1,4-φ8　4-M6タップ,2026/8/18,佐川急便,2026/8/18,,塗装,山口,2026/8/6,製造
ＳＴＥＰ　広島★,九州工場,九州工場,2026/7/30,2026/7/30,26-J0098418-001-771,IMK0000C,1.6,"1,300.00",300,10,鉄 曲金物 焼付,N9.5(近似色),12,穴加工ｱﾘ,2026/8/18,福山通運　九州発送,2026/8/18,,塗装,ナム,2026/8/6,製造
シンセイ　徳山★,九州工場,九州工場,2026/7/31,2026/7/31,26-J0099398-001-771,IIP0000C,1.6,"1,290.00",280,0,鉄 ﾌﾟﾚｰﾄ 焼付,N9.5 近似色,40,φ30x2 M4ﾀｯﾌﾟx2 長穴x4,2026/8/17,佐川急便,2026/8/18,,塗装,柴﨑,2026/8/4,製造
東芝電材　中津★,九州工場,九州工場,2026/7/31,2026/7/31,26-J0099501-001-771,ZE4030X2,2.3,400,400,300,ZN PB 水切,,4,ｱｰｽ,2026/8/18,佐川急便,2026/8/18,,組立,金光,2026/8/4,製造
カワショウ★,九州工場,九州工場,2026/8/3,2026/8/3,26-J0100702-001-771,IKM0000C,1.6,100,100,"1,300.00",鉄 金物 焼付,N-20　3分艶,1,上部塞ぎ　穴加工 開口あり,2026/8/18,佐川急便,2026/8/18,,塗装,白濵,2026/8/6,製造
東芝電材　鹿児島★,九州工場,九州工場,2026/8/3,2026/8/3,26-J0100998-001-771,SIP0000N,1.5,240,190,0,SUS ﾌﾟﾚｰﾄ,,1,穴加工あり,2026/8/17,佐川急便,2026/8/18,,完成,倉重,2026/8/17,製造
三親電材　鳥取★,九州工場,九州工場,2026/8/3,2026/8/3,26-J0101180-001-771,SE2010XC,1.5,200,200,100,SUS PB 水切 焼付,2.5Y9/1(近似色),2,ｱｰｽ,2026/8/17,福山通運　九州発送,2026/8/18,,組立,岡,,加工
三親電材　鳥取★,九州工場,九州工場,2026/8/3,2026/8/3,26-J0101180-002-771,SE2020XC,1.5,200,200,200,SUS PB 水切 焼付,2.5Y9/1(近似色),9,ｱｰｽ,2026/8/18,福山通運　九州発送,2026/8/18,,塗装,柴﨑,,加工
三親電材　鳥取★,九州工場,九州工場,2026/8/3,2026/8/3,26-J0101184-001-771,BE2010SC,1.6,200,200,100,国土 PB 平 焼付,2.5Y9/1(近似色),2,ｱｰｽ,2026/8/17,福山通運　九州発送,2026/8/18,,組立,岡,,加工
新光産業　本社,九州工場,九州工場,2026/8/3,2026/8/3,26-J0101196-001-771,BE0000SC,2.3,800,400,400,国土 PBﾄｸ 平 焼付,2.5Y9/1,1,蓋２分割 ｱｰｽ 脱着支持棒,2026/8/18,沖縄直送,2026/8/18,,塗装,山口,2026/8/6,製造
岡本電機　呉★,九州工場,九州工場,2026/8/4,2026/8/4,26-J0102258-002-771,SE2020XC,1.5,200,200,200,SUS PB 水切 焼付,2.5Y9/1 近似色,10,ｱｰｽ,2026/8/18,福山通運　九州発送,2026/8/18,,塗装,ナム,2026/8/6,製造
岡本電機　呉★,九州工場,九州工場,2026/8/4,2026/8/4,26-J0102258-001-771,SE4040XC,1.5,400,400,400,SUS PB 水切 焼付,2.5Y9/1 近似色,2,ｱｰｽ,2026/8/17,福山通運　九州発送,2026/8/18,,組立,岡,2026/8/5,製造
岡本電機　呉★,九州工場,九州工場,2026/8/4,2026/8/4,26-J0102258-005-771,SE5030XC,1.5,500,500,300,SUS PB 水切 焼付,2.5Y9/1 近似色,4,ｱｰｽ,2026/8/17,福山通運　九州発送,2026/8/18,,完成,古川,2026/8/5,製造
岡本電機　呉★,九州工場,九州工場,2026/8/4,2026/8/4,26-J0102258-008-771,SE0000XC,1.5,400,400,500,SUS PBﾄｸ 水切 焼付,2.5Y9/1 近似色,2,ｱｰｽ,2026/8/17,福山通運　九州発送,2026/8/18,,完成,古川,2026/8/5,製造
岡本電機　呉★,九州工場,九州工場,2026/8/4,2026/8/4,26-J0102258-009-771,SE6060XC,1.5,600,600,600,SUS PB 水切 焼付,2.5Y9/1 近似色,1,ｱｰｽ,2026/8/17,福山通運　九州発送,2026/8/18,,完成,古川,2026/8/5,製造
岡本電機　呉★,九州工場,九州工場,2026/8/4,2026/8/4,26-J0102258-012-771,SE2020XC,1.5,200,200,200,SUS PB 水切 焼付,2.5Y9/1 近似色,5,ｱｰｽ,2026/8/17,福山通運　九州発送,2026/8/18,,組立,岡,,加工
かごしま電工　南★,九州工場,九州工場,2026/8/4,2026/8/4,26-J0102272-001-771,SE1510WCW,1.5,150,150,100,SUS PB 被せ 焼付,2.5Y9/1 近似色,1,ｱｰｽ 内ﾜﾆｽ,2026/8/18,佐川急便,2026/8/18,,塗装,柴﨑,2026/8/5,製造
木村電機　菊陽★,九州工場,九州工場,2026/8/4,2026/8/4,26-J0102439-003-771,SE3020XC,1.5,300,300,200,SUS PB 水切 焼付,2.5Y9/1 近似色,3,ｱｰｽ,2026/8/18,佐川急便,2026/8/18,,塗装,山口,,加工
木村電機　菊陽★,九州工場,九州工場,2026/8/4,2026/8/4,26-J0102439-002-771,SE2010XC,1.5,200,200,100,SUS PB 水切 焼付,2.5Y9/1 近似色,2,ｱｰｽ,2026/8/18,佐川急便,2026/8/18,,塗装,柴﨑,,加工
木村電機　菊陽★,九州工場,九州工場,2026/8/4,2026/8/4,26-J0102439-001-771,SE1510XC,1.5,150,150,100,SUS PB 水切 焼付,2.5Y9/1 近似色,1,ｱｰｽ,2026/8/18,佐川急便,2026/8/18,,塗装,柴﨑,,加工
ウチダ★,九州工場,九州工場,2026/8/4,2026/8/4,26-J0102467-002-771,SE2010XNA,1.5,200,200,100,SUS PB 水切,,5,ｱｰｽ 足付L3x30 12ﾊﾟｲx4,2026/8/18,福山通運　九州発送,2026/8/18,,溶接,マイン,2026/8/18,製造
ウチダ★,九州工場,九州工場,2026/8/4,2026/8/4,26-J0102467-001-771,SE2010XNA,1.5,200,200,100,SUS PB 水切,,5,ｱｰｽ 足付L3x30 12ﾊﾟｲx4,2026/8/17,福山通運　九州発送,2026/8/18,,溶接,マイン,2026/8/17,製造
啓電社★,九州工場,九州工場,2026/8/5,2026/8/5,26-J0102661-001-771,DE0000WN,2.3,800,300,400,Sﾀﾞｲﾏ PBﾄｸ 被せ,,1,ｱｰｽ,2026/8/17,ヤマックス福岡,2026/8/18,,仕上,三澄,2026/8/17,製造
啓電社★,九州工場,九州工場,2026/8/5,2026/8/5,26-J0102661-002-771,DE0000WN,1.6,500,300,300,Sﾀﾞｲﾏ PBﾄｸ 被せ,,3,ｱｰｽ,2026/8/7,ヤマックス福岡,2026/8/18,,完成,古川,2026/8/7,製造
ハッピー電気　水俣★,九州工場,九州工場,2026/8/5,2026/8/5,26-J0102688-002-771,IP3015SC,1.6,300,300,150,鉄 PB 平 焼付,2.5Y9/1 近似色,1,,2026/8/18,佐川急便,2026/8/18,,塗装,柴﨑,2026/8/6,製造
ハッピー電気　水俣★,九州工場,九州工場,2026/8/5,2026/8/5,26-J0102688-001-771,II0000C,1.6,500,450,0,鉄 切板 焼付,2.5Y9/1 近似色,1,吊穴φ6x2箇所,2026/8/18,佐川急便,2026/8/18,,塗装,山口,2026/8/6,製造
三永興産★,九州工場,九州工場,2026/8/5,2026/8/5,26-J0102987-001-771,BE2015SC,1.6,200,200,150,国土 PB 平 焼付,5Y7/1 近似色,1,ｱｰｽ,2026/8/18,福山通運　九州発送,2026/8/18,,塗装,山口,,加工
東芝電材　岡山★,九州工場,九州工場,2026/8/5,2026/8/5,26-J0102989-001-771,BE2010SC,1.6,200,200,100,国土 PB 平 焼付,2.5Y9/1(近似色),2,ｱｰｽ,2026/8/18,福山通運　九州発送,2026/8/18,,塗装,柴﨑,2026/8/6,製造
ｹｲ･ｴｽ･ﾃﾞｰ　鹿児島★,九州工場,九州工場,2026/8/5,2026/8/5,26-J0103148-001-771,BE4030SC,1.6,400,400,300,国土 PB 平 焼付,2.5Y9/1 近似色,3,ｱｰｽ,2026/8/18,佐川急便,2026/8/18,,塗装,ナム,2026/8/6,製造
ｹｲ･ｴｽ･ﾃﾞｰ　鹿児島★,九州工場,九州工場,2026/8/5,2026/8/5,26-J0103148-002-771,BE2015SC,1.6,200,200,150,国土 PB 平 焼付,2.5Y9/1 近似色,1,ｱｰｽ,2026/8/18,佐川急便,2026/8/18,,塗装,柴﨑,,加工
カンサイ　八幡★,九州工場,九州工場,2026/8/5,2026/8/5,26-J0103201-002-771,IP0000SG,2.3,900,600,400,鉄 PBﾄｸ 平,,1,さび止め,2026/8/7,北九州配達,2026/8/18,,完成,倉重,2026/8/6,製造
カンサイ　八幡★,九州工場,九州工場,2026/8/5,2026/8/5,26-J0103201-001-771,IP0000SG,2.3,900,900,400,鉄 PBﾄｸ 平,,2,さび止め,2026/8/17,北九州配達,2026/8/18,,組立,服部,2026/8/7,製造
アルファ電業商事　本社★,九州工場,九州工場,2026/8/5,2026/8/5,26-J0103226-001-771,BE4040SC,1.6,400,400,400,国土 PB 平 焼付,2.5Y9/1 近似色,1,ｱｰｽ,2026/8/18,佐川急便,2026/8/18,,塗装,ナム,2026/8/6,製造
小林電工　岡山★,九州工場,九州工場,2026/8/5,2026/8/5,26-J0103264-001-771,IIP0000C,1.6,200,150,0,鉄 ﾌﾟﾚｰﾄ 焼付,5Y7/1(近似色),1,開口・穴加工ｱﾘ,2026/8/18,福山通運　九州発送,2026/8/18,,塗装,山口,2026/8/6,製造
興陽電機　福岡西★,九州工場,九州工場,2026/8/5,2026/8/5,26-J0103302-001-771,SKM0000N,2,120,60,"1,300.00",SUS 金物,,1,上部塞ぎ　2-φ50 2-M4ﾀｯﾌﾟ,2026/8/17,ヤマックス福岡,2026/8/18,,組立,坂元,2026/8/17,製造
山陰ﾊﾟﾅｿﾆｯｸ　松江,九州工場,九州工場,2026/8/5,2026/8/5,26-J0103315-001-771,SE2015XC,1.5,200,200,150,SUS PB 水切 焼付,2.5Y9/1(近似色),3,ｱｰｽ,2026/8/18,福山通運　九州発送,2026/8/18,,塗装,柴﨑,,加工
米良電機　日南★,九州工場,九州工場,2026/8/5,2026/8/5,26-J0103319-001-771,IP3015SC,1.6,300,300,150,鉄 PB 平 焼付,2.5Y9/1 近似色,1,,2026/8/18,佐川急便,2026/8/18,,塗装,柴﨑,2026/8/6,製造
中国機材設備　呉★,九州工場,九州工場,2026/8/5,2026/8/5,26-J0103465-002-771,SE2010XC,1.5,200,200,100,SUS PB 水切 焼付,15-80A 近似色,2,ｱｰｽ　,2026/8/18,佐川急便,2026/8/18,,塗装,増井,,加工
日本電設資材　福岡★,九州工場,九州工場,2026/8/6,2026/8/6,26-J0104025-002-771,IKW0000G,0,"1,200.00",200,570,鉄 貫通枠,,1,さび止め 平蓋　C100x50溶接,2026/8/18,福山通運　九州発送,2026/8/18,,組立,服部,2026/8/18,製造
日本電設資材　福岡★,九州工場,九州工場,2026/8/6,2026/8/6,26-J0104025-001-771,IKW0000G,0,800,200,570,鉄 貫通枠,,1,さび止め 平蓋　C100x50溶接,2026/8/18,福山通運　九州発送,2026/8/18,,組立,服部,2026/8/18,製造
東芝電材　宮崎★,九州工場,九州工場,2026/8/6,2026/8/6,26-J0105034-001-771,DP0000SN,1.6,600,600,300,Sﾀﾞｲﾏ PBﾄｸ 平,,1,平蓋ｺﾞﾑﾊﾟｯｷﾝ 開口 勾配,2026/8/18,福山通運　九州発送,2026/8/18,,溶接,恒川,2026/8/18,製造
富士商会★,九州工場,九州工場,2026/8/7,2026/8/7,26-J0105104-001-771,IE0000SG,1.6,600,200,200,鉄 PBﾄｸ 平,,1,ｱｰｽ さび止め,2026/8/18,福山通運　九州発送,2026/8/18,,塗装,坂元,2026/8/17,製造
オリオン商事　福岡★,九州工場,九州工場,2026/8/7,2026/8/7,26-J0105260-001-771,SP4030XN,1.5,400,400,300,SUS PB 水切,,2,,2026/8/17,ヤマックス福岡,2026/8/18,,完成,服部,2026/8/17,製造
大洋電材　本社★,九州工場,九州工場,2026/8/7,2026/8/7,26-J0105278-001-771,I02000SG,1.6,600,250,0,鉄 ふたﾄｸ,,1,平ふた さび止め,2026/8/17,北九州配達,2026/8/18,,ｷｬﾝｾﾙ,坂元,2026/8/7,製造
シンセイ　広島第一★,九州工場,九州工場,2026/8/7,2026/8/7,26-J0105494-001-771,II0000G,3.2,500,500,0,鉄 切板,,1,さび止め,2026/8/18,福山通運　九州発送,2026/8/18,,塗装,坂元,2026/8/17,製造
正二電気　岡山本社,九州工場,九州工場,2026/8/7,2026/8/7,26-J0105530-001-771,IIP0000G,1.6,300,300,0,鉄 ﾌﾟﾚｰﾄ,,1,さび止め 穴加工ｱﾘ,2026/8/18,福山通運　九州発送,2026/8/18,,塗装,樫原,2026/8/17,製造
正二電気　岡山本社,九州工場,九州工場,2026/8/7,2026/8/7,26-J0105530-002-771,IIP0000G,1.6,380,380,0,鉄 ﾌﾟﾚｰﾄ,,2,さび止め 穴加工ｱﾘ,2026/8/18,福山通運　九州発送,2026/8/18,,塗装,樫原,2026/8/17,製造
山陰ﾊﾟﾅｿﾆｯｸ　米子★,九州工場,九州工場,2026/8/7,2026/8/7,26-J0105541-001-771,BE3030XG,1.6,300,300,300,国土 PB 水切,,2,ｱｰｽ さび止め,2026/8/18,福山通運　九州発送,2026/8/18,,塗装,坂元,2026/8/17,製造
東芝電材　鳥取★,九州工場,九州工場,2026/8/7,2026/8/7,26-J0105580-001-771,SMK0000N,1.5,140,140,50,SUS 曲金物,,7,穴加工ｱﾘ,2026/8/18,福山通運　九州発送,2026/8/18,,完成,服部,2026/8/18,製造
三和電気商会★,九州工場,九州工場,2026/8/7,2026/8/7,26-J0105609-001-771,SP0000WN,1.5,500,200,200,SUS PBﾄｸ 被せ,,1,,2026/8/18,福山通運　九州発送,2026/8/18,,完成,服部,2026/8/18,製造
米良電機　宮崎★,九州工場,九州工場,2026/8/7,2026/8/7,26-J0105617-001-771,BE6060SG,1.6,600,600,600,国土 PB 平,,1,ｱｰｽ さび止め,2026/8/18,佐川急便,2026/8/18,,溶接,フイ,2026/8/17,製造
赤木電機★,九州工場,九州工場,2026/8/7,2026/8/7,26-J0105766-001-771,SE0000SNP,1.5,600,400,200,SUS PBﾄｸ 平,,1,ｱｰｽ ｺﾞﾑﾊﾟｯｷﾝ付,2026/8/18,福山通運　九州発送,2026/8/18,,曲げ,ラム,2026/8/18,製造
四国ミツヤマ電気★,九州工場,九州工場,2026/8/7,2026/8/7,26-J0105802-001-771,SE4030SN,1.5,400,400,300,SUS PB 平,,1,ｱｰｽ,2026/8/18,福山通運　九州発送,2026/8/18,,曲げ,ラム,2026/8/18,製造
四国ミツヤマ電気★,九州工場,九州工場,2026/8/7,2026/8/7,26-J0105802-002-771,SE0000XN,1.5,350,250,200,SUS PBﾄｸ 水切,,1,ｱｰｽ,2026/8/18,福山通運　九州発送,2026/8/18,,曲げ,ラム,2026/8/18,製造
丸音音春商店　福岡★,九州工場,九州工場,2026/8/7,2026/8/7,26-J0105968-001-771,SE0000WN,1.5,100,100,50,SUS PBﾄｸ 被せ,,1,ｱｰｽ,2026/8/17,ヤマックス福岡,2026/8/18,,組立,井上,2026/8/17,製造
シンセイ　福山★,九州工場,九州工場,2026/8/7,2026/8/7,26-J0106037-001-771,SP0000WN,1.5,450,300,300,SUS PBﾄｸ 被せ,,2,,2026/8/18,福山通運　九州発送,2026/8/18,,曲げ,道上,2026/8/18,製造
カンサイ　宗像★,九州工場,九州工場,2026/8/17,2026/8/17,26-J0106162-001-771,SE0000XN,1.5,400,300,300,SUS PBﾄｸ 水切,,1,ｱｰｽ,2026/8/18,佐川急便,2026/8/18,,曲げ,道上,2026/8/18,製造
菱栄電材★,九州工場,九州工場,2026/8/17,2026/8/17,26-J0106234-002-771,SE0000XN,1.5,650,400,300,SUS PBﾄｸ 水切,,1,ｱｰｽ,2026/8/18,福山通運　九州発送,2026/8/18,,曲げ,道上,2026/8/18,製造
菱栄電材★,九州工場,九州工場,2026/8/17,2026/8/17,26-J0106234-001-771,SE0000XN,1.5,650,400,150,SUS PBﾄｸ 水切,,1,ｱｰｽ,2026/8/18,福山通運　九州発送,2026/8/18,,曲げ,道上,2026/8/18,製造
カンサイ　電設★,九州工場,九州工場,2026/8/17,2026/8/17,26-J0106297-001-771,IG0000G,0,"1,420.00",125,0,鉄 架台,,1,さび止め C125x65x6x8 横材 No.21,2026/8/17,ヤマックス　ｽﾎﾟｯﾄ便,2026/8/18,,塗装,樫原,2026/8/17,製造
カンサイ　電設★,九州工場,九州工場,2026/8/17,2026/8/17,26-J0106297-003-771,IG0000G,0,"1,380.00",125,0,鉄 架台,,2,さび止め C125x65x6x8 横材 No.23,2026/8/17,ヤマックス　ｽﾎﾟｯﾄ便,2026/8/18,,塗装,樫原,2026/8/17,製造
カンサイ　電設★,九州工場,九州工場,2026/8/17,2026/8/17,26-J0106297-002-771,IG0000G,0,"1,410.00",125,0,鉄 架台,,1,さび止め C125x65x6x8 横材 No.22,2026/8/17,ヤマックス　ｽﾎﾟｯﾄ便,2026/8/18,,塗装,樫原,2026/8/17,製造
カンサイ　八幡★,九州工場,九州工場,2026/8/17,2026/8/17,26-J0106328-002-771,IG0000G,0,"1,080.00",0,0,鉄 架台,,2,さび止め C125x65x6/8 横鋼材,2026/8/17,ヤマックス　ｽﾎﾟｯﾄ便,2026/8/18,,完成,,2026/8/17,製造
カンサイ　八幡★,九州工場,九州工場,2026/8/17,2026/8/17,26-J0106328-001-771,IG0000G,0,"2,810.00",0,0,鉄 架台,,2,さび止め C125x65x8/8 縦鋼材,2026/8/17,ヤマックス　ｽﾎﾟｯﾄ便,2026/8/18,,塗装,樫原,2026/8/17,製造
大洋電材　本社★,九州工場,九州工場,2026/8/17,2026/8/17,26-J0106540-001-771,II0000N,1.6,500,200,0,鉄 切板,,1,生地,2026/8/17,北九州配達,2026/8/18,,完成,井上,2026/8/17,製造
平和テクノ　行橋★,九州工場,九州工場,2026/8/17,2026/8/17,26-J0106612-001-771,II0000N,2.3,160,160,0,鉄 切板,,5,サビ生地,2026/8/18,佐川急便,2026/8/18,,切断,林(浩),2026/8/18,製造
平和テクノ　行橋★,九州工場,九州工場,2026/8/17,2026/8/17,26-J0106612-002-771,II0000N,2.3,175,210,0,鉄 切板,,2,サビ生地,2026/8/18,佐川急便,2026/8/18,,切断,林(浩),2026/8/18,製造
木村電機　水俣★,九州工場,九州工場,2026/8/17,2026/8/17,26-J0106657-001-771,SE0000XN,1.5,400,200,150,SUS PBﾄｸ 水切,,2,ｱｰｽ,2026/8/18,佐川急便,2026/8/18,,切断,井上(隆),2026/8/18,製造
カンサイ　熊本★,九州工場,九州工場,2026/8/17,2026/8/17,26-J0106741-001-771,SP0000WN,1.5,500,200,200,SUS PBﾄｸ 被せ,,4,,2026/8/18,福山通運　九州発送,2026/8/18,,切断,井上(隆),2026/8/18,製造
タツミ電材　佐賀本社★,九州工場,九州工場,2026/8/17,2026/8/17,26-J0106757-001-771,S02050SN,1.5,500,500,0,SUS ふた,,1,平ふた,2026/8/17,佐川急便,2026/8/18,,未着手,,2026/8/17,製造
興陽電機　岩国★,九州工場,九州工場,2026/8/17,2026/8/17,26-J0106886-001-771,SE3010XNA,1.5,300,300,100,SUS PB 水切,,2,ｱｰｽ 足付L3x40 12ﾊﾟｲx4,2026/8/18,福山通運　九州発送,2026/8/18,,溶接,テイン,2026/8/18,製造
ハッピー電気　清水★,九州工場,九州工場,2026/8/17,2026/8/17,26-J0106937-001-771,IP0000SG,1.6,400,300,200,鉄 PBﾄｸ 平,,1,さび止め,2026/8/18,佐川急便,2026/8/18,,溶接,フイ,2026/8/17,製造
ミューハウス　熊本★,九州工場,九州工場,2026/8/17,2026/8/17,26-J0106986-001-771,SE0000WN,1.5,400,600,500,SUS PBﾄｸ 被せ,,1,ｱｰｽ,2026/8/18,佐川急便,2026/8/18,,切断,井上(隆),2026/8/18,製造
平和テクノ　防府★,九州工場,九州工場,2026/8/17,2026/8/17,26-J0107099-001-771,SE0000SN,1.5,300,200,200,SUS PBﾄｸ 平,,1,ｱｰｽ,2026/8/18,福山通運　九州発送,2026/8/18,,切断,井上(隆),2026/8/18,製造
カンサイ　苅田★,九州工場,九州工場,2026/8/17,2026/8/17,26-J0107102-001-771,SP3530WN,1.5,350,350,300,SUS PB 被せ,,1,,2026/8/18,佐川急便,2026/8/18,,切断,井上(隆),2026/8/18,製造
ナミデン　山口★,九州工場,九州工場,2026/8/17,2026/8/17,26-J0107208-001-771,SP0000WN,1.5,350,150,150,SUS PBﾄｸ 被せ,,1,,2026/8/18,福山通運　九州発送,2026/8/18,,未着手,,2026/8/18,製造
東芝電材　南福岡★,九州工場,九州工場,2026/8/17,2026/8/17,26-J0107428-002-771,BIP0000N,1.6,"1,095.00",455,0,処理鋼板 ﾌﾟﾚｰﾄ,,1,φ5x12 生地,2026/8/18,佐川急便,2026/8/18,,切断,森山,2026/8/18,製造
シンセイ　広島第二★,九州工場,九州工場,2026/8/17,2026/8/17,26-J0107636-001-771,BE0000SG,1.6,350,350,250,国土 PBﾄｸ 平,,1,蓋無し　ｱｰｽ 　ｾﾝﾀｰｾﾊﾟﾚｰﾀ　さび止め,2026/8/18,福山通運　九州発送,2026/8/18,,未着手,,2026/8/17,製造
日本電設資材　福岡★,九州工場,九州工場,2026/6/29,2026/6/29,26-J0071570-003-771,IG0000G,0,215,210,900,鉄 架台,,1,さび止め [150x75x6.5t L65x65x6t QR50用(EPS2),2026/8/18,ヤマックス福岡,2026/8/19,,塗装,樫原,2026/8/7,製造
日本電設資材　福岡★,九州工場,九州工場,2026/6/29,2026/6/29,26-J0071570-001-771,IG0000G,0,215,210,"1,100.00",鉄 架台,,1,さび止め [150×75×6.5t　L65×65×6t QR70用(EPS1),2026/8/18,ヤマックス福岡,2026/8/19,,塗装,樫原,2026/8/7,製造
日本電設資材　福岡★,九州工場,九州工場,2026/6/29,2026/6/29,26-J0071570-002-771,IG0000G,0,215,210,"1,100.00",鉄 架台,,1,さび止め [150×75×6.5t　L65×65×6t QR70用(EPS3),2026/8/18,ヤマックス福岡,2026/8/19,,塗装,樫原,2026/8/7,製造
日本電設資材　福岡★,九州工場,九州工場,2026/6/29,2026/6/29,26-J0071570-005-771,IG0000G,0,215,210,900,鉄 架台,,1,さび止め [150x75x6.5t L65x65x6t QR50用(EPS4),2026/8/18,ヤマックス福岡,2026/8/19,,塗装,樫原,2026/8/7,製造
暁電業　津山★,九州工場,九州工場,2026/7/29,2026/7/29,26-J0097011-001-771,SG0000N,4,300,320,250,SUS 架台,,4,穴加工ｱﾘ,2026/8/19,福山通運　九州発送,2026/8/19,,溶接,ハイ,2026/8/19,製造
東芝電材　松江★,九州工場,九州工場,2026/7/30,2026/7/30,26-J0098326-001-771,ZE0000XA,2.3,300,300,300,ZN PBﾄｸ 水切,,1,HDZT-56 ｱｰｽ 足付L3x40Φ12 穴加工ｱﾘ ｶｯﾌﾟﾘﾝｸﾞ,2026/8/19,福山通運　九州発送,2026/8/19,,溶接,フイ,2026/8/4,製造
東芝電材　松江★,九州工場,九州工場,2026/7/30,2026/7/30,26-J0098326-003-771,ZE0000X,2.3,300,300,300,ZN PBﾄｸ 水切,,3,HDZT-56 ｱｰｽ 足付FB3x50Φ12  ｶｯﾌﾟﾘﾝｸﾞ,2026/8/19,福山通運　九州発送,2026/8/19,,溶接,フイ,2026/8/5,製造
東芝電材　松江★,九州工場,九州工場,2026/7/30,2026/7/30,26-J0098326-002-771,ZE0000XA,2.3,300,300,300,ZN PBﾄｸ 水切,,1,HDZT-56 ｱｰｽ 足付L3x40Φ12 穴加工ｱﾘ,2026/8/19,福山通運　九州発送,2026/8/19,,溶接,フイ,2026/8/4,製造
日本電設資材　久留米★,九州工場,九州工場,2026/7/31,2026/7/31,26-J0098743-002-771,ZG0000,0,"1,400.00","1,000.00",150,ZN 架台,,1,L50x50x6t 穴加工,2026/8/19,佐川急便,2026/8/19,,溶接,ズオン,2026/8/6,製造
日本電設資材　久留米★,九州工場,九州工場,2026/7/31,2026/7/31,26-J0098743-001-771,ZG0000,0,"1,200.00",800,400,ZN 架台,,2,L50x50x6t [5x50x100 穴加工,2026/8/19,佐川急便,2026/8/19,,溶接,石松,2026/8/6,製造
シンセイ　岡山★,九州工場,九州工場,2026/7/31,2026/7/31,26-J0099255-001-771,ZP0000XA,3.2,"1,200.00",550,200,ZN PBﾄｸ 水切,,2,HDZT63 足付(位置指定)L6x50Φ15 開口ｱﾘ,2026/8/19,福山通運　九州発送,2026/8/19,,溶接,フイ,2026/8/5,製造
三親電材　鳥取★,九州工場,九州工場,2026/7/31,2026/7/31,26-J0099423-001-771,ZE4040X2,2.3,400,400,400,ZN PB 水切,,2,HDZT56 ｱｰｽ,2026/8/19,福山通運　九州発送,2026/8/19,,溶接,フイ,2026/8/5,製造
イシグロ　広島★,九州工場,九州工場,2026/7/31,2026/7/31,26-J0099641-005-771,IG0000G,0,0,250,"1,500.00",鉄 架台,,4,L-50X50X6t  さび止め　5階住田工業分　,2026/8/18,福山通運　九州発送,2026/8/19,,完成,樋口,2026/8/17,製造
イシグロ　広島★,九州工場,九州工場,2026/7/31,2026/7/31,26-J0099641-006-771,IG0000G,0,0,250,"1,300.00",鉄 架台,,6,L-50X50X6t　さび止め　5階住田工業分　,2026/8/18,福山通運　九州発送,2026/8/19,,完成,樋口,2026/8/17,製造
Q-mast　空調管グル－プ★,九州工場,九州工場,2026/8/3,2026/8/3,26-J0099780-001-771,ZG0000,0,"1,500.00",615,0,ZN 架台,,1,L50x50x6  精錬棟1階 衛生配管1 事務所PS,2026/8/18,ヤマックス　ｽﾎﾟｯﾄ便,2026/8/19,,溶接,石松,2026/8/5,製造
Q-mast　空調管グル－プ★,九州工場,九州工場,2026/8/3,2026/8/3,26-J0099780-006-771,ZG0000,0,300,"1,000.00",0,ZN 架台,,1,L50x50x6  精錬棟1階 空調配管1 休憩室上,2026/8/18,ヤマックス　ｽﾎﾟｯﾄ便,2026/8/19,,溶接,石松,2026/8/5,製造
Q-mast　空調管グル－プ★,九州工場,九州工場,2026/8/3,2026/8/3,26-J0099780-004-771,ZG0000,0,940,"1,000.00",0,ZN 架台,,1,L50x50x6  精錬棟1階 衛生配管1 BX6-7/BY12,2026/8/18,ヤマックス　ｽﾎﾟｯﾄ便,2026/8/19,,溶接,石松,2026/8/5,製造
Q-mast　空調管グル－プ★,九州工場,九州工場,2026/8/3,2026/8/3,26-J0099780-005-771,ZG0000,0,450,"1,000.00",0,ZN 架台,,1,L50x50x6  精錬棟1階 衛生配管2 BX6-7/BY12,2026/8/18,ヤマックス　ｽﾎﾟｯﾄ便,2026/8/19,,溶接,石松,2026/8/5,製造
Q-mast　空調管グル－プ★,九州工場,九州工場,2026/8/3,2026/8/3,26-J0099780-002-771,ZG0000,0,450,"1,000.00",0,ZN 架台,,1,L50x50x6  精錬棟1階 排気ﾀﾞｸﾄ1 休憩室上,2026/8/18,ヤマックス　ｽﾎﾟｯﾄ便,2026/8/19,,溶接,石松,2026/8/5,製造
Q-mast　空調管グル－プ★,九州工場,九州工場,2026/8/3,2026/8/3,26-J0099780-003-771,ZG0000,0,600,"1,000.00",0,ZN 架台,,1,L50x50x6  精錬棟1階 ﾀﾞｸﾄ･通気1 休憩室上,2026/8/18,ヤマックス　ｽﾎﾟｯﾄ便,2026/8/19,,溶接,石松,2026/8/5,製造
シンセイ　広島第一★,九州工場,九州工場,2026/8/3,2026/8/3,26-J0099781-001-771,IG0000C,6,630,570,150,鉄 架台 焼付,N1 3分艶 近似色,1,L65x65x6t 4-φ16PL6.0t 4-M12裏ﾅｯﾄ溶接,2026/8/19,福山通運　九州発送,2026/8/19,,溶接,ズオン,2026/8/7,製造
Q-mast　空調管グル－プ★,九州工場,九州工場,2026/8/3,2026/8/3,26-J0100044-001-771,ZG0000,0,140,350,210,ZN 架台,,1,架台取付ﾋﾟｰｽ　　精錬棟2F 鉄骨ﾋﾟｰｽ 1,2026/8/18,ヤマックス　ｽﾎﾟｯﾄ便,2026/8/19,,溶接,恒川,2026/8/5,製造
Q-mast　空調管グル－プ★,九州工場,九州工場,2026/8/3,2026/8/3,26-J0100044-002-771,ZG0000,0,140,550,140,ZN 架台,,1,架台取付ﾋﾟｰｽ　　精錬棟2F 鉄骨ﾋﾟｰｽ 2,2026/8/18,ヤマックス　ｽﾎﾟｯﾄ便,2026/8/19,,溶接,恒川,2026/8/5,製造
Q-mast　空調管グル－プ★,九州工場,九州工場,2026/8/3,2026/8/3,26-J0100044-003-771,ZG0000,0,350,140,124,ZN 架台,,2,架台取付ﾋﾟｰｽ　　精錬棟2F,2026/8/18,ヤマックス　ｽﾎﾟｯﾄ便,2026/8/19,,溶接,恒川,2026/8/5,製造
Q-mast　空調管グル－プ★,九州工場,九州工場,2026/8/3,2026/8/3,26-J0100044-004-771,ZG0000,0,250,140,124,ZN 架台,,4,架台取付ﾋﾟｰｽ　　精錬棟2F,2026/8/18,ヤマックス　ｽﾎﾟｯﾄ便,2026/8/19,,溶接,恒川,2026/8/5,製造
Q-mast　空調管グル－プ★,九州工場,九州工場,2026/8/3,2026/8/3,26-J0100044-005-771,ZG0000,0,325,140,126,ZN 架台,,2,架台取付ﾋﾟｰｽ　　精錬棟2F,2026/8/18,ヤマックス　ｽﾎﾟｯﾄ便,2026/8/19,,溶接,恒川,2026/8/5,製造
Q-mast　空調管グル－プ★,九州工場,九州工場,2026/8/3,2026/8/3,26-J0100044-006-771,ZTG0000,0,"1,440.00","1,895.00",0,ZN 耐震架台,,1,精錬棟2F 空調ﾀﾞｸﾄ(排煙) 32,2026/8/18,ヤマックス　ｽﾎﾟｯﾄ便,2026/8/19,,溶接,ゴック,2026/8/5,製造
シンセイ　広島第一★,九州工場,九州工場,2026/8/3,2026/8/3,26-J0100643-001-771,ZE3020X2,2.3,300,300,200,ZN PB 水切,,3,HDZT49 ｱｰｽ,2026/8/19,福山通運　九州発送,2026/8/19,,溶接,フイ,2026/8/5,製造
広島電機器材,九州工場,九州工場,2026/8/3,2026/8/3,26-J0101176-001-771,ZE3020X2,2.3,300,300,200,ZN PB 水切,,2,ｱｰｽ,2026/8/19,福山通運　九州発送,2026/8/19,,溶接,フイ,2026/8/5,製造
広島電機器材,九州工場,九州工場,2026/8/3,2026/8/3,26-J0101176-002-771,ZE2020X2,2.3,200,200,200,ZN PB 水切,,2,ｱｰｽ,2026/8/19,福山通運　九州発送,2026/8/19,,溶接,フイ,2026/8/5,製造
興陽電機　山口★,九州工場,九州工場,2026/8/4,2026/8/4,26-J0101780-001-771,SE5020WN,1.5,500,500,200,SUS PB 被せ,,1,ｱｰｽ,2026/8/19,佐川急便,2026/8/19,,曲げ,ラム,2026/8/19,製造
木村電機　熊本東★,九州工場,九州工場,2026/8/4,2026/8/4,26-J0101799-001-771,SP0000WC,2,800,700,300,SUS PBﾄｸ 被せ 焼付,色見本ｱﾘ,1,底面開口,2026/8/19,佐川急便,2026/8/19,,塗装,山口,2026/8/7,製造
カンサイ　南★,九州工場,九州工場,2026/8/4,2026/8/4,26-J0101860-003-771,ZE3020W2,2.3,300,300,200,ZN PB 被せ,,1,HDZT49 ｱｰｽ,2026/8/19,佐川急便,2026/8/19,,溶接,フイ,2026/8/5,製造
カンサイ　南★,九州工場,九州工場,2026/8/4,2026/8/4,26-J0101860-004-771,ZE2010W2,2.3,200,200,100,ZN PB 被せ,,3,HDZT49 ｱｰｽ,2026/8/19,佐川急便,2026/8/19,,溶接,フイ,2026/8/5,製造
カンサイ　南★,九州工場,九州工場,2026/8/4,2026/8/4,26-J0101860-005-771,ZE1510W2,2.3,150,150,100,ZN PB 被せ,,1,HDZT49 ｱｰｽ,2026/8/19,佐川急便,2026/8/19,,溶接,フイ,2026/8/5,製造
カンサイ　南★,九州工場,九州工場,2026/8/4,2026/8/4,26-J0101860-002-771,ZE5030W2,2.3,500,500,300,ZN PB 被せ,,1,HDZT49 ｱｰｽ,2026/8/19,佐川急便,2026/8/19,,溶接,フイ,2026/8/5,製造
富士商会　大村★,九州工場,九州工場,2026/8/4,2026/8/4,26-J0101883-005-771,ZE0000X,2.3,450,350,250,ZN PBﾄｸ 水切,,1,ｱｰｽ,2026/8/19,佐川急便,2026/8/19,,曲げ,志田,2026/8/5,製造
富士商会　大村★,九州工場,九州工場,2026/8/4,2026/8/4,26-J0101883-001-771,ZE2010X2,2.3,200,200,100,ZN PB 水切,,1,ｱｰｽ,2026/8/19,佐川急便,2026/8/19,,溶接,フイ,2026/8/5,製造
富士商会　大村★,九州工場,九州工場,2026/8/4,2026/8/4,26-J0101883-002-771,ZE2015X2,2.3,200,200,150,ZN PB 水切,,1,ｱｰｽ,2026/8/19,佐川急便,2026/8/19,,溶接,フイ,2026/8/5,製造
富士商会　大村★,九州工場,九州工場,2026/8/4,2026/8/4,26-J0101883-003-771,ZE2520X2,2.3,250,250,200,ZN PB 水切,,4,ｱｰｽ,2026/8/19,佐川急便,2026/8/19,,溶接,フイ,2026/8/5,製造
富士商会　大村★,九州工場,九州工場,2026/8/4,2026/8/4,26-J0101883-004-771,ZE0000X,2.3,500,400,300,ZN PBﾄｸ 水切,,1,ｱｰｽ,2026/8/19,佐川急便,2026/8/19,,曲げ,志田,2026/8/5,製造
中国機材設備　本社★,九州工場,九州工場,2026/8/4,2026/8/4,26-J0102282-001-771,IC0000C,1.6,670,500,20,鉄 ｶﾊﾞｰ 焼付,N9.5 近似色,1,四方曲げカバー　側面吊り穴,2026/8/19,佐川急便,2026/8/19,,塗装,山口,2026/8/7,製造
さくら電機　志布志★,九州工場,九州工場,2026/8/5,2026/8/5,26-J0102768-002-771,SE6060XCW,1.5,600,600,600,SUS PB 水切 焼付,5Y7/1 近似色,2,ｱｰｽ 内ﾜﾆｽ,2026/8/19,佐川急便,2026/8/19,,塗装,三澄,2026/8/6,製造
さくら電機　志布志★,九州工場,九州工場,2026/8/5,2026/8/5,26-J0102768-003-771,SE2020XCW,1.5,200,200,200,SUS PB 水切 焼付,5Y7/1 近似色,1,ｱｰｽ 内ﾜﾆｽ,2026/8/19,佐川急便,2026/8/19,,仕上,三澄,2026/8/6,製造
さくら電機　志布志★,九州工場,九州工場,2026/8/5,2026/8/5,26-J0102768-001-771,SE3030XCW,1.5,300,300,300,SUS PB 水切 焼付,5Y7/1 近似色,2,ｱｰｽ 内ﾜﾆｽ,2026/8/19,佐川急便,2026/8/19,,塗装,三澄,2026/8/6,製造
さくら電機　志布志★,九州工場,九州工場,2026/8/5,2026/8/5,26-J0102768-004-771,SE2015XCW,1.5,200,200,150,SUS PB 水切 焼付,5Y7/1 近似色,1,ｱｰｽ 内ﾜﾆｽ,2026/8/19,佐川急便,2026/8/19,,仕上,三澄,2026/8/6,製造
かごしま電工　南★,九州工場,九州工場,2026/8/5,2026/8/5,26-J0103180-001-771,SE0000XC,1.5,300,300,300,SUS PBﾄｸ 水切 焼付,2.5Y9/1 近似色,2,ｱｰｽ Z形足付FB(φ12)x4 水抜穴,2026/8/19,佐川急便,2026/8/19,,塗装,山口,2026/8/7,製造
かごしま電工　南★,九州工場,九州工場,2026/8/5,2026/8/5,26-J0103198-001-771,SE6060XC,1.5,600,600,600,SUS PB 水切 焼付,2.5Y9/1 近似色,1,ｱｰｽ,2026/8/18,佐川急便,2026/8/19,,塗装,山口,2026/8/6,製造
かごしま電工　南★,九州工場,九州工場,2026/8/5,2026/8/5,26-J0103198-002-771,SP0000XC,1.5,400,400,400,SUS PBﾄｸ 水切 焼付,2.5Y9/1 近似色,1,G54ｶｯﾌﾟﾘﾝｸﾞx1  座無ｼｰﾙ付,2026/8/19,佐川急便,2026/8/19,,塗装,山口,2026/8/7,製造
かごしま電工　南★,九州工場,九州工場,2026/8/5,2026/8/5,26-J0103198-003-771,SP3020XC,1.5,300,300,200,SUS PB 水切 焼付,2.5Y9/1 近似色,1,座無ｼｰﾙ付,2026/8/18,佐川急便,2026/8/19,,塗装,柴﨑,2026/8/6,製造
かごしま電工　南★,九州工場,九州工場,2026/8/5,2026/8/5,26-J0103431-001-771,SE2020WCW,1.5,200,200,200,SUS PB 被せ 焼付,2.5Y9/1 近似色,3,ｱｰｽ 内ﾜﾆｽ,2026/8/19,佐川急便,2026/8/19,,仕上,山口,2026/8/6,製造
シンセイ　徳山★,九州工場,九州工場,2026/8/5,2026/8/5,26-J0103887-002-771,IIP0000C,1.6,"1,320.00",300,0,鉄 ﾌﾟﾚｰﾄ 焼付,N9.5 近似色,6,開口1235ｘ220,2026/8/19,福山通運　九州発送,2026/8/19,,塗装,山口,2026/8/7,製造
東芝電材　松江★,九州工場,九州工場,2026/8/6,2026/8/6,26-J0104473-001-771,BE0000SC,1.6,350,300,200,国土 PBﾄｸ 平 焼付,N1(近似色),1,ｱｰｽ,2026/8/19,福山通運　九州発送,2026/8/19,,仕上,山口,2026/8/7,製造
シンセイ　福山★,九州工場,九州工場,2026/8/6,2026/8/6,26-J0104524-001-771,I02050SC,1.6,500,500,0,鉄 ふた 焼付,5Y7/1 近似色,3,平ふた　弊社仕様,2026/8/19,福山通運　九州発送,2026/8/19,,未着手,,2026/8/7,製造
興陽電機　徳山★,九州工場,九州工場,2026/8/6,2026/8/6,26-J0105033-001-771,IP0000SG,1.6,250,200,150,鉄 PBﾄｸ 平,,1,さび止め,2026/8/19,佐川急便,2026/8/19,,塗装,樫原,2026/8/18,製造
ナミデン　岡山★,九州工場,九州工場,2026/8/7,2026/8/7,26-J0105110-001-771,DC0000N,2.3,415,400,505,Sﾀﾞｲﾏ ｶﾊﾞｰ,,1,/100/40,2026/8/19,福山通運　九州発送,2026/8/19,,曲げ,道上,2026/8/18,製造
かごしま電工　南★,九州工場,九州工場,2026/8/7,2026/8/7,26-J0105353-001-771,BE1510SGW,1.6,150,150,100,国土 PB 平,,5,ｱｰｽ さび止め 内ﾜﾆｽ,2026/8/19,佐川急便,2026/8/19,,塗装,樫原,2026/8/17,製造
木村電機　本社★,九州工場,九州工場,2026/8/7,2026/8/7,26-J0105410-001-771,IIP0000C,1.6,"1,000.00",170,0,鉄 ﾌﾟﾚｰﾄ 焼付,河村電器 5Y7/1 近似色,1,φ10x6　,2026/8/19,佐川急便,2026/8/19,,塗装,山口,2026/8/17,製造
正二電気　津山★,九州工場,九州工場,2026/8/7,2026/8/7,26-J0105519-001-771,SC0000N,1.5,606,400,225,SUS ｶﾊﾞｰ,,1,/195,2026/8/19,福山通運　九州発送,2026/8/19,,曲げ,道上,2026/8/19,製造
啓電社★,九州工場,九州工場,2026/8/7,2026/8/7,26-J0105877-001-771,IAI0000C,0,"3,000.00",0,0,鉄 ｱﾝｸﾞﾙ 焼付,N1 近似色,1,L75x75x6t   吊穴x2,2026/8/19,ヤマックス福岡,2026/8/19,,切断,奈木野,2026/8/17,製造
カンサイ九州昭和　福岡★,九州工場,九州工場,2026/8/7,2026/8/7,26-J0106036-002-771,SE0000XN,1.5,200,200,100,SUS PBﾄｸ 水切,,1,ｱｰｽ セパ付き（センター）,2026/8/18,ヤマックス福岡,2026/8/19,,溶接,テイン,2026/8/18,製造
カンサイ九州昭和　福岡★,九州工場,九州工場,2026/8/7,2026/8/7,26-J0106036-001-771,SE0000XN,1.5,700,700,300,SUS PBﾄｸ 水切,,1,ｱｰｽ,2026/8/18,ヤマックス福岡,2026/8/19,,曲げ,道上,2026/8/18,製造
さくら電機　国分★,九州工場,九州工場,2026/8/17,2026/8/17,26-J0106156-001-771,SE4030XNW,1.5,400,400,300,SUS PB 水切,,1,ｱｰｽ 内ﾜﾆｽ,2026/8/19,佐川急便,2026/8/19,,溶接,テイン,2026/8/18,製造
さくら電機　国分★,九州工場,九州工場,2026/8/17,2026/8/17,26-J0106156-002-771,SE2520XNW,1.5,250,250,200,SUS PB 水切,,1,ｱｰｽ 内ﾜﾆｽ,2026/8/19,佐川急便,2026/8/19,,溶接,テイン,2026/8/18,製造
さくら電機　国分★,九州工場,九州工場,2026/8/17,2026/8/17,26-J0106156-003-771,SE2015XNW,1.5,200,200,150,SUS PB 水切,,1,ｱｰｽ 内ﾜﾆｽ,2026/8/19,佐川急便,2026/8/19,,溶接,テイン,2026/8/18,製造
かごしま電工　鹿屋★,九州工場,九州工場,2026/8/17,2026/8/17,26-J0106199-001-771,SE1507XNW,1.5,150,150,75,SUS PB 水切,,2,ｱｰｽ 内ﾜﾆｽ,2026/8/19,佐川急便,2026/8/19,,溶接,テイン,2026/8/18,製造
シンセイ　広島第二★,九州工場,九州工場,2026/8/17,2026/8/17,26-J0106301-003-771,IE2020WG,1.6,200,200,200,鉄 PB 被せ,,1,ｱｰｽ さび止め,2026/8/19,福山通運　九州発送,2026/8/19,,溶接,フイ,2026/8/18,製造
シンセイ　広島第二★,九州工場,九州工場,2026/8/17,2026/8/17,26-J0106301-002-771,IE3030WG,1.6,300,300,300,鉄 PB 被せ,,1,ｱｰｽ さび止め,2026/8/19,福山通運　九州発送,2026/8/19,,溶接,フイ,2026/8/18,製造
シンセイ　広島第二★,九州工場,九州工場,2026/8/17,2026/8/17,26-J0106301-001-771,IE5040WG,1.6,500,500,400,鉄 PB 被せ,,1,ｱｰｽ さび止め,2026/8/19,福山通運　九州発送,2026/8/19,,溶接,フイ,2026/8/18,製造
シンセイ　福山★,九州工場,九州工場,2026/8/17,2026/8/17,26-J0106334-001-771,BE6040SG,1.6,600,600,400,国土 PB 平,,4,ｱｰｽ さび止め,2026/8/19,福山通運　九州発送,2026/8/19,,曲げ,志田,2026/8/18,製造
ナミデン　岡山★,九州工場,九州工場,2026/8/17,2026/8/17,26-J0106636-003-771,IIP0000G,1.6,490,250,0,鉄 ﾌﾟﾚｰﾄ,,2,さび止め 穴加工ｱﾘ③,2026/8/19,福山通運　九州発送,2026/8/19,,切断,林(浩),2026/8/18,製造
ナミデン　岡山★,九州工場,九州工場,2026/8/17,2026/8/17,26-J0106636-002-771,IIP0000G,1.6,580,470,0,鉄 ﾌﾟﾚｰﾄ,,1,さび止め 穴加工ｱﾘ②,2026/8/19,福山通運　九州発送,2026/8/19,,切断,林(浩),2026/8/18,製造
ナミデン　岡山★,九州工場,九州工場,2026/8/17,2026/8/17,26-J0106636-001-771,IIP0000G,1.6,600,490,0,鉄 ﾌﾟﾚｰﾄ,,1,さび止め 穴加工ｱﾘ①,2026/8/19,福山通運　九州発送,2026/8/19,,切断,林(浩),2026/8/18,製造
さくら電機　国分★,九州工場,九州工場,2026/8/17,2026/8/17,26-J0106733-002-771,SE2520XNW,1.5,250,250,200,SUS PB 水切,,1,ｱｰｽ 内ﾜﾆｽ,2026/8/19,佐川急便,2026/8/19,,溶接,テイン,2026/8/18,製造
さくら電機　国分★,九州工場,九州工場,2026/8/17,2026/8/17,26-J0106733-001-771,SE4030XNW,1.5,400,400,300,SUS PB 水切,,1,ｱｰｽ 内ﾜﾆｽ,2026/8/19,佐川急便,2026/8/19,,溶接,テイン,2026/8/18,製造
Q-mast　電気グル－プ★,九州工場,九州工場,2026/8/17,2026/8/17,26-J0106969-001-771,IG0000G,0,300,500,0,鉄 架台,,1,/2525 さび止め L50x50x6 No.26,2026/8/18,ヤマックス　ｽﾎﾟｯﾄ便,2026/8/19,,未着手,,2026/8/17,製造
木村電機　本社★,九州工場,九州工場,2026/8/17,2026/8/17,26-J0106989-001-771,IE2010XG,1.6,200,200,100,鉄 PB 水切,,3,ｱｰｽ さび止め,2026/8/19,佐川急便,2026/8/19,,曲げ,志田,2026/8/18,製造
カンサイ　電設★,九州工場,九州工場,2026/8/17,2026/8/17,26-J0106997-001-771,DIP0000N,1.6,800,320,0,Sﾀﾞｲﾏ ﾌﾟﾚｰﾄ,,1,パッキン、塞ぎ板付き,2026/8/19,佐川急便,2026/8/19,,切断,岩本,2026/8/19,製造
三親電材　周南★,九州工場,九州工場,2026/8/17,2026/8/17,26-J0107082-001-771,IP0000WG,1.6,400,150,150,鉄 PBﾄｸ 被せ,,3,さび止め,2026/8/19,佐川急便,2026/8/19,,切断,林(浩),2026/8/18,製造
木村電機　菊陽★,九州工場,九州工場,2026/8/17,2026/8/17,26-J0107154-001-771,DP0000XN,1.6,150,150,150,Sﾀﾞｲﾏ PBﾄｸ 水切,,2,,2026/8/19,佐川急便,2026/8/19,,未着手,,2026/8/19,製造
三和電気商会★,九州工場,九州工場,2026/8/17,2026/8/17,26-J0107265-001-771,SE0000WN,1.5,400,400,250,SUS PBﾄｸ 被せ,,1,ｱｰｽ,2026/8/19,福山通運　九州発送,2026/8/19,,未着手,,2026/8/19,製造
暁電業　岡山本社★,九州工場,九州工場,2026/8/17,2026/8/17,26-J0107297-002-771,SE0000SN,1.5,600,300,300,SUS PBﾄｸ 平,,1,ｱｰｽ,2026/8/19,福山通運　九州発送,2026/8/19,,未着手,,2026/8/19,製造
三親電材　米子★,九州工場,九州工場,2026/8/17,2026/8/17,26-J0107494-001-771,SE0000XN,1.5,450,300,150,SUS PBﾄｸ 水切,,1,ｱｰｽ,2026/8/19,福山通運　九州発送,2026/8/19,,未着手,,2026/8/19,製造
三親電材　米子★,九州工場,九州工場,2026/8/17,2026/8/17,26-J0107516-001-771,SE0000WN,1.5,100,100,50,SUS PBﾄｸ 被せ,,1,ｱｰｽ,2026/8/19,福山通運　九州発送,2026/8/19,,未着手,,2026/8/19,製造
小林電工　岡山★,九州工場,九州工場,2026/8/17,2026/8/17,26-J0107661-001-771,SE4030SN,1.5,400,400,300,SUS PB 平,,1,ｱｰｽ,2026/8/19,福山通運　九州発送,2026/8/19,,未着手,,2026/8/19,製造
カンサイ　大分★,九州工場,九州工場,2026/7/22,2026/7/22,26-J0090020-006-771,ZG0000,3.2,"1,300.00",50,0,ZN 架台,,30,ｴｱｺﾝ用ｶﾞｰﾄﾞ用架台,2026/8/19,自社便,2026/8/20,2026/8/19,組立,金光,2026/7/30,製造
カンサイ　大分★,九州工場,九州工場,2026/7/22,2026/7/22,26-J0090020-002-771,ZG0000,0,"2,300.00","1,300.00",450,ZN 架台,,6,室内ﾕﾆｯﾄ用ｶﾞｰﾄﾞ固定用架台　L-50X50X6t　,2026/8/19,自社便,2026/8/20,2026/8/19,組立,金光,2026/7/30,製造
シンセイ　広島第二★,九州工場,九州工場,2026/7/28,2026/7/28,26-J0095583-001-771,BP1510SG,1.6,150,150,100,国土 PB 平,,6,ｱｰｽ無 さび止め,2026/8/20,福山通運　九州発送,2026/8/20,,完成,倉重,2026/8/19,製造
シンセイ　広島第二★,九州工場,九州工場,2026/7/28,2026/7/28,26-J0095583-002-771,BP2010SG,1.6,200,200,100,国土 PB 平,,1,ｱｰｽ無 さび止め,2026/8/20,福山通運　九州発送,2026/8/20,,組立,服部,2026/8/19,製造
シンセイ　広島第二★,九州工場,九州工場,2026/7/28,2026/7/28,26-J0095585-002-771,BP2010SC,1.6,200,200,100,国土 PB 平 焼付,2.5Y9/1 近似色,5,ｱｰｽ無,2026/8/20,福山通運　九州発送,2026/8/20,,仕上,三澄,2026/8/17,製造
シンセイ　広島第二★,九州工場,九州工場,2026/7/28,2026/7/28,26-J0095585-001-771,BP0000SC,1.6,200,100,100,国土 PBﾄｸ 平 焼付,2.5Y9/1 近似色,1,ｱｰｽ無,2026/8/20,福山通運　九州発送,2026/8/20,,仕上,三澄,2026/8/17,製造
シンセイ　広島第二★,九州工場,九州工場,2026/7/28,2026/7/28,26-J0095600-001-771,B02015SC,1.6,150,150,0,国土 ふた 焼付,2.5Y9/1 近似色,1,平ふた,2026/8/20,福山通運　九州発送,2026/8/20,,未着手,,2026/8/7,製造
興陽電機　防府★,九州工場,九州工場,2026/7/28,2026/7/28,26-J0095946-004-771,AD0000N,2,600,300,840,ｱﾙﾐ ﾀﾞｸﾄ,,1,平蓋　ｱﾙﾏｲﾄ材　ｹｰﾌﾞﾙ支持材付き　ｾﾊﾟﾚｰﾀ3列　下部用,2026/8/19,チャーター便,2026/8/20,,仕上,三澄,2026/8/19,製造
興陽電機　防府★,九州工場,九州工場,2026/7/28,2026/7/28,26-J0095946-003-771,AD0000N,2,600,300,"1,000.00",ｱﾙﾐ ﾀﾞｸﾄ,,1,平蓋　ｱﾙﾏｲﾄ材　ｹｰﾌﾞﾙ支持材付き　ｾﾊﾟﾚｰﾀ3列　中間用,2026/8/19,チャーター便,2026/8/20,,仕上,三澄,2026/8/19,製造
興陽電機　防府★,九州工場,九州工場,2026/7/28,2026/7/28,26-J0095946-001-771,AD0000N,2,600,300,"1,015.00",ｱﾙﾐ ﾀﾞｸﾄ,,1,平蓋　ｱﾙﾏｲﾄ材　ｹｰﾌﾞﾙ支持材付き　ｾﾊﾟﾚｰﾀ3列　上部用,2026/8/19,チャーター便,2026/8/20,,仕上,三澄,2026/8/19,製造
興陽電機　防府★,九州工場,九州工場,2026/7/28,2026/7/28,26-J0095946-002-771,AD0000N,2,600,300,"1,000.00",ｱﾙﾐ ﾀﾞｸﾄ,,2,平蓋　ｱﾙﾏｲﾄ材　ｹｰﾌﾞﾙ支持材付き　ｾﾊﾟﾚｰﾀ3列　中間用,2026/8/19,チャーター便,2026/8/20,,仕上,三澄,2026/8/19,製造
シンセイ　広島第二★,九州工場,九州工場,2026/7/29,2026/7/29,26-J0096611-001-771,II0000C,1.6,460,120,0,鉄 切板 焼付,N9.5 近似色,1,吊穴不可,2026/8/7,福山通運　九州発送,2026/8/20,,完成,古川,2026/8/3,製造
山陰ﾊﾟﾅｿﾆｯｸ　出雲★,九州工場,九州工場,2026/7/29,2026/7/29,26-J0096629-001-771,IF0000C,1.6,200,200,90,鉄 裏BOX 焼付,N9.5(近似色),1,/36.34 穴加工ｱﾘ,2026/8/20,福山通運　九州発送,2026/8/20,,仕上,三澄,2026/8/17,製造
イシグロ　福岡★,九州工場,九州工場,2026/7/29,2026/7/29,26-J0097307-001-771,ZG0000,6,300,65,"1,500.00",ZN 架台,,1,SS-L-65x65x6t　PL-6t　穴加工,2026/8/19,ヤマックス福岡,2026/8/20,,溶接,石松,2026/8/5,製造
山電　八幡,九州工場,九州工場,2026/7/31,2026/7/31,26-J0099076-003-771,ZPA0000,0,250,0,0,ZN ﾎﾟｰﾙｱﾀﾞﾌﾟﾀｰ,,7,上部65A 下部90A 押しﾎﾞﾙﾄ,2026/8/19,北九州配達,2026/8/20,,溶接,クイ,2026/8/6,製造
日本電設資材　福岡★,九州工場,九州工場,2026/7/31,2026/7/31,26-J0099251-002-771,IG0000G,0,250,0,0,鉄 架台,,12,さび止め　[75X40X5t,2026/8/19,ヤマックス福岡,2026/8/20,,切断,奈木野,2026/8/18,製造
日本電設資材　福岡★,九州工場,九州工場,2026/7/31,2026/7/31,26-J0099251-001-771,IKW0000G,1.6,850,150,160,鉄 貫通枠,,6,さび止め　平蓋　[100X50X5t,2026/8/19,ヤマックス福岡,2026/8/20,,完成,倉重,2026/8/18,製造
東芝電材　中津★,九州工場,九州工場,2026/7/31,2026/7/31,26-J0099563-001-771,ZE0000X,3.2,900,700,900,ZN PBﾄｸ 水切,,2,◆HDZT-49  ｱｰｽ,2026/8/20,福山通運　九州発送,2026/8/20,,溶接,ハイ,2026/8/6,製造
イシグロ　広島★,九州工場,九州工場,2026/7/31,2026/7/31,26-J0099651-008-771,IG0000G,0,0,250,500,鉄 架台,,5,L-50X50X6t  さび止め　5階管工舎分　,2026/8/20,福山通運　九州発送,2026/8/20,,塗装,樫原,2026/8/19,製造
イシグロ　広島★,九州工場,九州工場,2026/7/31,2026/7/31,26-J0099651-009-771,IG0000G,0,0,250,600,鉄 架台,,7,L-50X50X6t  さび止め　5階管工舎分　,2026/8/20,福山通運　九州発送,2026/8/20,,塗装,樫原,2026/8/19,製造
イシグロ　広島★,九州工場,九州工場,2026/7/31,2026/7/31,26-J0099651-011-771,IG0000G,0,0,250,"1,500.00",鉄 架台,,12,L-50X50X6t  さび止め　5階管工舎分　,2026/8/20,福山通運　九州発送,2026/8/20,,塗装,樫原,2026/8/19,製造
イシグロ　広島★,九州工場,九州工場,2026/7/31,2026/7/31,26-J0099651-010-771,IG0000G,0,0,250,"1,000.00",鉄 架台,,17,L-50X50X6t  さび止め　5階管工舎分　,2026/8/20,福山通運　九州発送,2026/8/20,,塗装,樫原,2026/8/19,製造
米良電機　宮崎★,九州工場,九州工場,2026/8/3,2026/8/3,26-J0099892-001-771,ZE0000WA,3.2,800,700,600,ZN PBﾄｸ 被せ,,1,◆HDZT49　ｱｰｽ 足付 L6x50(φ12)x4,2026/8/20,福山通運　九州発送,2026/8/20,,溶接,ハイ,2026/8/5,製造
那須電機商事★,九州工場,九州工場,2026/8/3,2026/8/3,26-J0100444-001-771,ZCPL0000,3.2,500,300,220,ZN 縞鋼板,,1,穴加工ｱﾘ,2026/8/20,福山通運　九州発送,2026/8/20,,切断,森山,2026/8/6,製造
那須電機商事★,九州工場,九州工場,2026/8/3,2026/8/3,26-J0100444-002-771,ZCPL0000,3.2,"1,400.00",300,200,ZN 縞鋼板,,3,穴加工ｱﾘ,2026/8/20,福山通運　九州発送,2026/8/20,,切断,森山,2026/8/6,製造
東芝電材　小倉★,九州工場,九州工場,2026/8/3,2026/8/3,26-J0101146-001-771,ZE4040X2,2.3,400,400,400,ZN PB 水切,,2,ｱｰｽ,2026/8/19,北九州配達,2026/8/20,,溶接,フイ,2026/8/5,製造
かごしま電工　国分★,九州工場,九州工場,2026/8/4,2026/8/4,26-J0101272-004-771,SE2015XCW,1.5,200,200,150,SUS PB 水切 焼付,5Y7/1 近似色,1,ｱｰｽ 内ﾜﾆｽ,2026/8/20,佐川急便,2026/8/20,,未着手,,2026/8/6,製造
かごしま電工　国分★,九州工場,九州工場,2026/8/4,2026/8/4,26-J0101272-007-771,SE0000XCW,1.5,200,200,100,SUS PBﾄｸ 水切 焼付,5Y7/1 近似色,1,L型 ｱｰｽ 内ﾜﾆｽ,2026/8/20,佐川急便,2026/8/20,,仕上,山口,2026/8/6,製造
かごしま電工　国分★,九州工場,九州工場,2026/8/4,2026/8/4,26-J0101272-006-771,SP2020XCW,1.5,200,200,200,SUS PB 水切 焼付,5Y7/1 近似色,1,内ﾜﾆｽ  座無ｼｰﾙ付,2026/8/20,佐川急便,2026/8/20,,仕上,三澄,2026/8/6,製造
かごしま電工　国分★,九州工場,九州工場,2026/8/4,2026/8/4,26-J0101272-005-771,SE3030XCW,1.5,300,300,300,SUS PB 水切 焼付,5Y7/1 近似色,1,ｱｰｽ 内ﾜﾆｽ,2026/8/20,佐川急便,2026/8/20,,未着手,,2026/8/5,製造
かごしま電工　国分★,九州工場,九州工場,2026/8/4,2026/8/4,26-J0101272-003-771,SE1515XCW,1.5,150,150,150,SUS PB 水切 焼付,5Y7/1 近似色,2,ｱｰｽ 内ﾜﾆｽ,2026/8/20,佐川急便,2026/8/20,,未着手,,2026/8/5,製造
かごしま電工　国分★,九州工場,九州工場,2026/8/4,2026/8/4,26-J0101272-002-771,SE1510XCW,1.5,150,150,100,SUS PB 水切 焼付,5Y7/1 近似色,4,ｱｰｽ 内ﾜﾆｽ,2026/8/20,佐川急便,2026/8/20,,仕上,三澄,2026/8/6,製造
かごしま電工　国分★,九州工場,九州工場,2026/8/4,2026/8/4,26-J0101272-001-771,SE2010XCW,1.5,200,200,100,SUS PB 水切 焼付,5Y7/1 近似色,2,ｱｰｽ 内ﾜﾆｽ,2026/8/20,佐川急便,2026/8/20,,未着手,,,加工
興陽電機　行橋★,九州工場,九州工場,2026/8/4,2026/8/4,26-J0101750-001-771,BD0000C,1.6,200,100,"3,000.00",国土 ﾀﾞｸﾄ 焼付,2.5Y9/1 近似色,1,ｱｰｽ  ｹｰﾌﾞﾙ支持　本体・蓋3分割,2026/8/20,佐川急便,2026/8/20,,仕上,山口,2026/8/17,製造
カンサイ　南★,九州工場,九州工場,2026/8/4,2026/8/4,26-J0101863-001-771,ZE6040W3,3.2,600,600,400,ZN PB 被せ,,1,HDZT49 ｱｰｽ,2026/8/20,佐川急便,2026/8/20,,溶接,マイン,2026/8/6,製造
中西電機　高松本社★,九州工場,九州工場,2026/8/4,2026/8/4,26-J0101956-001-771,IG0000G,0,"1,084.00",350,50,鉄 架台,,14,さび止め ｱﾝｸﾞﾙ,2026/8/20,福山通運　九州発送,2026/8/20,,溶接,ゴック,2026/8/19,製造
カンサイ　南★,九州工場,九州工場,2026/8/4,2026/8/4,26-J0101984-002-771,ZE2020X2,2.3,200,200,200,ZN PB 水切,,1,HDZT49 ｱｰｽ,2026/8/19,ヤマックス福岡,2026/8/20,,溶接,フイ,2026/8/5,製造
カンサイ　南★,九州工場,九州工場,2026/8/4,2026/8/4,26-J0101984-001-771,ZE1515X2,2.3,150,150,150,ZN PB 水切,,2,HDZT49 ｱｰｽ,2026/8/19,ヤマックス福岡,2026/8/20,,溶接,フイ,2026/8/5,製造
イシグロ　鹿児島★,九州工場,九州工場,2026/8/4,2026/8/4,26-J0102136-001-771,ZG0000,5,175,50,"2,867.00",ZN 架台,,3,SS-C-5x40x75　SPHC-6t　穴加工,2026/8/20,福山通運　九州発送,2026/8/20,,溶接,石松,2026/8/6,製造
東芝電材　小倉★,九州工場,九州工場,2026/8/4,2026/8/4,26-J0102208-001-771,BE2015SC,1.6,200,200,150,国土 PB 平 焼付,N9.5 近似色,2,ｱｰｽ,2026/8/19,北九州配達,2026/8/20,,塗装,山口,,加工
ｹｲ･ｴｽ･ﾃﾞｰ　鹿児島★,九州工場,九州工場,2026/8/4,2026/8/4,26-J0102469-001-771,BD0000C,1.6,410,125,847,国土 ﾀﾞｸﾄ 焼付,N8.7 近似色,1,平蓋 ｱｰｽ無し ｹｰﾌﾞﾙ支持丸鋼,2026/8/20,佐川急便,2026/8/20,,仕上,三澄,2026/8/17,製造
かごしま電工　国分★,九州工場,九州工場,2026/8/4,2026/8/4,26-J0102477-001-771,BIP0000C,1.6,320,320,0,処理鋼板 ﾌﾟﾚｰﾄ 焼付,2.5Y9/1 近似色,1,φ6x4  裏ﾜﾆｽ,2026/8/19,佐川急便,2026/8/20,,塗装,山口,2026/8/5,製造
カンサイ　西★,九州工場,九州工場,2026/8/5,2026/8/5,26-J0102976-001-771,SE1515XC,1.5,150,150,150,SUS PB 水切 焼付,2.5Y9/1 近似色,1,ｱｰｽ,2026/8/18,ヤマックス福岡,2026/8/20,,塗装,柴﨑,2026/8/6,製造
カンサイ　西★,九州工場,九州工場,2026/8/5,2026/8/5,26-J0102976-006-771,SE4030XC,1.5,400,400,300,SUS PB 水切 焼付,2.5Y9/1 近似色,1,ｱｰｽ,2026/8/18,ヤマックス福岡,2026/8/20,,塗装,山口,2026/8/6,製造
カンサイ　西★,九州工場,九州工場,2026/8/5,2026/8/5,26-J0102976-005-771,SE4020XC,1.5,400,400,200,SUS PB 水切 焼付,2.5Y9/1 近似色,3,ｱｰｽ,2026/8/18,ヤマックス福岡,2026/8/20,,塗装,山口,2026/8/6,製造
カンサイ　西★,九州工場,九州工場,2026/8/5,2026/8/5,26-J0102976-004-771,SE3030XC,1.5,300,300,300,SUS PB 水切 焼付,2.5Y9/1 近似色,1,ｱｰｽ,2026/8/18,ヤマックス福岡,2026/8/20,,塗装,柴﨑,2026/8/6,製造
カンサイ　西★,九州工場,九州工場,2026/8/5,2026/8/5,26-J0102976-003-771,SE3020XC,1.5,300,300,200,SUS PB 水切 焼付,2.5Y9/1 近似色,5,ｱｰｽ,2026/8/18,ヤマックス福岡,2026/8/20,,塗装,山口,,加工
カンサイ　西★,九州工場,九州工場,2026/8/5,2026/8/5,26-J0102976-002-771,SE2020XC,1.5,200,200,200,SUS PB 水切 焼付,2.5Y9/1 近似色,8,ｱｰｽ,2026/8/19,ヤマックス福岡,2026/8/20,,仕上,山口,2026/8/7,製造
カンサイ　西★,九州工場,九州工場,2026/8/5,2026/8/5,26-J0102976-007-771,SE5030XC,1.5,500,500,300,SUS PB 水切 焼付,2.5Y9/1 近似色,1,ｱｰｽ,2026/8/18,ヤマックス福岡,2026/8/20,,塗装,ナム,2026/8/6,製造
五光電機　長崎★,九州工場,九州工場,2026/8/5,2026/8/5,26-J0103125-003-771,ZP0000W,3.2,700,500,400,ZN PBﾄｸ 被せ,,1,,2026/8/20,福山通運　九州発送,2026/8/20,,溶接,フイ,2026/8/6,製造
小林電工　岡山★,九州工場,九州工場,2026/8/5,2026/8/5,26-J0103166-004-771,IP0000SG,1.6,300,200,200,鉄 PBﾄｸ 平,,1,さび止め,2026/8/20,福山通運　九州発送,2026/8/20,,組立,服部,2026/8/19,製造
小林電工　岡山★,九州工場,九州工場,2026/8/5,2026/8/5,26-J0103166-005-771,IP0000SG,1.6,400,200,200,鉄 PBﾄｸ 平,,3,さび止め,2026/8/20,福山通運　九州発送,2026/8/20,,組立,服部,2026/8/19,製造
小林電工　岡山★,九州工場,九州工場,2026/8/5,2026/8/5,26-J0103173-008-771,SP0000WN,1.5,300,200,200,SUS PBﾄｸ 被せ,,1,,2026/8/20,福山通運　九州発送,2026/8/20,,曲げ,ラム,2026/8/20,製造
小林電工　岡山★,九州工場,九州工場,2026/8/5,2026/8/5,26-J0103173-009-771,SP0000WN,1.5,400,200,200,SUS PBﾄｸ 被せ,,3,,2026/8/20,福山通運　九州発送,2026/8/20,,曲げ,ラム,2026/8/20,製造
ユゲデンキ　電材部★,九州工場,九州工場,2026/8/5,2026/8/5,26-J0103202-001-771,ZE3020X2,2.3,300,300,200,ZN PB 水切,,5,ｱｰｽ,2026/8/20,佐川急便,2026/8/20,,溶接,マイン,2026/8/6,製造
カンサイ　日進商会★,九州工場,九州工場,2026/8/5,2026/8/5,26-J0103299-001-771,BE3030SC,1.6,300,300,300,国土 PB 平 焼付,5Y7/1 近似色,2,ｱｰｽ,2026/8/19,北九州配達,2026/8/20,,仕上,山口,2026/8/7,製造
東芝電材　小倉★,九州工場,九州工場,2026/8/5,2026/8/5,26-J0103648-001-771,SE2020WC,1.5,200,200,200,SUS PB 被せ 焼付,2.5Y9/1 近似色,1,ｱｰｽ,2026/8/19,北九州配達,2026/8/20,,仕上,山口,2026/8/7,製造
米良電機　宮崎★,九州工場,九州工場,2026/8/5,2026/8/5,26-J0103693-001-771,SP5040WC,1.5,500,500,400,SUS PB 被せ 焼付,2.5Y9/1 近似色,4,,2026/8/19,福山通運　九州発送,2026/8/20,,塗装,山口,2026/8/7,製造
米良電機　宮崎★,九州工場,九州工場,2026/8/5,2026/8/5,26-J0103693-003-771,SP4030WC,1.5,400,400,300,SUS PB 被せ 焼付,2.5Y9/1 近似色,2,,2026/8/19,福山通運　九州発送,2026/8/20,,塗装,柴﨑,2026/8/7,製造
米良電機　宮崎★,九州工場,九州工場,2026/8/5,2026/8/5,26-J0103693-002-771,SP4040WC,1.5,400,400,400,SUS PB 被せ 焼付,2.5Y9/1 近似色,5,,2026/8/20,福山通運　九州発送,2026/8/20,,仕上,山口,2026/8/17,製造
シンセイ　福山★,九州工場,九州工場,2026/8/6,2026/8/6,26-J0103953-001-771,DC0000N,1.6,"1,330.00",200,650,Sﾀﾞｲﾏ ｶﾊﾞｰ,,1,平蓋パッキン付  生地　,2026/8/20,福山通運　九州発送,2026/8/20,,曲げ,道上,2026/8/19,製造
興陽電機　岩国★,九州工場,九州工場,2026/8/6,2026/8/6,26-J0103992-001-771,BE0000SG,1.6,250,250,250,国土 PBﾄｸ 平,,39,ｱｰｽ  穴加工　さび止め,2026/8/20,福山通運　九州発送,2026/8/20,,塗装,白濵,2026/8/19,製造
日本電設資材　福岡★,九州工場,九州工場,2026/8/6,2026/8/6,26-J0104406-003-771,IKW0000G,1.6,310,130,230,鉄 貫通枠,,1,さび止め C125x65x6x8  EPS3,2026/8/20,福山通運　九州発送,2026/8/20,,切断,林(浩),2026/8/19,製造
日本電設資材　福岡★,九州工場,九州工場,2026/8/6,2026/8/6,26-J0104406-001-771,IKW0000G,1.6,860,130,230,鉄 貫通枠,,1,さび止め C125x65x6x8  EPS1,2026/8/20,福山通運　九州発送,2026/8/20,,切断,林(浩),2026/8/19,製造
日本電設資材　福岡★,九州工場,九州工場,2026/8/6,2026/8/6,26-J0104406-002-771,IKW0000G,1.6,860,130,230,鉄 貫通枠,,1,さび止め C125x65x6x8  EPS2,2026/8/20,福山通運　九州発送,2026/8/20,,切断,林(浩),2026/8/19,製造
日本電設資材　福岡★,九州工場,九州工場,2026/8/6,2026/8/6,26-J0104406-004-771,IKW0000G,1.6,310,130,230,鉄 貫通枠,,1,さび止め C125x65x6x8  EPS4,2026/8/20,福山通運　九州発送,2026/8/20,,切断,林(浩),2026/8/19,製造
日本電設資材　福岡★,九州工場,九州工場,2026/8/6,2026/8/6,26-J0104494-004-771,IMK0000G,4.5,900,100,40,鉄 曲金物,,1,さび止め　穴加工　EPS4,2026/8/20,福山通運　九州発送,2026/8/20,,切断,森山,2026/8/19,製造
日本電設資材　福岡★,九州工場,九州工場,2026/8/6,2026/8/6,26-J0104494-001-771,IMK0000G,4.5,"1,100.00",100,40,鉄 曲金物,,1,さび止め　穴加工　EPS1,2026/8/20,福山通運　九州発送,2026/8/20,,切断,森山,2026/8/19,製造
日本電設資材　福岡★,九州工場,九州工場,2026/8/6,2026/8/6,26-J0104494-002-771,IMK0000G,4.5,900,100,40,鉄 曲金物,,1,さび止め　穴加工　EPS2,2026/8/20,福山通運　九州発送,2026/8/20,,切断,森山,2026/8/19,製造
日本電設資材　福岡★,九州工場,九州工場,2026/8/6,2026/8/6,26-J0104494-003-771,IMK0000G,4.5,"1,100.00",100,40,鉄 曲金物,,1,さび止め　穴加工　EPS3,2026/8/20,福山通運　九州発送,2026/8/20,,切断,森山,2026/8/19,製造
かごしま電工　川内★,九州工場,九州工場,2026/8/6,2026/8/6,26-J0104914-001-771,SP0000WC,1.5,250,200,150,SUS PBﾄｸ 被せ 焼付,5Y7/1 近似色,1,底面全開口 L-50x50x4t補強 8-φ6,2026/8/20,佐川急便,2026/8/20,,仕上,山口,2026/8/17,製造
三親電材　岡山★,九州工場,九州工場,2026/8/6,2026/8/6,26-J0104944-001-771,IC0000G,2.3,250,200,300,鉄 ｶﾊﾞｰ,,6,/200 さび止め R30x2,2026/8/20,福山通運　九州発送,2026/8/20,,曲げ,道上,2026/8/19,製造
ナミデン　福岡★,九州工場,九州工場,2026/8/7,2026/8/7,26-J0105111-001-771,IG0000G,0,400,"1,150.00",0,鉄 架台,,10,L50x50x6 さび止め,2026/8/19,ヤマックス　ｽﾎﾟｯﾄ便,2026/8/20,,塗装,樫原,2026/8/18,製造
カンサイ九州昭和　北九州★,九州工場,九州工場,2026/8/7,2026/8/7,26-J0105201-001-771,IIP0000C,1.6,"2,100.00",600,0,鉄 ﾌﾟﾚｰﾄ 焼付,5Y7/1 近似色,2,φ12x6,2026/8/19,北九州配達,2026/8/20,,切断,森山,2026/8/7,製造
シンセイ　広島第二★,九州工場,九州工場,2026/8/7,2026/8/7,26-J0105212-001-771,BE0000SC,1.6,400,300,200,国土 PBﾄｸ 平 焼付,N30 3分ﾂﾔ 近似色,1,ｱｰｽ 蓋面ﾌﾞﾗﾝｸ有り,2026/8/20,福山通運　九州発送,2026/8/20,,ｷｬﾝｾﾙ,バック,2026/8/17,製造
シンセイ　徳山★,九州工場,九州工場,2026/8/7,2026/8/7,26-J0105254-001-771,IDC0000C,1.6,600,200,350,鉄 ﾀﾞｸﾄｶﾊﾞｰ 焼付,2.5Y9/1 近似色,1,平蓋,2026/8/20,佐川急便,2026/8/20,,曲げ,道上,2026/8/18,製造
東芝電材　岡山★,九州工場,九州工場,2026/8/7,2026/8/7,26-J0105430-001-771,BE2010SC,1.6,200,200,100,国土 PB 平 焼付,2.5Y9/1(近似色),1,ｱｰｽ,2026/8/20,福山通運　九州発送,2026/8/20,,未着手,,,加工
三親電材　水島★,九州工場,九州工場,2026/8/7,2026/8/7,26-J0105502-001-771,I02000SC,2.3,500,500,0,鉄 ふたﾄｸ 焼付,2.5Y9/1(近似色),1,平ふた,2026/8/20,福山通運　九州発送,2026/8/20,,切断,林(浩),2026/8/18,製造
正二電気　岡山本社,九州工場,九州工場,2026/8/7,2026/8/7,26-J0105523-001-771,IIP0000C,1.6,300,300,0,鉄 ﾌﾟﾚｰﾄ 焼付,2.5Y9/1(近似色),4,穴加工ｱﾘ,2026/8/20,福山通運　九州発送,2026/8/20,,切断,森山,2026/8/17,製造
東芝電材　下関★,九州工場,九州工場,2026/8/7,2026/8/7,26-J0105791-001-771,IIP0000C,1.6,"1,200.00",500,0,鉄 ﾌﾟﾚｰﾄ 焼付,N9.5 近似色,1,φ4x12　角R,2026/8/20,福山通運　九州発送,2026/8/20,,切断,森山,2026/8/17,製造
ナンリツ　松山★,九州工場,九州工場,2026/8/7,2026/8/7,26-J0105807-001-771,SP0000XNA,2,200,200,200,SUS PBﾄｸ 水切,,2,足付L4x50Φ15 天然ﾊﾟｯｷﾝ指定･六角ｱﾌﾟｾｯﾄ,2026/8/20,福山通運　九州発送,2026/8/20,,切断,岩本,2026/8/20,製造
ナンリツ　松山★,九州工場,九州工場,2026/8/7,2026/8/7,26-J0105807-003-771,SE0000XN,2,200,200,200,SUS PBﾄｸ 水切,,1,ｱｰｽ 天然ﾊﾟｯｷﾝ指定･六角ｱﾌﾟｾｯﾄ,2026/8/20,福山通運　九州発送,2026/8/20,,切断,岩本,2026/8/20,製造
ナンリツ　松山★,九州工場,九州工場,2026/8/7,2026/8/7,26-J0105807-002-771,SE0000XN,2,200,200,150,SUS PBﾄｸ 水切,,1,ｱｰｽ 天然ﾊﾟｯｷﾝ指定･六角ｱﾌﾟｾｯﾄ,2026/8/20,福山通運　九州発送,2026/8/20,,切断,岩本,2026/8/20,製造
丸井産業　宮崎★,九州工場,九州工場,2026/8/7,2026/8/7,26-J0106002-001-771,SE0000SNP,2,"1,100.00",700,600,SUS PBﾄｸ 平,,1,ｱｰｽ ｺﾞﾑﾊﾟｯｷﾝ付 仕切板用PL80x50溶接 2-φ10 6-φ12,2026/8/20,福山通運　九州発送,2026/8/20,,切断,岩本,2026/8/20,製造
三親電材　水島★,九州工場,九州工場,2026/8/7,2026/8/7,26-J0106025-001-771,IP0000SGP,1.6,300,300,100,鉄 PBﾄｸ 平,,1,さび止め ｺﾞﾑﾊﾟｯｷﾝ付 外耳20 M6BN締め,2026/8/20,福山通運　九州発送,2026/8/20,,曲げ,志田,2026/8/20,製造
三親電材　水島★,九州工場,九州工場,2026/8/7,2026/8/7,26-J0106025-002-771,IP0000SGP,1.6,300,300,300,鉄 PBﾄｸ 平,,5,さび止め ｺﾞﾑﾊﾟｯｷﾝ付 外耳20 M6BN締め,2026/8/20,福山通運　九州発送,2026/8/20,,曲げ,志田,2026/8/20,製造
矢島電機商会　倉敷,九州工場,九州工場,2026/8/17,2026/8/17,26-J0106291-002-771,SMK0000N,3,200,200,130,SUS 曲金物,,1,穴加工ｱﾘ,2026/8/20,福山通運　九州発送,2026/8/20,,CAD/CAM,熊谷,2026/8/20,製造
矢島電機商会　倉敷,九州工場,九州工場,2026/8/17,2026/8/17,26-J0106291-001-771,SMK0000N,3,200,200,130,SUS 曲金物,,1,穴加工ｱﾘ,2026/8/20,福山通運　九州発送,2026/8/20,,CAD/CAM,熊谷,2026/8/20,製造
カンサイ　城南★,九州工場,九州工場,2026/8/17,2026/8/17,26-J0106487-002-771,BE6050SG,1.6,600,600,500,国土 PB 平,,1,ｱｰｽ さび止め,2026/8/19,ヤマックス福岡,2026/8/20,,曲げ,志田,2026/8/18,製造
カンサイ　城南★,九州工場,九州工場,2026/8/17,2026/8/17,26-J0106487-001-771,BE6030SG,1.6,600,600,300,国土 PB 平,,1,ｱｰｽ さび止め,2026/8/19,ヤマックス福岡,2026/8/20,,溶接,フイ,2026/8/18,製造
シンセイ　広島第一★,九州工場,九州工場,2026/8/17,2026/8/17,26-J0106574-001-771,SP0000WN,2,"1,000.00",500,500,SUS PBﾄｸ 被せ,,1,,2026/8/19,福山通運　九州発送,2026/8/20,,切断,バック,2026/8/19,製造
宮地電機　高知,九州工場,九州工場,2026/8/17,2026/8/17,26-J0106827-004-771,DE0000WN,1.6,600,500,300,Sﾀﾞｲﾏ PBﾄｸ 被せ,,1,ｱｰｽ,2026/8/20,福山通運　九州発送,2026/8/20,,未着手,,2026/8/20,製造
宮地電機　高知,九州工場,九州工場,2026/8/17,2026/8/17,26-J0106827-003-771,DE6030WN,1.6,600,600,300,Sﾀﾞｲﾏ PB 被せ,,1,ｱｰｽ,2026/8/20,福山通運　九州発送,2026/8/20,,未着手,,2026/8/20,製造
宮地電機　高知,九州工場,九州工場,2026/8/17,2026/8/17,26-J0106827-001-771,DE6040WN,1.6,600,600,400,Sﾀﾞｲﾏ PB 被せ,,1,ｱｰｽ,2026/8/20,福山通運　九州発送,2026/8/20,,未着手,,2026/8/20,製造
さくら電機　国分★,九州工場,九州工場,2026/8/17,2026/8/17,26-J0107550-001-771,SE3020XNW,1.5,300,300,200,SUS PB 水切,,4,ｱｰｽ 内ﾜﾆｽ,2026/8/20,佐川急便,2026/8/20,,未着手,,2026/8/19,製造
イシグロ　福岡★,九州工場,九州工場,2026/7/23,2026/7/23,26-J0092429-006-771,ZG0000,6,200,65,680,ZN 架台,,10,SS-L-65x65x6t　穴加工　    2,2026/8/20,店頭渡し,2026/8/21,,溶接,クイ,2026/8/5,製造
イシグロ　福岡★,九州工場,九州工場,2026/7/23,2026/7/23,26-J0092429-007-771,ZG0000,6,200,65,590,ZN 架台,,21,SS-L-65x65x6t　穴加工　    4,2026/8/20,店頭渡し,2026/8/21,,溶接,クイ,2026/8/7,製造
イシグロ　福岡★,九州工場,九州工場,2026/7/23,2026/7/23,26-J0092429-002-771,ZG0000,6,200,65,680,ZN 架台,,21,SS-L-65x65x6t　穴加工　    2,2026/8/20,店頭渡し,2026/8/21,,溶接,クイ,2026/8/4,製造
イシグロ　福岡★,九州工場,九州工場,2026/7/23,2026/7/23,26-J0092429-003-771,ZG0000,6,200,65,780,ZN 架台,,9,SS-L-65x65x6t　穴加工　    3,2026/8/20,店頭渡し,2026/8/21,,溶接,バン,2026/8/5,製造
イシグロ　福岡★,九州工場,九州工場,2026/7/23,2026/7/23,26-J0092429-001-771,ZG0000,6,200,65,680,ZN 架台,,9,SS-L-65x65x6t　穴加工　左右＝各1台(ｾｯﾄ)　1,2026/8/20,店頭渡し,2026/8/21,,溶接,ゴック,2026/8/3,製造
イシグロ　福岡★,九州工場,九州工場,2026/7/23,2026/7/23,26-J0092429-004-771,ZG0000,6,200,65,590,ZN 架台,,20,SS-L-65x65x6t　穴加工　    4,2026/8/20,店頭渡し,2026/8/21,,溶接,クイ,2026/8/6,製造
イシグロ　福岡★,九州工場,九州工場,2026/7/23,2026/7/23,26-J0092429-005-771,ZG0000,6,200,65,500,ZN 架台,,2,SS-L-65x65x6t　穴加工　左右＝各1台(ｾｯﾄ)  5,2026/8/20,店頭渡し,2026/8/21,,溶接,ゴック,2026/8/3,製造
米良電機　都城★,九州工場,九州工場,2026/7/28,2026/7/28,26-J0095670-001-771,SE0000XN,2,900,300,300,SUS PBﾄｸ 水切,,1,ｱｰｽ,2026/8/21,福山通運　九州発送,2026/8/21,,切断,バック,2026/8/21,製造
イシグロ　福岡★,九州工場,九州工場,2026/7/28,2026/7/28,26-J0096088-005-771,ZG0000,6,495,65,500,ZN 架台,,16,SS-L-65x65x6t 穴加工,2026/8/20,店頭渡し,2026/8/21,,溶接,クイ,2026/8/5,製造
イシグロ　福岡★,九州工場,九州工場,2026/7/28,2026/7/28,26-J0096088-001-771,ZKM0000,5,325,50,100,ZN 金物,,6,SS-C-5x50x100　穴加工,2026/8/20,店頭渡し,2026/8/21,,溶接,奈木野,2026/8/6,製造
イシグロ　福岡★,九州工場,九州工場,2026/7/28,2026/7/28,26-J0096088-002-771,ZKM0000,5,325,50,100,ZN 金物,,2,SS-C-5x50x100　穴加工,2026/8/20,店頭渡し,2026/8/21,,溶接,奈木野,2026/8/6,製造
イシグロ　福岡★,九州工場,九州工場,2026/7/28,2026/7/28,26-J0096088-003-771,ZG0000,6,300,50,286,ZN 架台,,2,SS-L-50x50x6t　穴加工,2026/8/20,店頭渡し,2026/8/21,,溶接,ゴック,2026/8/6,製造
イシグロ　福岡★,九州工場,九州工場,2026/7/28,2026/7/28,26-J0096088-004-771,ZG0000,6,485,65,500,ZN 架台,,13,SS-L-65x65x6t 穴加工,2026/8/20,店頭渡し,2026/8/21,,溶接,ズオン,2026/8/6,製造
小林電工　岡山★,九州工場,九州工場,2026/7/30,2026/7/30,26-J0097982-001-771,ZE2015X2,2.3,200,200,150,ZN PB 水切,,1,ｱｰｽ　HDZT56,2026/8/21,福山通運　九州発送,2026/8/21,,溶接,マイン,2026/8/6,製造
興陽電機　岩国★,九州工場,九州工場,2026/7/30,2026/7/30,26-J0098000-001-771,IG0000C,5,400,250,"1,500.00",鉄 架台 焼付,N-7 近似色,8,溝形鋼100x50x5 2.3t溶接 ｶﾊﾞｰ溶接,2026/8/20,福山通運　九州発送,2026/8/21,,塗装,山口,2026/8/7,製造
興陽電機　岩国★,九州工場,九州工場,2026/7/30,2026/7/30,26-J0098000-004-771,30PLA,0,0,0,0,補修塗料 筆付,N-7 近似色,1,ﾌﾟﾗ30ml,2026/8/20,福山通運　九州発送,2026/8/21,,未着手,,,製造
南四国ﾅｼｮﾅﾙ　本社★,九州工場,九州工場,2026/8/3,2026/8/3,26-J0099674-001-771,SE0000XN,1.5,250,250,100,SUS PBﾄｸ 水切,,2,ｱｰｽ ｺﾝ柱取付金具t2.0付,2026/8/21,福山通運　九州発送,2026/8/21,,切断,井上(隆),2026/8/21,製造
光電気産業,九州工場,九州工場,2026/8/3,2026/8/3,26-J0100755-002-771,ZCPL0000,3.2,"1,130.00",300,0,ZN 縞鋼板,,15,ｺﾞﾑP付 取付穴12-φ7,2026/8/21,沖縄直送,2026/8/21,,切断,森山,2026/8/7,製造
光電気産業,九州工場,九州工場,2026/8/3,2026/8/3,26-J0100755-001-771,ZCPL0000,3.2,"1,130.00",300,0,ZN 縞鋼板,,15,ｺﾞﾑP付 取付穴12-φ7,2026/8/20,沖縄直送,2026/8/21,,切断,森山,2026/8/6,製造
三永興産★,九州工場,九州工場,2026/8/4,2026/8/4,26-J0101570-001-771,ZG0000,0,"1,024.00",0,0,ZN 架台,,1,L-50x50x6t 4-φ12,2026/8/21,福山通運　九州発送,2026/8/21,,組立,金光,2026/8/6,製造
三永興産★,九州工場,九州工場,2026/8/4,2026/8/4,26-J0101570-002-771,ZIP0000,6,163,156,0,ZN ﾌﾟﾚｰﾄ,,1,2-φ12　2-φ16,2026/8/21,福山通運　九州発送,2026/8/21,,切断,森山,2026/8/6,製造
三永興産★,九州工場,九州工場,2026/8/4,2026/8/4,26-J0101570-003-771,ZIP0000,6,187,144,0,ZN ﾌﾟﾚｰﾄ,,1,2-φ12　2-φ16,2026/8/21,福山通運　九州発送,2026/8/21,,切断,森山,2026/8/6,製造
ナンリツ　松山★,九州工場,九州工場,2026/8/4,2026/8/4,26-J0101983-002-771,DKW112020,1.6,200,"1,100.00",200,組立貫通枠,,7,ｽｰﾊﾟｰﾀﾞｲﾏ W1100 D200,2026/8/20,福山通運　九州発送,2026/8/21,,切断,森山,,製造
ナンリツ　松山★,九州工場,九州工場,2026/8/4,2026/8/4,26-J0101983-001-771,DKW122020,1.6,200,"1,200.00",200,組立貫通枠,,7,ｽｰﾊﾟｰﾀﾞｲﾏ W1200 D200,2026/8/21,福山通運　九州発送,2026/8/21,,切断,森山,,製造
Q-mast　電気グル－プ★,九州工場,九州工場,2026/8/4,2026/8/4,26-J0102389-001-771,DD0000N,2.3,800,200,"25,950.00",Sﾀﾞｲﾏ ﾀﾞｸﾄ,,1,直線　平蓋　支持　ｾﾊﾟ無　ET 30分割　（うち10台）,2026/8/19,チャーター便,2026/8/21,,組立,服部,2026/8/19,製造
Q-mast　電気グル－プ★,九州工場,九州工場,2026/8/4,2026/8/4,26-J0102389-002-771,DD0000N,2.3,600,200,"25,950.00",Sﾀﾞｲﾏ ﾀﾞｸﾄ,,1,直線　平蓋　支持　ｾﾊﾟ無　ET 30分割（うち10台）,2026/8/19,チャーター便,2026/8/21,,曲げ,道上,2026/8/19,製造
山陰ﾊﾟﾅｿﾆｯｸ　浜田★,九州工場,九州工場,2026/8/4,2026/8/4,26-J0102392-002-771,BE3030SC,1.6,300,300,300,国土 PB 平 焼付,2.5Y9/1(近似色),1,ｱｰｽ,2026/8/20,福山通運　九州発送,2026/8/21,,仕上,山口,2026/8/17,製造
山陰ﾊﾟﾅｿﾆｯｸ　浜田★,九州工場,九州工場,2026/8/4,2026/8/4,26-J0102392-001-771,BE5050SC,1.6,500,500,500,国土 PB 平 焼付,2.5Y9/1(近似色),2,ｱｰｽ,2026/8/20,福山通運　九州発送,2026/8/21,,仕上,山口,2026/8/17,製造
Q-mast　電気グル－プ★,九州工場,九州工場,2026/8/4,2026/8/4,26-J0102489-001-771,ZG0000,0,505,"1,820.00",705,ZN 架台,,1,穴加工　C100x50x5x7.5 　　2F用,2026/8/21,ヤマックス　ｽﾎﾟｯﾄ便,2026/8/21,,溶接,バン,2026/8/7,製造
Q-mast　電気グル－プ★,九州工場,九州工場,2026/8/4,2026/8/4,26-J0102489-002-771,ZG0000,0,"1,100.00","1,820.00",705,ZN 架台,,1,穴加工　C100x50x5x7.5 　　4F用,2026/8/21,ヤマックス　ｽﾎﾟｯﾄ便,2026/8/21,,溶接,バン,2026/8/7,製造
正和電材　佐世保★,九州工場,九州工場,2026/8/5,2026/8/5,26-J0103163-001-771,ZP1510X2A,2.3,150,150,100,ZN PB 水切,,1,足付L3x30(φ12)x4  六角ｱﾌﾟｾｯﾄﾎﾞﾙﾄ止,2026/8/21,佐川急便,2026/8/21,,溶接,フイ,2026/8/7,製造
東芝電材　岡山★,九州工場,九州工場,2026/8/5,2026/8/5,26-J0103652-001-771,SE0000XN,1.5,400,300,200,SUS PBﾄｸ 水切,,1,ｱｰｽ,2026/8/21,福山通運　九州発送,2026/8/21,,切断,岩本,2026/8/21,製造
東芝電材　宮崎★,九州工場,九州工場,2026/8/5,2026/8/5,26-J0103730-001-771,ZE2015S2,2.3,200,200,150,ZN PB 平,,3,HDZT49 ｱｰｽ,2026/8/21,佐川急便,2026/8/21,,溶接,フイ,2026/8/7,製造
東芝電材　宮崎★,九州工場,九州工場,2026/8/5,2026/8/5,26-J0103730-002-771,ZE1510S2,2.3,150,150,100,ZN PB 平,,6,HDZT49 ｱｰｽ,2026/8/21,佐川急便,2026/8/21,,溶接,フイ,2026/8/7,製造
東芝電材　宮崎★,九州工場,九州工場,2026/8/5,2026/8/5,26-J0103730-003-771,ZE1010S2,2.3,100,100,100,ZN PB 平,,6,HDZT49 ｱｰｽ,2026/8/21,佐川急便,2026/8/21,,溶接,フイ,2026/8/7,製造
新光産業　中部,九州工場,九州工場,2026/8/5,2026/8/5,26-J0103781-001-771,ZABR500,0,500,500,0,ZN ｱﾝｸﾞﾙ引き込み架台,,1,三角ﾀｲﾌﾟ　穴加工φ12､ 2-φ15,2026/8/20,佐川急便,2026/8/21,,溶接,石松,2026/8/7,製造
新光産業　中部,九州工場,九州工場,2026/8/5,2026/8/5,26-J0103781-002-771,ZABR700,0,700,700,0,ZN ｱﾝｸﾞﾙ引き込み架台,,2,三角ﾀｲﾌﾟ　穴加工φ12､ 2-φ15,2026/8/20,佐川急便,2026/8/21,,溶接,石松,2026/8/7,製造
三親電材　水島★,九州工場,九州工場,2026/8/5,2026/8/5,26-J0103803-001-771,IE0000SC,1.6,190,170,80,鉄 PBﾄｸ 平 焼付,5Y9/1(近似色),20,ｱｰｽ(位置指定) M4化粧ﾋﾞｽ･ﾍﾞｰｽ付･開口･穴加工ｱﾘ,2026/8/21,福山通運　九州発送,2026/8/21,,仕上,三澄,2026/8/18,製造
Q-mast　空調管グル－プ★,九州工場,九州工場,2026/8/6,2026/8/6,26-J0103975-001-771,ZTG0000,0,700,390,0,ZN 耐震架台,,1,[100x50x5  原動棟 消火配管 6,2026/8/20,ヤマックス　ｽﾎﾟｯﾄ便,2026/8/21,,溶接,クイ,2026/8/7,製造
シンセイ　広島第一★,九州工場,九州工場,2026/8/6,2026/8/6,26-J0104000-001-771,ZP1010X2,2.3,100,100,100,ZN PB 水切,,1,,2026/8/21,福山通運　九州発送,2026/8/21,,ｷｬﾝｾﾙ,志田,2026/8/7,製造
日本電商　九州★,九州工場,九州工場,2026/8/6,2026/8/6,26-J0104026-001-771,IG0000N,1.6,820,180,25,鉄 架台,,5,φ30　2-φ20　6-M3ﾀｯﾌﾟ  要梱包,2026/8/21,佐川急便,2026/8/21,,組立,服部,2026/8/18,製造
日本電商　九州★,九州工場,九州工場,2026/8/6,2026/8/6,26-J0104039-003-771,IIP0000C,1.6,800,170,0,鉄 ﾌﾟﾚｰﾄ 焼付,N-95 近似色,2,6-φ4　,2026/8/21,佐川急便,2026/8/21,,切断,林(浩),2026/8/18,製造
日本電商　九州★,九州工場,九州工場,2026/8/6,2026/8/6,26-J0104039-002-771,IC0000C,1.6,860,190,25,鉄 ｶﾊﾞｰ 焼付,N-95 近似色,5,6-M3ﾀｯﾌﾟ　2-φ20　開口140x30　,2026/8/21,佐川急便,2026/8/21,,曲げ,ラム,2026/8/18,製造
オリオン商事　福岡★,九州工場,九州工場,2026/8/6,2026/8/6,26-J0104173-001-771,BE0000SG,1.6,700,700,700,国土 PBﾄｸ 平,,1,ｱｰｽ さび止め,2026/8/20,福山通運　九州発送,2026/8/21,,塗装,坂元,2026/8/19,製造
三親電材　広島★,九州工場,九州工場,2026/8/6,2026/8/6,26-J0104333-003-771,IP2015SC,1.6,200,200,150,鉄 PB 平 焼付,N-35 近似色,10,,2026/8/20,福山通運　九州発送,2026/8/21,,仕上,山口,2026/8/17,製造
三親電材　広島★,九州工場,九州工場,2026/8/6,2026/8/6,26-J0104333-001-771,IP2015SC,1.6,200,200,150,鉄 PB 平 焼付,N-35 近似色,10,,2026/8/19,福山通運　九州発送,2026/8/21,,塗装,山口,2026/8/7,製造
三親電材　広島★,九州工場,九州工場,2026/8/6,2026/8/6,26-J0104333-002-771,IP0000SC,1.6,200,200,250,鉄 PBﾄｸ 平 焼付,N-35 近似色,8,,2026/8/21,福山通運　九州発送,2026/8/21,,仕上,山口,2026/8/18,製造
東芝電材　鹿児島★,九州工場,九州工場,2026/8/6,2026/8/6,26-J0104848-001-771,SP0000WN,1.5,700,550,300,SUS PBﾄｸ 被せ,,1,,2026/8/20,佐川急便,2026/8/21,,曲げ,ラム,2026/8/20,製造
山陰ﾊﾟﾅｿﾆｯｸ　倉吉,九州工場,九州工場,2026/8/6,2026/8/6,26-J0104882-001-771,BD0000C,1.6,700,300,800,国土 ﾀﾞｸﾄ 焼付,5Y7/1(近似色),1,ｱｰｽｘ2 開口・穴加工ｱﾘ,2026/8/21,福山通運　九州発送,2026/8/21,,曲げ,道上,2026/8/18,製造
木村電機　本社★,九州工場,九州工場,2026/8/6,2026/8/6,26-J0104887-002-771,BE3015WC,1.6,300,300,150,国土 PB 被せ 焼付,22-85C 近似色,1,ｱｰｽ,2026/8/21,佐川急便,2026/8/21,,仕上,山口,2026/8/18,製造
木村電機　本社★,九州工場,九州工場,2026/8/6,2026/8/6,26-J0104887-001-771,BE1515WC,1.6,150,150,150,国土 PB 被せ 焼付,22-85C 近似色,9,ｱｰｽ,2026/8/21,佐川急便,2026/8/21,,仕上,三澄,2026/8/18,製造
山陰ﾊﾟﾅｿﾆｯｸ　松江,九州工場,九州工場,2026/8/6,2026/8/6,26-J0105040-001-771,BD0000C,1.6,200,143,80,国土 ﾀﾞｸﾄ 焼付,2.5Y9/1(近似色),1,ｱｰｽ,2026/8/21,福山通運　九州発送,2026/8/21,,曲げ,道上,2026/8/18,製造
カンサイ　東★,九州工場,九州工場,2026/8/7,2026/8/7,26-J0105064-003-771,SE2020XC,1.5,200,200,200,SUS PB 水切 焼付,2.5Y9/1 近似色,1,ｱｰｽ,2026/8/20,ヤマックス福岡,2026/8/21,,未着手,,,加工
カンサイ　東★,九州工場,九州工場,2026/8/7,2026/8/7,26-J0105064-001-771,BE1515SC,1.6,150,150,150,国土 PB 平 焼付,2.5Y9/1 近似色,1,ｱｰｽ,2026/8/20,ヤマックス福岡,2026/8/21,,仕上,三澄,2026/8/17,製造
カンサイ　東★,九州工場,九州工場,2026/8/7,2026/8/7,26-J0105064-002-771,BE3030SC,1.6,300,300,300,国土 PB 平 焼付,2.5Y9/1 近似色,2,ｱｰｽ,2026/8/20,ヤマックス福岡,2026/8/21,,仕上,山口,2026/8/17,製造
米良電機　延岡★,九州工場,九州工場,2026/8/7,2026/8/7,26-J0105155-001-771,SE2515XC,1.5,250,250,150,SUS PB 水切 焼付,2.5Y9/1 近似色,4,ｱｰｽ,2026/8/20,佐川急便,2026/8/21,,仕上,山口,2026/8/17,製造
米良電機　延岡★,九州工場,九州工場,2026/8/7,2026/8/7,26-J0105155-002-771,SE2015XC,1.5,200,200,150,SUS PB 水切 焼付,2.5Y9/1 近似色,3,ｱｰｽ,2026/8/21,佐川急便,2026/8/21,,未着手,,,加工
東芝電材　川内★,九州工場,九州工場,2026/8/7,2026/8/7,26-J0105427-001-771,SE1510XCW,1.5,150,150,100,SUS PB 水切 焼付,5Y7/1 近似色,1,ｱｰｽ 内ﾜﾆｽ,2026/8/21,佐川急便,2026/8/21,,塗装,林(秀),2026/8/17,製造
光電商会,九州工場,九州工場,2026/8/10,2026/8/10,26-J0106057-001-771,SE0000XC,1.5,400,400,250,SUS PBﾄｸ 水切 焼付,5Y7/1,1,ｱｰｽ,2026/8/21,佐川急便,2026/8/21,,切断,井上(隆),2026/8/18,製造
光電気産業,九州工場,九州工場,2026/8/13,2026/8/13,26-J0106125-001-771,BE0000SC,1.6,350,150,100,国土 PBﾄｸ 平 焼付,2.5Y9/1,1,ｱｰｽ ﾌﾞﾗﾝｸ(350x50),2026/8/21,九州航空,2026/8/21,,溶接,フイ,2026/8/18,製造
平和テクノ　周南★,九州工場,九州工場,2026/8/17,2026/8/17,26-J0106443-001-771,BE1515SC,1.6,150,150,150,国土 PB 平 焼付,2.5Y9/1 近似色,3,ｱｰｽ,2026/8/21,佐川急便,2026/8/21,,溶接,フイ,2026/8/18,製造
平和テクノ　周南★,九州工場,九州工場,2026/8/17,2026/8/17,26-J0106443-002-771,BE1510SC,1.6,150,150,100,国土 PB 平 焼付,2.5Y9/1 近似色,2,ｱｰｽ,2026/8/21,佐川急便,2026/8/21,,未着手,,,加工
ナミデン　福岡★,九州工場,九州工場,2026/8/17,2026/8/17,26-J0106672-002-771,ITG0000G,0,700,"1,710.00",0,鉄 耐震架台,,1,さび止め L50x50x6 排水処理棟 2,2026/8/20,ヤマックス　ｽﾎﾟｯﾄ便,2026/8/21,,未着手,,2026/8/19,製造
ナミデン　福岡★,九州工場,九州工場,2026/8/17,2026/8/17,26-J0106672-004-771,ITG0000G,0,"1,080.00","2,190.00",0,鉄 耐震架台,,1,さび止め L90x90x7 排水処理棟 4,2026/8/20,ヤマックス　ｽﾎﾟｯﾄ便,2026/8/21,,未着手,,2026/8/19,製造
ナミデン　福岡★,九州工場,九州工場,2026/8/17,2026/8/17,26-J0106672-001-771,ITG0000G,0,"1,250.00","1,835.00",0,鉄 耐震架台,,1,さび止め L75x75x6 排水処理棟 1,2026/8/20,ヤマックス　ｽﾎﾟｯﾄ便,2026/8/21,,未着手,,2026/8/19,製造
ナミデン　福岡★,九州工場,九州工場,2026/8/17,2026/8/17,26-J0106672-003-771,ITG0000G,0,"1,050.00","1,820.00",0,鉄 耐震架台,,1,さび止め L50x50x6 排水処理棟 3,2026/8/20,ヤマックス　ｽﾎﾟｯﾄ便,2026/8/21,,未着手,,2026/8/19,製造
三共電気　東★,九州工場,九州工場,2026/8/17,2026/8/17,26-J0106782-001-771,IG0000G,0,390,300,0,鉄 架台,,20,さび止め L40x40x5,2026/8/21,福山通運　九州発送,2026/8/21,,切断,奈木野,2026/8/20,製造
三共電気　東★,九州工場,九州工場,2026/8/17,2026/8/17,26-J0106782-003-771,IG0000G,0,900,0,0,鉄 架台,,10,さび止め L50x50x6,2026/8/21,福山通運　九州発送,2026/8/21,,未着手,,2026/8/20,製造
三共電気　東★,九州工場,九州工場,2026/8/17,2026/8/17,26-J0106782-002-771,IKM0000G,0,215,150,156,鉄 金物,,10,さび止め LR C150x75x6.5/10,2026/8/21,福山通運　九州発送,2026/8/21,,未着手,,2026/8/20,製造
ハッピー電気　清水★,九州工場,九州工場,2026/8/17,2026/8/17,26-J0107000-001-771,BE5040SC,1.6,500,500,400,国土 PB 平 焼付,2.5Y9/1 近似色,1,ｱｰｽ,2026/8/21,佐川急便,2026/8/21,,曲げ,志田,2026/8/18,製造
東芝電材　岡山★,九州工場,九州工場,2026/8/17,2026/8/17,26-J0107195-001-771,BE0000SC,1.6,400,300,200,国土 PBﾄｸ 平 焼付,2.5Y9/1(近似色),2,ｱｰｽ,2026/8/21,福山通運　九州発送,2026/8/21,,切断,林(浩),2026/8/18,製造
東芝電材　岡山★,九州工場,九州工場,2026/8/17,2026/8/17,26-J0107195-002-771,BE2020SC,1.6,200,200,200,国土 PB 平 焼付,2.5Y9/1(近似色),2,ｱｰｽ,2026/8/21,福山通運　九州発送,2026/8/21,,未着手,,,加工
興陽電機　下関★,九州工場,九州工場,2026/8/17,2026/8/17,26-J0107509-002-771,BE2015XGA,1.6,200,200,150,国土 PB 水切,,1,ｱｰｽ さび止め 足付 L3x30(φ12)x4,2026/8/21,福山通運　九州発送,2026/8/21,,未着手,,2026/8/19,製造
興陽電機　下関★,九州工場,九州工場,2026/8/17,2026/8/17,26-J0107509-001-771,BE3030XGA,1.6,300,300,300,国土 PB 水切,,2,ｱｰｽ さび止め 足付 L3x40(φ12)x4,2026/8/21,福山通運　九州発送,2026/8/21,,未着手,,2026/8/19,製造
中国機材設備　呉★,九州工場,九州工場,2026/8/17,2026/8/17,26-J0107534-001-771,SE2010XC,1.5,200,200,100,SUS PB 水切 焼付,15-80A 近似色,1,ｱｰｽ,2026/8/21,佐川急便,2026/8/21,,未着手,,,加工
三親電材　出雲★,九州工場,九州工場,2026/8/17,2026/8/17,26-J0107569-001-771,DP1510WN,1.6,150,150,100,Sﾀﾞｲﾏ PB 被せ,,8,,2026/8/21,福山通運　九州発送,2026/8/21,,未着手,,2026/8/21,製造
ムトウ電材　富士見★,九州工場,九州工場,2026/7/8,2026/7/8,26-J0080210-003-771,SD0000C,1.5,900,170,800,SUS ﾀﾞｸﾄ 焼付,2.5Y9/1 近似色,1,平蓋ﾊﾟｯｷﾝ付　ｱｰｽ　ｹｰﾌﾞﾙ支持棒   2F下部ﾀﾞｸﾄ,2026/8/24,福山通運　九州発送,2026/8/24,,曲げ,道上,2026/8/19,製造
ムトウ電材　富士見★,九州工場,九州工場,2026/7/8,2026/7/8,26-J0080210-001-771,SD0000C,1.5,900,170,680,SUS ﾀﾞｸﾄ 焼付,2.5Y9/1 近似色,1,平蓋ﾊﾟｯｷﾝ付　ｱｰｽ　ｹｰﾌﾞﾙ支持棒   1F下部ﾀﾞｸﾄ,2026/8/24,福山通運　九州発送,2026/8/24,,曲げ,道上,2026/8/19,製造
ムトウ電材　富士見★,九州工場,九州工場,2026/7/8,2026/7/8,26-J0080210-002-771,SD0000C,1.5,900,170,850,SUS ﾀﾞｸﾄ 焼付,2.5Y9/1 近似色,1,平蓋ﾊﾟｯｷﾝ付　ｱｰｽ　ｹｰﾌﾞﾙ支持棒   1F上部ﾀﾞｸﾄ,2026/8/24,福山通運　九州発送,2026/8/24,,曲げ,道上,2026/8/19,製造
岡本電機　安佐★,九州工場,九州工場,2026/7/31,2026/7/31,26-J0099524-002-771,ZE0000W,3.2,"1,200.00","1,200.00",500,ZN PBﾄｸ 被せ,,1,ｱｰｽ 本体2分割 底面・側面開口,2026/8/24,福山通運　九州発送,2026/8/24,,溶接,カイ,2026/8/7,製造
岡本電機　安佐★,九州工場,九州工場,2026/7/31,2026/7/31,26-J0099524-001-771,ZE0000W,3.2,"1,200.00","1,200.00",500,ZN PBﾄｸ 被せ,,1,ｱｰｽ 本体2分割 底面開口,2026/8/24,福山通運　九州発送,2026/8/24,,溶接,カイ,2026/8/7,製造
東芝電材　中津★,九州工場,九州工場,2026/7/31,2026/7/31,26-J0099566-001-771,ZE0000X,3.2,900,700,900,ZN PBﾄｸ 水切,,2,◆HDZT-49  ｱｰｽ,2026/8/24,福山通運　九州発送,2026/8/24,,溶接,ハイ,2026/8/7,製造
三親電材　松江★,九州工場,九州工場,2026/8/3,2026/8/3,26-J0099936-001-771,SE6050WN,1.5,600,600,500,SUS PB 被せ,,1,ｱｰｽ,2026/8/24,福山通運　九州発送,2026/8/24,,切断,井上(隆),2026/8/24,製造
平岡電気　福岡東★,九州工場,九州工場,2026/8/3,2026/8/3,26-J0101019-002-771,ZIP0000,2.3,50,50,0,ZN ﾌﾟﾚｰﾄ,,4,,2026/8/21,ヤマックス福岡,2026/8/24,,切断,森山,2026/8/6,製造
平岡電気　福岡東★,九州工場,九州工場,2026/8/3,2026/8/3,26-J0101019-001-771,ZPA0000,9,360,360,80,ZN ﾎﾟｰﾙｱﾀﾞﾌﾟﾀｰ,,1,穴加工,2026/8/21,ヤマックス福岡,2026/8/24,,溶接,ハイ,2026/8/6,製造
三親電材　広島★,九州工場,九州工場,2026/8/4,2026/8/4,26-J0102642-014-771,IKW0000G,1.6,700,250,170,鉄 貫通枠,,1,さび止め SS-C-5x50x100溶接　東EPS　3～16階用,2026/8/24,福山通運　九州発送,2026/8/24,,切断,バック,2026/8/21,製造
三親電材　広島★,九州工場,九州工場,2026/8/4,2026/8/4,26-J0102642-011-771,IKW0000G,1.6,700,300,170,鉄 貫通枠,,2,さび止め SS-C-5x50x100溶接　西EPS　2～4階用,2026/8/24,福山通運　九州発送,2026/8/24,,切断,バック,2026/8/21,製造
カンサイ　宗像★,九州工場,九州工場,2026/8/5,2026/8/5,26-J0102685-002-771,ZG0000,6,0,400,"1,500.00",ZN 架台,,2,Ｌ50×6ｔ　穴加工　右,2026/8/24,佐川急便,2026/8/24,,溶接,ズオン,2026/8/17,製造
カンサイ　宗像★,九州工場,九州工場,2026/8/5,2026/8/5,26-J0102685-001-771,ZG0000,6,0,400,"1,500.00",ZN 架台,,2,Ｌ50×6ｔ　穴加工　左,2026/8/24,佐川急便,2026/8/24,,溶接,ゴック,2026/8/17,製造
暁電業　津山★,九州工場,九州工場,2026/8/5,2026/8/5,26-J0102944-001-771,ZATR500,0,500,500,500,ZN ｱﾝｸﾞﾙ引き込み架台,,2,三角支え付ﾀｲﾌﾟ,2026/8/24,福山通運　九州発送,2026/8/24,,溶接,バン,2026/8/7,製造
三親電材　松江★,九州工場,九州工場,2026/8/5,2026/8/5,26-J0103651-001-771,SE2010XC,1.5,200,200,100,SUS PB 水切 焼付,10R2/2(近似色),2,ｱｰｽ,2026/8/24,福山通運　九州発送,2026/8/24,,未着手,,,加工
正和電材　諫早★,九州工場,九州工場,2026/8/6,2026/8/6,26-J0104191-002-771,DC0000N,1.6,900,"1,300.00",700,Sﾀﾞｲﾏ ｶﾊﾞｰ,,1,ﾌｰﾄﾞｶﾊﾞｰ 平蓋ﾊﾟｯｷﾝ付　3方外ｺｰｷﾝｸﾞ代　8階-2,2026/8/24,福山通運　九州発送,2026/8/24,,未着手,,2026/8/24,製造
正和電材　諫早★,九州工場,九州工場,2026/8/6,2026/8/6,26-J0104191-003-771,DC0000N,1.6,500,"1,000.00",550,Sﾀﾞｲﾏ ｶﾊﾞｰ,,1,ﾌｰﾄﾞｶﾊﾞｰ 平蓋ﾊﾟｯｷﾝ付　3方外ｺｰｷﾝｸﾞ代　R階,2026/8/24,福山通運　九州発送,2026/8/24,,未着手,,2026/8/24,製造
正和電材　諫早★,九州工場,九州工場,2026/8/6,2026/8/6,26-J0104191-001-771,DC0000N,1.6,600,620,550,Sﾀﾞｲﾏ ｶﾊﾞｰ,,2,ﾌｰﾄﾞｶﾊﾞｰ 平蓋ﾊﾟｯｷﾝ付　3方外ｺｰｷﾝｸﾞ代　8階-1,2026/8/24,福山通運　九州発送,2026/8/24,,未着手,,2026/8/24,製造
栗田電機　今治★,九州工場,九州工場,2026/8/6,2026/8/6,26-J0104491-001-771,ZE0000X,3.2,250,250,250,ZN PBﾄｸ 水切,,3,HDZT63  ｱｰｽ,2026/8/24,福山通運　九州発送,2026/8/24,,溶接,マイン,2026/8/17,製造
カンサイ　電設★,九州工場,九州工場,2026/8/6,2026/8/6,26-J0104905-002-771,IG0000C,0,700,250,50,鉄 架台 焼付,2.5Y9/1 近似色,1,L-50X50X4t  FB50W,2026/8/21,ヤマックス福岡,2026/8/24,,溶接,ズオン,2026/8/18,製造
カンサイ　電設★,九州工場,九州工場,2026/8/6,2026/8/6,26-J0104905-001-771,ID0000C,1.6,700,250,280,鉄 ﾀﾞｸﾄ 焼付,2.5Y9/1 近似色,1,平蓋,2026/8/21,ヤマックス福岡,2026/8/24,,曲げ,道上,2026/8/18,製造
宮地電機　高松,九州工場,九州工場,2026/8/6,2026/8/6,26-J0104906-001-771,ZIP0000,3.2,650,500,0,ZN ﾌﾟﾚｰﾄ,,2,穴加工ｱﾘ,2026/8/24,福山通運　九州発送,2026/8/24,,切断,林(浩),2026/8/17,製造
シンセイ　徳山★,九州工場,九州工場,2026/8/6,2026/8/6,26-J0104922-001-771,BIP0000C,1.6,680,680,0,処理鋼板 ﾌﾟﾚｰﾄ 焼付,N9.5 近似色,25,枠形 開口600x600,2026/8/21,佐川急便,2026/8/24,,切断,森山,2026/8/18,製造
シンセイ　広島第二★,九州工場,九州工場,2026/8/6,2026/8/6,26-J0104926-001-771,IKM0000C,3.2,100,50,780,鉄 金物 焼付,5Y7/1 近似色,2,M10ﾅｯﾄ溶接(下穴有り)x2 φ13x2,2026/8/24,福山通運　九州発送,2026/8/24,,曲げ,道上,2026/8/18,製造
富士商会　大村★,九州工場,九州工場,2026/8/6,2026/8/6,26-J0104958-001-771,ZE4040X2,2.3,400,400,400,ZN PB 水切,,1,ｱｰｽ,2026/8/24,佐川急便,2026/8/24,,溶接,マイン,2026/8/17,製造
東芝電材　熊本★,九州工場,九州工場,2026/8/7,2026/8/7,26-J0105108-001-771,ZI0000,2.3,"1,320.00",230,0,ZN 切板,,2,吊穴φ6x2箇所,2026/8/24,佐川急便,2026/8/24,,切断,森山,2026/8/17,製造
佐川電機★,九州工場,九州工場,2026/8/7,2026/8/7,26-J0105323-001-771,ID0000C,1.6,250,200,645,鉄 ﾀﾞｸﾄ 焼付,5Y7/1(近似色),1,/425,2026/8/24,福山通運　九州発送,2026/8/24,,CAD/CAM,熊谷,2026/8/20,製造
中西電機　丸亀★,九州工場,九州工場,2026/8/7,2026/8/7,26-J0105539-001-771,IMK0000C,2.3,220,200,30,鉄 曲金物 焼付,2.5Y9/1(近似色),1,L型 穴加工ｱﾘ,2026/8/24,福山通運　九州発送,2026/8/24,,曲げ,道上,2026/8/19,製造
シンセイ　徳山★,九州工場,九州工場,2026/8/7,2026/8/7,26-J0105611-001-771,BIP0000C,1.6,680,680,0,処理鋼板 ﾌﾟﾚｰﾄ 焼付,N9.5 近似色,4,枠形 開口600x600,2026/8/21,佐川急便,2026/8/24,,切断,森山,2026/8/18,製造
大洋電材　本社★,九州工場,九州工場,2026/8/7,2026/8/7,26-J0105970-001-771,SP2520XC,1.5,250,250,200,SUS PB 水切 焼付,2.5Y9/1 近似色,1,,2026/8/21,北九州配達,2026/8/24,,ｷｬﾝｾﾙ,林(秀),2026/8/18,製造
松堂電材,九州工場,九州工場,2026/8/10,2026/8/10,26-J0106069-001-771,SE0000XN,1.5,250,250,250,SUS PBﾄｸ 水切,,5,ｱｰｽ 足付(L30x30x3tφ12)x4,2026/8/17,イトカツ,2026/8/24,2026/8/17,完成,服部,2026/8/17,製造
アサヒ　中部,九州工場,九州工場,2026/8/10,2026/8/10,26-J0106070-001-771,SE0000XC,1.5,600,600,350,SUS PBﾄｸ 水切 焼付,2.5Y9/1,4,ｱｰｽ 側面開口(300x70),2026/8/24,沖縄直送,2026/8/24,,切断,バック,2026/8/19,製造
日新電機システム,九州工場,九州工場,2026/8/13,2026/8/13,26-J0106131-001-771,IMK0000C,3.2,310,50,30,鉄 曲金物 焼付,色見本(2.5Y9/1),20,ﾊｯﾄ型 2-M4ﾀｯﾌﾟ､取付穴2-φ6,2026/8/24,九州航空,2026/8/24,,切断,林(浩),2026/8/19,製造
山電　八幡,九州工場,九州工場,2026/8/17,2026/8/17,26-J0106204-001-771,SE1515XC,1.5,150,150,150,SUS PB 水切 焼付,2.5Y9/1 近似色,1,ｱｰｽ,2026/8/21,北九州配達,2026/8/24,,溶接,テイン,2026/8/18,製造
さくら電機　鹿児島★,九州工場,九州工場,2026/8/17,2026/8/17,26-J0106289-001-771,SE0000XCW,1.5,400,150,150,SUS PBﾄｸ 水切 焼付,2.5Y9/1 近似色,1,ｱｰｽ 内ﾜﾆｽ,2026/8/24,佐川急便,2026/8/24,,溶接,テイン,2026/8/18,製造
ｹｲ･ｴｽ･ﾃﾞｰ　鹿児島★,九州工場,九州工場,2026/8/17,2026/8/17,26-J0106565-001-771,SE2015XCW,1.5,200,200,150,SUS PB 水切 焼付,2.5Y9/1 近似色,1,ｱｰｽ 内ﾜﾆｽ,2026/8/24,佐川急便,2026/8/24,,塗装,林(秀),2026/8/18,製造
ｹｲ･ｴｽ･ﾃﾞｰ　鹿児島★,九州工場,九州工場,2026/8/17,2026/8/17,26-J0106565-002-771,SE3020XCW,1.5,300,300,200,SUS PB 水切 焼付,2.5Y9/1 近似色,1,ｱｰｽ 内ﾜﾆｽ,2026/8/24,佐川急便,2026/8/24,,塗装,林(秀),2026/8/18,製造
栗田電機　電設営業部★,九州工場,九州工場,2026/8/17,2026/8/17,26-J0106614-001-771,IIP0000C,1.6,"1,280.00",267,0,鉄 ﾌﾟﾚｰﾄ 焼付,N9.5(近似色),14,開口ｱﾘ,2026/8/24,福山通運　九州発送,2026/8/24,,切断,林(浩),2026/8/19,製造
三親電材　広島★,九州工場,九州工場,2026/8/17,2026/8/17,26-J0106826-001-771,DKW0000N,1.6,700,200,150,Sﾀﾞｲﾏ 貫通枠,,1,四方-Sダイマ-曲金物30x30x1.6t,2026/8/24,福山通運　九州発送,2026/8/24,,未着手,,2026/8/24,製造
宮地電機　高知,九州工場,九州工場,2026/8/17,2026/8/17,26-J0106836-002-771,DE0000WN,2.3,800,600,400,Sﾀﾞｲﾏ PBﾄｸ 被せ,,1,ｱｰｽ,2026/8/24,福山通運　九州発送,2026/8/24,,未着手,,2026/8/24,製造
カンサイ　城南★,九州工場,九州工場,2026/8/17,2026/8/17,26-J0106880-004-771,II0000C,2.3,700,600,0,鉄 切板 焼付,25-90C 近似色,1,吊穴φ6x2,2026/8/21,ヤマックス福岡,2026/8/24,,切断,林(浩),2026/8/18,製造
カンサイ　城南★,九州工場,九州工場,2026/8/17,2026/8/17,26-J0106880-001-771,II0000C,2.3,700,500,0,鉄 切板 焼付,25-90C 近似色,1,吊穴φ6x2,2026/8/21,ヤマックス福岡,2026/8/24,,切断,林(浩),2026/8/18,製造
カンサイ　城南★,九州工場,九州工場,2026/8/17,2026/8/17,26-J0106880-002-771,II0000C,2.3,"1,900.00",800,0,鉄 切板 焼付,25-90C 近似色,1,吊穴φ6x2,2026/8/21,ヤマックス福岡,2026/8/24,,切断,林(浩),2026/8/18,製造
カンサイ　城南★,九州工場,九州工場,2026/8/17,2026/8/17,26-J0106880-003-771,II0000C,2.3,700,700,0,鉄 切板 焼付,25-90C 近似色,1,吊穴φ6x2,2026/8/21,ヤマックス福岡,2026/8/24,,切断,林(浩),2026/8/18,製造
佐野電機工業,九州工場,九州工場,2026/8/17,2026/8/17,26-J0107126-002-771,SE3020XC,1.5,300,300,200,SUS PB 水切 焼付,2.5Y9/1(近似色),9,ｱｰｽ,2026/8/24,福山通運　九州発送,2026/8/24,,未着手,,2026/8/19,製造
佐野電機工業,九州工場,九州工場,2026/8/17,2026/8/17,26-J0107126-001-771,SE4020XC,1.5,400,400,200,SUS PB 水切 焼付,2.5Y9/1(近似色),2,ｱｰｽ,2026/8/24,福山通運　九州発送,2026/8/24,,未着手,,2026/8/19,製造
かごしま電工　出水★,九州工場,九州工場,2026/8/17,2026/8/17,26-J0107300-001-771,SE2020XCW,1.5,200,200,200,SUS PB 水切 焼付,5Y7/1 近似色,2,ｱｰｽ 内ﾜﾆｽ,2026/8/24,佐川急便,2026/8/24,,未着手,,2026/8/18,製造
暁電業　岡山本社★,九州工場,九州工場,2026/8/17,2026/8/17,26-J0107376-004-771,SE0000SNP,1.5,700,500,500,SUS PBﾄｸ 平,,1,ｱｰｽ ｺﾞﾑﾊﾟｯｷﾝ付,2026/8/24,福山通運　九州発送,2026/8/24,,未着手,,2026/8/24,製造
暁電業　岡山本社★,九州工場,九州工場,2026/8/17,2026/8/17,26-J0107376-006-771,SE5050SNP,1.5,500,500,500,SUS PB 平,,1,ｱｰｽ ｺﾞﾑﾊﾟｯｷﾝ付,2026/8/24,福山通運　九州発送,2026/8/24,,未着手,,2026/8/24,製造
暁電業　岡山本社★,九州工場,九州工場,2026/8/17,2026/8/17,26-J0107376-002-771,SE0000SNP,1.5,300,200,200,SUS PBﾄｸ 平,,2,ｱｰｽ ｺﾞﾑﾊﾟｯｷﾝ付,2026/8/24,福山通運　九州発送,2026/8/24,,未着手,,2026/8/24,製造
暁電業　岡山本社★,九州工場,九州工場,2026/8/17,2026/8/17,26-J0107376-003-771,SE0000SNP,1.5,650,500,500,SUS PBﾄｸ 平,,1,ｱｰｽ ｺﾞﾑﾊﾟｯｷﾝ付,2026/8/24,福山通運　九州発送,2026/8/24,,未着手,,2026/8/24,製造
シンセイ　広島第二★,九州工場,九州工場,2026/8/17,2026/8/17,26-J0107655-001-771,B02000SC,1.6,400,400,0,国土 ふたﾄｸ 焼付,N8.7 近似色,1,平ふた  350□用張出蓋,2026/8/24,福山通運　九州発送,2026/8/24,,未着手,,2026/8/19,製造
Q-mast　電気グル－プ★,九州工場,九州工場,2026/7/30,2026/7/30,26-J0098581-003-771,ZG0000,0,180,180,"1,500.00",ZN 架台,,4,穴加工 L40x40x5 C150x75x6.5 ベース6ｔ,2026/8/24,ヤマックス　ｽﾎﾟｯﾄ便,2026/8/25,,ｷｬﾝｾﾙ,林(秀),2026/8/6,製造
Q-mast　電気グル－プ★,九州工場,九州工場,2026/7/30,2026/7/30,26-J0098581-002-771,ZG0000,0,180,180,"1,500.00",ZN 架台,,15,穴加工 C150x75x6.5 ベース6ｔ,2026/8/24,ヤマックス　ｽﾎﾟｯﾄ便,2026/8/25,,ｷｬﾝｾﾙ,林(秀),2026/8/6,製造
Q-mast　電気グル－プ★,九州工場,九州工場,2026/7/30,2026/7/30,26-J0098581-001-771,ZG0000,0,125,125,"1,400.00",ZN 架台,,12,穴加工 L50x50x4t C100x50x5 ベース6ｔ,2026/8/24,ヤマックス　ｽﾎﾟｯﾄ便,2026/8/25,,ｷｬﾝｾﾙ,林(秀),2026/8/6,製造
光電気産業,九州工場,九州工場,2026/8/3,2026/8/3,26-J0100791-002-771,ZCPL0000,3.2,500,300,0,ZN 縞鋼板,,12,ｺﾞﾑP付 穴加工6-φ7,2026/8/24,沖縄直送,2026/8/25,,切断,森山,2026/8/17,製造
光電気産業,九州工場,九州工場,2026/8/3,2026/8/3,26-J0100791-001-771,ZCPL0000,3.2,"1,130.00",300,0,ZN 縞鋼板,,11,ｺﾞﾑP付 穴加工12-φ7,2026/8/24,沖縄直送,2026/8/25,,切断,森山,2026/8/17,製造
アサヒ　本社,九州工場,九州工場,2026/8/4,2026/8/4,26-J0101976-002-771,SE0000SC,1.5,200,100,200,SUS PBﾄｸ 平 焼付,2.5Y9/1,20,ｱｰｽ ｺﾞﾑP付 開口 取付穴,2026/8/19,イトカツ,2026/8/25,2026/8/19,仕上,三澄,2026/8/7,製造
アサヒ　本社,九州工場,九州工場,2026/8/4,2026/8/4,26-J0101976-001-771,SE0000SC,1.5,200,100,200,SUS PBﾄｸ 平 焼付,2.5Y9/1,12,ｱｰｽ ｺﾞﾑP付 開口 取付穴,2026/8/18,イトカツ,2026/8/25,2026/8/19,塗装,ナム,2026/8/6,製造
イシグロ　福岡★,九州工場,九州工場,2026/8/5,2026/8/5,26-J0102789-001-771,ZG0000,6,300,65,"2,000.00",ZN 架台,,5,SS-L-65x65x6t　穴加工,2026/8/25,福山通運　九州発送,2026/8/25,,溶接,ゴック,2026/8/18,製造
東芝電材　小倉★,九州工場,九州工場,2026/8/5,2026/8/5,26-J0103637-002-771,ZG0000,0,500,500,0,ZN 架台,,2,L-50x50x6t  三角ﾀｲﾌﾟ,2026/8/24,北九州配達,2026/8/25,,溶接,石松,2026/8/17,製造
東芝電材　小倉★,九州工場,九州工場,2026/8/5,2026/8/5,26-J0103637-001-771,ZG0000,0,500,500,500,ZN 架台,,3,L-50x50x6t  三角支え付ﾀｲﾌﾟ,2026/8/24,北九州配達,2026/8/25,,溶接,石松,2026/8/17,製造
三親電材　水島★,九州工場,九州工場,2026/8/5,2026/8/5,26-J0103821-001-771,IE0000SC,1.6,190,170,80,鉄 PBﾄｸ 平 焼付,5Y9/1(近似色),20,ｱｰｽ(位置指定) M4化粧ﾋﾞｽ･ﾍﾞｰｽ付･開口･穴加工ｱﾘ,2026/8/25,福山通運　九州発送,2026/8/25,,切断,バック,2026/8/20,製造
宮地電機　今治,九州工場,九州工場,2026/8/5,2026/8/5,26-J0103867-001-771,ZP0000S,2.3,400,400,100,ZN PBﾄｸ 平,,1,HDZT56,2026/8/24,福山通運　九州発送,2026/8/25,,溶接,マイン,2026/8/17,製造
カンサイ　八幡★,九州工場,九州工場,2026/8/6,2026/8/6,26-J0104111-001-771,ZP0000W,2.3,200,200,100,ZN PBﾄｸ 被せ,,2,セパ付き（センター）,2026/8/24,北九州配達,2026/8/25,,溶接,マイン,2026/8/17,製造
三親電材　広島★,九州工場,九州工場,2026/8/6,2026/8/6,26-J0104335-002-771,IP2015SC,1.6,200,200,150,鉄 PB 平 焼付,N-35 近似色,10,,2026/8/24,福山通運　九州発送,2026/8/25,,曲げ,志田,2026/8/19,製造
三親電材　広島★,九州工場,九州工場,2026/8/6,2026/8/6,26-J0104335-001-771,IP2015SC,1.6,200,200,150,鉄 PB 平 焼付,N-35 近似色,10,,2026/8/24,福山通運　九州発送,2026/8/25,,溶接,マイン,2026/8/19,製造
三親電材　広島★,九州工場,九州工場,2026/8/6,2026/8/6,26-J0104335-003-771,IP2015SC,1.6,200,200,150,鉄 PB 平 焼付,N-35 近似色,14,,2026/8/25,福山通運　九州発送,2026/8/25,,曲げ,志田,2026/8/20,製造
カンサイ　城南★,九州工場,九州工場,2026/8/6,2026/8/6,26-J0104401-001-771,BDC0000C,1.6,600,350,"2,800.00",国土 ﾀﾞｸﾄｶﾊﾞｰ 焼付,2.5Y9/1 近似色,1,平蓋,2026/8/25,福山通運　九州発送,2026/8/25,,切断,バック,2026/8/20,製造
小林電工　岡山★,九州工場,九州工場,2026/8/6,2026/8/6,26-J0104593-001-771,ZE1515X2,2.3,150,150,150,ZN PB 水切,,1,HDZT56 ｱｰｽ,2026/8/25,福山通運　九州発送,2026/8/25,,溶接,マイン,2026/8/18,製造
宮地電機　今治,九州工場,九州工場,2026/8/6,2026/8/6,26-J0105047-001-771,IIP0000C,1.6,450,130,0,鉄 ﾌﾟﾚｰﾄ 焼付,2.5Y9/1(近似色),2,穴加工ｱﾘ,2026/8/25,福山通運　九州発送,2026/8/25,,切断,森山,2026/8/20,製造
中国機材設備　本社★,九州工場,九州工場,2026/8/7,2026/8/7,26-J0105309-002-771,IDC0000C,1.6,600,200,470,鉄 ﾀﾞｸﾄｶﾊﾞｰ 焼付,日東工業2.5Y9/1近似色,2,平蓋 φ6x4  動力計器、端子盤,2026/8/24,福山通運　九州発送,2026/8/25,,曲げ,道上,2026/8/19,製造
中国機材設備　本社★,九州工場,九州工場,2026/8/7,2026/8/7,26-J0105309-001-771,IDC0000C,1.6,"1,000.00",200,470,鉄 ﾀﾞｸﾄｶﾊﾞｰ 焼付,日東工業2.5Y9/1近似色,1,平蓋 φ6x4  電灯計器,2026/8/24,福山通運　九州発送,2026/8/25,,曲げ,道上,2026/8/19,製造
中国機材設備　本社★,九州工場,九州工場,2026/8/7,2026/8/7,26-J0105309-003-771,IDC0000C,1.6,600,200,900,鉄 ﾀﾞｸﾄｶﾊﾞｰ 焼付,日東工業2.5Y9/1近似色,1,平蓋 φ6x6 側面背面に切欠き有り  盤下,2026/8/24,福山通運　九州発送,2026/8/25,,曲げ,道上,2026/8/19,製造
中国機材設備　本社★,九州工場,九州工場,2026/8/7,2026/8/7,26-J0105309-004-771,IDC0000C,1.6,575,215,435,鉄 ﾀﾞｸﾄｶﾊﾞｰ 焼付,日東工業2.5Y9/1近似色,1,平蓋 φ6x4 側面に切欠き有り  盤下,2026/8/24,福山通運　九州発送,2026/8/25,,曲げ,道上,2026/8/19,製造
中国機材設備　本社★,九州工場,九州工場,2026/8/7,2026/8/7,26-J0105309-006-771,30PLA,0,0,0,0,補修塗料 筆付,日東工業2.5Y9/1近似色,1,ﾌﾟﾗ30ml,2026/8/24,福山通運　九州発送,2026/8/25,,未着手,,,製造
新光産業　本社,九州工場,九州工場,2026/8/14,2026/8/14,26-J0106137-001-771,BE3020SC,1.6,300,300,200,国土 PB 平 焼付,2.5Y9/1,10,ｱｰｽ,2026/8/21,沖縄直送,2026/8/25,,曲げ,志田,2026/8/18,製造
新光産業　本社,九州工場,九州工場,2026/8/14,2026/8/14,26-J0106137-003-771,BE3020SC,1.6,300,300,200,国土 PB 平 焼付,2.5Y9/1,12,ｱｰｽ,2026/8/25,沖縄直送,2026/8/25,,切断,林(浩),2026/8/20,製造
新光産業　本社,九州工場,九州工場,2026/8/14,2026/8/14,26-J0106137-002-771,BE3020SC,1.6,300,300,200,国土 PB 平 焼付,2.5Y9/1,10,ｱｰｽ,2026/8/24,沖縄直送,2026/8/25,,切断,林(浩),2026/8/19,製造
Q-mast　空調管グル－プ★,九州工場,九州工場,2026/8/17,2026/8/17,26-J0106426-001-771,ZG0000,0,"1,305.00","2,545.00",0,ZN 架台,,1,/2505 排煙ﾀﾞｸﾄ架台 2,2026/8/24,ヤマックス　ｽﾎﾟｯﾄ便,2026/8/25,,未着手,,2026/8/18,製造
正和電材　大村★,九州工場,九州工場,2026/8/17,2026/8/17,26-J0106459-001-771,ZE2015X2,2.3,200,200,150,ZN PB 水切,,1,ｱｰｽ,2026/8/25,佐川急便,2026/8/25,,曲げ,志田,2026/8/18,製造
東芝電材　中津★,九州工場,九州工場,2026/8/17,2026/8/17,26-J0106774-001-771,ZE3030X2,2.3,300,300,300,ZN PB 水切,,2,ｱｰｽ,2026/8/25,佐川急便,2026/8/25,,曲げ,志田,2026/8/18,製造
木村電機　本社★,九州工場,九州工場,2026/8/17,2026/8/17,26-J0107097-001-771,BIP0000C,1.6,"1,350.00",650,0,処理鋼板 ﾌﾟﾚｰﾄ 焼付,N9.5 近似色,28,開口1257x300 φ5x10,2026/8/24,佐川急便,2026/8/25,,切断,林(浩),2026/8/19,製造
佐野電機工業,九州工場,九州工場,2026/8/17,2026/8/17,26-J0107153-003-771,BE2010SC,1.6,200,200,100,国土 PB 平 焼付,2.5Y9/1(近似色),9,ｱｰｽ,2026/8/25,福山通運　九州発送,2026/8/25,,未着手,,,加工
カンサイ　東★,九州工場,九州工場,2026/8/17,2026/8/17,26-J0107619-006-771,BDC0000C,1.6,700,250,270,国土 ﾀﾞｸﾄｶﾊﾞｰ 焼付,2.5Y9/1 近似色,1,平蓋 ｱｰｽ無し φ8x4,2026/8/24,ヤマックス福岡,2026/8/25,,未着手,,2026/8/19,製造
カンサイ　東★,九州工場,九州工場,2026/8/17,2026/8/17,26-J0107619-005-771,BDC0000C,1.6,700,200,403,国土 ﾀﾞｸﾄｶﾊﾞｰ 焼付,2.5Y9/1 近似色,1,平蓋 ｱｰｽ無し φ8x4,2026/8/24,ヤマックス福岡,2026/8/25,,未着手,,2026/8/19,製造
アサヒ　本社,九州工場,九州工場,2026/8/4,2026/8/4,26-J0101990-001-771,SE0000SC,1.5,200,100,200,SUS PBﾄｸ 平 焼付,2.5Y9/1,20,ｱｰｽ ｺﾞﾑP付 開口 取付穴,2026/8/20,イトカツ,2026/8/26,2026/8/21,溶接,ロン,2026/8/17,製造
アサヒ　本社,九州工場,九州工場,2026/8/4,2026/8/4,26-J0101990-002-771,SE0000SC,1.5,200,100,200,SUS PBﾄｸ 平 焼付,2.5Y9/1,20,ｱｰｽ ｺﾞﾑP付 開口 取付穴,2026/8/21,イトカツ,2026/8/26,2026/8/21,曲げ,志田,2026/8/18,製造
アサヒ　宜野湾,九州工場,九州工場,2026/8/5,2026/8/5,26-J0102820-001-771,SE0000XC,2,800,500,400,SUS PBﾄｸ 水切 焼付,2.5Y9/1,1,ｱｰｽ,2026/8/18,イトカツ,2026/8/26,2026/8/18,塗装,ナム,2026/8/6,製造
栗田電機　四国中央★,九州工場,九州工場,2026/8/5,2026/8/5,26-J0103876-002-771,ZCPL0000,3.2,"1,200.00",150,150,ZN 縞鋼板,,2,HDZT63 /400 穴加工ｱﾘ,2026/8/26,福山通運　九州発送,2026/8/26,,切断,森山,2026/8/19,製造
栗田電機　四国中央★,九州工場,九州工場,2026/8/5,2026/8/5,26-J0103876-001-771,ZCPL0000,3.2,"1,000.00",200,130,ZN 縞鋼板,,2,HDZT63 /280 穴加工ｱﾘ,2026/8/26,福山通運　九州発送,2026/8/26,,切断,森山,2026/8/19,製造
イシグロ　福岡★,九州工場,九州工場,2026/8/6,2026/8/6,26-J0104936-004-771,ZG0000,0,689,252,0,ZN 架台,,1,穴加工　L65x65x6t 　G4,2026/8/25,店頭渡し,2026/8/26,,溶接,ゴック,2026/8/19,製造
イシグロ　福岡★,九州工場,九州工場,2026/8/6,2026/8/6,26-J0104936-002-771,ZG0000,0,"1,562.00",385,0,ZN 架台,,1,穴加工　L65x65x6t 　G2,2026/8/25,店頭渡し,2026/8/26,,溶接,ズオン,2026/8/19,製造
イシグロ　福岡★,九州工場,九州工場,2026/8/6,2026/8/6,26-J0104936-001-771,ZG0000,0,"1,580.00",385,0,ZN 架台,,1,/1475　穴加工　L65x65x6t 　G1,2026/8/25,店頭渡し,2026/8/26,,溶接,ズオン,2026/8/19,製造
イシグロ　福岡★,九州工場,九州工場,2026/8/6,2026/8/6,26-J0104936-003-771,ZG0000,0,898,325,0,ZN 架台,,1,穴加工　L65x65x6t 　G3,2026/8/25,店頭渡し,2026/8/26,,溶接,ゴック,2026/8/19,製造
中西電機　高松本社★,九州工場,九州工場,2026/8/7,2026/8/7,26-J0105290-001-771,ZKW0000,3.2,"1,135.00",535,195,ZN 貫通枠,,2,HDZT63 2分割,2026/8/26,福山通運　九州発送,2026/8/26,,切断,森山,2026/8/19,製造
中西電機　高松本社★,九州工場,九州工場,2026/8/7,2026/8/7,26-J0105290-002-771,ZKW0000,3.2,635,535,195,ZN 貫通枠,,1,HDZT63 2分割,2026/8/26,福山通運　九州発送,2026/8/26,,曲げ,道上,2026/8/19,製造
ナンリツ　松山★,九州工場,九州工場,2026/8/7,2026/8/7,26-J0105815-001-771,ZP0000XA,2.3,200,200,150,ZN PBﾄｸ 水切,,6,足付L4x50Φ15 天然ﾊﾟｯｷﾝ指定･六角ｱﾌﾟｾｯﾄ,2026/8/26,福山通運　九州発送,2026/8/26,,切断,林(浩),2026/8/19,製造
ナンリツ　松山★,九州工場,九州工場,2026/8/7,2026/8/7,26-J0105815-005-771,ZP0000XA,2.3,200,200,200,ZN PBﾄｸ 水切,,5,足付L4x50Φ15 天然ﾊﾟｯｷﾝ指定･六角ｱﾌﾟｾｯﾄ,2026/8/26,福山通運　九州発送,2026/8/26,,切断,林(浩),2026/8/19,製造
興陽電機　八幡★,九州工場,九州工場,2026/8/7,2026/8/7,26-J0105831-001-771,IDC0000C,1.6,500,200,950,鉄 ﾀﾞｸﾄｶﾊﾞｰ 焼付,2.5Y9/1 近似色,3,正面平蓋　　穴8-φ14,2026/8/25,北九州配達,2026/8/26,,未着手,,2026/8/20,製造
日新電機システム,九州工場,九州工場,2026/8/10,2026/8/10,26-J0106055-001-771,BD0000C,1.6,500,195,"1,100.00",国土 ﾀﾞｸﾄ 焼付,色見本(2.5Y9/1),1,平蓋２分割 蓋面ﾌﾞﾗﾝｸ 取付穴4-φ10,2026/8/26,沖縄直送,2026/8/26,,未着手,,2026/8/21,製造
日新電機システム,九州工場,九州工場,2026/8/10,2026/8/10,26-J0106055-002-771,BD0000C,1.6,500,195,"1,000.00",国土 ﾀﾞｸﾄ 焼付,色見本(2.5Y9/1),1,平蓋２分割 蓋面ﾌﾞﾗﾝｸ 取付穴4-φ10,2026/8/26,沖縄直送,2026/8/26,,未着手,,2026/8/21,製造
日新電機システム,九州工場,九州工場,2026/8/10,2026/8/10,26-J0106074-001-771,SD0000C,2,"1,000.00",300,500,SUS ﾀﾞｸﾄ 焼付,色見本(2.5Y9/1),2,平蓋２分割ﾊﾟｯｷﾝ付 取付穴,2026/8/26,沖縄直送,2026/8/26,,未着手,,2026/8/21,製造
佐野電機工業,九州工場,九州工場,2026/8/17,2026/8/17,26-J0107157-001-771,BE2010SC,1.6,200,200,100,国土 PB 平 焼付,2.5Y9/1(近似色),9,ｱｰｽ,2026/8/26,福山通運　九州発送,2026/8/26,,未着手,,2026/8/21,製造
佐野電機工業,九州工場,九州工場,2026/8/17,2026/8/17,26-J0107221-002-771,ZE2020X2,2.3,200,200,200,ZN PB 水切,,5,HDZT56 ｱｰｽ,2026/8/26,福山通運　九州発送,2026/8/26,,未着手,,2026/8/19,製造
佐野電機工業,九州工場,九州工場,2026/8/17,2026/8/17,26-J0107221-003-771,ZE3030X2,2.3,300,300,300,ZN PB 水切,,3,HDZT56 ｱｰｽ,2026/8/26,福山通運　九州発送,2026/8/26,,未着手,,2026/8/19,製造
ナンリツ　本社営業部★,九州工場,九州工場,2026/8/17,2026/8/17,26-J0107425-001-771,IP0000SC,1.6,500,450,40,鉄 PBﾄｸ 平 焼付,5Y9/05(近似色),1,ﾋﾞｽ位置指定･開口･穴加工ｱﾘ,2026/8/26,福山通運　九州発送,2026/8/26,,未着手,,2026/8/21,製造
カンサイ　東★,九州工場,九州工場,2026/8/17,2026/8/17,26-J0107598-004-771,BMK0000C,1.6,410,80,20,処理鋼板 曲金物 焼付,2.5Y9/1 近似色,1,ﾀﾞｸﾄｶﾊﾞｰ用ｾﾊﾟﾚｰﾀ ｺｰﾅｰC30 φ8x2,2026/8/25,ヤマックス福岡,2026/8/26,,未着手,,2026/8/20,製造
カンサイ　東★,九州工場,九州工場,2026/8/17,2026/8/17,26-J0107598-002-771,BMK0000C,1.6,390,80,20,処理鋼板 曲金物 焼付,2.5Y9/1 近似色,1,ﾀﾞｸﾄｶﾊﾞｰ用ｾﾊﾟﾚｰﾀ ｺｰﾅｰC30 φ8x2,2026/8/25,ヤマックス福岡,2026/8/26,,未着手,,2026/8/20,製造
カンサイ　東★,九州工場,九州工場,2026/8/17,2026/8/17,26-J0107598-001-771,BDC0000C,1.6,200,100,"2,370.00",国土 ﾀﾞｸﾄｶﾊﾞｰ 焼付,2.5Y9/1 近似色,1,平蓋 ｱｰｽ無し 丸鋼φ9取外し式x3 φ8x12,2026/8/25,ヤマックス福岡,2026/8/26,,未着手,,2026/8/20,製造
カンサイ　東★,九州工場,九州工場,2026/8/17,2026/8/17,26-J0107598-003-771,BMK0000C,1.6,635,80,20,処理鋼板 曲金物 焼付,2.5Y9/1 近似色,2,ﾀﾞｸﾄｶﾊﾞｰ用ｾﾊﾟﾚｰﾀ ｺｰﾅｰC30 φ8x3,2026/8/25,ヤマックス福岡,2026/8/26,,未着手,,2026/8/20,製造
イシグロ　福岡★,九州工場,九州工場,2026/7/16,2026/7/16,26-J0087133-001-771,SG0000N,6,940,65,"1,380.00",SUS 架台,,2,SUS-L-65x65x6t　SUS-FB6x50　SUS-PL-6t　,2026/8/26,店頭渡し,2026/8/27,,未着手,,2026/8/26,製造
イシグロ　福岡★,九州工場,九州工場,2026/7/16,2026/7/16,26-J0087209-003-771,ZG0000,6,300,65,510,ZN 架台,,4,SS-L-65x65x6t　PL-6t　穴加工,2026/8/26,店頭渡し,2026/8/27,,溶接,バン,2026/8/17,製造
イシグロ　福岡★,九州工場,九州工場,2026/7/16,2026/7/16,26-J0087209-001-771,ZG0000,6,360,65,360,ZN 架台,,2,SS-L-65x65x6t　PL-6t　穴加工,2026/8/26,店頭渡し,2026/8/27,,溶接,バン,2026/8/17,製造
イシグロ　福岡★,九州工場,九州工場,2026/7/16,2026/7/16,26-J0087209-010-771,ZG0000,5,"1,150.00",285,300,ZN 架台,,1,SS-C-5x50x100　PL-6t　穴加工,2026/8/26,店頭渡し,2026/8/27,,溶接,バン,2026/8/17,製造
イシグロ　福岡★,九州工場,九州工場,2026/7/16,2026/7/16,26-J0087209-009-771,ZG0000,6,65,65,545,ZN 架台,,1,SS-L-65x65x6t　PL-6t　穴加工,2026/8/26,店頭渡し,2026/8/27,,溶接,バン,2026/8/17,製造
イシグロ　福岡★,九州工場,九州工場,2026/7/16,2026/7/16,26-J0087209-008-771,ZG0000,6,350,65,261,ZN 架台,,4,SS-L-65x65x6t　PL-6t　穴加工,2026/8/26,店頭渡し,2026/8/27,,溶接,ゴック,2026/8/17,製造
イシグロ　福岡★,九州工場,九州工場,2026/7/16,2026/7/16,26-J0087209-007-771,ZG0000,6,350,65,212,ZN 架台,,20,SS-L-65x65x6t　PL-6t　穴加工,2026/8/26,店頭渡し,2026/8/27,,溶接,クイ,2026/8/3,製造
イシグロ　福岡★,九州工場,九州工場,2026/7/16,2026/7/16,26-J0087209-006-771,ZG0000,6,"1,150.00",65,"1,850.00",ZN 架台,,1,SS-L-65x65x6t　PL-6t　穴加工,2026/8/26,店頭渡し,2026/8/27,,溶接,ゴック,2026/8/17,製造
イシグロ　福岡★,九州工場,九州工場,2026/7/16,2026/7/16,26-J0087209-005-771,ZG0000,6,"1,150.00",65,"1,850.00",ZN 架台,,1,SS-L-65x65x6t　PL-6t　穴加工,2026/8/26,店頭渡し,2026/8/27,,溶接,ゴック,2026/8/17,製造
イシグロ　福岡★,九州工場,九州工場,2026/7/16,2026/7/16,26-J0087209-004-771,ZG0000,6,950,65,440,ZN 架台,,2,SS-L-65x65x6t　PL-6t　穴加工,2026/8/26,店頭渡し,2026/8/27,,溶接,石松,2026/8/17,製造
イシグロ　福岡★,九州工場,九州工場,2026/7/16,2026/7/16,26-J0087209-002-771,ZG0000,6,300,65,"1,550.00",ZN 架台,,2,SS-L-65x65x6t　PL-6t　穴加工,2026/8/26,店頭渡し,2026/8/27,,溶接,バン,2026/8/17,製造
平岡電気　大牟田★,九州工場,九州工場,2026/7/30,2026/7/30,26-J0098516-002-771,BE3020SC,1.6,300,300,200,国土 PB 平 焼付,2.5Y9/1 近似色,5,ｱｰｽ,2026/8/26,佐川急便,2026/8/27,,仕上,三澄,2026/8/18,製造
平岡電気　大牟田★,九州工場,九州工場,2026/7/30,2026/7/30,26-J0098516-001-771,BE2015SC,1.6,200,200,150,国土 PB 平 焼付,2.5Y9/1 近似色,2,ｱｰｽ,2026/8/26,佐川急便,2026/8/27,,仕上,三澄,2026/8/18,製造
平岡電気　大牟田★,九州工場,九州工場,2026/7/30,2026/7/30,26-J0098516-003-771,BE4030SC,1.6,400,400,300,国土 PB 平 焼付,2.5Y9/1 近似色,5,ｱｰｽ,2026/8/26,佐川急便,2026/8/27,,仕上,山口,2026/8/18,製造
平岡電気　大牟田★,九州工場,九州工場,2026/7/30,2026/7/30,26-J0098524-002-771,SE4030XC,1.5,400,400,300,SUS PB 水切 焼付,2.5Y9/1 近似色,1,ｱｰｽ,2026/8/26,佐川急便,2026/8/27,,溶接,テイン,2026/8/18,製造
平岡電気　大牟田★,九州工場,九州工場,2026/7/30,2026/7/30,26-J0098524-001-771,SE3020XC,1.5,300,300,200,SUS PB 水切 焼付,2.5Y9/1 近似色,1,ｱｰｽ,2026/8/26,佐川急便,2026/8/27,,溶接,マイン,2026/8/18,製造
平岡電気　大牟田★,九州工場,九州工場,2026/7/30,2026/7/30,26-J0098542-003-771,SE4030XC,1.5,400,400,300,SUS PB 水切 焼付,2.5Y9/1 近似色,2,ｱｰｽ,2026/8/27,佐川急便,2026/8/27,,曲げ,ラム,2026/8/19,製造
平岡電気　大牟田★,九州工場,九州工場,2026/7/30,2026/7/30,26-J0098542-002-771,SE3020XC,1.5,300,300,200,SUS PB 水切 焼付,2.5Y9/1 近似色,5,ｱｰｽ,2026/8/27,佐川急便,2026/8/27,,溶接,テイン,2026/8/19,製造
平岡電気　大牟田★,九州工場,九州工場,2026/7/30,2026/7/30,26-J0098542-001-771,SE2015XC,1.5,200,200,150,SUS PB 水切 焼付,2.5Y9/1 近似色,2,ｱｰｽ,2026/8/27,佐川急便,2026/8/27,,仕上,三澄,2026/8/19,製造
三親電材　水島★,九州工場,九州工場,2026/8/5,2026/8/5,26-J0103824-001-771,IE0000SC,1.6,190,170,80,鉄 PBﾄｸ 平 焼付,5Y9/1(近似色),20,ｱｰｽ(位置指定) M4化粧ﾋﾞｽ･ﾍﾞｰｽ付･開口･穴加工ｱﾘ,2026/8/27,福山通運　九州発送,2026/8/27,,切断,バック,2026/8/24,製造
大洋電材　本社★,九州工場,九州工場,2026/8/7,2026/8/7,26-J0105272-001-771,ZG0000,0,300,230,0,ZN 架台,,1,L-40x40x3t　D1付属,2026/8/26,北九州配達,2026/8/27,,未着手,,2026/8/19,製造
宮地電機　徳島,九州工場,九州工場,2026/8/7,2026/8/7,26-J0105600-001-771,ZE4020X2,2.3,400,400,200,ZN PB 水切,,5,HDZT56 ｱｰｽ,2026/8/26,福山通運　九州発送,2026/8/27,,溶接,フイ,2026/8/19,製造
宮地電機　徳島,九州工場,九州工場,2026/8/7,2026/8/7,26-J0105600-002-771,ZE4040X2,2.3,400,400,400,ZN PB 水切,,1,HDZT56 ｱｰｽ,2026/8/26,福山通運　九州発送,2026/8/27,,溶接,フイ,2026/8/19,製造
ナンリツ　松山★,九州工場,九州工場,2026/8/7,2026/8/7,26-J0105818-002-771,ZP0000XA,2.3,200,200,200,ZN PBﾄｸ 水切,,11,足付L4x50Φ15 天然ﾊﾟｯｷﾝ指定･六角ｱﾌﾟｾｯﾄ,2026/8/27,福山通運　九州発送,2026/8/27,,切断,林(浩),2026/8/20,製造
佐野電機工業,九州工場,九州工場,2026/8/7,2026/8/7,26-J0105886-001-771,ZE2020X2,2.3,200,200,200,ZN PB 水切,,1,HDZT56 ｱｰｽ,2026/8/26,福山通運　九州発送,2026/8/27,,曲げ,志田,2026/8/19,製造
佐野電機工業,九州工場,九州工場,2026/8/7,2026/8/7,26-J0105891-003-771,BE2010SC,1.6,200,200,100,国土 PB 平 焼付,2.5Y9/1(近似色),1,ｱｰｽ,2026/8/26,福山通運　九州発送,2026/8/27,,未着手,,,加工
アルファ電業商事　本社★,九州工場,九州工場,2026/8/7,2026/8/7,26-J0106007-001-771,ZG0000,5,600,390,145,ZN 架台,,2,門型 L-40x40x5t 4-φ12x20 4-φ12x40,2026/8/27,佐川急便,2026/8/27,,切断,奈木野,2026/8/20,製造
イシグロ　鹿児島★,九州工場,九州工場,2026/8/17,2026/8/17,26-J0107056-001-771,ZG0000,0,200,50,625,ZN 架台,,4,SS-C-5x50x100　SS-L-50x50x4t　穴加工,2026/8/27,佐川急便,2026/8/27,,未着手,,2026/8/20,製造
イシグロ　鹿児島★,九州工場,九州工場,2026/8/17,2026/8/17,26-J0107056-002-771,ZG0000,0,200,50,780,ZN 架台,,4,SS-C-5x50x100　SS-L-50x50x4t　穴加工,2026/8/27,佐川急便,2026/8/27,,未着手,,2026/8/20,製造
イシグロ　福岡★,九州工場,九州工場,2026/8/17,2026/8/17,26-J0107084-001-771,ZCI0000,6,125,65,200,ZN ﾁｬﾝﾈﾙ,,2,SS-C-6x65x125　吊り穴は任意（どこでも可）,2026/8/26,ヤマックス福岡,2026/8/27,,未着手,,2026/8/19,製造
イシグロ　福岡★,九州工場,九州工場,2026/8/17,2026/8/17,26-J0107084-003-771,ZCI0000,6,125,65,750,ZN ﾁｬﾝﾈﾙ,,1,SS-C-6x65x125　吊り穴は任意（どこでも可）,2026/8/26,ヤマックス福岡,2026/8/27,,未着手,,2026/8/19,製造
イシグロ　福岡★,九州工場,九州工場,2026/8/17,2026/8/17,26-J0107084-002-771,ZCI0000,6,125,65,250,ZN ﾁｬﾝﾈﾙ,,1,SS-C-6x65x125　吊り穴は任意（どこでも可）,2026/8/26,ヤマックス福岡,2026/8/27,,未着手,,2026/8/19,製造
中国機材設備　東広島★,九州工場,九州工場,2026/7/1,2026/7/1,26-J0073818-004-771,AD0000N,2,900,500,"3,000.00",ｱﾙﾐ ﾀﾞｸﾄ,,1,/980 点検口 ｱｰｽ 支持棒+ｾﾊﾟ3枚　補強 ﾌﾗﾝｼﾞ付,2026/8/28,福山通運　九州発送,2026/8/28,,未着手,,2026/8/28,製造
中国機材設備　東広島★,九州工場,九州工場,2026/7/1,2026/7/1,26-J0073818-001-771,AD0000N,2,700,300,"1,300.00",ｱﾙﾐ ﾀﾞｸﾄ,,1,/500 点検口 ｱｰｽ 支持棒+ｾﾊﾟ3枚　補強 ﾌﾗﾝｼﾞ付,2026/8/28,福山通運　九州発送,2026/8/28,,未着手,,2026/8/28,製造
ナミデン　岡山★,九州工場,九州工場,2026/7/27,2026/7/27,26-J0094451-001-771,ID0000C,1.6,500,250,"3,885.00",鉄 ﾀﾞｸﾄ 焼付,5Y7/1(近似色),1,/825/600 6分割 支持棒･ｾﾊﾟﾚｰﾀ付,2026/8/17,チャーター便,2026/8/28,,塗装,柴﨑,2026/8/6,製造
ナミデン　岡山★,九州工場,九州工場,2026/7/27,2026/7/27,26-J0094451-006-771,DD0000N,1.6,500,250,"6,625.00",Sﾀﾞｲﾏ ﾀﾞｸﾄ,,1,/3170/1190 WP 9分割･支持棒付,2026/8/26,チャーター便,2026/8/28,,切断,バック,2026/8/25,製造
ナミデン　岡山★,九州工場,九州工場,2026/7/27,2026/7/27,26-J0094451-010-771,SIP0000N,1.5,940,620,0,SUS ﾌﾟﾚｰﾄ,,1,穴加工ｱﾘ,2026/8/27,チャーター便,2026/8/28,,CAD/CAM,熊谷,2026/8/27,製造
ナミデン　岡山★,九州工場,九州工場,2026/7/27,2026/7/27,26-J0094451-005-771,DKM0000N,0,0,0,0,Sﾀﾞｲﾏ 金物,,10,接続金物,2026/8/21,チャーター便,2026/8/28,,完成,坂元,2026/8/20,製造
ナミデン　岡山★,九州工場,九州工場,2026/7/27,2026/7/27,26-J0094451-002-771,IKM0000C,1.6,495,245,50,鉄 金物 焼付,5Y7/1(近似色),1,ｴﾝﾄﾞﾌﾟﾚｰﾄ,2026/8/17,チャーター便,2026/8/28,,塗装,ナム,2026/8/6,製造
ナミデン　岡山★,九州工場,九州工場,2026/7/27,2026/7/27,26-J0094451-007-771,DKM0000N,0,0,0,0,Sﾀﾞｲﾏ 金物,,7,接続金物,2026/8/26,チャーター便,2026/8/28,,切断,バック,2026/8/25,製造
ナミデン　岡山★,九州工場,九州工場,2026/7/27,2026/7/27,26-J0094451-008-771,SCI0000N,0,600,0,0,SUS ﾁｬﾝﾈﾙ,,15,穴加工ｱﾘ,2026/8/27,チャーター便,2026/8/28,,未着手,,2026/8/27,製造
ナミデン　岡山★,九州工場,九州工場,2026/7/27,2026/7/27,26-J0094451-004-771,DD0000N,1.6,500,250,"9,525.00",Sﾀﾞｲﾏ ﾀﾞｸﾄ,,1,/4190/1300 WP 12分割･支持棒･ｾﾊﾟﾚｰﾀ付,2026/8/21,チャーター便,2026/8/28,,完成,坂元,2026/8/20,製造
ナミデン　岡山★,九州工場,九州工場,2026/7/27,2026/7/27,26-J0094451-003-771,IKM0000C,0,0,0,0,鉄 金物 焼付,5Y7/1(近似色),3,接続金物,2026/8/17,チャーター便,2026/8/28,,塗装,柴﨑,2026/8/6,製造
ナミデン　岡山★,九州工場,九州工場,2026/7/27,2026/7/27,26-J0094451-009-771,SIP0000N,1.5,670,360,0,SUS ﾌﾟﾚｰﾄ,,1,穴加工ｱﾘ,2026/8/27,チャーター便,2026/8/28,,CAD/CAM,熊谷,2026/8/27,製造
平岡電気　大牟田★,九州工場,九州工場,2026/7/30,2026/7/30,26-J0098549-001-771,SE2015XC,1.5,200,200,150,SUS PB 水切 焼付,2.5Y9/1 近似色,3,ｱｰｽ,2026/8/28,佐川急便,2026/8/28,,仕上,三澄,2026/8/20,製造
平岡電気　大牟田★,九州工場,九州工場,2026/7/30,2026/7/30,26-J0098549-004-771,SE5040XC,1.5,500,500,400,SUS PB 水切 焼付,2.5Y9/1 近似色,1,ｱｰｽ,2026/8/28,佐川急便,2026/8/28,,曲げ,ラム,2026/8/20,製造
平岡電気　大牟田★,九州工場,九州工場,2026/7/30,2026/7/30,26-J0098549-003-771,SE4030XC,1.5,400,400,300,SUS PB 水切 焼付,2.5Y9/1 近似色,3,ｱｰｽ,2026/8/28,佐川急便,2026/8/28,,曲げ,ラム,2026/8/20,製造
平岡電気　大牟田★,九州工場,九州工場,2026/7/30,2026/7/30,26-J0098549-002-771,SE3020XC,1.5,300,300,200,SUS PB 水切 焼付,2.5Y9/1 近似色,4,ｱｰｽ,2026/8/28,佐川急便,2026/8/28,,曲げ,ラム,2026/8/20,製造
平岡電気　大牟田★,九州工場,九州工場,2026/7/30,2026/7/30,26-J0098559-002-771,SE3020XC,1.5,300,300,200,SUS PB 水切 焼付,2.5Y9/1 近似色,1,ｱｰｽ,2026/8/28,佐川急便,2026/8/28,,曲げ,ラム,2026/8/20,製造
平岡電気　大牟田★,九州工場,九州工場,2026/7/30,2026/7/30,26-J0098559-001-771,SE2015XC,1.5,200,200,150,SUS PB 水切 焼付,2.5Y9/1 近似色,4,ｱｰｽ,2026/8/28,佐川急便,2026/8/28,,仕上,三澄,2026/8/20,製造
平岡電気　大牟田★,九州工場,九州工場,2026/7/30,2026/7/30,26-J0098559-004-771,SE0000XC,1.5,450,450,400,SUS PBﾄｸ 水切 焼付,2.5Y9/1 近似色,3,ｱｰｽ,2026/8/28,佐川急便,2026/8/28,,曲げ,ラム,2026/8/20,製造
平岡電気　大牟田★,九州工場,九州工場,2026/7/30,2026/7/30,26-J0098559-003-771,SE4030XC,1.5,400,400,300,SUS PB 水切 焼付,2.5Y9/1 近似色,2,ｱｰｽ,2026/8/28,佐川急便,2026/8/28,,曲げ,ラム,2026/8/20,製造
佐野電機工業,九州工場,九州工場,2026/8/17,2026/8/17,26-J0107237-001-771,ZE2020X2,2.3,200,200,200,ZN PB 水切,,4,HDZT56 ｱｰｽ,2026/8/28,福山通運　九州発送,2026/8/28,,未着手,,2026/8/21,製造
佐野電機工業,九州工場,九州工場,2026/8/17,2026/8/17,26-J0107237-002-771,ZE3030X2,2.3,300,300,300,ZN PB 水切,,3,HDZT56 ｱｰｽ,2026/8/28,福山通運　九州発送,2026/8/28,,未着手,,2026/8/21,製造
佐野電機工業,九州工場,九州工場,2026/8/17,2026/8/17,26-J0107260-004-771,BE2020SC,1.6,200,200,200,国土 PB 平 焼付,2.5Y9/1(近似色),5,ｱｰｽ,2026/8/28,福山通運　九州発送,2026/8/28,,未着手,,,加工
佐野電機工業,九州工場,九州工場,2026/8/17,2026/8/17,26-J0107260-005-771,BE3030SC,1.6,300,300,300,国土 PB 平 焼付,2.5Y9/1(近似色),1,ｱｰｽ,2026/8/28,福山通運　九州発送,2026/8/28,,切断,井上(隆),2026/8/25,製造
佐野電機工業,九州工場,九州工場,2026/8/17,2026/8/17,26-J0107260-003-771,BE1515SC,1.6,150,150,150,国土 PB 平 焼付,2.5Y9/1(近似色),3,ｱｰｽ,2026/8/28,福山通運　九州発送,2026/8/28,,未着手,,2026/8/25,製造
かごしま電工　鹿屋★,九州工場,九州工場,2026/6/15,2026/6/15,26-J0061236-001-771,IP0000XC,1.6,350,200,100,鉄 PBﾄｸ 水切 焼付,2.5Y9/1 近似色,5,蓋面開口 穴加工,2026/8/28,佐川急便,2026/8/31,,CAD/CAM,熊谷,2026/8/25,製造
三親電材　米子★,九州工場,九州工場,2026/8/3,2026/8/3,26-J0099678-001-771,IIMP0000C,1.6,443,0,0,鉄 丸ﾌﾟﾚｰﾄ 焼付,N9.5(近似色),12,Φ443 穴加工ｱﾘ,2026/8/31,福山通運　九州発送,2026/8/31,,CAD/CAM,熊谷,2026/8/26,製造
小林電工　岡山★,九州工場,九州工場,2026/8/3,2026/8/3,26-J0100844-001-771,ID0000C,1.6,400,200,"2,000.00",鉄 ﾀﾞｸﾄ 焼付,5Y7/1(近似色),1,/1900/500 3分割,2026/8/31,福山通運　九州発送,2026/8/31,,仕上,三澄,2026/8/19,製造
小林電工　岡山★,九州工場,九州工場,2026/8/3,2026/8/3,26-J0100844-002-771,IKM0000C,0,0,0,0,鉄 金物 焼付,5Y7/1(近似色),1,脱着式接続金物,2026/8/31,福山通運　九州発送,2026/8/31,,仕上,三澄,2026/8/19,製造
イシグロ　宮崎★,九州工場,九州工場,2026/8/4,2026/8/4,26-J0101848-002-771,IG0000C,6,"2,000.00",867,500,鉄 架台 焼付,2.5Y9/1 近似色,7,室内機用架台 L50x50x6t,2026/8/28,チャーター便,2026/8/31,,曲げ,道上,2026/8/24,製造
イシグロ　宮崎★,九州工場,九州工場,2026/8/4,2026/8/4,26-J0101848-001-771,IBGC1800C,2.3,"1,800.00",800,350,鉄 防球ガード 焼付,2.5Y9/1 近似色,7,天吊形空調機用 床面扉,2026/8/28,チャーター便,2026/8/31,,未着手,,2026/8/24,製造
イシグロ　宮崎★,九州工場,九州工場,2026/8/4,2026/8/4,26-J0101848-004-771,IBG0000C,0,"1,000.00",250,250,鉄 防球ガード 焼付,2.5Y9/1 近似色,5,配管ガード,2026/8/28,チャーター便,2026/8/31,,未着手,,2026/8/24,製造
イシグロ　宮崎★,九州工場,九州工場,2026/8/4,2026/8/4,26-J0101848-005-771,IC0000C,2.3,"2,000.00",437,80,鉄 ｶﾊﾞｰ 焼付,2.5Y9/1 近似色,7,蓋1.6t,2026/8/31,チャーター便,2026/8/31,,切断,林(浩),2026/8/28,製造
イシグロ　宮崎★,九州工場,九州工場,2026/8/4,2026/8/4,26-J0101848-006-771,IAI0000C,0,50,50,220,鉄 ｱﾝｸﾞﾙ 焼付,2.5Y9/1 近似色,7,穴加工　L50x50x4t (L)(R)1セット,2026/8/31,チャーター便,2026/8/31,,未着手,,2026/8/28,製造
Q-mast　電気グル－プ★,九州工場,九州工場,2026/8/4,2026/8/4,26-J0102410-001-771,DD0000N,2.3,800,200,"25,950.00",Sﾀﾞｲﾏ ﾀﾞｸﾄ,,1,直線　平蓋　支持　ｾﾊﾟ無　ET 30分割　（うち10台）,2026/8/28,チャーター便,2026/8/31,,CAD/CAM,熊谷,2026/8/28,製造
Q-mast　電気グル－プ★,九州工場,九州工場,2026/8/4,2026/8/4,26-J0102410-002-771,DD0000N,2.3,600,200,"25,950.00",Sﾀﾞｲﾏ ﾀﾞｸﾄ,,1,直線　平蓋　支持　ｾﾊﾟ無　ET 30分割（うち10台）,2026/8/28,チャーター便,2026/8/31,,切断,岩本,2026/8/28,製造
Q-mast　電気グル－プ★,九州工場,九州工場,2026/8/4,2026/8/4,26-J0102499-003-771,ZG0000,0,"1,100.00","1,820.00",705,ZN 架台,,1,穴加工　C100x50x5x7.5 　　6F用,2026/8/28,チャーター便,2026/8/31,,切断,森山,2026/8/21,製造
Q-mast　電気グル－プ★,九州工場,九州工場,2026/8/4,2026/8/4,26-J0102499-004-771,ZG0000,0,"1,100.00","1,820.00",705,ZN 架台,,1,穴加工　C100x50x5x7.5 　　7F用,2026/8/28,チャーター便,2026/8/31,,切断,森山,2026/8/21,製造
ナンリツ　徳島★,九州工場,九州工場,2026/8/7,2026/8/7,26-J0105124-001-771,ZTG0000,0,"1,115.00",225,955,ZN 耐震架台,,9,/720 ｱﾝｸﾞﾙ PLt6.0,2026/8/31,福山通運　九州発送,2026/8/31,,切断,奈木野,2026/8/21,製造
岡本電機　福山★,九州工場,九州工場,2026/8/7,2026/8/7,26-J0105783-001-771,SE0000XN,1.5,500,300,300,SUS PBﾄｸ 水切,,1,ｱｰｽ,2026/8/31,福山通運　九州発送,2026/8/31,,未着手,,2026/8/31,製造
アサヒ　本社,九州工場,九州工場,2026/8/12,2026/8/12,26-J0106098-001-771,IE0000SC,1.6,600,300,200,鉄 PBﾄｸ 平 焼付,2.5Y9/1,1,ｱｰｽ,2026/8/21,イトカツ,2026/8/31,2026/8/21,ｷｬﾝｾﾙ,林(秀),2026/8/18,製造
共和電気,九州工場,九州工場,2026/8/12,2026/8/12,26-J0106111-001-771,SE0000XC,1.5,400,400,200,SUS PBﾄｸ 水切 焼付,2.5Y9/1,1,ｱｰｽ ｾﾝﾀｰｾﾊﾟ付,2026/8/24,イトカツ,2026/8/31,2026/8/24,曲げ,道上,2026/8/19,製造
アサヒ　本社,九州工場,九州工場,2026/8/17,2026/8/17,26-J0107225-002-771,SE0000XC,2,"1,200.00","1,200.00","1,200.00",SUS PBﾄｸ 水切 焼付,2.5Y9/1,1,蓋２分割 ｱｰｽ ｱﾝｸﾞﾙ50W 足付,2026/8/28,沖縄直送,2026/8/31,,未着手,,2026/8/25,製造
アサヒ　本社,九州工場,九州工場,2026/8/17,2026/8/17,26-J0107225-001-771,SE0000XC,2,"1,200.00","1,200.00","1,200.00",SUS PBﾄｸ 水切 焼付,2.5Y9/1,1,蓋２分割 ｱｰｽ ｱﾝｸﾞﾙ50W 足付,2026/8/27,沖縄直送,2026/8/31,,未着手,,2026/8/24,製造
アサヒ　本社,九州工場,九州工場,2026/8/17,2026/8/17,26-J0107225-004-771,30PLA,0,0,0,0,補修塗料 筆付,2.5Y9/1,1,●ﾌﾟﾗ30ml,2026/8/28,沖縄直送,2026/8/31,,未着手,,,製造
アサヒ　本社,九州工場,九州工場,2026/8/17,2026/8/17,26-J0107225-003-771,SE0000XC,2,"1,200.00","1,200.00","1,200.00",SUS PBﾄｸ 水切 焼付,2.5Y9/1,1,蓋２分割 ｱｰｽ ｱﾝｸﾞﾙ50W 足付,2026/8/31,沖縄直送,2026/8/31,,未着手,,2026/8/26,製造
佐野電機工業,九州工場,九州工場,2026/8/17,2026/8/17,26-J0107266-002-771,BE2020SC,1.6,200,200,200,国土 PB 平 焼付,2.5Y9/1(近似色),10,ｱｰｽ,2026/8/31,福山通運　九州発送,2026/8/31,,未着手,,,加工
新光産業　中部,九州工場,九州工場,2026/6/19,2026/6/19,26-J0066035-001-771,ZE0000W,3.2,800,800,500,ZN PBﾄｸ 被せ,,1,◆空冷 ｱｰｽ,2026/8/28,沖縄直送,2026/9/1,,切断,森山,2026/8/21,製造
東芝電材　松江★,九州工場,九州工場,2026/7/28,2026/7/28,26-J0096327-002-771,BKM0000C,1.6,195,100,90,処理鋼板 金物 焼付,5Y7/1(近似色),1,接続金物,2026/9/1,福山通運　九州発送,2026/9/1,,未着手,,2026/8/27,製造
東芝電材　松江★,九州工場,九州工場,2026/7/28,2026/7/28,26-J0096327-001-771,BD0000C,1.6,200,100,"1,785.00",国土 ﾀﾞｸﾄ 焼付,5Y7/1(近似色),1,ｱｰｽ,2026/9/1,福山通運　九州発送,2026/9/1,,未着手,,2026/8/27,製造
アサヒ　本社,九州工場,九州工場,2026/8/4,2026/8/4,26-J0102011-001-771,SE0000SC,1.5,200,100,200,SUS PBﾄｸ 平 焼付,2.5Y9/1,20,ｱｰｽ ｺﾞﾑP付 開口 取付穴,2026/8/24,イトカツ,2026/9/1,2026/8/24,曲げ,志田,2026/8/19,製造
アサヒ　本社,九州工場,九州工場,2026/8/4,2026/8/4,26-J0102014-001-771,SE0000SC,1.5,200,100,200,SUS PBﾄｸ 平 焼付,2.5Y9/1,20,ｱｰｽ ｺﾞﾑP付 開口 取付穴,2026/8/25,イトカツ,2026/9/1,2026/8/25,切断,森山,2026/8/20,製造
東芝電材　小倉★,九州工場,九州工場,2026/8/6,2026/8/6,26-J0104823-001-771,DP0000XN,2.3,800,800,600,Sﾀﾞｲﾏ PBﾄｸ 水切,5Y7/1 近似色,1,重耐塩塗装,2026/8/31,北九州配達,2026/9/1,,ｷｬﾝｾﾙ,林(秀),2026/8/7,製造
東芝電材　小倉★,九州工場,九州工場,2026/8/6,2026/8/6,26-J0104823-002-771,DE0000XN,2.3,800,800,600,Sﾀﾞｲﾏ PBﾄｸ 水切,5Y7/1 近似色,1,ｱｰｽ　重耐塩塗装,2026/8/31,北九州配達,2026/9/1,,仕上,山口,2026/8/7,製造
ナンリツ　徳島★,九州工場,九州工場,2026/8/7,2026/8/7,26-J0105138-001-771,ZTG0000,0,"1,115.00",225,955,ZN 耐震架台,,9,/720 ｱﾝｸﾞﾙ PLt6.0,2026/9/1,福山通運　九州発送,2026/9/1,,未着手,,2026/8/25,製造
中国機材設備　北★,九州工場,九州工場,2026/8/7,2026/8/7,26-J0105491-001-771,BE2010SC,1.6,200,200,100,国土 PB 平 焼付,2.5Y9/1 近似色,3,ｱｰｽ,2026/8/31,佐川急便,2026/9/1,,未着手,,,加工
ウチダ★,九州工場,九州工場,2026/8/7,2026/8/7,26-J0105547-001-771,SP0000XN,1.5,300,300,150,SUS PBﾄｸ 水切,,2,酸洗い　取付足、端子台ﾍﾞｰｽ、 ﾈｼﾞ付管筒　溶接,2026/9/1,福山通運　九州発送,2026/9/1,,未着手,,2026/8/31,製造
新光産業　中部,九州工場,九州工場,2026/8/12,2026/8/12,26-J0106087-001-771,IE2020SC,1.6,200,200,200,鉄 PB 平 焼付,2.5Y9/1,12,ｱｰｽ,2026/8/21,イトカツ,2026/9/1,2026/8/21,ｷｬﾝｾﾙ,林(秀),2026/8/18,製造
アサヒ　名護,九州工場,九州工場,2026/8/13,2026/8/13,26-J0106114-001-771,SE0000XC,1.5,400,400,400,SUS PBﾄｸ 水切 焼付,2.5Y9/1,1,ｱｰｽ 開口(320x320)(320x110)取付穴,2026/8/24,イトカツ,2026/9/1,2026/8/24,切断,バック,2026/8/19,製造
アサヒ　名護,九州工場,九州工場,2026/8/13,2026/8/13,26-J0106114-002-771,SE0000XC,1.5,500,500,500,SUS PBﾄｸ 水切 焼付,2.5Y9/1,1,ｱｰｽ 開口(420x420)(320x110)取付穴,2026/8/24,イトカツ,2026/9/1,2026/8/24,切断,バック,2026/8/19,製造
松堂電材,九州工場,九州工場,2026/8/13,2026/8/13,26-J0106128-001-771,BE2525SC,1.6,250,250,250,国土 PB 平 焼付,5Y7/1,3,ｱｰｽ,2026/8/21,イトカツ,2026/9/1,2026/8/21,溶接,フイ,2026/8/18,製造
新光産業　本社,九州工場,九州工場,2026/8/17,2026/8/17,26-J0106613-001-771,BE6060SC,1.6,600,600,600,国土 PB 平 焼付,5Y7/1,1,ｱｰｽ,2026/8/21,イトカツ,2026/9/1,2026/8/21,曲げ,志田,2026/8/18,製造
光電商会,九州工場,九州工場,2026/8/17,2026/8/17,26-J0106879-001-771,SE0000XC,1.5,400,200,200,SUS PBﾄｸ 水切 焼付,2.5Y9/1,1,ｱｰｽ,2026/8/21,イトカツ,2026/9/1,2026/8/21,切断,井上(隆),2026/8/18,製造
三親電材　広島★,九州工場,九州工場,2026/8/17,2026/8/17,26-J0106946-014-771,IKW0000G,1.6,700,250,170,鉄 貫通枠,,1,さび止め SS-C-5x50x100溶接,2026/9/1,福山通運　九州発送,2026/9/1,,未着手,,2026/8/31,製造
三親電材　広島★,九州工場,九州工場,2026/8/17,2026/8/17,26-J0106946-011-771,IKW0000G,1.6,700,300,170,鉄 貫通枠,,1,さび止め SS-C-5x50x100溶接,2026/9/1,福山通運　九州発送,2026/9/1,,未着手,,2026/8/31,製造
東芝電材　松江★,九州工場,九州工場,2026/7/28,2026/7/28,26-J0096336-001-771,BD0000C,1.6,200,100,"3,050.00",国土 ﾀﾞｸﾄ 焼付,N1(近似色),1,/925 ｱｰｽ 3分割,2026/9/2,福山通運　九州発送,2026/9/2,,未着手,,2026/8/28,製造
東芝電材　松江★,九州工場,九州工場,2026/7/28,2026/7/28,26-J0096336-004-771,30PLA,0,0,0,0,補修塗料 筆付,N1(近似色),1,ﾌﾟﾗ30ml,2026/9/2,福山通運　九州発送,2026/9/2,,未着手,,,製造
東芝電材　松江★,九州工場,九州工場,2026/7/28,2026/7/28,26-J0096336-002-771,BKM0000C,1.6,195,100,90,処理鋼板 金物 焼付,N1(近似色),2,接続金物,2026/9/2,福山通運　九州発送,2026/9/2,,未着手,,2026/8/28,製造
ナミデン　福岡★,九州工場,九州工場,2026/7/30,2026/7/30,26-J0097579-001-771,IKM0000C,1.6,500,400,200,鉄 金物 焼付,N-90 近似色,9,,2026/9/1,ヤマックス福岡,2026/9/2,,未着手,,2026/8/28,製造
アサヒ　宜野湾,九州工場,九州工場,2026/8/4,2026/8/4,26-J0102262-001-771,SE0000XC,1.5,600,600,200,SUS PBﾄｸ 水切 焼付,2.5Y9/1,3,ｱｰｽ,2026/8/20,イトカツ,2026/9/2,2026/8/20,仕上,山口,2026/8/17,製造
新光産業　本社,九州工場,九州工場,2026/8/17,2026/8/17,26-J0107273-001-771,BX0000C,1.6,90,40,20,処理鋼板 その他 焼付,2.5Y9/1,8,支持棒受金具 取付穴4-φ8,2026/8/24,イトカツ,2026/9/2,2026/8/24,切断,林(浩),2026/8/19,製造
新光産業　本社,九州工場,九州工場,2026/8/17,2026/8/17,26-J0107273-002-771,IKM0000C,0,590,0,0,鉄 金物 焼付,2.5Y9/1,4,支持棒15A,2026/8/24,イトカツ,2026/9/2,2026/8/24,切断,奈木野,2026/8/19,製造
日本テクロ　広島★,九州工場,九州工場,2026/7/23,2026/7/23,26-J0092311-007-771,SE0000XNA,1.5,150,150,150,SUS PBﾄｸ 水切,,5,ｱｰｽ 足付　,2026/9/2,佐川急便,2026/9/3,,未着手,,2026/9/2,製造
日本テクロ　広島★,九州工場,九州工場,2026/7/23,2026/7/23,26-J0092321-001-771,SE0000XNA,1.5,150,150,150,SUS PBﾄｸ 水切,,5,ｱｰｽ 足付　,2026/9/2,佐川急便,2026/9/3,,未着手,,2026/9/2,製造
東芝電材　小倉★,九州工場,九州工場,2026/8/6,2026/8/6,26-J0104794-001-771,DP0000XN,1.6,400,400,400,Sﾀﾞｲﾏ PBﾄｸ 水切,5Y7/1 近似色,1,重耐塩塗装,2026/9/2,北九州配達,2026/9/3,,溶接,マイン,2026/8/7,製造
東芝電材　小倉★,九州工場,九州工場,2026/8/6,2026/8/6,26-J0104794-002-771,DP0000XN,1.6,450,400,400,Sﾀﾞｲﾏ PBﾄｸ 水切,5Y7/1 近似色,1,重耐塩塗装,2026/9/2,北九州配達,2026/9/3,,仕上,三澄,2026/8/7,製造
三親電材　広島★,九州工場,九州工場,2026/8/7,2026/8/7,26-J0105385-002-771,DKW0000N,1.6,900,250,130,Sﾀﾞｲﾏ 貫通枠,,1,平蓋  曲げ金物,2026/9/2,福山通運　九州発送,2026/9/3,,未着手,,2026/9/2,製造
三親電材　広島★,九州工場,九州工場,2026/8/7,2026/8/7,26-J0105385-001-771,DKW0000N,1.6,900,250,140,Sﾀﾞｲﾏ 貫通枠,,4,平蓋  曲げ金物,2026/9/2,福山通運　九州発送,2026/9/3,,未着手,,2026/9/2,製造
日本テクロ　広島★,九州工場,九州工場,2026/7/23,2026/7/23,26-J0092327-001-771,SE0000WNA,1.5,150,150,150,SUS PBﾄｸ 被せ,,3,ｱｰｽ 足付,2026/9/2,佐川急便,2026/9/4,,未着手,,2026/9/2,製造
山電　佐賀★,九州工場,九州工場,2026/7/30,2026/7/30,26-J0098379-001-771,ZD0000,3.2,400,200,"3,450.00",ZN ﾀﾞｸﾄ,,1,/3300　6分割　被せ蓋開口セパx1ケーブル支持,2026/9/3,チャーター便,2026/9/4,,未着手,,2026/8/25,製造
山電　佐賀★,九州工場,九州工場,2026/7/30,2026/7/30,26-J0098379-002-771,ZD0000,3.2,600,200,"3,000.00",ZN ﾀﾞｸﾄ,,1,2分割被せ蓋　開口ケーブル支持,2026/9/3,チャーター便,2026/9/4,,未着手,,2026/8/25,製造
平和テクノ　行橋★,九州工場,九州工場,2026/8/3,2026/8/3,26-J0100649-001-771,IBGC1800C,2.3,"1,800.00",800,350,鉄 防球ガード 焼付,2.5Y9/1 近似色,12,天吊形空調機用 室内機：S-G140TU1 半ｵｰﾌﾟﾝ,2026/8/28,店頭渡し,2026/9/4,,未着手,,2026/8/25,製造
アサヒ　八重山,九州工場,九州工場,2026/7/30,2026/7/30,26-J0098366-002-771,SE0000WC,2,"1,000.00",500,250,SUS PBﾄｸ 被せ 焼付,2.5Y9/1,2,ｱｰｽ(外) 外耳被せ蓋 開口 足付x4,2026/8/7,沖縄直送,2026/9/7,,完成,古川,2026/8/4,製造
アサヒ　八重山,九州工場,九州工場,2026/7/30,2026/7/30,26-J0098366-011-771,SE0000WC,2,"1,000.00",500,250,SUS PBﾄｸ 被せ 焼付,2.5Y9/1,2,ｱｰｽ(外) 外耳被せ蓋 開口 足付x4,2026/8/27,沖縄直送,2026/9/7,,切断,岩本,2026/8/24,製造
アサヒ　八重山,九州工場,九州工場,2026/7/30,2026/7/30,26-J0098366-010-771,SE0000WC,2,"1,000.00",500,250,SUS PBﾄｸ 被せ 焼付,2.5Y9/1,2,ｱｰｽ(外) 外耳被せ蓋 開口 足付x4,2026/8/26,沖縄直送,2026/9/7,,切断,森山,2026/8/21,製造
アサヒ　八重山,九州工場,九州工場,2026/7/30,2026/7/30,26-J0098366-012-771,SE0000WC,2,"1,000.00",500,250,SUS PBﾄｸ 被せ 焼付,2.5Y9/1,1,ｱｰｽ(外) 外耳被せ蓋 開口 足付x4,2026/8/28,沖縄直送,2026/9/7,,切断,岩本,2026/8/25,製造
アサヒ　八重山,九州工場,九州工場,2026/7/30,2026/7/30,26-J0098366-013-771,MAMEKOKI,0,0,0,0,補修塗料 豆缶(沖縄専用),2.5Y9/1,2,,2026/9/4,沖縄直送,2026/9/7,,未着手,,,製造
アサヒ　八重山,九州工場,九州工場,2026/7/30,2026/7/30,26-J0098366-005-771,SE0000WC,2,"1,000.00",500,250,SUS PBﾄｸ 被せ 焼付,2.5Y9/1,2,ｱｰｽ(外) 外耳被せ蓋 開口 足付x4,2026/8/19,沖縄直送,2026/9/7,,曲げ,ラム,2026/8/7,製造
アサヒ　八重山,九州工場,九州工場,2026/7/30,2026/7/30,26-J0098366-006-771,SE0000WC,2,"1,000.00",500,250,SUS PBﾄｸ 被せ 焼付,2.5Y9/1,2,ｱｰｽ(外) 外耳被せ蓋 開口 足付x4,2026/8/20,沖縄直送,2026/9/7,,曲げ,ラム,2026/8/17,製造
アサヒ　八重山,九州工場,九州工場,2026/7/30,2026/7/30,26-J0098366-007-771,SE0000WC,2,"1,000.00",500,250,SUS PBﾄｸ 被せ 焼付,2.5Y9/1,2,ｱｰｽ(外) 外耳被せ蓋 開口 足付x4,2026/8/21,沖縄直送,2026/9/7,,曲げ,ラム,2026/8/18,製造
アサヒ　八重山,九州工場,九州工場,2026/7/30,2026/7/30,26-J0098366-008-771,SE0000WC,2,"1,000.00",500,250,SUS PBﾄｸ 被せ 焼付,2.5Y9/1,2,ｱｰｽ(外) 外耳被せ蓋 開口 足付x4,2026/8/24,沖縄直送,2026/9/7,,曲げ,ラム,2026/8/19,製造
アサヒ　八重山,九州工場,九州工場,2026/7/30,2026/7/30,26-J0098366-009-771,SE0000WC,2,"1,000.00",500,250,SUS PBﾄｸ 被せ 焼付,2.5Y9/1,2,ｱｰｽ(外) 外耳被せ蓋 開口 足付x4,2026/8/25,沖縄直送,2026/9/7,,切断,森山,2026/8/20,製造
アサヒ　八重山,九州工場,九州工場,2026/7/30,2026/7/30,26-J0098366-001-771,SE0000WC,2,"1,000.00",500,250,SUS PBﾄｸ 被せ 焼付,2.5Y9/1,2,ｱｰｽ(外) 外耳被せ蓋 開口 足付x4,2026/8/6,沖縄直送,2026/9/7,,完成,古川,2026/8/3,製造
アサヒ　八重山,九州工場,九州工場,2026/7/30,2026/7/30,26-J0098366-003-771,SE0000WC,2,"1,000.00",500,250,SUS PBﾄｸ 被せ 焼付,2.5Y9/1,2,ｱｰｽ(外) 外耳被せ蓋 開口 足付x4,2026/8/17,沖縄直送,2026/9/7,,完成,古川,2026/8/5,製造
アサヒ　八重山,九州工場,九州工場,2026/7/30,2026/7/30,26-J0098366-004-771,SE0000WC,2,"1,000.00",500,250,SUS PBﾄｸ 被せ 焼付,2.5Y9/1,2,ｱｰｽ(外) 外耳被せ蓋 開口 足付x4,2026/8/18,沖縄直送,2026/9/7,,塗装,柴﨑,2026/8/6,製造
アサヒ　八重山,九州工場,九州工場,2026/7/30,2026/7/30,26-J0098392-005-771,SE0000WC,2,700,700,300,SUS PBﾄｸ 被せ 焼付,2.5Y9/1,2,ｱｰｽ(外) 外耳被せ蓋 開口 足付,2026/9/4,沖縄直送,2026/9/7,,CAD/CAM,熊谷,2026/9/1,製造
アサヒ　八重山,九州工場,九州工場,2026/7/30,2026/7/30,26-J0098392-004-771,SE0000WC,2,700,700,300,SUS PBﾄｸ 被せ 焼付,2.5Y9/1,2,ｱｰｽ(外) 外耳被せ蓋 開口 足付,2026/9/3,沖縄直送,2026/9/7,,CAD/CAM,熊谷,2026/8/31,製造
アサヒ　八重山,九州工場,九州工場,2026/7/30,2026/7/30,26-J0098392-003-771,SE0000WC,2,700,700,300,SUS PBﾄｸ 被せ 焼付,2.5Y9/1,2,ｱｰｽ(外) 外耳被せ蓋 開口 足付,2026/9/3,沖縄直送,2026/9/7,,CAD/CAM,熊谷,2026/8/28,製造
アサヒ　八重山,九州工場,九州工場,2026/7/30,2026/7/30,26-J0098392-002-771,SE0000WC,2,700,700,300,SUS PBﾄｸ 被せ 焼付,2.5Y9/1,2,ｱｰｽ(外) 外耳被せ蓋 開口 足付,2026/9/1,沖縄直送,2026/9/7,,CAD/CAM,熊谷,2026/8/27,製造
アサヒ　八重山,九州工場,九州工場,2026/7/30,2026/7/30,26-J0098392-001-771,SE0000WC,2,700,700,300,SUS PBﾄｸ 被せ 焼付,2.5Y9/1,1,ｱｰｽ(外) 外耳被せ蓋 開口 足付,2026/8/31,沖縄直送,2026/9/7,,CAD/CAM,熊谷,2026/8/26,製造
アサヒ　八重山,九州工場,九州工場,2026/7/30,2026/7/30,26-J0098392-006-771,SE0000WC,2,700,700,300,SUS PBﾄｸ 被せ 焼付,2.5Y9/1,2,ｱｰｽ(外) 外耳被せ蓋 開口 足付,2026/9/7,沖縄直送,2026/9/7,,CAD/CAM,熊谷,2026/9/2,製造
日本電設資材　福岡★,九州工場,九州工場,2026/6/29,2026/6/29,26-J0071589-003-771,IG0000G,0,215,210,900,鉄 架台,,1,さび止め [150x75x6.5t L65x65x6t QR50用(EPS2),2026/9/7,ヤマックス福岡,2026/9/8,,未着手,,2026/9/3,製造
日本電設資材　福岡★,九州工場,九州工場,2026/6/29,2026/6/29,26-J0071589-002-771,IG0000G,0,215,210,"1,100.00",鉄 架台,,1,さび止め [150×75×6.5t　L65×65×6t QR70用(EPS3),2026/9/7,ヤマックス福岡,2026/9/8,,未着手,,2026/9/3,製造
日本電設資材　福岡★,九州工場,九州工場,2026/6/29,2026/6/29,26-J0071589-005-771,IG0000G,0,215,210,900,鉄 架台,,1,さび止め [150x75x6.5t L65x65x6t QR50用(EPS4),2026/9/7,ヤマックス福岡,2026/9/8,,未着手,,2026/9/3,製造
日本電設資材　福岡★,九州工場,九州工場,2026/6/29,2026/6/29,26-J0071589-001-771,IG0000G,0,215,210,"1,100.00",鉄 架台,,1,さび止め [150×75×6.5t　L65×65×6t QR70用(EPS1),2026/9/7,ヤマックス福岡,2026/9/8,,未着手,,2026/9/3,製造
誠新産業　長崎★,九州工場,九州工場,2026/7/22,2026/7/22,26-J0090433-001-771,ZG0000,0,"1,700.00",350,230,ZN 架台,,4,◆HDZT63 開口穴蓋2分割　HH-F3,2026/9/4,チャーター便,2026/9/8,,未着手,,2026/8/28,製造
誠新産業　長崎★,九州工場,九州工場,2026/7/22,2026/7/22,26-J0090433-004-771,ZG0000,9,828,410,0,ZN 架台,,8,HDZT77 蓋,2026/9/4,チャーター便,2026/9/8,,未着手,,2026/8/28,製造
ニッタマテリアル,九州工場,九州工場,2026/7/30,2026/7/30,26-J0098059-001-771,IBGF1250C,2.3,"1,250.00",400,350,鉄 防球ガード 焼付,2.5Y9/1 近似色,32,搬送ファン用,2026/9/7,チャーター便,2026/9/8,,曲げ,道上,2026/9/4,製造
三親電材　米子★,九州工場,九州工場,2026/8/5,2026/8/5,26-J0103607-001-771,SE5050WN,1.5,500,500,500,SUS PB 被せ,,2,ｱｰｽ,2026/9/8,福山通運　九州発送,2026/9/8,,未着手,,2026/9/8,製造
日本電設資材　福岡★,九州工場,九州工場,2026/7/30,2026/7/30,26-J0097682-001-771,IIP0000G,6,180,40,0,鉄 ﾌﾟﾚｰﾄ,,"2,392",さび止め 穴加工  東側 A,2026/9/8,メーカー直送,2026/9/9,,ｷｬﾝｾﾙ,林(秀),,製造
日本電設資材　福岡★,九州工場,九州工場,2026/7/30,2026/7/30,26-J0097682-002-771,IIP0000G,6,220,240,0,鉄 ﾌﾟﾚｰﾄ,,933,さび止め 穴加工　東側 B,2026/9/8,メーカー直送,2026/9/9,,ｷｬﾝｾﾙ,林(秀),,製造
Q-mast　電気グル－プ★,九州工場,九州工場,2026/8/4,2026/8/4,26-J0102432-001-771,DD0000N,2.3,800,200,"25,950.00",Sﾀﾞｲﾏ ﾀﾞｸﾄ,,1,直線　平蓋　支持　ｾﾊﾟ無　ET 30分割　（うち10台）,2026/9/8,佐川急便,2026/9/9,,未着手,,2026/9/8,製造
Q-mast　電気グル－プ★,九州工場,九州工場,2026/8/4,2026/8/4,26-J0102432-002-771,DD0000N,2.3,600,200,"25,950.00",Sﾀﾞｲﾏ ﾀﾞｸﾄ,,1,直線　平蓋　支持　ｾﾊﾟ無　ET 30分割（うち10台）,2026/9/8,佐川急便,2026/9/9,,CAD/CAM,熊谷,2026/9/8,製造
日本電設資材　福岡★,九州工場,九州工場,2026/7/30,2026/7/30,26-J0097732-004-771,ZIP0000,6,220,240,0,ZN ﾌﾟﾚｰﾄ,,18,穴加工　東側 B,2026/9/8,ヤマックス　ｽﾎﾟｯﾄ便,2026/9/10,,未着手,,,製造
日本電設資材　福岡★,九州工場,九州工場,2026/7/30,2026/7/30,26-J0097732-003-771,ZIP0000,6,180,40,0,ZN ﾌﾟﾚｰﾄ,,204,穴加工  東側 A,2026/9/8,ヤマックス　ｽﾎﾟｯﾄ便,2026/9/10,,未着手,,,製造
啓電社★,九州工場,九州工場,2026/7/31,2026/7/31,26-J0098753-001-771,ZG0000,0,"3,500.00",0,0,ZN 架台,,1,C100x50x5x7.5 ｷｭｰﾋﾞｸﾙ架台,2026/9/9,ヤマックス福岡,2026/9/10,,未着手,,2026/8/31,製造
啓電社★,九州工場,九州工場,2026/7/31,2026/7/31,26-J0098753-002-771,ZG0000,0,"2,600.00",0,0,ZN 架台,,1,C100x50x5x7.5 ｷｭｰﾋﾞｸﾙ架台,2026/9/9,ヤマックス福岡,2026/9/10,,未着手,,2026/8/31,製造
啓電社★,九州工場,九州工場,2026/7/31,2026/7/31,26-J0098753-003-771,ZG0000,0,"1,600.00",0,0,ZN 架台,,1,C100x50x5x7.5 ｷｭｰﾋﾞｸﾙ架台,2026/9/9,ヤマックス福岡,2026/9/10,,未着手,,2026/8/31,製造
啓電社★,九州工場,九州工場,2026/7/31,2026/7/31,26-J0098753-004-771,ZG0000,0,"3,800.00",0,0,ZN 架台,,1,C100x50x5x7.5 ｷｭｰﾋﾞｸﾙ架台,2026/9/9,ヤマックス福岡,2026/9/10,,未着手,,2026/8/31,製造
啓電社★,九州工場,九州工場,2026/7/31,2026/7/31,26-J0098753-005-771,ZG0000,0,"2,450.00",0,0,ZN 架台,,1,C100x50x5x7.5 ｷｭｰﾋﾞｸﾙ架台,2026/9/9,ヤマックス福岡,2026/9/10,,未着手,,2026/8/31,製造
啓電社★,九州工場,九州工場,2026/7/31,2026/7/31,26-J0098753-006-771,ZG0000,0,"1,450.00",0,0,ZN 架台,,1,C100x50x5x7.5 ｷｭｰﾋﾞｸﾙ架台,2026/9/9,ヤマックス福岡,2026/9/10,,未着手,,2026/8/31,製造
新光産業　本社,九州工場,九州工場,2026/8/13,2026/8/13,26-J0106130-006-771,BE6050SC,1.6,600,600,500,国土 PB 平 焼付,2.5Y9/1,1,ｱｰｽ,2026/9/11,沖縄直送,2026/9/11,,未着手,,2026/9/8,製造
新光産業　本社,九州工場,九州工場,2026/8/13,2026/8/13,26-J0106130-001-771,BE3030SC,1.6,300,300,300,国土 PB 平 焼付,2.5Y9/1,10,ｱｰｽ,2026/9/9,沖縄直送,2026/9/11,,未着手,,2026/9/4,製造
新光産業　本社,九州工場,九州工場,2026/8/13,2026/8/13,26-J0106130-002-771,BE3030SC,1.6,300,300,300,国土 PB 平 焼付,2.5Y9/1,4,ｱｰｽ,2026/9/10,沖縄直送,2026/9/11,,未着手,,2026/9/7,製造
新光産業　本社,九州工場,九州工場,2026/8/13,2026/8/13,26-J0106130-008-771,BE4030SC,1.6,400,400,300,国土 PB 平 焼付,2.5Y9/1,3,ｱｰｽ,2026/9/10,沖縄直送,2026/9/11,,未着手,,2026/9/7,製造
新光産業　本社,九州工場,九州工場,2026/8/13,2026/8/13,26-J0106130-007-771,BE3020SC,1.6,300,300,200,国土 PB 平 焼付,2.5Y9/1,2,ｱｰｽ,2026/9/9,沖縄直送,2026/9/11,,未着手,,2026/9/4,製造
新光産業　本社,九州工場,九州工場,2026/8/13,2026/8/13,26-J0106130-004-771,BE5040SC,1.6,500,500,400,国土 PB 平 焼付,2.5Y9/1,2,ｱｰｽ,2026/9/10,沖縄直送,2026/9/11,,未着手,,2026/9/7,製造
新光産業　本社,九州工場,九州工場,2026/8/13,2026/8/13,26-J0106130-005-771,BE5050SC,1.6,500,500,500,国土 PB 平 焼付,2.5Y9/1,4,ｱｰｽ,2026/9/11,沖縄直送,2026/9/11,,未着手,,2026/9/8,製造
シンセイ　岡山★,九州工場,九州工場,2026/8/7,2026/8/7,26-J0105553-001-771,ZCI0000,0,250,0,0,ZN ﾁｬﾝﾈﾙ,,20,HDZT70 穴加工ｱﾘ,2026/9/24,福山通運　九州発送,2026/9/24,,未着手,,2026/9/14,製造
三興マテリアルサプライ　大阪★,九州工場,九州工場,2026/5/12,2026/5/12,26-J0036706-001-771,ZP0000W,3.2,"1,000.00",300,200,ZN PBﾄｸ 被せ,,1,◆,2026/9/29,福山通運　九州発送,2026/9/29,,CAD/CAM,熊谷,2026/9/16,製造
イシグロ　福岡★,九州工場,九州工場,2026/8/4,2026/8/4,26-J0101789-007-771,IST0000C,0,150,90,350,鉄 ｽﾀﾝｼｮﾝ 焼付,N7.0 近似色,6,,2026/9/28,チャーター便,2026/9/29,,未着手,,2026/9/10,製造
イシグロ　福岡★,九州工場,九州工場,2026/8/4,2026/8/4,26-J0101789-005-771,IG0000C,0,720,720,409,鉄 架台 焼付,N7.0 近似色,4,TA2架台,2026/9/28,チャーター便,2026/9/29,,未着手,,2026/9/10,製造
イシグロ　福岡★,九州工場,九州工場,2026/8/4,2026/8/4,26-J0101789-004-771,IG0000C,0,880,880,910,鉄 架台 焼付,N7.0 近似色,2,原料タンク架台,2026/9/28,チャーター便,2026/9/29,,未着手,,2026/9/10,製造
イシグロ　福岡★,九州工場,九州工場,2026/8/4,2026/8/4,26-J0101789-003-771,IG0000C,0,"1,050.00",920,850,鉄 架台 焼付,N7.0 近似色,6,BF架台,2026/9/28,チャーター便,2026/9/29,,未着手,,2026/9/10,製造
イシグロ　福岡★,九州工場,九州工場,2026/8/4,2026/8/4,26-J0101789-002-771,IG0000C,0,"1,043.00",652.5,"1,598.00",鉄 架台 焼付,N7.0 近似色,6,分級機架台,2026/9/28,チャーター便,2026/9/29,,未着手,,2026/9/10,製造
イシグロ　福岡★,九州工場,九州工場,2026/8/4,2026/8/4,26-J0101789-006-771,IST0000C,0,150,150,"1,100.00",鉄 ｽﾀﾝｼｮﾝ 焼付,N7.0 近似色,6,伝送器取付スタンドA,2026/9/28,チャーター便,2026/9/29,,未着手,,2026/9/10,製造
イシグロ　福岡★,九州工場,九州工場,2026/8/4,2026/8/4,26-J0101789-001-771,IG0000C,0,340,340,270,鉄 架台 焼付,N7.0 近似色,6,フィーダー取付架台,2026/9/28,チャーター便,2026/9/29,,未着手,,2026/9/10,製造
九州三菱電機販売　中津,九州工場,九州工場,2026/8/3,2026/8/3,26-J0101194-001-771,IBGE1800C,2.3,"1,800.00",800,350,鉄 防球ガード 焼付,,12,天吊形空調機用　フルオープン,2026/10/1,チャーター便,2026/10/2,,未着手,,2026/9/24,製造
九州三菱電機販売　中津,九州工場,九州工場,2026/8/3,2026/8/3,26-J0101187-003-771,IBGE1800C,2.3,"1,800.00",800,350,鉄 防球ガード 焼付,,10,天吊形空調機用　フルオープン,2026/10/7,チャーター便,2026/10/8,,未着手,,2026/10/1,製造
九州三菱電機販売　中津,九州工場,九州工場,2026/8/3,2026/8/3,26-J0101190-001-771,IBGE1800C,2.3,"1,800.00",800,350,鉄 防球ガード 焼付,,10,天吊形空調機用　フルオープン,2026/10/13,チャーター便,2026/10/14,,未着手,,2026/10/5,製造
,,,,,,,,,,,,,,,,,,,,,,
,,,,,,,,,,,,,,,,,,,,,,
シンセイ　広島第二★,九州工場,九州工場,2026/7/27,2026/7/27,26-J0094371-001-771,SD0000N,2,250,150,"4,000.00",SUS ﾀﾞｸﾄ,,2,ｱｰｽ 平蓋 SUSD15溶接,2026/10/19,福山通運　九州発送,2026/10/20,,未着手,,2026/10/19,製造
シンセイ　広島第二★,九州工場,九州工場,2026/7/27,2026/7/27,26-J0094375-001-771,SD0000N,2,250,150,"4,000.00",SUS ﾀﾞｸﾄ,,2,ｱｰｽ 平蓋 SUSD15溶接,2026/10/20,福山通運　九州発送,2026/10/21,,未着手,,2026/10/20,製造
,九州工場,九州工場,,2026/6/29,26-R0001559-001-771,SE2010XC2,1.5,200,200,100,SUS PB 水切 焼付,2.5Y9/1,10,***沖縄ｱｰｽ 2.5Y9/1　7772用,2026/7/17,,,,完成,森田,2026/7/14,製造
,九州工場,九州工場,,2026/6/29,26-R0001566-001-771,SE2020XC2,1.5,200,200,200,SUS PB 水切 焼付,2.5Y9/1,12,***沖縄ｱｰｽ 2.5Y9/1　7772用,2026/7/17,,,,完成,森田,2026/7/14,製造
,九州工場,九州工場,,2026/6/29,26-R0001567-001-771,SE2020XC2,1.5,200,200,200,SUS PB 水切 焼付,2.5Y9/1,12,***沖縄ｱｰｽ 2.5Y9/1　7772用,2026/7/21,,,,完成,岡,2026/7/15,製造
,九州工場,九州工場,,2026/6/29,26-R0001568-001-771,SE2020XC2,1.5,200,200,200,SUS PB 水切 焼付,2.5Y9/1,12,***沖縄ｱｰｽ 2.5Y9/1　7772用,2026/7/22,,,,完成,倉重,2026/7/16,製造
,九州工場,九州工場,,2026/6/29,26-R0001569-001-771,SE2020XC2,1.5,200,200,200,SUS PB 水切 焼付,2.5Y9/1,12,***沖縄ｱｰｽ 2.5Y9/1　7772用,2026/7/23,,,,完成,森田,2026/7/17,製造
,九州工場,九州工場,,2026/6/29,26-R0001570-001-771,SE2010XC2,1.5,200,200,100,SUS PB 水切 焼付,2.5Y9/1,10,***沖縄ｱｰｽ 2.5Y9/1　7772用,2026/7/21,,,,完成,岡,2026/7/15,製造
,九州工場,九州工場,,2026/6/29,26-R0001571-001-771,SE2010XC2,1.5,200,200,100,SUS PB 水切 焼付,2.5Y9/1,10,***沖縄ｱｰｽ 2.5Y9/1　7772用,2026/7/22,,,,完成,倉重,2026/7/16,製造
,九州工場,九州工場,,2026/6/29,26-R0001572-001-771,SE2010XC2,1.5,200,200,100,SUS PB 水切 焼付,2.5Y9/1,10,***沖縄ｱｰｽ 2.5Y9/1　7772用,2026/7/23,,,,完成,森田,2026/7/17,製造
,九州工場,九州工場,,2026/6/29,26-R0001574-001-771,SOG8-9,3,640,300,40,SUS ガス乾燥機用架台,,10,ガス乾燥機アングル8-9kg兼用(標準)　Lx1 Rx1,2026/7/27,イトカツ,,2026/7/27,完成,井上,2026/7/27,製造
,九州工場,九州工場,,2026/7/1,26-R0001585-001-771,SE2020XC2,1.5,200,200,200,SUS PB 水切 焼付,2.5Y9/1,12,***沖縄ｱｰｽ 2.5Y9/1,2026/7/21,イトカツ,,2026/7/21,完成,岡,2026/7/15,製造
,九州工場,九州工場,,2026/7/1,26-R0001588-001-771,BE4030SC2,1.6,400,400,300,国土 PB 平 焼付,2.5Y9/1,3,***沖縄ｱｰｽ 2.5Y9/1,2026/7/21,イトカツ,,2026/7/21,完成,古川,2026/7/15,製造
,九州工場,九州工場,,2026/7/7,26-R0001627-001-771,SE1510XC2,1.5,150,150,100,SUS PB 水切 焼付,2.5Y9/1,10,***沖縄ｱｰｽ 2.5Y9/1,2026/7/17,自社便,,2026/7/21,完成,岡,2026/7/14,製造
,九州工場,九州工場,,2026/7/7,26-R0001628-001-771,SE1510XC2,1.5,150,150,100,SUS PB 水切 焼付,2.5Y9/1,10,***沖縄ｱｰｽ 2.5Y9/1,2026/7/21,自社便,,2026/7/22,完成,岡,2026/7/15,製造
,九州工場,九州工場,,2026/7/7,26-R0001632-001-771,BE4040SC2,1.6,400,400,400,国土 PB 平 焼付,2.5Y9/1,3,***沖縄ｱｰｽ 2.5Y9/1,2026/7/17,イトカツ,,2026/7/17,完成,古川,2026/7/14,製造
,九州工場,九州工場,,2026/7/7,26-R0001633-001-771,BE5030SC2,1.6,500,500,300,国土 PB 平 焼付,2.5Y9/1,3,***沖縄ｱｰｽ 2.5Y9/1,2026/7/17,イトカツ,,2026/7/17,完成,志田,2026/7/14,製造
,九州工場,九州工場,,2026/7/7,26-R0001634-001-771,IE1510SC2,1.6,150,150,100,鉄 PB 平 焼付,2.5Y9/1,10,***沖縄ｱｰｽ 2.5Y9/1,2026/7/17,自社便,,2026/7/21,完成,森田,2026/7/14,製造
,九州工場,九州工場,,2026/7/7,26-R0001635-001-771,IE1510SC2,1.6,150,150,100,鉄 PB 平 焼付,2.5Y9/1,10,***沖縄ｱｰｽ 2.5Y9/1,2026/7/21,自社便,,2026/7/22,完成,岡,2026/7/15,製造
,九州工場,九州工場,,2026/7/7,26-R0001636-001-771,IE1510SC2,1.6,150,150,100,鉄 PB 平 焼付,2.5Y9/1,10,***沖縄ｱｰｽ 2.5Y9/1,2026/7/22,自社便,,2026/7/23,完成,倉重,2026/7/16,製造
,九州工場,九州工場,,2026/7/7,26-R0001637-001-771,IE1510SC2,1.6,150,150,100,鉄 PB 平 焼付,2.5Y9/1,10,***沖縄ｱｰｽ 2.5Y9/1,2026/7/23,自社便,,2026/7/24,完成,森田,2026/7/17,製造
,九州工場,九州工場,,2026/7/8,26-R0001646-001-771,BE4040SG,1.6,400,400,400,国土 PB 平,,5,***北ｱｰｽ さび止め,2026/7/21,自社便,,2026/7/22,完成,坂元,2026/7/17,製造
,九州工場,九州工場,,2026/7/9,26-R0001657-001-771,BE2020SNN,1.6,200,200,200,国土 PB 平,,10,***北ｱｰｽ 生地(焼付用),2026/7/17,,,,完成,三澄,2026/7/16,製造
,九州工場,九州工場,,2026/7/9,26-R0001658-001-771,BE2010SNN,1.6,200,200,100,国土 PB 平,,10,***北ｱｰｽ 生地(焼付用),2026/7/21,,,,完成,三澄,2026/7/17,製造
,九州工場,九州工場,,2026/7/9,26-R0001659-001-771,IP6030SG,1.6,600,600,300,鉄 PB 平,,4,***北さび止め,2026/7/21,自社便,,2026/7/22,完成,坂元,2026/7/17,製造
,九州工場,九州工場,,2026/7/9,26-R0001660-001-771,BE4030SG,1.6,400,400,300,国土 PB 平,,8,***北ｱｰｽ さび止め,2026/7/17,自社便,,2026/7/21,完成,服部,2026/7/16,製造
,九州工場,九州工場,,2026/7/9,26-R0001661-001-771,BE4030SG,1.6,400,400,300,国土 PB 平,,8,***北ｱｰｽ さび止め,2026/7/21,自社便,,2026/7/22,完成,服部,2026/7/17,製造
,九州工場,九州工場,,2026/7/9,26-R0001662-001-771,SP4030WN,1.5,400,400,300,SUS PB 被せ,,6,***北,2026/7/21,自社便,,2026/7/22,完成,倉重,2026/7/17,製造
,九州工場,九州工場,,2026/7/9,26-R0001663-001-771,SP4040WN,1.5,400,400,400,SUS PB 被せ,,6,***北,2026/7/21,自社便,,2026/7/22,完成,服部,2026/7/17,製造
,九州工場,九州工場,,2026/7/13,26-R0001672-001-771,SE4020SC2,1.5,400,400,200,SUS PB 平 焼付,2.5Y9/1,4,***沖縄ｱｰｽ 2.5Y9/1 ﾊﾟｯｷﾝ付,2026/7/21,イトカツ,,2026/7/21,完成,古川,2026/7/15,製造
,九州工場,九州工場,,2026/7/13,26-R0001673-001-771,SE4020SC2,1.5,400,400,200,SUS PB 平 焼付,2.5Y9/1,4,***沖縄ｱｰｽ 2.5Y9/1 ﾊﾟｯｷﾝ付,2026/7/22,イトカツ,,2026/7/22,完成,古川,2026/7/16,製造
,九州工場,九州工場,,2026/7/13,26-R0001674-001-771,SE4020SC2,1.5,400,400,200,SUS PB 平 焼付,2.5Y9/1,5,***沖縄ｱｰｽ 2.5Y9/1 ﾊﾟｯｷﾝ付,2026/7/30,イトカツ,,2026/7/30,完成,古川,2026/7/27,製造
,九州工場,九州工場,,2026/7/13,26-R0001677-001-771,IP4030SG,1.6,400,400,300,鉄 PB 平,,8,***北さび止め,2026/7/22,自社便,,2026/7/23,完成,坂元,2026/7/21,製造
,九州工場,九州工場,,2026/7/13,26-R0001678-001-771,SP4030WN,1.5,400,400,300,SUS PB 被せ,,6,***北,2026/7/22,自社便,,2026/7/23,完成,倉重,2026/7/21,製造
,九州工場,九州工場,,2026/7/13,26-R0001679-001-771,SP4040WN,1.5,400,400,400,SUS PB 被せ,,6,***北,2026/7/22,自社便,,2026/7/23,完成,坂元,2026/7/21,製造
,九州工場,九州工場,,2026/7/13,26-R0001680-001-771,BE2015SNN,1.6,200,200,150,国土 PB 平,,10,***北ｱｰｽ 生地(焼付用),2026/7/22,,,,完成,山口,2026/7/21,製造
,九州工場,九州工場,,2026/7/13,26-R0001681-001-771,SE4040WN,1.5,400,400,400,SUS PB 被せ,,6,***北ｱｰｽ,2026/7/23,自社便,,2026/7/24,完成,服部,2026/7/22,製造
,九州工場,九州工場,,2026/7/13,26-R0001682-001-771,SE5040WN,1.5,500,500,400,SUS PB 被せ,,4,***北ｱｰｽ,2026/7/23,自社便,,2026/7/24,完成,倉重,2026/7/22,製造
,九州工場,九州工場,,2026/7/13,26-R0001683-001-771,BE2020SNN,1.6,200,200,200,国土 PB 平,,10,***北ｱｰｽ 生地(焼付用),2026/7/23,,,,完成,三澄,2026/7/22,製造
,九州工場,九州工場,,2026/7/13,26-R0001684-001-771,BE2010SNN,1.6,200,200,100,国土 PB 平,,10,***北ｱｰｽ 生地(焼付用),2026/7/24,,,,完成,山口,2026/7/23,製造
,九州工場,九州工場,,2026/7/13,26-R0001685-001-771,IP4030SG,1.6,400,400,300,鉄 PB 平,,8,***北さび止め,2026/7/24,自社便,,2026/7/27,完成,倉重,2026/7/23,製造
,九州工場,九州工場,,2026/7/13,26-R0001686-001-771,SP4020WN,1.5,400,400,200,SUS PB 被せ,,6,***北,2026/7/24,自社便,,2026/7/27,完成,坂元,2026/7/23,製造
,九州工場,九州工場,,2026/7/13,26-R0001687-001-771,SP5030WN,1.5,500,500,300,SUS PB 被せ,,6,***北,2026/7/24,自社便,,2026/7/27,完成,樋口,2026/7/23,製造
,九州工場,九州工場,,2026/7/13,26-R0001688-001-771,BE4030SG,1.6,400,400,300,国土 PB 平,,8,***北ｱｰｽ さび止め,2026/7/27,自社便,,2026/7/28,完成,服部,2026/7/24,製造
,九州工場,九州工場,,2026/7/13,26-R0001689-001-771,SE4030WN,1.5,400,400,300,SUS PB 被せ,,6,***北ｱｰｽ,2026/7/27,自社便,,2026/7/28,完成,服部,2026/7/24,製造
,九州工場,九州工場,,2026/7/13,26-R0001690-001-771,SE4040WN,1.5,400,400,400,SUS PB 被せ,,6,***北ｱｰｽ,2026/7/24,自社便,,2026/7/27,完成,坂元,2026/7/23,製造
,九州工場,九州工場,,2026/7/13,26-R0001691-001-771,SP4020WN,1.5,400,400,200,SUS PB 被せ,,6,***北,2026/7/27,自社便,,2026/7/28,完成,服部,2026/7/24,製造
,九州工場,九州工場,,2026/7/13,26-R0001692-001-771,SP5030WN,1.5,500,500,300,SUS PB 被せ,,6,***北,2026/7/27,自社便,,2026/7/28,完成,坂元,2026/7/24,製造
,九州工場,九州工場,,2026/7/13,26-R0001693-001-771,IE2515SC2,1.6,250,250,150,鉄 PB 平 焼付,2.5Y9/1,4,***沖縄ｱｰｽ 2.5Y9/1,2026/7/24,イトカツ,,2026/7/24,完成,岡,2026/7/21,製造
,九州工場,九州工場,,2026/7/13,26-R0001694-001-771,ZE1515X2,2.3,150,150,150,ZN PB 水切,,12,***沖縄ｱｰｽ,2026/7/28,イトカツ,,2026/7/28,完成,倉重,2026/7/21,製造
,九州工場,九州工場,,2026/7/13,26-R0001695-001-771,ZE2020X2,2.3,200,200,200,ZN PB 水切,,4,***沖縄ｱｰｽ,2026/7/28,イトカツ,,2026/7/28,完成,倉重,2026/7/21,製造
,九州工場,九州工場,,2026/7/13,26-R0001696-001-771,ZE3020X2,2.3,300,300,200,ZN PB 水切,,2,***沖縄ｱｰｽ,2026/7/28,イトカツ,,2026/7/28,完成,倉重,2026/7/21,製造
,九州工場,九州工場,,2026/7/13,26-R0001697-001-771,IE1510SC2,1.6,150,150,100,鉄 PB 平 焼付,2.5Y9/1,10,***沖縄ｱｰｽ 2.5Y9/1,2026/7/24,自社便,,2026/7/27,完成,岡,2026/7/21,製造
,九州工場,九州工場,,2026/7/13,26-R0001698-001-771,IE1510SC2,1.6,150,150,100,鉄 PB 平 焼付,2.5Y9/1,10,***沖縄ｱｰｽ 2.5Y9/1,2026/7/27,自社便,,2026/7/28,完成,岡,2026/7/22,製造
,九州工場,九州工場,,2026/7/13,26-R0001699-001-771,ZE1515X2,2.3,150,150,150,ZN PB 水切,,12,***沖縄ｱｰｽ,2026/7/29,イトカツ,,2026/7/29,完成,倉重,2026/7/22,製造
,九州工場,九州工場,,2026/7/13,26-R0001700-001-771,SE2010XC2,1.5,200,200,100,SUS PB 水切 焼付,2.5Y9/1,10,***沖縄ｱｰｽ 2.5Y9/1　＊7772用,2026/7/24,,,,完成,岡,2026/7/21,製造
,九州工場,九州工場,,2026/7/13,26-R0001701-001-771,SE2010XC2,1.5,200,200,100,SUS PB 水切 焼付,2.5Y9/1,10,***沖縄ｱｰｽ 2.5Y9/1　＊7772用,2026/7/27,,,,完成,森田,2026/7/22,製造
,九州工場,九州工場,,2026/7/13,26-R0001702-001-771,SE2010XC2,1.5,200,200,100,SUS PB 水切 焼付,2.5Y9/1,10,***沖縄ｱｰｽ 2.5Y9/1　＊7772用,2026/7/28,,,,完成,岡,2026/7/23,製造
,九州工場,九州工場,,2026/7/13,26-R0001703-001-771,SE2010XC2,1.5,200,200,100,SUS PB 水切 焼付,2.5Y9/1,10,***沖縄ｱｰｽ 2.5Y9/1　＊7772用,2026/7/29,,,,完成,古川,2026/7/24,製造
,九州工場,九州工場,,2026/7/13,26-R0001704-001-771,SE2020XC2,1.5,200,200,200,SUS PB 水切 焼付,2.5Y9/1,12,***沖縄ｱｰｽ 2.5Y9/1　＊7772用,2026/7/24,,,,完成,岡,2026/7/21,製造
,九州工場,九州工場,,2026/7/13,26-R0001705-001-771,SE2020XC2,1.5,200,200,200,SUS PB 水切 焼付,2.5Y9/1,12,***沖縄ｱｰｽ 2.5Y9/1　＊7772用,2026/7/27,,,,完成,森田,2026/7/22,製造
,九州工場,九州工場,,2026/7/13,26-R0001706-001-771,SE2020XC2,1.5,200,200,200,SUS PB 水切 焼付,2.5Y9/1,12,***沖縄ｱｰｽ 2.5Y9/1　＊7772用,2026/7/28,,,,完成,岡,2026/7/23,製造
,九州工場,九州工場,,2026/7/13,26-R0001707-001-771,SE2020XC2,1.5,200,200,200,SUS PB 水切 焼付,2.5Y9/1,12,***沖縄ｱｰｽ 2.5Y9/1　＊7772用,2026/7/29,,,,完成,古川,2026/7/24,製造
,九州工場,九州工場,,2026/7/15,26-R0001717-001-771,BE1510SNN,1.6,150,150,100,国土 PB 平,,10,***北ｱｰｽ 生地(焼付用),2026/7/21,,,,完成,山口,2026/7/17,製造
,九州工場,九州工場,,2026/7/15,26-R0001718-001-771,BE1510SNN,1.6,150,150,100,国土 PB 平,,10,***北ｱｰｽ 生地(焼付用),2026/7/23,,,,完成,マイン,2026/7/22,製造
,九州工場,九州工場,,2026/7/15,26-R0001719-001-771,BE1510SNN,1.6,150,150,100,国土 PB 平,,10,***北ｱｰｽ 生地(焼付用),2026/7/27,,,,完成,山口,2026/7/24,製造
,九州工場,九州工場,,2026/7/15,26-R0001726-001-771,S02030SN,1.5,300,300,0,SUS ふた,,30,***北平ふた,2026/7/24,自社便,,2026/7/27,完成,林,2026/7/23,製造
,九州工場,九州工場,,2026/7/15,26-R0001727-001-771,S02025SN,1.5,250,250,0,SUS ふた,,30,***北平ふた,2026/7/27,自社便,,2026/7/28,完成,林,2026/7/24,製造
,九州工場,九州工場,,2026/7/15,26-R0001728-001-771,S02030SN,1.5,300,300,0,SUS ふた,,30,***北平ふた,2026/7/30,自社便,,2026/7/31,完成,倉重,2026/7/29,製造
,九州工場,九州工場,,2026/7/15,26-R0001729-001-771,S02025SN,1.5,250,250,0,SUS ふた,,30,***北平ふた,2026/7/31,自社便,,2026/8/3,完成,林,2026/7/30,製造
,九州工場,九州工場,,2026/7/15,26-R0001730-001-771,IE3020SC2,1.6,300,300,200,鉄 PB 平 焼付,2.5Y9/1,12,***沖縄ｱｰｽ 2.5Y9/1,2026/7/23,イトカツ,,2026/7/23,完成,岡,2026/7/17,製造
,九州工場,九州工場,,2026/7/15,26-R0001731-001-771,SE4020SC2,1.5,400,400,200,SUS PB 平 焼付,2.5Y9/1,4,***沖縄ｱｰｽ 2.5Y9/1 ﾊﾟｯｷﾝ付,2026/7/24,イトカツ,,2026/7/24,完成,岡,2026/7/21,製造
,九州工場,九州工場,,2026/7/15,26-R0001732-001-771,BE1515SC2,1.6,150,150,150,国土 PB 平 焼付,2.5Y9/1,12,***沖縄ｱｰｽ 2.5Y9/1,2026/7/27,イトカツ,,2026/7/27,完成,森田,2026/7/22,製造
,九州工場,九州工場,,2026/7/15,26-R0001733-001-771,BE3030SC2,1.6,300,300,300,国土 PB 平 焼付,2.5Y9/1,4,***沖縄ｱｰｽ 2.5Y9/1,2026/7/27,イトカツ,,2026/7/27,完成,森田,2026/7/22,製造
,九州工場,九州工場,,2026/7/15,26-R0001734-001-771,BE3030SC2,1.6,300,300,300,国土 PB 平 焼付,2.5Y9/1,6,***沖縄ｱｰｽ 2.5Y9/1,2026/7/29,イトカツ,,2026/7/29,完成,古川,2026/7/24,製造
,九州工場,九州工場,,2026/7/15,26-R0001735-001-771,BE1515SC2,1.6,150,150,150,国土 PB 平 焼付,2.5Y9/1,12,***沖縄ｱｰｽ 2.5Y9/1,2026/7/29,イトカツ,,2026/7/29,完成,森田,2026/7/24,製造
,九州工場,九州工場,,2026/7/15,26-R0001736-001-771,SE4020XN,1.5,400,400,200,SUS PB 水切,,8,***北ｱｰｽ,2026/7/22,自社便,,2026/7/23,完成,服部,2026/7/21,製造
,九州工場,九州工場,,2026/7/15,26-R0001737-001-771,SE6030XN,1.5,600,600,300,SUS PB 水切,,4,***北ｱｰｽ,2026/7/22,自社便,,2026/7/23,完成,服部,2026/7/21,製造
,九州工場,九州工場,,2026/7/15,26-R0001738-001-771,SE4020XN,1.5,400,400,200,SUS PB 水切,,8,***北ｱｰｽ,2026/7/23,自社便,,2026/7/24,完成,服部,2026/7/22,製造
,九州工場,九州工場,,2026/7/15,26-R0001739-001-771,SE6030XN,1.5,600,600,300,SUS PB 水切,,4,***北ｱｰｽ,2026/7/23,自社便,,2026/7/24,完成,坂元,2026/7/22,製造
,九州工場,九州工場,,2026/7/15,26-R0001740-001-771,SE4040XN,1.5,400,400,400,SUS PB 水切,,6,***北ｱｰｽ,2026/7/24,自社便,,2026/7/27,完成,樋口,2026/7/23,製造
,九州工場,九州工場,,2026/7/15,26-R0001741-001-771,SE5030XN,1.5,500,500,300,SUS PB 水切,,6,***北ｱｰｽ,2026/7/24,自社便,,2026/7/27,完成,樋口,2026/7/23,製造
,九州工場,九州工場,,2026/7/15,26-R0001742-001-771,SE4040XN,1.5,400,400,400,SUS PB 水切,,6,***北ｱｰｽ,2026/7/27,自社便,,2026/7/28,完成,服部,2026/7/24,製造
,九州工場,九州工場,,2026/7/15,26-R0001743-001-771,SE5030XN,1.5,500,500,300,SUS PB 水切,,6,***北ｱｰｽ,2026/7/27,自社便,,2026/7/28,完成,樋口,2026/7/24,製造
,九州工場,九州工場,,2026/7/17,26-R0001821-001-771,SE2010XC2,1.5,200,200,100,SUS PB 水切 焼付,2.5Y9/1,10,***沖縄ｱｰｽ 2.5Y9/1　＊7772用,2026/7/30,,,,完成,岡,2026/7/27,製造
,九州工場,九州工場,,2026/7/17,26-R0001822-001-771,SE2010XC2,1.5,200,200,100,SUS PB 水切 焼付,2.5Y9/1,10,***沖縄ｱｰｽ 2.5Y9/1　＊7772用,2026/7/31,,,,完成,岡,2026/7/28,製造
,九州工場,九州工場,,2026/7/17,26-R0001823-001-771,SE2010XC2,1.5,200,200,100,SUS PB 水切 焼付,2.5Y9/1,10,***沖縄ｱｰｽ 2.5Y9/1　＊7772用,2026/8/3,,,,完成,古川,2026/7/29,製造
,九州工場,九州工場,,2026/7/17,26-R0001824-001-771,SE2010XC2,1.5,200,200,100,SUS PB 水切 焼付,2.5Y9/1,10,***沖縄ｱｰｽ 2.5Y9/1　＊7772用,2026/8/4,,,,完成,倉重,2026/7/30,製造
,九州工場,九州工場,,2026/7/17,26-R0001825-001-771,SE2010XC2,1.5,200,200,100,SUS PB 水切 焼付,2.5Y9/1,10,***沖縄ｱｰｽ 2.5Y9/1　＊7772用,2026/8/5,,,,完成,岡,2026/7/31,製造
,九州工場,九州工場,,2026/7/17,26-R0001826-001-771,SE2020XC2,1.5,200,200,200,SUS PB 水切 焼付,2.5Y9/1,12,***沖縄ｱｰｽ 2.5Y9/1　＊7772用,2026/7/30,,,,完成,岡,2026/7/27,製造
,九州工場,九州工場,,2026/7/17,26-R0001827-001-771,SE2020XC2,1.5,200,200,200,SUS PB 水切 焼付,2.5Y9/1,12,***沖縄ｱｰｽ 2.5Y9/1　＊7772用,2026/7/31,,,,完成,岡,2026/7/28,製造
,九州工場,九州工場,,2026/7/17,26-R0001828-001-771,SE2020XC2,1.5,200,200,200,SUS PB 水切 焼付,2.5Y9/1,12,***沖縄ｱｰｽ 2.5Y9/1　＊7772用,2026/8/3,,,,完成,古川,2026/7/29,製造
,九州工場,九州工場,,2026/7/17,26-R0001829-001-771,SE2020XC2,1.5,200,200,200,SUS PB 水切 焼付,2.5Y9/1,12,***沖縄ｱｰｽ 2.5Y9/1　＊7772用,2026/8/4,,,,完成,倉重,2026/7/30,製造
,九州工場,九州工場,,2026/7/17,26-R0001830-001-771,SE2020XC2,1.5,200,200,200,SUS PB 水切 焼付,2.5Y9/1,12,***沖縄ｱｰｽ 2.5Y9/1　＊7772用,2026/8/5,,,,完成,岡,2026/7/31,製造
,九州工場,九州工場,,2026/7/17,26-R0001831-001-771,IE3020SC2,1.6,300,300,200,鉄 PB 平 焼付,2.5Y9/1,12,***沖縄ｱｰｽ 2.5Y9/1,2026/7/30,イトカツ,,2026/7/30,完成,古川,2026/7/27,製造
,九州工場,九州工場,,2026/7/17,26-R0001832-001-771,BE1515SC2,1.6,150,150,150,国土 PB 平 焼付,2.5Y9/1,12,***沖縄ｱｰｽ 2.5Y9/1,2026/8/3,イトカツ,,2026/8/3,完成,古川,2026/7/29,製造
,九州工場,九州工場,,2026/7/17,26-R0001833-001-771,BE4040SC2,1.6,400,400,400,国土 PB 平 焼付,2.5Y9/1,2,***沖縄ｱｰｽ 2.5Y9/1,2026/8/3,イトカツ,,2026/8/3,完成,古川,2026/7/29,製造
,九州工場,九州工場,,2026/7/17,26-R0001834-001-771,BE2020SC2,1.6,200,200,200,国土 PB 平 焼付,2.5Y9/1,12,***沖縄ｱｰｽ 2.5Y9/1,2026/8/3,イトカツ,,2026/8/3,完成,古川,2026/7/29,製造
,九州工場,九州工場,,2026/7/17,26-R0001835-001-771,SE1515XC2,1.5,150,150,150,SUS PB 水切 焼付,2.5Y9/1,12,***沖縄ｱｰｽ 2.5Y9/1,2026/8/3,イトカツ,,2026/8/3,完成,古川,2026/7/29,製造
,九州工場,九州工場,,2026/7/17,26-R0001836-001-771,BE2020SC2,1.6,200,200,200,国土 PB 平 焼付,2.5Y9/1,12,***沖縄ｱｰｽ 2.5Y9/1,2026/8/4,イトカツ,,2026/8/4,完成,古川,2026/7/30,製造
,九州工場,九州工場,,2026/7/17,26-R0001837-001-771,SE1010SC2,1.5,100,100,100,SUS PB 平 焼付,2.5Y9/1,10,***沖縄ｱｰｽ 2.5Y9/1 ﾊﾟｯｷﾝ付,2026/8/4,イトカツ,,2026/8/4,完成,古川,2026/7/30,製造
,九州工場,九州工場,,2026/7/17,26-R0001838-001-771,SE2020XC2,1.5,200,200,200,SUS PB 水切 焼付,2.5Y9/1,12,***沖縄ｱｰｽ 2.5Y9/1,2026/8/4,自社便,,2026/8/5,完成,倉重,2026/7/30,製造
,九州工場,九州工場,,2026/7/17,26-R0001839-001-771,BE3010SC2,1.6,300,300,100,国土 PB 平 焼付,2.5Y9/1,8,***沖縄ｱｰｽ 2.5Y9/1,2026/8/5,イトカツ,,2026/8/5,完成,岡,2026/7/31,製造
,九州工場,九州工場,,2026/7/17,26-R0001840-001-771,SE4020SC2,1.5,400,400,200,SUS PB 平 焼付,2.5Y9/1,4,***沖縄ｱｰｽ 2.5Y9/1 ﾊﾟｯｷﾝ付,2026/8/5,イトカツ,,2026/8/5,完成,岡,2026/7/31,製造
,九州工場,九州工場,,2026/7/17,26-R0001841-001-771,SP4030WN,1.5,400,400,300,SUS PB 被せ,,6,***北,2026/7/28,自社便,,2026/7/29,完成,服部,2026/7/27,製造
,九州工場,九州工場,,2026/7/17,26-R0001842-001-771,SP4040WN,1.5,400,400,400,SUS PB 被せ,,6,***北,2026/7/28,自社便,,2026/7/29,完成,服部,2026/7/27,製造
,九州工場,九州工場,,2026/7/17,26-R0001843-001-771,SP4030WN,1.5,400,400,300,SUS PB 被せ,,6,***北,2026/7/29,自社便,,2026/7/30,完成,樋口,2026/7/28,製造
,九州工場,九州工場,,2026/7/17,26-R0001844-001-771,SP4040WN,1.5,400,400,400,SUS PB 被せ,,6,***北,2026/7/29,自社便,,2026/7/30,完成,樋口,2026/7/28,製造
,九州工場,九州工場,,2026/7/17,26-R0001845-001-771,SE4040WN,1.5,400,400,400,SUS PB 被せ,,6,***北ｱｰｽ,2026/7/30,自社便,,2026/7/31,完成,服部,2026/7/29,製造
,九州工場,九州工場,,2026/7/17,26-R0001846-001-771,SE5040WN,1.5,500,500,400,SUS PB 被せ,,4,***北ｱｰｽ,2026/7/30,自社便,,2026/7/31,完成,坂元,2026/7/29,製造
,九州工場,九州工場,,2026/7/21,26-R0001847-001-771,SE4030WN,1.5,400,400,300,SUS PB 被せ,,6,***北ｱｰｽ,2026/7/31,自社便,,2026/8/3,完成,服部,2026/7/30,製造
,九州工場,九州工場,,2026/7/21,26-R0001848-001-771,SE4040WN,1.5,400,400,400,SUS PB 被せ,,6,***北ｱｰｽ,2026/7/31,自社便,,2026/8/3,完成,坂元,2026/7/30,製造
,九州工場,九州工場,,2026/7/21,26-R0001849-001-771,SE4030WN,1.5,400,400,300,SUS PB 被せ,,6,***北ｱｰｽ,2026/8/3,自社便,,2026/8/4,完成,白濵,2026/7/31,製造
,九州工場,九州工場,,2026/7/21,26-R0001850-001-771,SE5040WN,1.5,500,500,400,SUS PB 被せ,,4,***北ｱｰｽ,2026/8/3,自社便,,2026/8/4,完成,白濵,2026/7/31,製造
,九州工場,九州工場,,2026/7/21,26-R0001851-001-771,SE4030XN,1.5,400,400,300,SUS PB 水切,,8,***北ｱｰｽ,2026/7/28,自社便,,2026/7/29,完成,服部,2026/7/27,製造
,九州工場,九州工場,,2026/7/21,26-R0001852-001-771,SE5040XN,1.5,500,500,400,SUS PB 水切,,6,***北ｱｰｽ,2026/7/28,自社便,,2026/7/29,完成,服部,2026/7/27,製造
,九州工場,九州工場,,2026/7/21,26-R0001853-001-771,SE4030XN,1.5,400,400,300,SUS PB 水切,,8,***北ｱｰｽ,2026/7/29,自社便,,2026/7/30,完成,樋口,2026/7/28,製造
,九州工場,九州工場,,2026/7/21,26-R0001854-001-771,SE5040XN,1.5,500,500,400,SUS PB 水切,,6,***北ｱｰｽ,2026/7/29,自社便,,2026/7/30,完成,樋口,2026/7/28,製造
,九州工場,九州工場,,2026/7/21,26-R0001855-001-771,SE4020XN,1.5,400,400,200,SUS PB 水切,,8,***北ｱｰｽ,2026/7/30,自社便,,2026/7/31,完成,服部,2026/7/29,製造
,九州工場,九州工場,,2026/7/21,26-R0001856-001-771,SE6030XN,1.5,600,600,300,SUS PB 水切,,4,***北ｱｰｽ,2026/7/30,自社便,,2026/7/31,完成,ロン,2026/7/29,製造
,九州工場,九州工場,,2026/7/21,26-R0001857-001-771,SE4020XN,1.5,400,400,200,SUS PB 水切,,8,***北ｱｰｽ,2026/7/31,自社便,,2026/8/3,完成,坂元,2026/7/30,製造
,九州工場,九州工場,,2026/7/21,26-R0001858-001-771,SE4040XN,1.5,400,400,400,SUS PB 水切,,6,***北ｱｰｽ,2026/8/3,自社便,,2026/8/4,完成,白濵,2026/7/31,製造
,九州工場,九州工場,,2026/7/21,26-R0001859-001-771,SE5030XN,1.5,500,500,300,SUS PB 水切,,6,***北ｱｰｽ,2026/8/3,自社便,,2026/8/4,完成,白濵,2026/7/31,製造
,九州工場,九州工場,,2026/7/21,26-R0001862-001-771,BE3020SNN,1.6,300,300,200,国土 PB 平,,10,***北ｱｰｽ 生地(焼付用),2026/7/28,,,,完成,三澄,2026/7/27,製造
,九州工場,九州工場,,2026/7/21,26-R0001863-001-771,SE2015XNN,1.5,200,200,150,SUS PB 水切,,10,***北ｱｰｽ生地(焼付用),2026/7/27,,,,完成,山口,2026/7/24,製造
,九州工場,九州工場,,2026/7/21,26-R0001864-001-771,SE2015XNN,1.5,200,200,150,SUS PB 水切,,10,***北ｱｰｽ生地(焼付用),2026/8/3,,,,完成,山口,2026/7/31,製造
,九州工場,九州工場,,2026/7/21,26-R0001865-001-771,SE2020XNN,1.5,200,200,200,SUS PB 水切,,10,***北ｱｰｽ生地(焼付用),2026/7/28,,,,完成,三澄,2026/7/27,製造
,九州工場,九州工場,,2026/7/21,26-R0001866-001-771,SE2020XNN,1.5,200,200,200,SUS PB 水切,,10,***北ｱｰｽ生地(焼付用),2026/8/4,,,,完成,三澄,2026/8/3,製造
,九州工場,九州工場,,2026/7/21,26-R0001867-001-771,SE3020XNN,1.5,300,300,200,SUS PB 水切,,10,***北ｱｰｽ生地(焼付用),2026/7/24,,,,完成,山口,2026/7/23,製造
,九州工場,九州工場,,2026/7/21,26-R0001868-001-771,SE3020XNN,1.5,300,300,200,SUS PB 水切,,10,***北ｱｰｽ生地(焼付用),2026/7/31,,,,完成,三澄,2026/7/30,製造
,九州工場,九州工場,,2026/7/21,26-R0001869-001-771,SE3020XNN,1.5,300,300,200,SUS PB 水切,,10,***北ｱｰｽ生地(焼付用),2026/8/5,,,,完成,三澄,2026/8/4,製造
,九州工場,九州工専用,,2026/7/22,26-R0001905-001-7715,IBGC1800C,2.3,"1,800.00",800,350,鉄 防球ガード 焼付,2.5Y9/1,24,***北天吊形空調機用,2026/8/3,,,,完成,林(秀),2026/7/28,製造
,九州工場,九州工場,,2026/7/23,26-R0001906-001-771,SP2015WN,1.5,200,200,150,SUS PB 被せ,,1,防水試験用　奈良工場送り,2026/8/28,,,,曲げ,ラム,2026/8/27,製造
,九州工場,九州工場,,2026/7/23,26-R0001907-001-771,SP2015XN,1.5,200,200,150,SUS PB 水切,,1,防水試験用　奈良工場送り,2026/8/28,,,,未着手,,2026/8/27,製造
,九州工場,九州工場,,2026/7/23,26-R0001908-001-771,BP2015XG,1.6,200,200,150,国土 PB 水切,,1,ｱｰｽ無 さび止め 防水試験用　奈良工場送り,2026/8/28,,,,未着手,,2026/8/26,製造
,九州工場,九州工場,,2026/7/27,26-R0001942-001-771,SP4020WN,1.5,400,400,200,SUS PB 被せ,,6,***北,2026/8/4,自社便,,2026/8/5,完成,服部,2026/8/3,製造
,九州工場,九州工場,,2026/7/27,26-R0001943-001-771,SP5030WN,1.5,500,500,300,SUS PB 被せ,,6,***北,2026/8/4,自社便,,2026/8/5,完成,樋口,2026/8/3,製造
,九州工場,九州工場,,2026/7/27,26-R0001944-001-771,SP4020WN,1.5,400,400,200,SUS PB 被せ,,6,***北,2026/8/5,自社便,,2026/8/6,完成,樋口,2026/8/4,製造
,九州工場,九州工場,,2026/7/27,26-R0001945-001-771,SP5030WN,1.5,500,500,300,SUS PB 被せ,,6,***北,2026/8/5,自社便,,2026/8/6,完成,樋口,2026/8/4,製造
,九州工場,九州工場,,2026/7/27,26-R0001946-001-771,SP4030WN,1.5,400,400,300,SUS PB 被せ,,6,***北,2026/8/6,自社便,,2026/8/7,完成,樋口,2026/8/5,製造
,九州工場,九州工場,,2026/7/27,26-R0001947-001-771,SP4030WN,1.5,400,400,300,SUS PB 被せ,,6,***北,2026/8/7,自社便,,2026/8/17,完成,樋口,2026/8/6,製造
,九州工場,九州工場,,2026/7/27,26-R0001948-001-771,SE4030WN,1.5,400,400,300,SUS PB 被せ,,6,***北ｱｰｽ,2026/8/17,自社便,,2026/8/18,組立,井上,2026/8/7,製造
,九州工場,九州工場,,2026/7/27,26-R0001949-001-771,SE5040WN,1.5,500,500,400,SUS PB 被せ,,4,***北ｱｰｽ,2026/8/17,自社便,,2026/8/18,組立,服部,2026/8/7,製造
,九州工場,九州工場,,2026/7/27,26-R0001950-001-771,SE4030WN,1.5,400,400,300,SUS PB 被せ,,6,***北ｱｰｽ,2026/8/18,自社便,,2026/8/19,溶接,テイン,2026/8/17,製造
,九州工場,九州工場,,2026/7/27,26-R0001951-001-771,SE5040WN,1.5,500,500,400,SUS PB 被せ,,4,***北ｱｰｽ,2026/8/18,自社便,,2026/8/19,溶接,ロン,2026/8/17,製造
,九州工場,九州工場,,2026/7/27,26-R0001952-001-771,SE4040XN,1.5,400,400,400,SUS PB 水切,,6,***北ｱｰｽ,2026/8/4,自社便,,2026/8/5,完成,樋口,2026/8/3,製造
,九州工場,九州工場,,2026/7/27,26-R0001953-001-771,SE5030XN,1.5,500,500,300,SUS PB 水切,,6,***北ｱｰｽ,2026/8/4,自社便,,2026/8/5,完成,樋口,2026/8/3,製造
,九州工場,九州工場,,2026/7/27,26-R0001954-001-771,SE4030XN,1.5,400,400,300,SUS PB 水切,,8,***北ｱｰｽ,2026/8/5,自社便,,2026/8/6,完成,坂元,2026/8/4,製造
,九州工場,九州工場,,2026/7/27,26-R0001955-001-771,SE5040XN,1.5,500,500,400,SUS PB 水切,,6,***北ｱｰｽ,2026/8/5,自社便,,2026/8/6,完成,樋口,2026/8/4,製造
,九州工場,九州工場,,2026/7/27,26-R0001956-001-771,SE4030XN,1.5,400,400,300,SUS PB 水切,,8,***北ｱｰｽ,2026/8/6,自社便,,2026/8/7,完成,坂元,2026/8/5,製造
,九州工場,九州工場,,2026/7/27,26-R0001957-001-771,SE5040XN,1.5,500,500,400,SUS PB 水切,,6,***北ｱｰｽ,2026/8/6,自社便,,2026/8/7,完成,樋口,2026/8/5,製造
,九州工場,九州工場,,2026/7/27,26-R0001958-001-771,SE4020XN,1.5,400,400,200,SUS PB 水切,,8,***北ｱｰｽ,2026/8/7,自社便,,2026/8/17,完成,服部,2026/8/6,製造
,九州工場,九州工場,,2026/7/27,26-R0001959-001-771,SE4020XN,1.5,400,400,200,SUS PB 水切,,8,***北ｱｰｽ,2026/8/17,自社便,,2026/8/18,組立,井上,2026/8/7,製造
,九州工場,九州工場,,2026/7/28,26-R0001970-001-771,BE2020SC2,1.6,200,200,200,国土 PB 平 焼付,2.5Y9/1,12,***沖縄ｱｰｽ 2.5Y9/1,2026/8/7,イトカツ,,2026/8/7,完成,古川,2026/8/4,製造
,九州工場,九州工場,,2026/7/28,26-R0001971-001-771,BE4030SC2,1.6,400,400,300,国土 PB 平 焼付,2.5Y9/1,4,***沖縄ｱｰｽ 2.5Y9/1,2026/8/17,イトカツ,,2026/8/17,完成,古川,2026/8/5,製造
,九州工場,九州工場,,2026/7/28,26-R0001972-001-771,SE1515XC2,1.5,150,150,150,SUS PB 水切 焼付,2.5Y9/1,12,***沖縄ｱｰｽ 2.5Y9/1,2026/8/17,イトカツ,,2026/8/17,完成,岡,2026/8/5,製造
,九州工場,九州工場,,2026/7/28,26-R0001973-001-771,SE3030XC2,1.5,300,300,300,SUS PB 水切 焼付,2.5Y9/1,6,***沖縄ｱｰｽ 2.5Y9/1,2026/8/17,イトカツ,,2026/8/17,完成,岡,2026/8/5,製造
,九州工場,九州工場,,2026/7/28,26-R0001974-001-771,SE5040XC2,1.5,500,500,400,SUS PB 水切 焼付,2.5Y9/1,2,***沖縄ｱｰｽ 2.5Y9/1,2026/7/31,イトカツ,,2026/7/31,完成,古川,2026/7/29,製造
,九州工場,九州工場,,2026/7/28,26-R0001975-001-771,SE6060SC2,1.5,600,600,600,SUS PB 平 焼付,2.5Y9/1,1,***沖縄ｱｰｽ 2.5Y9/1 ﾊﾟｯｷﾝ付,2026/7/31,イトカツ,,2026/7/31,完成,古川,2026/7/29,製造
,九州工場,九州工場,,2026/7/28,26-R0001976-001-771,BE3020SC2,1.6,300,300,200,国土 PB 平 焼付,2.5Y9/1,6,***沖縄ｱｰｽ 2.5Y9/1,2026/7/31,イトカツ,,2026/7/31,完成,古川,2026/7/29,製造
,九州工場,九州工場,,2026/7/28,26-R0001977-001-771,SE5040XC2,1.5,500,500,400,SUS PB 水切 焼付,2.5Y9/1,2,***沖縄ｱｰｽ 2.5Y9/1,2026/8/6,イトカツ,,2026/8/6,完成,古川,2026/8/3,製造
,九州工場,九州工場,,2026/7/28,26-R0001978-001-771,SE5050XC2,1.5,500,500,500,SUS PB 水切 焼付,2.5Y9/1,2,***沖縄ｱｰｽ 2.5Y9/1,2026/8/6,イトカツ,,2026/8/6,完成,古川,2026/8/3,製造
,九州工場,九州工場,,2026/7/28,26-R0001979-001-771,SE4040SC2,1.5,400,400,400,SUS PB 平 焼付,2.5Y9/1,3,***沖縄ｱｰｽ 2.5Y9/1 ﾊﾟｯｷﾝ付,2026/8/6,イトカツ,,2026/8/6,完成,古川,2026/8/3,製造
,九州工場,九州工場,,2026/7/28,26-R0001980-001-771,SE5050SC2,1.5,500,500,500,SUS PB 平 焼付,2.5Y9/1,1,***沖縄ｱｰｽ 2.5Y9/1 ﾊﾟｯｷﾝ付,2026/8/7,イトカツ,,2026/8/7,完成,古川,2026/8/4,製造
,九州工場,九州工場,,2026/7/28,26-R0001981-001-771,BE5030SC2,1.6,500,500,300,国土 PB 平 焼付,2.5Y9/1,2,***沖縄ｱｰｽ 2.5Y9/1,2026/8/7,イトカツ,,2026/8/7,完成,古川,2026/8/4,製造
,九州工場,九州工場,,2026/7/29,26-R0001988-001-771,BE5030SC2,1.6,500,500,300,国土 PB 平 焼付,2.5Y9/1,2,***沖縄ｱｰｽ 2.5Y9/1,2026/8/3,イトカツ,,2026/8/3,完成,古川,2026/7/29,製造
,九州工場,九州工場,,2026/7/30,26-R0002000-001-771,SE1510XNN,1.5,150,150,100,SUS PB 水切,,10,***北ｱｰｽ生地(焼付用),2026/8/4,,,,完成,三澄,2026/8/3,製造
,九州工場,九州工場,,2026/7/30,26-R0002001-001-771,BE2020SNN,1.6,200,200,200,国土 PB 平,,10,***北ｱｰｽ 生地(焼付用),2026/8/4,,,,完成,山口,2026/8/3,製造
,九州工場,九州工場,,2026/7/30,26-R0002002-001-771,BE2015SNN,1.6,200,200,150,国土 PB 平,,10,***北ｱｰｽ 生地(焼付用),2026/8/5,,,,完成,三澄,2026/8/4,製造
,九州工場,九州工場,,2026/7/30,26-R0002003-001-771,BE2020SNN,1.6,200,200,200,国土 PB 平,,10,***北ｱｰｽ 生地(焼付用),2026/8/7,,,,完成,山口,2026/8/6,製造
,九州工場,九州工場,,2026/7/30,26-R0002004-001-771,BE3020SNN,1.6,300,300,200,国土 PB 平,,10,***北ｱｰｽ 生地(焼付用),2026/8/6,,,,完成,山口,2026/8/5,製造
,九州工場,九州工場,,2026/7/30,26-R0002005-001-771,BE1510SNN,1.6,150,150,100,国土 PB 平,,10,***北ｱｰｽ 生地(焼付用),2026/8/17,,,,完成,山口,2026/8/7,製造
,九州工場,九州工場,,2026/7/30,26-R0002008-001-771,SE6030XC2,1.5,600,600,300,SUS PB 水切 焼付,2.5Y9/1,3,***沖縄ｱｰｽ 2.5Y9/1,2026/8/7,イトカツ,,2026/8/7,完成,古川,2026/8/4,製造
,九州工場,九州工場,,2026/7/30,26-R0002009-001-771,SE4040XC2,1.5,400,400,400,SUS PB 水切 焼付,2.5Y9/1,2,***沖縄ｱｰｽ 2.5Y9/1,2026/8/18,イトカツ,,2026/8/18,塗装,山口,2026/8/6,製造
,九州工場,九州工場,,2026/7/30,26-R0002010-001-771,SE5050XC2,1.5,500,500,500,SUS PB 水切 焼付,2.5Y9/1,2,***沖縄ｱｰｽ 2.5Y9/1,2026/8/18,イトカツ,,2026/8/18,塗装,ナム,2026/8/6,製造
,九州工場,九州工場,,2026/7/30,26-R0002011-001-771,SE6020XC2,1.5,600,600,200,SUS PB 水切 焼付,2.5Y9/1,1,***沖縄ｱｰｽ 2.5Y9/1,2026/8/18,イトカツ,,2026/8/18,塗装,山口,2026/8/6,製造
,九州工場,九州工場,,2026/7/30,26-R0002012-001-771,SE4020XC2,1.5,400,400,200,SUS PB 水切 焼付,2.5Y9/1,4,***沖縄ｱｰｽ 2.5Y9/1,2026/8/19,イトカツ,,2026/8/19,塗装,柴﨑,2026/8/7,製造
,九州工場,九州工場,,2026/7/30,26-R0002013-001-771,SE2525XC2,1.5,250,250,250,SUS PB 水切 焼付,2.5Y9/1,4,***沖縄ｱｰｽ 2.5Y9/1,2026/8/19,イトカツ,,2026/8/19,塗装,柴﨑,2026/8/7,製造
,九州工場,九州工場,,2026/7/30,26-R0002014-001-771,BE2515SC2,1.6,250,250,150,国土 PB 平 焼付,2.5Y9/1,8,***沖縄ｱｰｽ 2.5Y9/1,2026/8/19,イトカツ,,2026/8/19,仕上,山口,2026/8/7,製造
,九州工場,九州工場,,2026/7/30,26-R0002015-001-771,SE4020XC2,1.5,400,400,200,SUS PB 水切 焼付,2.5Y9/1,4,***沖縄ｱｰｽ 2.5Y9/1,2026/8/21,イトカツ,,2026/8/21,溶接,テイン,2026/8/18,製造
,九州工場,九州工場,,2026/7/30,26-R0002016-001-771,BE2010SNN,1.6,200,200,100,国土 PB 平,,10,***北ｱｰｽ 生地(焼付用),2026/8/18,,,,完成,三澄,2026/8/17,製造
,九州工場,九州工場,,2026/7/30,26-R0002017-001-771,BE2015SNN,1.6,200,200,150,国土 PB 平,,10,***北ｱｰｽ 生地(焼付用),2026/8/19,,,,完成,山口,2026/8/18,製造
,九州工場,九州工場,,2026/7/30,26-R0002018-001-771,BE3020SNN,1.6,300,300,200,国土 PB 平,,10,***北ｱｰｽ 生地(焼付用),2026/8/20,,,,完成,山口,2026/8/19,製造
,九州工場,九州工場,,2026/7/30,26-R0002019-001-771,BE1510SNN,1.6,150,150,100,国土 PB 平,,10,***北ｱｰｽ 生地(焼付用),2026/8/21,,,,曲げ,志田,2026/8/20,製造
,九州工場,九州工場,,2026/7/30,26-R0002020-001-771,BE2020SNN,1.6,200,200,200,国土 PB 平,,10,***北ｱｰｽ 生地(焼付用),2026/8/24,,,,曲げ,志田,2026/8/21,製造
,九州工場,九州工場,,2026/7/30,26-R0002021-001-771,ZE2020X2,2.3,200,200,200,ZN PB 水切,,10,***沖縄ｱｰｽ,2026/8/18,イトカツ,,2026/8/18,組立,金光,2026/8/4,製造
,九州工場,九州工場,,2026/8/3,26-R0002037-001-771,SE6060XN,1.5,600,600,600,SUS PB 水切,,4,***北ｱｰｽ,2026/8/7,自社便,,2026/8/17,完成,樋口,2026/8/6,製造
,九州工場,九州工場,,2026/8/3,26-R0002039-001-771,SE5050XN,1.5,500,500,500,SUS PB 水切,,4,***北ｱｰｽ,2026/8/17,自社便,,2026/8/18,完成,坂元,2026/8/7,製造
,九州工場,九州工場,,2026/8/3,26-R0002041-001-771,SP5050WN,1.5,500,500,500,SUS PB 被せ,,4,***北,2026/8/18,自社便,,2026/8/19,溶接,テイン,2026/8/17,製造
,九州工場,九州工場,,2026/8/3,26-R0002044-001-771,SE6060XN,1.5,600,600,600,SUS PB 水切,,4,***北ｱｰｽ,2026/8/19,自社便,,2026/8/20,溶接,テイン,2026/8/18,製造
,九州工場,九州工場,,2026/8/3,26-R0002047-001-771,SE5050XN,1.5,500,500,500,SUS PB 水切,,4,***北ｱｰｽ,2026/8/20,自社便,,2026/8/21,曲げ,ラム,2026/8/19,製造
,九州工場,九州工場,,2026/8/3,26-R0002050-001-771,SP5050WN,1.5,500,500,500,SUS PB 被せ,,4,***北,2026/8/21,自社便,,2026/8/24,曲げ,ラム,2026/8/20,製造
,九州工場,九州工場,,2026/8/3,26-R0002051-001-771,SE6060XN,1.5,600,600,600,SUS PB 水切,,4,***北ｱｰｽ,2026/8/24,自社便,,2026/8/25,切断,岩本,2026/8/21,製造
,九州工場,九州工場,,2026/8/3,26-R0002052-001-771,SE4040XN,1.5,400,400,400,SUS PB 水切,,6,***北ｱｰｽ,2026/8/18,自社便,,2026/8/19,溶接,ロン,2026/8/17,製造
,九州工場,九州工場,,2026/8/3,26-R0002053-001-771,SE5030XN,1.5,500,500,300,SUS PB 水切,,6,***北ｱｰｽ,2026/8/18,自社便,,2026/8/19,溶接,ロン,2026/8/17,製造
,九州工場,九州工場,,2026/8/3,26-R0002054-001-771,SE4040XN,1.5,400,400,400,SUS PB 水切,,6,***北ｱｰｽ,2026/8/19,自社便,,2026/8/20,溶接,テイン,2026/8/18,製造
,九州工場,九州工場,,2026/8/3,26-R0002055-001-771,SE5030XN,1.5,500,500,300,SUS PB 水切,,6,***北ｱｰｽ,2026/8/19,自社便,,2026/8/20,溶接,テイン,2026/8/18,製造
,九州工場,九州工場,,2026/8/3,26-R0002056-001-771,SE4030XN,1.5,400,400,300,SUS PB 水切,,8,***北ｱｰｽ,2026/8/20,自社便,,2026/8/21,曲げ,ラム,2026/8/19,製造
,九州工場,九州工場,,2026/8/3,26-R0002057-001-771,SE5040XN,1.5,500,500,400,SUS PB 水切,,6,***北ｱｰｽ,2026/8/20,自社便,,2026/8/21,曲げ,ラム,2026/8/19,製造
,九州工場,九州工場,,2026/8/3,26-R0002058-001-771,SE4030XN,1.5,400,400,300,SUS PB 水切,,8,***北ｱｰｽ,2026/8/21,自社便,,2026/8/24,曲げ,ラム,2026/8/20,製造
,九州工場,九州工場,,2026/8/3,26-R0002059-001-771,SE5040XN,1.5,500,500,400,SUS PB 水切,,6,***北ｱｰｽ,2026/8/21,自社便,,2026/8/24,曲げ,ラム,2026/8/20,製造
,九州工場,九州工場,,2026/8/3,26-R0002062-001-771,SE4020XN,1.5,400,400,200,SUS PB 水切,,8,***北ｱｰｽ,2026/8/24,自社便,,2026/8/25,切断,岩本,2026/8/21,製造
,九州工場,九州工場,,2026/8/3,26-R0002063-001-771,SE5040XN,1.5,500,500,400,SUS PB 水切,,6,***北ｱｰｽ,2026/8/24,自社便,,2026/8/25,切断,岩本,2026/8/21,製造
,九州工場,九州工場,,2026/8/3,26-R0002064-001-771,SE1515XC2,1.5,150,150,150,SUS PB 水切 焼付,2.5Y9/1,12,***沖縄ｱｰｽ 2.5Y9/1,2026/8/20,イトカツ,,2026/8/20,仕上,山口,2026/8/17,製造
,九州工場,九州工場,,2026/8/3,26-R0002065-001-771,SE2525XC2,1.5,250,250,250,SUS PB 水切 焼付,2.5Y9/1,6,***沖縄ｱｰｽ 2.5Y9/1,2026/8/20,イトカツ,,2026/8/20,仕上,三澄,2026/8/17,製造
,九州工場,九州工場,,2026/8/3,26-R0002066-001-771,SE3020XC2,1.5,300,300,200,SUS PB 水切 焼付,2.5Y9/1,6,***沖縄ｱｰｽ 2.5Y9/1,2026/8/21,イトカツ,,2026/8/21,溶接,マイン,2026/8/18,製造
,九州工場,九州工場,,2026/8/3,26-R0002067-001-771,SE3020XC2,1.5,300,300,200,SUS PB 水切 焼付,2.5Y9/1,6,***沖縄ｱｰｽ 2.5Y9/1,2026/8/24,イトカツ,,2026/8/24,溶接,テイン,2026/8/19,製造
,九州工場,九州工場,,2026/8/3,26-R0002068-001-771,SE5020XC2,1.5,500,500,200,SUS PB 水切 焼付,2.5Y9/1,4,***沖縄ｱｰｽ 2.5Y9/1,2026/8/24,自社便,,2026/8/25,曲げ,ラム,2026/8/19,製造
,九州工場,九州工場,,2026/8/3,26-R0002069-001-771,SE3010XC2,1.5,300,300,100,SUS PB 水切 焼付,2.5Y9/1,8,***沖縄ｱｰｽ 2.5Y9/1,2026/8/25,イトカツ,,2026/8/25,曲げ,ラム,2026/8/20,製造
,九州工場,九州工場,,2026/8/3,26-R0002070-001-771,SE3020XC5,1.5,300,300,200,SUS PB 水切 焼付,5Y7/1,2,***沖縄ｱｰｽ 5Y7/1,2026/8/25,イトカツ,,2026/8/25,曲げ,ラム,2026/8/20,製造
,九州工場,九州工場,,2026/8/3,26-R0002071-001-771,SE5020XC2,1.5,500,500,200,SUS PB 水切 焼付,2.5Y9/1,1,***沖縄ｱｰｽ 2.5Y9/1,2026/8/18,イトカツ,,2026/8/18,ｷｬﾝｾﾙ,井上(隆),2026/8/6,製造
,九州工場,九州工場,,2026/8/3,26-R0002072-001-771,SE6030XC2,1.5,600,600,300,SUS PB 水切 焼付,2.5Y9/1,1,***沖縄ｱｰｽ 2.5Y9/1,2026/8/18,イトカツ,,2026/8/18,ｷｬﾝｾﾙ,井上(隆),2026/8/6,製造
,九州工場,九州工場,,2026/8/5,26-R0002075-001-771,SE2020XNN,1.5,200,200,200,SUS PB 水切,,10,***北ｱｰｽ生地(焼付用),2026/8/17,,,,完成,山口,2026/8/7,製造
,九州工場,九州工場,,2026/8/5,26-R0002076-001-771,SE2010XNN,1.5,200,200,100,SUS PB 水切,,10,***北ｱｰｽ生地(焼付用),2026/8/18,,,,完成,山口,2026/8/17,製造
,九州工場,九州工場,,2026/8/5,26-R0002077-001-771,SE3020XNN,1.5,300,300,200,SUS PB 水切,,10,***北ｱｰｽ生地(焼付用),2026/8/19,,,,完成,山口,2026/8/18,製造
,九州工場,九州工場,,2026/8/5,26-R0002078-001-771,SE2020XNN,1.5,200,200,200,SUS PB 水切,,10,***北ｱｰｽ生地(焼付用),2026/8/20,,,,曲げ,ラム,2026/8/19,製造
,九州工場,九州工場,,2026/8/5,26-R0002079-001-771,SE2010XNN,1.5,200,200,100,SUS PB 水切,,10,***北ｱｰｽ生地(焼付用),2026/8/21,,,,曲げ,ラム,2026/8/20,製造
,九州工場,九州工場,,2026/8/5,26-R0002080-001-771,SE3020XNN,1.5,300,300,200,SUS PB 水切,,10,***北ｱｰｽ生地(焼付用),2026/8/24,,,,切断,井上(隆),2026/8/21,製造
,九州工場,九州工場,,2026/8/5,26-R0002081-001-771,SE1510XNN,1.5,150,150,100,SUS PB 水切,,10,***北ｱｰｽ生地(焼付用),2026/8/25,,,,切断,井上(隆),2026/8/24,製造
,九州工場,九州工場,,2026/8/5,26-R0002082-001-771,BE2015SNN,1.6,200,200,150,国土 PB 平,,10,***北ｱｰｽ 生地(焼付用),2026/8/25,,,,曲げ,志田,2026/8/24,製造
,九州工場,九州工場,,2026/8/7,26-R0002094-001-771,SE5050XN,1.5,500,500,500,SUS PB 水切,,4,***北ｱｰｽ,2026/8/25,自社便,,2026/8/26,未着手,,2026/8/24,製造
,九州工場,九州工場,,2026/8/7,26-R0002095-001-771,SP5050WN,1.5,500,500,500,SUS PB 被せ,,4,***北,2026/8/26,自社便,,2026/8/27,未着手,,2026/8/25,製造
,九州工場,九州工場,,2026/8/7,26-R0002096-001-771,SE6060XN,1.5,600,600,600,SUS PB 水切,,4,***北ｱｰｽ,2026/8/27,自社便,,2026/8/28,未着手,,2026/8/26,製造
,九州工場,九州工場,,2026/8/7,26-R0002097-001-771,SE5050XN,1.5,500,500,500,SUS PB 水切,,4,***北ｱｰｽ,2026/8/28,自社便,,2026/8/31,未着手,,2026/8/27,製造
,九州工場,九州工場,,2026/8/7,26-R0002099-001-771,SP5050WN,1.5,500,500,500,SUS PB 被せ,,4,***北,2026/8/31,自社便,,2026/9/1,未着手,,2026/8/28,製造
,九州工場,九州工場,,2026/8/7,26-R0002100-001-771,SE4020XN,1.5,400,400,200,SUS PB 水切,,8,***北ｱｰｽ,2026/8/25,自社便,,2026/8/26,未着手,,2026/8/24,製造
,九州工場,九州工場,,2026/8/7,26-R0002101-001-771,SE5030XN,1.5,500,500,300,SUS PB 水切,,6,***北ｱｰｽ,2026/8/25,自社便,,2026/8/26,未着手,,2026/8/24,製造
,九州工場,九州工場,,2026/8/7,26-R0002102-001-771,SE4040XN,1.5,400,400,400,SUS PB 水切,,6,***北ｱｰｽ,2026/8/26,自社便,,2026/8/27,未着手,,2026/8/25,製造
,九州工場,九州工場,,2026/8/7,26-R0002103-001-771,SE4030XN,1.5,400,400,300,SUS PB 水切,,8,***北ｱｰｽ,2026/8/26,自社便,,2026/8/27,未着手,,2026/8/25,製造
,九州工場,九州工場,,2026/8/7,26-R0002104-001-771,SE4040XN,1.5,400,400,400,SUS PB 水切,,6,***北ｱｰｽ,2026/8/27,自社便,,2026/8/28,未着手,,2026/8/26,製造
,九州工場,九州工場,,2026/8/7,26-R0002105-001-771,SE4030XN,1.5,400,400,300,SUS PB 水切,,8,***北ｱｰｽ,2026/8/27,自社便,,2026/8/28,未着手,,2026/8/26,製造
,九州工場,九州工場,,2026/8/7,26-R0002106-001-771,SE4020XN,1.5,400,400,200,SUS PB 水切,,8,***北ｱｰｽ,2026/8/28,自社便,,2026/8/31,未着手,,2026/8/27,製造
,九州工場,九州工場,,2026/8/7,26-R0002107-001-771,SE4020XN,1.5,400,400,200,SUS PB 水切,,8,***北ｱｰｽ,2026/8/31,自社便,,2026/9/1,未着手,,2026/8/28,製造
,九州工場,九州工場,,2026/8/7,26-R0002108-001-771,SE5020XC2,1.5,500,500,200,SUS PB 水切 焼付,2.5Y9/1,4,***沖縄ｱｰｽ 2.5Y9/1,2026/8/27,自社便,,2026/8/28,未着手,,2026/8/24,製造
,九州工場,九州工場,,2026/8/7,26-R0002109-001-771,SE4040XC2,1.5,400,400,400,SUS PB 水切 焼付,2.5Y9/1,4,***沖縄ｱｰｽ 2.5Y9/1,2026/8/27,自社便,,2026/8/28,未着手,,2026/8/24,製造
,九州工場,九州工場,,2026/8/7,26-R0002110-001-771,SE5030XC2,1.5,500,500,300,SUS PB 水切 焼付,2.5Y9/1,3,***沖縄ｱｰｽ 2.5Y9/1,2026/8/28,自社便,,2026/8/31,未着手,,2026/8/25,製造
,九州工場,九州工場,,2026/8/7,26-R0002111-001-771,SE6030XC2,1.5,600,600,300,SUS PB 水切 焼付,2.5Y9/1,2,***沖縄ｱｰｽ 2.5Y9/1,2026/8/31,イトカツ,,2026/8/31,未着手,,2026/8/26,製造
,九州工場,九州工場,,2026/8/7,26-R0002112-001-771,SE2010SC2,1.5,200,200,100,SUS PB 平 焼付,2.5Y9/1,10,***沖縄ｱｰｽ 2.5Y9/1 ﾊﾟｯｷﾝ付,2026/8/31,イトカツ,,2026/8/31,未着手,,2026/8/26,製造
,九州工場,九州工場,,2026/8/7,26-R0002113-001-771,BE2515SC2,1.6,250,250,150,国土 PB 平 焼付,2.5Y9/1,4,***沖縄ｱｰｽ 2.5Y9/1,2026/9/2,イトカツ,,2026/9/2,未着手,,2026/8/28,製造
,九州工場,九州工場,,2026/8/7,26-R0002114-001-771,BE2520SC2,1.6,250,250,200,国土 PB 平 焼付,2.5Y9/1,4,***沖縄ｱｰｽ 2.5Y9/1,2026/9/2,イトカツ,,2026/9/2,未着手,,2026/8/28,製造
,九州工場,九州工場,,2026/8/7,26-R0002115-001-771,BE3020SC2,1.6,300,300,200,国土 PB 平 焼付,2.5Y9/1,6,***沖縄ｱｰｽ 2.5Y9/1,2026/8/28,イトカツ,,2026/8/28,切断,林(浩),2026/8/25,製造
,九州工場,九州工場,,2026/8/17,26-R0002116-001-771,IBGC1800C,2.3,"1,800.00",800,350,鉄 防球ガード 焼付,2.5Y9/1,1,***沖縄　天吊形空調機用,2026/8/17,九州航空,,2026/8/17,完成,古川,2026/8/17,製造
,九州工場,九州工専用,,2026/8/17,26-R0002121-001-7715,IBGC1800C,2.3,"1,800.00",800,350,鉄 防球ガード 焼付,2.5Y9/1,6,***北 天吊形空調機用,2026/8/7,,,,未着手,,2026/8/4,製造
,九州工場,九州工専用,,2026/8/17,26-R0002122-001-7715,IBGC1800C,2.3,"1,800.00",800,350,鉄 防球ガード 焼付,2.5Y9/1,6,***北　天吊形空調機用,2026/8/28,,,,未着手,,2026/8/4,製造
