"得意先","部門","製造倉庫","受注日","製造指示日","製造指示番号","品番","ｻｲｽﾞ(厚さ)","ｻｲｽﾞ(縦)","ｻｲｽﾞ(横)","ｻｲｽﾞ(高さ)","品名","色","数量","規格","製造期限","配送便","出荷日","出庫日","進捗","担当者","生地日","調達"
"","九州工場","九州工専用","","2026/08/24","26-R0002446-001-7715","IBGC1800C","2.30","1,800.0","800.0","350.0","鉄 防球ガード 焼付","2.5Y9/1","6","***北　天吊形空調機用","2026/09/30","","","","未着手","","2026/08/04","製造"
"","九州工場","九州工専用","","2026/08/24","26-R0002447-001-7715","IBGC1800C","2.30","1,800.0","800.0","350.0","鉄 防球ガード 焼付","2.5Y9/1","6","***北　天吊形空調機用","2026/09/30","","","","未着手","","2026/08/04","製造"
"日本電設資材　福岡★","九州工場","九州工場","2026/08/06","2026/08/06","26-J0104501-002-771","ZIP0000","6.00","220.0","240.0","0.0","ZN ﾌﾟﾚｰﾄ","","18","穴加工　西側 B","2026/10/14","ヤマックス　ｽﾎﾟｯﾄ便","2026/10/15","","未着手","","2026/08/17","製造"
"日本電設資材　福岡★","九州工場","九州工場","2026/08/06","2026/08/06","26-J0104501-001-771","ZIP0000","6.00","180.0","40.0","0.0","ZN ﾌﾟﾚｰﾄ","","222","穴加工  西側 A","2026/10/14","ヤマックス　ｽﾎﾟｯﾄ便","2026/10/15","","未着手","","2026/08/17","製造"
"小林電工　岡山★","九州工場","九州工場","2026/08/05","2026/08/05","26-J0103166-004-771","IP0000SG","1.60","300.0","200.0","200.0","鉄 PBﾄｸ 平","","1","さび止め","2026/09/18","福山通運　九州発送","2026/09/18","","完成","倉重","2026/08/19","製造"
"小林電工　岡山★","九州工場","九州工場","2026/08/05","2026/08/05","26-J0103166-005-771","IP0000SG","1.60","400.0","200.0","200.0","鉄 PBﾄｸ 平","","3","さび止め","2026/09/18","福山通運　九州発送","2026/09/18","","完成","倉重","2026/08/19","製造"
"小林電工　岡山★","九州工場","九州工場","2026/08/05","2026/08/05","26-J0103173-008-771","SP0000WN","1.50","300.0","200.0","200.0","SUS PBﾄｸ 被せ","","1","","2026/09/18","福山通運　九州発送","2026/09/18","","完成","服部","2026/08/20","製造"
"小林電工　岡山★","九州工場","九州工場","2026/08/05","2026/08/05","26-J0103173-009-771","SP0000WN","1.50","400.0","200.0","200.0","SUS PBﾄｸ 被せ","","3","","2026/09/18","福山通運　九州発送","2026/09/18","","完成","倉重","2026/08/20","製造"
"アサヒ　八重山","九州工場","九州工場","2026/07/30","2026/07/30","26-J0098392-001-771","SE0000WC","2.00","700.0","700.0","300.0","SUS PBﾄｸ 被せ 焼付","2.5Y9/1","1","ｱｰｽ(外) 外耳被せ蓋 開口 足付","2026/09/30","沖縄直送","2026/09/30","","保留","－","2026/08/26","製造"
"アサヒ　八重山","九州工場","九州工場","2026/07/30","2026/07/30","26-J0098392-002-771","SE0000WC","2.00","700.0","700.0","300.0","SUS PBﾄｸ 被せ 焼付","2.5Y9/1","2","ｱｰｽ(外) 外耳被せ蓋 開口 足付","2026/09/30","沖縄直送","2026/09/30","","保留","－","2026/08/27","製造"
"アサヒ　八重山","九州工場","九州工場","2026/07/30","2026/07/30","26-J0098392-003-771","SE0000WC","2.00","700.0","700.0","300.0","SUS PBﾄｸ 被せ 焼付","2.5Y9/1","2","ｱｰｽ(外) 外耳被せ蓋 開口 足付","2026/09/30","沖縄直送","2026/09/30","","保留","－","2026/08/28","製造"
"アサヒ　八重山","九州工場","九州工場","2026/07/30","2026/07/30","26-J0098392-004-771","SE0000WC","2.00","700.0","700.0","300.0","SUS PBﾄｸ 被せ 焼付","2.5Y9/1","2","ｱｰｽ(外) 外耳被せ蓋 開口 足付","2026/09/30","沖縄直送","2026/09/30","","保留","－","2026/08/31","製造"
"啓電社★","九州工場","九州工場","2026/07/31","2026/07/31","26-J0098753-004-771","ZG0000","0.00","3,800.0","0.0","0.0","ZN 架台","","1","C100x50x5x7.5 ｷｭｰﾋﾞｸﾙ架台","2026/09/24","ヤマックス福岡","2026/09/25","","組立","金光","2026/08/31","製造"
"啓電社★","九州工場","九州工場","2026/07/31","2026/07/31","26-J0098753-005-771","ZG0000","0.00","2,450.0","0.0","0.0","ZN 架台","","1","C100x50x5x7.5 ｷｭｰﾋﾞｸﾙ架台","2026/09/24","ヤマックス福岡","2026/09/25","","組立","金光","2026/08/31","製造"
"啓電社★","九州工場","九州工場","2026/07/31","2026/07/31","26-J0098753-006-771","ZG0000","0.00","1,450.0","0.0","0.0","ZN 架台","","1","C100x50x5x7.5 ｷｭｰﾋﾞｸﾙ架台","2026/09/24","ヤマックス福岡","2026/09/25","","組立","金光","2026/08/31","製造"
"啓電社★","九州工場","九州工場","2026/07/31","2026/07/31","26-J0098753-003-771","ZG0000","0.00","1,600.0","0.0","0.0","ZN 架台","","1","C100x50x5x7.5 ｷｭｰﾋﾞｸﾙ架台","2026/09/24","ヤマックス福岡","2026/09/25","","組立","金光","2026/08/31","製造"
"啓電社★","九州工場","九州工場","2026/07/31","2026/07/31","26-J0098753-002-771","ZG0000","0.00","2,600.0","0.0","0.0","ZN 架台","","1","C100x50x5x7.5 ｷｭｰﾋﾞｸﾙ架台","2026/09/24","ヤマックス福岡","2026/09/25","","組立","金光","2026/08/31","製造"
"啓電社★","九州工場","九州工場","2026/07/31","2026/07/31","26-J0098753-001-771","ZG0000","0.00","3,500.0","0.0","0.0","ZN 架台","","1","C100x50x5x7.5 ｷｭｰﾋﾞｸﾙ架台","2026/09/24","ヤマックス福岡","2026/09/25","","組立","金光","2026/08/31","製造"
"アサヒ　八重山","九州工場","九州工場","2026/07/30","2026/07/30","26-J0098392-005-771","SE0000WC","2.00","700.0","700.0","300.0","SUS PBﾄｸ 被せ 焼付","2.5Y9/1","2","ｱｰｽ(外) 外耳被せ蓋 開口 足付","2026/09/30","沖縄直送","2026/09/30","","保留","－","2026/09/01","製造"
"アサヒ　八重山","九州工場","九州工場","2026/07/30","2026/07/30","26-J0098392-006-771","SE0000WC","2.00","700.0","700.0","300.0","SUS PBﾄｸ 被せ 焼付","2.5Y9/1","2","ｱｰｽ(外) 外耳被せ蓋 開口 足付","2026/09/30","沖縄直送","2026/09/30","","保留","－","2026/09/02","製造"
"カンサイ西九州社　佐世保★","九州工場","九州工場","2026/08/28","2026/08/28","26-J0119087-003-771","ZE0000X","3.20","400.0","400.0","400.0","ZN PBﾄｸ 水切","","1","◆ HDZT-49  ｱｰｽ 穴加工   PB-C","2026/09/17","福山通運　九州発送","2026/09/18","","溶接","フイ","2026/09/04","製造"
"カンサイ西九州社　佐世保★","九州工場","九州工場","2026/08/28","2026/08/28","26-J0119087-020-771","ZE0000X","2.30","200.0","200.0","200.0","ZN PBﾄｸ 水切","","1","HDZT-49 ｱｰｽ 穴加工    PB-R","2026/09/17","福山通運　九州発送","2026/09/18","","溶接","フイ","2026/09/04","製造"
"カンサイ西九州社　佐世保★","九州工場","九州工場","2026/08/28","2026/08/28","26-J0119087-019-771","ZE0000X","2.30","200.0","200.0","100.0","ZN PBﾄｸ 水切","","1","HDZT-49 ｱｰｽ 穴加工    PB-Q","2026/09/17","福山通運　九州発送","2026/09/18","","溶接","フイ","2026/09/04","製造"
"カンサイ西九州社　佐世保★","九州工場","九州工場","2026/08/28","2026/08/28","26-J0119087-018-771","ZE0000X","2.30","200.0","200.0","100.0","ZN PBﾄｸ 水切","","1","HDZT-49　ｱｰｽ 穴加工　 PB-P","2026/09/17","福山通運　九州発送","2026/09/18","","溶接","フイ","2026/09/04","製造"
"カンサイ西九州社　佐世保★","九州工場","九州工場","2026/08/28","2026/08/28","26-J0119087-017-771","ZE0000X","2.30","200.0","200.0","200.0","ZN PBﾄｸ 水切","","1","HDZT-49  ｱｰｽ 穴加工   PB-O","2026/09/17","福山通運　九州発送","2026/09/18","","溶接","フイ","2026/09/04","製造"
"カンサイ西九州社　佐世保★","九州工場","九州工場","2026/08/28","2026/08/28","26-J0119087-016-771","ZE0000X","2.30","200.0","200.0","200.0","ZN PBﾄｸ 水切","","1","HDZT-49  ｱｰｽ 穴加工   PB-N","2026/09/17","福山通運　九州発送","2026/09/18","","溶接","フイ","2026/09/04","製造"
"カンサイ西九州社　佐世保★","九州工場","九州工場","2026/08/28","2026/08/28","26-J0119087-015-771","ZE0000X","2.30","200.0","200.0","200.0","ZN PBﾄｸ 水切","","1","HDZT-49  ｱｰｽ 穴加工   PB-M","2026/09/17","福山通運　九州発送","2026/09/18","","溶接","フイ","2026/09/04","製造"
"カンサイ西九州社　佐世保★","九州工場","九州工場","2026/08/28","2026/08/28","26-J0119087-008-771","ZE0000X","3.20","500.0","500.0","200.0","ZN PBﾄｸ 水切","","1","◆ HDZT-49  ｱｰｽ 穴加工   PB-G","2026/09/17","福山通運　九州発送","2026/09/18","","溶接","フイ","2026/09/04","製造"
"カンサイ西九州社　佐世保★","九州工場","九州工場","2026/08/28","2026/08/28","26-J0119087-007-771","ZE0000X","3.20","450.0","450.0","200.0","ZN PBﾄｸ 水切","","1","◆ HDZT-49  ｱｰｽ 穴加工   PB-F","2026/09/17","福山通運　九州発送","2026/09/18","","溶接","フイ","2026/09/04","製造"
"カンサイ西九州社　佐世保★","九州工場","九州工場","2026/08/28","2026/08/28","26-J0119087-002-771","ZE0000X","3.20","400.0","400.0","400.0","ZN PBﾄｸ 水切","","1","◆ HDZT-49  ｱｰｽ 穴加工   PB-B","2026/09/17","福山通運　九州発送","2026/09/18","","溶接","フイ","2026/09/04","製造"
"ｹｲ･ｴｽ･ﾃﾞｰ　鹿児島★","九州工場","九州工場","2026/08/24","2026/08/24","26-J0114145-001-771","ZE0000W","2.30","200.0","200.0","100.0","ZN PBﾄｸ 被せ","","25","ｱｰｽ φ12x2","2026/09/28","福山通運　九州発送","2026/09/30","","組立","金光","2026/09/08","製造"
"ｹｲ･ｴｽ･ﾃﾞｰ　鹿児島★","九州工場","九州工場","2026/08/24","2026/08/24","26-J0114145-004-771","ZE0000W","2.30","200.0","200.0","100.0","ZN PBﾄｸ 被せ","","25","ｱｰｽ φ12x2","2026/09/29","福山通運　九州発送","2026/09/30","","組立","金光","2026/09/09","製造"
"カンサイ西九州社　佐世保★","九州工場","九州工場","2026/08/28","2026/08/28","26-J0119086-005-771","ZE0000XC","3.20","600.0","600.0","300.0","ZN PBﾄｸ 水切 焼付","色後で","1","◆HDZT49 ｱｰｽ 穴加工 側面開口 PB-E","2026/09/29","福山通運　九州発送","2026/09/30","","組立","金光","2026/09/09","製造"
"興陽電機　山口★","九州工場","九州工場","2026/09/03","2026/09/03","26-J0122865-004-771","ZMK0000","3.20","1,800.0","600.0","105.0","ZN 曲金物","","1","6-φ10","2026/09/17","福山通運　九州発送","2026/09/17","","完成","倉重","2026/09/09","製造"
"興陽電機　山口★","九州工場","九州工場","2026/09/03","2026/09/03","26-J0122865-003-771","ZMK0000","3.20","1,800.0","600.0","110.0","ZN 曲金物","","1","勾配600→595 6-φ10 切かき有","2026/09/17","福山通運　九州発送","2026/09/17","","完成","倉重","2026/09/09","製造"
"かごしま電工　奄美★","九州工場","九州工場","2026/09/04","2026/09/04","26-J0124193-003-771","ZE0000X","2.30","250.0","250.0","100.0","ZN PBﾄｸ 水切","","4","ｱｰｽ 足付 L3x40(φ12)x4 内ﾜﾆｽ","2026/09/17","佐川急便","2026/09/17","","完成","倉重","2026/09/09","製造"
"かごしま電工　奄美★","九州工場","九州工場","2026/09/04","2026/09/04","26-J0124193-002-771","ZE0000X","3.20","400.0","400.0","100.0","ZN PBﾄｸ 水切","","2","ｱｰｽ 足付 L4x50(φ12)x4 内ﾜﾆｽ","2026/09/17","佐川急便","2026/09/17","","完成","倉重","2026/09/09","製造"
"梶電機工業★","九州工場","九州工場","2026/09/07","2026/09/07","26-J0125682-002-771","ZE2010X2","2.30","200.0","200.0","100.0","ZN PB 水切","","2","HDZT56 ｱｰｽ","2026/09/17","福山通運　九州発送","2026/09/17","","完成","倉重","2026/09/09","製造"
"宮地電機　松山","九州工場","九州工場","2026/09/07","2026/09/07","26-J0126173-004-771","ZE2010S2","2.30","200.0","200.0","100.0","ZN PB 平","","7","HDZT56 ｱｰｽ","2026/09/17","福山通運　九州発送","2026/09/17","","ｷｬﾝｾﾙ","フイ","2026/09/09","製造"
"宮地電機　松山","九州工場","九州工場","2026/09/07","2026/09/07","26-J0126173-002-771","ZE1010S2","2.30","100.0","100.0","100.0","ZN PB 平","","2","HDZT56 ｱｰｽ","2026/09/17","福山通運　九州発送","2026/09/17","","ｷｬﾝｾﾙ","フイ","2026/09/09","製造"
"宮地電機　松山","九州工場","九州工場","2026/09/07","2026/09/07","26-J0126173-007-771","ZE2010W2","2.30","200.0","200.0","100.0","ZN PB 被せ","","7","HDZT56 ｱｰｽ","2026/09/17","福山通運　九州発送","2026/09/17","","完成","倉重","2026/09/09","製造"
"宮地電機　松山","九州工場","九州工場","2026/09/07","2026/09/07","26-J0126173-008-771","ZE1010W2","2.30","100.0","100.0","100.0","ZN PB 被せ","","2","HDZT56 ｱｰｽ","2026/09/17","福山通運　九州発送","2026/09/17","","完成","倉重","2026/09/09","製造"
"イシグロ　福岡★","九州工場","九州工場","2026/08/04","2026/08/04","26-J0101789-004-771","IG0000C","0.00","880.0","880.0","910.0","鉄 架台 焼付","N7.0 近似色","3","原料タンク架台","2026/09/28","チャーター便","2026/09/29","","塗装","柴﨑","2026/09/10","製造"
"イシグロ　福岡★","九州工場","九州工場","2026/08/04","2026/08/04","26-J0101789-006-771","IST0000C","0.00","150.0","150.0","1,100.0","鉄 ｽﾀﾝｼｮﾝ 焼付","N7.0 近似色","6","伝送器取付スタンドA","2026/09/28","チャーター便","2026/09/29","","塗装","柴﨑","2026/09/10","製造"
"イシグロ　福岡★","九州工場","九州工場","2026/08/04","2026/08/04","26-J0101789-007-771","IST0000C","0.00","150.0","90.0","350.0","鉄 ｽﾀﾝｼｮﾝ 焼付","N7.0 近似色","6","","2026/09/28","チャーター便","2026/09/29","","塗装","柴﨑","2026/09/10","製造"
"イシグロ　福岡★","九州工場","九州工場","2026/08/04","2026/08/04","26-J0101789-003-771","IG0000C","0.00","1,050.0","920.0","850.0","鉄 架台 焼付","N7.0 近似色","6","BF架台","2026/09/28","チャーター便","2026/09/29","","切断","森山","2026/09/10","製造"
"イシグロ　福岡★","九州工場","九州工場","2026/08/04","2026/08/04","26-J0101789-005-771","IG0000C","0.00","720.0","720.0","409.0","鉄 架台 焼付","N7.0 近似色","4","TA2架台","2026/09/28","チャーター便","2026/09/29","","完成","古川","2026/09/10","製造"
"イシグロ　福岡★","九州工場","九州工場","2026/08/04","2026/08/04","26-J0101789-001-771","IG0000C","0.00","340.0","340.0","270.0","鉄 架台 焼付","N7.0 近似色","6","フィーダー取付架台","2026/09/28","チャーター便","2026/09/29","","完成","古川","2026/09/10","製造"
"イシグロ　福岡★","九州工場","九州工場","2026/08/04","2026/08/04","26-J0101789-002-771","IG0000C","0.00","1,043.0","652.5","1,598.0","鉄 架台 焼付","N7.0 近似色","6","分級機架台","2026/09/28","チャーター便","2026/09/29","","溶接","ズオン","2026/09/10","製造"
"ｹｲ･ｴｽ･ﾃﾞｰ　鹿児島★","九州工場","九州工場","2026/08/24","2026/08/24","26-J0114154-001-771","ZE0000W","2.30","200.0","200.0","100.0","ZN PBﾄｸ 被せ","","25","ｱｰｽ φ12x2","2026/09/29","福山通運　九州発送","2026/10/01","","溶接","フイ","2026/09/10","製造"
"平岡電気　久留米★","九州工場","九州工場","2026/08/26","2026/08/26","26-J0116874-001-771","ZE0000X","3.20","800.0","600.0","600.0","ZN PBﾄｸ 水切","","2","ｱｰｽ","2026/09/17","福山通運　九州発送","2026/09/17","","完成","倉重","2026/09/10","製造"
"カンサイ西九州社　佐世保★","九州工場","九州工場","2026/08/28","2026/08/28","26-J0119079-012-771","ZE0000X","2.30","200.0","200.0","100.0","ZN PBﾄｸ 水切","","1","HDZT49 ｱｰｽ 穴加工 PB-J","2026/09/29","福山通運　九州発送","2026/09/30","","溶接","マイン","2026/09/10","製造"
"カンサイ西九州社　佐世保★","九州工場","九州工場","2026/08/28","2026/08/28","26-J0119079-029-771","ZE0000X","2.30","200.0","200.0","100.0","ZN PBﾄｸ 水切","","1","HDZT49 ｱｰｽ 穴加工 PB-AA","2026/09/29","福山通運　九州発送","2026/09/30","","溶接","マイン","2026/09/10","製造"
"カンサイ西九州社　佐世保★","九州工場","九州工場","2026/08/28","2026/08/28","26-J0119079-004-771","ZE0000X","3.20","600.0","600.0","600.0","ZN PBﾄｸ 水切","","1","◆HDZT49 ｱｰｽ 穴加工 PB-D","2026/09/29","福山通運　九州発送","2026/09/30","","溶接","フイ","2026/09/10","製造"
"かごしま電工　奄美★","九州工場","九州工場","2026/09/04","2026/09/04","26-J0124204-001-771","ZE0000X","3.20","600.0","600.0","300.0","ZN PBﾄｸ 水切","","4","ｱｰｽ 足付 L4x50(φ12)x4 内ﾜﾆｽ","2026/09/17","福山通運　九州発送","2026/09/17","","完成","倉重","2026/09/10","製造"
"トリスタン★","九州工場","九州工場","2026/09/07","2026/09/07","26-J0125036-001-771","ZG0000","3.20","439.0","125.0","110.0","ZN 架台","","1","HDZT56　開口穴　","2026/09/17","佐川急便","2026/09/17","","完成","倉重","2026/09/10","製造"
"イシグロ　福岡★","九州工場","九州工場","2026/09/07","2026/09/07","26-J0125542-002-771","ZG0000","6.00","360.0","1,500.0","150.0","ZN 架台","","1","SS-L-50x50x6t　SPHC-6t　吊穴任意 ｺﾝﾌﾟ室用圧空架台","2026/09/17","福山通運　九州発送","2026/09/17","","完成","倉重","2026/09/10","製造"
"イシグロ　福岡★","九州工場","九州工場","2026/09/07","2026/09/07","26-J0125542-001-771","ZG0000","6.00","325.0","1,500.0","150.0","ZN 架台","","1","SS-L-50x50x6t　SPHC-6t　吊穴任意  ｺﾝﾌﾟ室ﾄﾞﾚﾝ架台","2026/09/17","福山通運　九州発送","2026/09/17","","完成","倉重","2026/09/10","製造"
"梶電機工業★","九州工場","九州工場","2026/09/07","2026/09/07","26-J0125682-003-771","ZE4020X2","2.30","400.0","400.0","200.0","ZN PB 水切","","3","HDZT56 ｱｰｽ","2026/09/17","福山通運　九州発送","2026/09/17","","完成","倉重","2026/09/10","製造"
"梶電機工業★","九州工場","九州工場","2026/09/07","2026/09/07","26-J0125682-001-771","ZE4030X2","2.30","400.0","400.0","300.0","ZN PB 水切","","3","HDZT56 ｱｰｽ","2026/09/17","福山通運　九州発送","2026/09/17","","完成","倉重","2026/09/10","製造"
"宮地電機　松山","九州工場","九州工場","2026/09/07","2026/09/07","26-J0126173-006-771","ZE2010S2","2.30","200.0","200.0","100.0","ZN PB 平","","10","HDZT56 ｱｰｽ","2026/09/17","福山通運　九州発送","2026/09/17","","ｷｬﾝｾﾙ","ルアン","2026/09/10","製造"
"シンセイ　広島第一★","九州工場","九州工場","2026/09/08","2026/09/08","26-J0126611-001-771","ZG0000","4.00","600.0","300.0","0.0","ZN 架台","","1","L形ﾌﾞﾗｹｯﾄ L4x50 φ15x3","2026/09/17","福山通運　九州発送","2026/09/18","","溶接","横澤","2026/09/10","製造"
"シンセイ　広島第二★","九州工場","九州工場","2026/09/08","2026/09/08","26-J0127233-001-771","ZG0000","0.00","1,100.0","500.0","250.0","ZN 架台","","1","L-65X65X6t","2026/09/17","福山通運　九州発送","2026/09/17","","完成","倉重","2026/09/10","製造"
"Q-mast　電気グル－プ★","九州工場","九州工場","2026/09/09","2026/09/09","26-J0128519-001-771","ZE0000W","3.20","600.0","300.0","200.0","ZN PBﾄｸ 被せ","","1","ｱｰｽ 600x300蓋面","2026/09/17","佐川急便","2026/09/17","","完成","倉重","2026/09/10","製造"
"ｹｲ･ｴｽ･ﾃﾞｰ　鹿児島★","九州工場","九州工場","2026/08/24","2026/08/24","26-J0114154-002-771","ZE0000W","2.30","200.0","200.0","100.0","ZN PBﾄｸ 被せ","","24","ｱｰｽ φ12x2","2026/09/30","福山通運　九州発送","2026/10/01","","溶接","フイ","2026/09/11","製造"
"正和電材　佐世保★","九州工場","九州工場","2026/08/28","2026/08/28","26-J0118895-001-771","ZG0000","6.00","895.0","970.0","500.0","ZN 架台","","5","L50x50x6t 4面平蓋3.2t","2026/09/17","チャーター便","2026/09/17","","完成","古川","2026/09/11","製造"
"カンサイ西九州社　佐世保★","九州工場","九州工場","2026/08/28","2026/08/28","26-J0119088-039-771","ZE0000X","2.30","300.0","300.0","300.0","ZN PBﾄｸ 水切","","1","HDZT49 ｱｰｽ 穴加工 RPB-A","2026/09/30","福山通運　九州発送","2026/10/01","","溶接","マイン","2026/09/11","製造"
"カンサイ西九州社　佐世保★","九州工場","九州工場","2026/08/28","2026/08/28","26-J0119088-041-771","ZE0000X","3.20","400.0","400.0","300.0","ZN PBﾄｸ 水切","","1","◆HDZT49 ｱｰｽ 穴加工 RPB-C","2026/09/30","福山通運　九州発送","2026/10/01","","溶接","マイン","2026/09/11","製造"
"カンサイ西九州社　佐世保★","九州工場","九州工場","2026/08/28","2026/08/28","26-J0119088-040-771","ZE0000X","3.20","400.0","400.0","300.0","ZN PBﾄｸ 水切","","1","◆HDZT49 ｱｰｽ 穴加工 RPB-B","2026/09/30","福山通運　九州発送","2026/10/01","","溶接","マイン","2026/09/11","製造"
"誠新産業　長崎★","九州工場","九州工場","2026/09/01","2026/09/01","26-J0121685-001-771","IG0000C","0.00","895.0","800.0","292.0","鉄 架台 焼付","2.5Y9/1 近似色","8","/250 穴加工　L40x40x5t","2026/09/17","チャーター便","2026/09/17","","完成","森田","2026/09/11","製造"
"誠新産業　長崎★","九州工場","九州工場","2026/09/01","2026/09/01","26-J0121685-006-771","IG0000C","0.00","895.0","800.0","292.0","鉄 架台 焼付","2.5Y9/1 近似色","2","/243 穴加工　L50x50x6t　L40x40x5t　FB4.5ｔ","2026/09/17","チャーター便","2026/09/17","","完成","森田","2026/09/11","製造"
"誠新産業　長崎★","九州工場","九州工場","2026/09/01","2026/09/01","26-J0121685-003-771","IG0000C","0.00","895.0","800.0","292.0","鉄 架台 焼付","2.5Y9/1 近似色","2","/175 穴加工　L50x50x6t","2026/09/17","チャーター便","2026/09/17","","完成","森田","2026/09/11","製造"
"誠新産業　長崎★","九州工場","九州工場","2026/09/01","2026/09/01","26-J0121685-002-771","IG0000C","0.00","895.0","800.0","292.0","鉄 架台 焼付","2.5Y9/1 近似色","1","穴加工　L50x50x6t","2026/09/17","チャーター便","2026/09/17","","完成","森田","2026/09/11","製造"
"かごしま電工　奄美★","九州工場","九州工場","2026/09/04","2026/09/04","26-J0124226-007-771","ZE0000X","3.20","700.0","500.0","300.0","ZN PBﾄｸ 水切","","2","ｱｰｽ　内ﾜﾆｽ","2026/09/17","福山通運　九州発送","2026/09/17","","完成","倉重","2026/09/11","製造"
"東芝電材　松江★","九州工場","九州工場","2026/09/04","2026/09/04","26-J0124518-002-771","BE2520SC","1.60","250.0","250.0","200.0","国土 PB 平 焼付","25-70A","3","ｱｰｽ","2026/09/17","福山通運　九州発送","2026/09/17","","完成","岡","2026/09/11","製造"
"東芝電材　松江★","九州工場","九州工場","2026/09/04","2026/09/04","26-J0124518-003-771","BE2520SC","1.60","250.0","250.0","200.0","国土 PB 平 焼付","25-75C","2","ｱｰｽ","2026/09/17","福山通運　九州発送","2026/09/17","","完成","岡","2026/09/11","製造"
"梶電機工業★","九州工場","九州工場","2026/09/07","2026/09/07","26-J0125688-001-771","ZE4030X2","2.30","400.0","400.0","300.0","ZN PB 水切","","6","HDZT56 ｱｰｽ","2026/09/18","福山通運　九州発送","2026/09/18","","組立","金光","2026/09/11","製造"
"カンサイ　南★","九州工場","九州工場","2026/09/07","2026/09/07","26-J0126138-001-771","SE0000XN","2.00","800.0","800.0","800.0","SUS PBﾄｸ 水切","","1","ｱｰｽ　ｾﾊﾟ付（L型）右","2026/09/29","福山通運　九州発送","2026/09/30","","完成","樋口","2026/09/11","製造"
"カンサイ　南★","九州工場","九州工場","2026/09/07","2026/09/07","26-J0126138-002-771","SE0000XN","2.00","800.0","800.0","800.0","SUS PBﾄｸ 水切","","1","ｱｰｽ　ｾﾊﾟ付（L型）左","2026/09/29","福山通運　九州発送","2026/09/30","","完成","樋口","2026/09/11","製造"
"宮地電機　松山","九州工場","九州工場","2026/09/07","2026/09/07","26-J0126190-003-771","ZE2010W2","2.30","200.0","200.0","100.0","ZN PB 被せ","","10","HDZT56 ｱｰｽ","2026/09/18","福山通運　九州発送","2026/09/18","","組立","金光","2026/09/11","製造"
"宮地電機　松山","九州工場","九州工場","2026/09/07","2026/09/07","26-J0126190-002-771","ZE2010S2","2.30","200.0","200.0","100.0","ZN PB 平","","10","HDZT56 ｱｰｽ","2026/09/18","福山通運　九州発送","2026/09/18","","ｷｬﾝｾﾙ","林(秀)","2026/09/11","製造"
"徳島電材★","九州工場","九州工場","2026/09/08","2026/09/08","26-J0126976-003-771","ZE0000X","3.20","450.0","450.0","200.0","ZN PBﾄｸ 水切","","1","HDZT63 側面ｱｰｽ 開口･穴加工ｱﾘ","2026/09/18","福山通運　九州発送","2026/09/18","","組立","金光","2026/09/11","製造"
"徳島電材★","九州工場","九州工場","2026/09/08","2026/09/08","26-J0126976-005-771","ZX0000","3.20","500.0","350.0","170.0","ZN その他","","1","HDZT63 ﾊﾝﾄﾞﾎｰﾙ 金具t2.3･穴加工ｱﾘ","2026/09/18","福山通運　九州発送","2026/09/18","","組立","金光","2026/09/11","製造"
"徳島電材★","九州工場","九州工場","2026/09/08","2026/09/08","26-J0126976-006-771","ZX0000","3.20","500.0","350.0","170.0","ZN その他","","1","HDZT63 ﾊﾝﾄﾞﾎｰﾙ 金具t2.3･穴加工ｱﾘ","2026/09/18","福山通運　九州発送","2026/09/18","","組立","金光","2026/09/11","製造"
"徳島電材★","九州工場","九州工場","2026/09/08","2026/09/08","26-J0126976-001-771","ZX0000","3.20","500.0","350.0","170.0","ZN その他","","1","HDZT63 ﾊﾝﾄﾞﾎｰﾙ 金具t2.3･穴加工ｱﾘ","2026/09/18","福山通運　九州発送","2026/09/18","","組立","金光","2026/09/11","製造"
"徳島電材★","九州工場","九州工場","2026/09/08","2026/09/08","26-J0126976-002-771","ZX0000","3.20","500.0","350.0","170.0","ZN その他","","1","HDZT63 ﾊﾝﾄﾞﾎｰﾙ 金具t2.3･穴加工ｱﾘ","2026/09/18","福山通運　九州発送","2026/09/18","","組立","金光","2026/09/11","製造"
"徳島電材★","九州工場","九州工場","2026/09/08","2026/09/08","26-J0126976-004-771","ZE0000X","3.20","450.0","450.0","200.0","ZN PBﾄｸ 水切","","1","HDZT63 側面ｱｰｽ 開口･穴加工ｱﾘ","2026/09/18","福山通運　九州発送","2026/09/18","","組立","金光","2026/09/11","製造"
"成和商事","九州工場","九州工場","2026/09/08","2026/09/08","26-J0127121-005-771","ZG0000","6.00","180.0","200.0","50.0","ZN 架台","","6","L50x50x6t 取付穴　　(５","2026/09/17","イトカツ","2026/09/25","2026/09/18","組立","金光","2026/09/11","製造"
"成和商事","九州工場","九州工場","2026/09/08","2026/09/08","26-J0127121-001-771","ZG0000","6.00","450.0","316.0","50.0","ZN 架台","","8","L50x50x6t 取付穴　　(１","2026/09/17","イトカツ","2026/09/25","2026/09/18","組立","金光","2026/09/11","製造"
"成和商事","九州工場","九州工場","2026/09/08","2026/09/08","26-J0127121-002-771","ZG0000","6.00","300.0","200.0","50.0","ZN 架台","","16","L50x50x6t 取付穴　　(２","2026/09/17","イトカツ","2026/09/25","2026/09/18","組立","金光","2026/09/11","製造"
"成和商事","九州工場","九州工場","2026/09/08","2026/09/08","26-J0127121-003-771","ZG0000","6.00","300.0","248.0","50.0","ZN 架台","","4","L50x50x6t 取付穴　　(３","2026/09/17","イトカツ","2026/09/25","2026/09/18","組立","金光","2026/09/11","製造"
"成和商事","九州工場","九州工場","2026/09/08","2026/09/08","26-J0127121-004-771","ZG0000","6.00","350.0","200.0","50.0","ZN 架台","","4","L50x50x6t 取付穴　　(４","2026/09/17","イトカツ","2026/09/25","2026/09/18","組立","金光","2026/09/11","製造"
"イシグロ　福岡★","九州工場","九州工場","2026/09/08","2026/09/08","26-J0127412-001-771","ZG0000","6.00","400.0","230.0","1,500.0","ZN 架台","","23","SS-L-65x65x6t　PL-6t　 B-020","2026/09/24","店頭渡し","2026/09/25","","溶接","クイ","2026/09/11","製造"
"Q-mast　空調管グル－プ★","九州工場","九州工場","2026/09/09","2026/09/09","26-J0127815-001-771","ZG0000","0.00","250.0","1,000.0","0.0","ZN 架台","","1","L50x50x6　MCｼｮｯﾌﾟ1F2F 空調配管 7","2026/09/17","ヤマックス　ｽﾎﾟｯﾄ便","2026/09/18","","完成","倉重","2026/09/11","製造"
"Q-mast　空調管グル－プ★","九州工場","九州工場","2026/09/09","2026/09/09","26-J0127815-003-771","ZG0000","0.00","325.0","1,500.0","0.0","ZN 架台","","1","L50x50x6　MCｼｮｯﾌﾟ1F2F 空調配管 3","2026/09/17","ヤマックス　ｽﾎﾟｯﾄ便","2026/09/18","","完成","倉重","2026/09/11","製造"
"Q-mast　空調管グル－プ★","九州工場","九州工場","2026/09/09","2026/09/09","26-J0127815-002-771","ZG0000","0.00","250.0","1,500.0","0.0","ZN 架台","","1","L50x50x6　MCｼｮｯﾌﾟ1F2F 空調配管 2","2026/09/17","ヤマックス　ｽﾎﾟｯﾄ便","2026/09/18","","完成","倉重","2026/09/11","製造"
"カンサイ南九州社★","九州工場","九州工場","2026/09/09","2026/09/09","26-J0128187-002-771","SE1510WCW","1.50","150.0","150.0","100.0","SUS PB 被せ 焼付","2.5Y9/1 近似色","6","ｱｰｽ 内ﾜﾆｽ","2026/09/17","佐川急便","2026/09/17","","完成","岡","2026/09/11","製造"
"Q-mast　空調管グル－プ★","九州工場","九州工場","2026/09/09","2026/09/09","26-J0128502-001-771","ZG0000","0.00","1,150.0","1,000.0","0.0","ZN 架台","","1","L50x50x6t   精錬棟2F 排気ﾀﾞｸﾄ 2","2026/09/17","ヤマックス　ｽﾎﾟｯﾄ便","2026/09/18","","完成","倉重","2026/09/11","製造"
"ナミデン　福岡★","九州工場","九州工場","2026/09/09","2026/09/09","26-J0128591-001-771","ZG0000","0.00","800.0","300.0","0.0","ZN 架台","","1","L40x40x5t  屋上 床ﾗｯｸ架台　ｻﾝﾌﾟﾙ","2026/09/18","福山通運　九州発送","2026/09/18","","溶接","横澤","2026/09/11","製造"
"大興電機★","九州工場","九州工場","2026/09/09","2026/09/09","26-J0128655-001-771","ZP0000W","3.20","650.0","400.0","400.0","ZN PBﾄｸ 被せ","","1","","2026/09/18","北九州配達","2026/09/24","","組立","金光","2026/09/11","製造"
"東芝電材　鹿児島★","九州工場","九州工場","2026/09/09","2026/09/09","26-J0128675-003-771","SE3020XCW","1.50","300.0","300.0","200.0","SUS PB 水切 焼付","5Y7/1 近似色","1","ｱｰｽ 内ﾜﾆｽ","2026/09/17","佐川急便","2026/09/17","","完成","岡","2026/09/11","製造"
"東芝電材　鹿児島★","九州工場","九州工場","2026/09/09","2026/09/09","26-J0128675-004-771","SE4030XCW","1.50","400.0","400.0","300.0","SUS PB 水切 焼付","5Y7/1 近似色","1","ｱｰｽ 内ﾜﾆｽ","2026/09/17","佐川急便","2026/09/17","","完成","服部","2026/09/11","製造"
"東芝電材　鹿児島★","九州工場","九州工場","2026/09/09","2026/09/09","26-J0128675-002-771","SE2515XCW","1.50","250.0","250.0","150.0","SUS PB 水切 焼付","5Y7/1 近似色","1","ｱｰｽ 内ﾜﾆｽ","2026/09/17","佐川急便","2026/09/17","","完成","白濵","2026/09/11","製造"
"東芝電材　鹿児島★","九州工場","九州工場","2026/09/09","2026/09/09","26-J0128675-001-771","SE1515XCW","1.50","150.0","150.0","150.0","SUS PB 水切 焼付","5Y7/1 近似色","2","ｱｰｽ 内ﾜﾆｽ","2026/09/17","佐川急便","2026/09/17","","完成","岡","2026/09/11","製造"
"Q-mast　空調管グル－プ★","九州工場","九州工場","2026/09/10","2026/09/10","26-J0128821-003-771","ZG0000","0.00","300.0","565.0","0.0","ZN 架台","","1","L50x50x6  精錬棟1階原動棟架台　消火配管 1","2026/09/17","ヤマックス　ｽﾎﾟｯﾄ便","2026/09/18","","完成","倉重","2026/09/11","製造"
"Q-mast　空調管グル－プ★","九州工場","九州工場","2026/09/10","2026/09/10","26-J0128821-001-771","ZG0000","0.00","565.0","1,566.0","0.0","ZN 架台","","1","[100x50x5  精錬棟1階原動棟架台　消火配管 2","2026/09/17","ヤマックス　ｽﾎﾟｯﾄ便","2026/09/18","","完成","倉重","2026/09/11","製造"
"Q-mast　空調管グル－プ★","九州工場","九州工場","2026/09/10","2026/09/10","26-J0128821-002-771","ZG0000","0.00","880.0","875.0","0.0","ZN 架台","","1","[100x50x5  精錬棟1階原動棟架台　消火・衛生配管 1","2026/09/17","ヤマックス　ｽﾎﾟｯﾄ便","2026/09/18","","完成","倉重","2026/09/11","製造"
"東芝電材　鹿児島★","九州工場","九州工場","2026/09/10","2026/09/10","26-J0128914-001-771","SE3015SCW","1.50","300.0","300.0","150.0","SUS PB 平 焼付","5Y7/1 近似色","1","ｱｰｽ 内ﾜﾆｽ ｺﾞﾑﾊﾟｯｷﾝ付き","2026/09/17","佐川急便","2026/09/17","","完成","服部","2026/09/11","製造"
"東芝電材　鹿児島★","九州工場","九州工場","2026/09/10","2026/09/10","26-J0128914-002-771","SE2515SCW","1.50","250.0","250.0","150.0","SUS PB 平 焼付","5Y7/1 近似色","1","ｱｰｽ 内ﾜﾆｽ ｺﾞﾑﾊﾟｯｷﾝ付き","2026/09/17","佐川急便","2026/09/17","","完成","服部","2026/09/11","製造"
"かごしま電工　南★","九州工場","九州工場","2026/09/10","2026/09/10","26-J0129091-006-771","BF0000C","1.60","500.0","300.0","300.0","国土 裏BOX 焼付","2.5Y9/1 近似色","1","ｱｰｽ  内ﾜﾆｽ","2026/09/17","福山通運　九州発送","2026/09/17","","完成","岡","2026/09/11","製造"
"かごしま電工　南★","九州工場","九州工場","2026/09/10","2026/09/10","26-J0129091-002-771","SP0000SCW","1.50","400.0","400.0","100.0","SUS PBﾄｸ 平 焼付","2.5Y9/1 近似色","1","張出蓋(430x430)  内ﾜﾆｽ","2026/09/17","福山通運　九州発送","2026/09/17","","完成","服部","2026/09/11","製造"
"かごしま電工　南★","九州工場","九州工場","2026/09/10","2026/09/10","26-J0129091-003-771","BE3030SCW","1.60","300.0","300.0","300.0","国土 PB 平 焼付","2.5Y9/1 近似色","2","ｱｰｽ  内ﾜﾆｽ","2026/09/17","福山通運　九州発送","2026/09/17","","完成","古川","2026/09/11","製造"
"かごしま電工　南★","九州工場","九州工場","2026/09/10","2026/09/10","26-J0129091-001-771","SE0000SCW","1.50","300.0","300.0","100.0","SUS PBﾄｸ 平 焼付","2.5Y9/1 近似色","1","ｱｰｽ 張出蓋(330x330)  内ﾜﾆｽ","2026/09/17","福山通運　九州発送","2026/09/17","","完成","服部","2026/09/11","製造"
"かごしま電工　南★","九州工場","九州工場","2026/09/10","2026/09/10","26-J0129091-004-771","BE3535SCW","1.60","350.0","350.0","350.0","国土 PB 平 焼付","2.5Y9/1 近似色","4","ｱｰｽ  内ﾜﾆｽ","2026/09/17","福山通運　九州発送","2026/09/17","","完成","服部","2026/09/11","製造"
"かごしま電工　南★","九州工場","九州工場","2026/09/10","2026/09/10","26-J0129091-005-771","BF0000C","1.60","300.0","300.0","300.0","国土 裏BOX 焼付","2.5Y9/1 近似色","1","ｱｰｽ  内ﾜﾆｽ","2026/09/17","福山通運　九州発送","2026/09/17","","完成","岡","2026/09/11","製造"
"三親電材　山口★","九州工場","九州工場","2026/09/10","2026/09/10","26-J0129375-001-771","ZP0000W","2.30","450.0","450.0","300.0","ZN PBﾄｸ 被せ","","1","","2026/09/18","福山通運　九州発送","2026/09/18","","組立","金光","2026/09/11","製造"
"シンセイ　岡山★","九州工場","九州工場","2026/08/07","2026/08/07","26-J0105553-001-771","ZCI0000","0.00","250.0","0.0","0.0","ZN ﾁｬﾝﾈﾙ","","20","HDZT70 穴加工ｱﾘ","2026/09/24","福山通運　九州発送","2026/09/24","","切断","バン","2026/09/14","製造"
"東芝電材　唐津★","九州工場","九州工場","2026/09/01","2026/09/01","26-J0121603-006-771","IG0000C","0.00","900.0","765.0","210.0","鉄 架台 焼付","5Y7/1 近似色","1","穴加工 C75x40x5x7 　【10.ガス感知警報盤】","2026/09/17","ヤマックス　ｽﾎﾟｯﾄ便","2026/09/18","","ｷｬﾝｾﾙ","林(秀)","2026/09/14","製造"
"東芝電材　唐津★","九州工場","九州工場","2026/09/01","2026/09/01","26-J0121603-005-771","IG0000C","0.00","1,600.0","920.0","210.0","鉄 架台 焼付","5Y7/1 近似色","1","穴加工 L75x75x6t 　【7.ローリー出荷制御】","2026/09/17","ヤマックス　ｽﾎﾟｯﾄ便","2026/09/18","","完成","古川","2026/09/14","製造"
"東芝電材　唐津★","九州工場","九州工場","2026/09/01","2026/09/01","26-J0121603-004-771","IG0000C","0.00","700.0","367.0","200.0","鉄 架台 焼付","5Y7/1 近似色","2","穴加工 L65x65x6t 　【4.RS盤1】【5.RS盤2】","2026/09/17","ヤマックス　ｽﾎﾟｯﾄ便","2026/09/18","","完成","古川","2026/09/14","製造"
"アサヒ　中部","九州工場","九州工場","2026/09/03","2026/09/03","26-J0123985-001-771","SE0000SC","1.50","150.0","150.0","100.0","SUS PBﾄｸ 平 焼付","02-80H","19","ｱｰｽ ｺﾞﾑP 蓋縞鋼板3.0t 皿ﾋﾞｽ加工","2026/09/17","イトカツ","2026/09/28","2026/09/17","完成","岡","2026/09/14","製造"
"東芝電材　広島★","九州工場","九州工場","2026/09/04","2026/09/04","26-J0124515-001-771","ID0000C","1.60","100.0","150.0","2,990.0","鉄 ﾀﾞｸﾄ 焼付","5Y7/1 近似色","2","ｱｰｽ ｹｰﾌﾞﾙ支持材付","2026/09/17","福山通運　九州発送","2026/09/17","","完成","森田","2026/09/14","製造"
"宮地電機　松山","九州工場","九州工場","2026/09/04","2026/09/04","26-J0124903-001-771","IG0000C","0.00","600.0","250.0","200.0","鉄 架台 焼付","日東5Y7/1(近似色)","2","ｱﾝｸﾞﾙ FB PLt1.6","2026/09/17","福山通運　九州発送","2026/09/17","","完成","岡","2026/09/14","製造"
"宮地電機　松山","九州工場","九州工場","2026/09/04","2026/09/04","26-J0124903-003-771","IG0000C","0.00","500.0","250.0","200.0","鉄 架台 焼付","日東5Y7/1(近似色)","1","ｱﾝｸﾞﾙ FB PLt1.6","2026/09/17","福山通運　九州発送","2026/09/17","","完成","古川","2026/09/14","製造"
"宮地電機　松山","九州工場","九州工場","2026/09/04","2026/09/04","26-J0124903-002-771","IG0000C","0.00","500.0","200.0","300.0","鉄 架台 焼付","日東5Y7/1(近似色)","5","ｱﾝｸﾞﾙ FB PLt1.6","2026/09/17","福山通運　九州発送","2026/09/17","","完成","古川","2026/09/14","製造"
"東芝電材　都城★","九州工場","九州工場","2026/09/08","2026/09/08","26-J0126964-002-771","ID0000C","1.60","650.0","200.0","1,135.0","鉄 ﾀﾞｸﾄ 焼付","2.5Y9/1 近似色","1","平蓋 側面、背面開口 背面取付穴","2026/09/17","佐川急便","2026/09/17","","完成","古川","2026/09/14","製造"
"東芝電材　都城★","九州工場","九州工場","2026/09/08","2026/09/08","26-J0126964-001-771","ID0000C","1.60","1,000.0","200.0","535.0","鉄 ﾀﾞｸﾄ 焼付","2.5Y9/1 近似色","1","平蓋 側面、背面開口 背面取付穴","2026/09/17","佐川急便","2026/09/17","","完成","ナム","2026/09/14","製造"
"八州電気工業　津山★","九州工場","九州工場","2026/09/08","2026/09/08","26-J0127398-001-771","IP0000SC","1.60","200.0","200.0","80.0","鉄 PBﾄｸ 平 焼付","2.5Y9/1(近似色)","10","","2026/09/17","福山通運　九州発送","2026/09/17","","完成","岡","2026/09/14","製造"
"イシグロ　福岡★","九州工場","九州工場","2026/09/08","2026/09/08","26-J0127412-002-771","ZG0000","6.00","600.0","200.0","1,500.0","ZN 架台","","23","SS-L-65x65x6t　PL-6t 　B-021","2026/09/24","店頭渡し","2026/09/25","","溶接","ゴック","2026/09/14","製造"
"日新電機システム","九州工場","九州工場","2026/09/08","2026/09/08","26-J0127539-001-771","SD0000C","2.00","1,100.0","450.0","400.0","SUS ﾀﾞｸﾄ 焼付","5Y7/1","1","蓋のみ1.5t ｺﾞﾑP2分割 取付穴","2026/09/17","イトカツ","2026/09/28","2026/09/17","完成","古川","2026/09/14","製造"
"三共電気　沖縄★","九州工場","九州工場","2026/09/08","2026/09/08","26-J0127550-003-771","ZCPL0000","3.20","800.0","600.0","0.0","ZN 縞鋼板","","1","◆空冷 蓋のみ(1行目)","2026/09/24","イトカツ","2026/09/30","2026/09/25","切断","森山","2026/09/14","製造"
"三共電気　沖縄★","九州工場","九州工場","2026/09/08","2026/09/08","26-J0127550-004-771","ZCPL0000","3.20","700.0","400.0","0.0","ZN 縞鋼板","","1","◆空冷 蓋のみ(3行目)","2026/09/24","イトカツ","2026/09/30","2026/09/25","切断","森山","2026/09/14","製造"
"カンサイ　西★","九州工場","九州工場","2026/09/09","2026/09/09","26-J0127696-001-771","IIP0000C","2.30","220.0","220.0","0.0","鉄 ﾌﾟﾚｰﾄ 焼付","N9.5 近似色","30","4-φ6（塗装用の吊り穴）","2026/09/17","ヤマックス福岡","2026/09/18","","組立","森田","2026/09/14","製造"
"カンサイ　西★","九州工場","九州工場","2026/09/09","2026/09/09","26-J0127696-005-771","IIP0000C","2.30","600.0","600.0","0.0","鉄 ﾌﾟﾚｰﾄ 焼付","N9.5 近似色","15","4-φ6（塗装用の吊り穴）","2026/09/17","ヤマックス福岡","2026/09/18","","組立","森田","2026/09/14","製造"
"カンサイ　西★","九州工場","九州工場","2026/09/09","2026/09/09","26-J0128231-001-771","IIP0000C","2.30","600.0","600.0","0.0","鉄 ﾌﾟﾚｰﾄ 焼付","N9.5 近似色","3","4-φ6（塗装用の吊り穴）","2026/09/17","ヤマックス福岡","2026/09/18","","組立","森田","2026/09/14","製造"
"山電　小倉","九州工場","九州工場","2026/09/10","2026/09/10","26-J0128759-002-771","IDC0000C","1.60","1,200.0","220.0","440.0","鉄 ﾀﾞｸﾄｶﾊﾞｰ 焼付","2.5Y9/1 近似色","1","/420 本体1.6t 平蓋2.3t 3点ﾊﾞﾗ式 φ12x4","2026/09/17","北九州配達","2026/09/18","","組立","岡","2026/09/14","製造"
"山電　小倉","九州工場","九州工場","2026/09/10","2026/09/10","26-J0128759-001-771","IDC0000C","1.60","600.0","150.0","420.0","鉄 ﾀﾞｸﾄｶﾊﾞｰ 焼付","2.5Y9/1 近似色","1","/400 平蓋 3点ﾊﾞﾗ式 φ12x4","2026/09/17","北九州配達","2026/09/18","","組立","岡","2026/09/14","製造"
"中国機材設備　呉★","九州工場","九州工場","2026/09/10","2026/09/10","26-J0129480-004-771","SE4030XC","1.50","400.0","400.0","300.0","SUS PB 水切 焼付","2.5Y9/1 近似色","2","ｱｰｽ","2026/09/17","福山通運　九州発送","2026/09/17","","完成","岡","2026/09/14","製造"
"中国機材設備　呉★","九州工場","九州工場","2026/09/10","2026/09/10","26-J0129480-006-771","SE0000XC","1.50","400.0","400.0","400.0","SUS PBﾄｸ 水切 焼付","2.5Y9/1 近似色","1","ｱｰｽ ｾﾝﾀｰｾﾊﾟﾚｰﾀ","2026/09/17","福山通運　九州発送","2026/09/17","","完成","岡","2026/09/14","製造"
"中国機材設備　呉★","九州工場","九州工場","2026/09/10","2026/09/10","26-J0129480-007-771","BE3030SC","1.60","300.0","300.0","300.0","国土 PB 平 焼付","2.5Y9/1 近似色","1","ｱｰｽ","2026/09/17","福山通運　九州発送","2026/09/17","","完成","岡","2026/09/14","製造"
"さくら電機　鹿屋★","九州工場","九州工場","2026/09/10","2026/09/10","26-J0129580-001-771","ZE5050X2","2.30","500.0","500.0","500.0","ZN PB 水切","","1","ｱｰｽ","2026/09/24","佐川急便","2026/09/24","","溶接","マイン","2026/09/14","製造"
"大成　（沖縄）","九州工場","九州工場","2026/09/10","2026/09/10","26-J0129681-001-771","BD0000C","1.60","465.0","500.0","800.0","国土 ﾀﾞｸﾄ 焼付","5Y7/1","1","平蓋ﾌﾞﾗﾝｸ ｹｰﾌﾞﾙ支持棒x3  穴加工","2026/09/17","イトカツ","2026/09/30","2026/09/17","完成","岡","2026/09/14","製造"
"カンサイ西九州社　長崎本社★","九州工場","九州工場","2026/09/10","2026/09/10","26-J0129728-002-771","ZE1515X2","2.30","150.0","150.0","150.0","ZN PB 水切","","3","ｱｰｽ","2026/09/24","佐川急便","2026/09/24","","溶接","マイン","2026/09/14","製造"
"カンサイ西九州社　長崎本社★","九州工場","九州工場","2026/09/10","2026/09/10","26-J0129728-001-771","ZE4030X2","2.30","400.0","400.0","300.0","ZN PB 水切","","1","ｱｰｽ","2026/09/24","佐川急便","2026/09/24","","溶接","マイン","2026/09/14","製造"
"カンサイ　八幡★","九州工場","九州工場","2026/09/11","2026/09/11","26-J0129875-002-771","BE2525SC","1.60","250.0","250.0","250.0","国土 PB 平 焼付","2.5Y9/1 近似色","8","ｱｰｽ","2026/09/17","北九州配達","2026/09/18","","組立","岡","2026/09/14","製造"
"大洋電材　本社★","九州工場","九州工場","2026/09/11","2026/09/11","26-J0129891-001-771","SE0000XC","1.50","250.0","200.0","150.0","SUS PBﾄｸ 水切 焼付","2.5Y9/1 近似色","6","ｱｰｽ","2026/09/17","北九州配達","2026/09/18","","組立","岡","2026/09/14","製造"
"ムトウ電材　富士見★","九州工場","九州工場","2026/09/11","2026/09/11","26-J0129899-001-771","IKM0000C","1.60","160.0","80.0","50.0","鉄 金物 焼付","N1 艶消し 近似色","1","φ160ﾌﾟﾚｰﾄ 穴加工 M4ﾀｯﾌﾟx4 傾斜付金物溶接","2026/09/17","佐川急便","2026/09/17","","完成","岡","2026/09/14","製造"
"さくら電機　鹿屋★","九州工場","九州工場","2026/09/11","2026/09/11","26-J0129911-001-771","ZE3010X2","2.30","300.0","300.0","100.0","ZN PB 水切","","1","ｱｰｽ","2026/09/24","佐川急便","2026/09/24","","溶接","マイン","2026/09/14","製造"
"東芝電材　鹿児島★","九州工場","九州工場","2026/09/11","2026/09/11","26-J0129941-001-771","SE1515XCW","1.50","150.0","150.0","150.0","SUS PB 水切 焼付","5Y7/1 近似色","1","ｱｰｽ 内ﾜﾆｽ","2026/09/17","佐川急便","2026/09/17","","完成","岡","2026/09/14","製造"
"デンザイ東亜　本社★","九州工場","九州工場","2026/09/11","2026/09/11","26-J0130382-001-771","ZE4040X2","2.30","400.0","400.0","400.0","ZN PB 水切","","3","ｱｰｽ","2026/09/24","佐川急便","2026/09/24","","溶接","フイ","2026/09/14","製造"
"ｹｲ･ｴｽ･ﾃﾞｰ　鹿児島★","九州工場","九州工場","2026/09/11","2026/09/11","26-J0130448-001-771","BE3020SCW","1.60","300.0","300.0","200.0","国土 PB 平 焼付","5Y7/1 近似色","1","ｱｰｽ  内ﾜﾆｽ","2026/09/17","佐川急便","2026/09/17","","完成","古川","2026/09/14","製造"
"ｹｲ･ｴｽ･ﾃﾞｰ　鹿児島★","九州工場","九州工場","2026/09/11","2026/09/11","26-J0130448-002-771","SE3020XCW","1.50","300.0","300.0","200.0","SUS PB 水切 焼付","5Y7/1 近似色","2","ｱｰｽ 内ﾜﾆｽ","2026/09/17","佐川急便","2026/09/17","","完成","岡","2026/09/14","製造"
"啓電社★","九州工場","九州工場","2026/09/11","2026/09/11","26-J0130453-002-771","SP0000WC","1.50","350.0","150.0","150.0","SUS PBﾄｸ 被せ 焼付","N-80 近似色","1","","2026/09/17","佐川急便","2026/09/17","","完成","岡","2026/09/14","製造"
"山電　八幡","九州工場","九州工場","2026/09/11","2026/09/11","26-J0130503-002-771","S02015SC","1.50","150.0","150.0","0.0","SUS ふた 焼付","5Y7/1 近似色","2","平ふた ｺﾞﾑﾊﾟｯｷﾝ付き","2026/09/17","北九州配達","2026/09/18","","組立","岡","2026/09/14","製造"
"かごしま電工　鹿屋★","九州工場","九州工場","2026/09/11","2026/09/11","26-J0130613-001-771","BP3020SC","1.60","300.0","300.0","200.0","国土 PB 平 焼付","2.5Y9/1 近似色","1","ｱｰｽ無","2026/09/17","佐川急便","2026/09/17","","完成","岡","2026/09/14","製造"
"かごしま電工　鹿屋★","九州工場","九州工場","2026/09/11","2026/09/11","26-J0130613-002-771","BE3025SC","1.60","300.0","300.0","250.0","国土 PB 平 焼付","2.5Y9/1 近似色","1","ｱｰｽ","2026/09/17","佐川急便","2026/09/17","","完成","岡","2026/09/14","製造"
"ｹｲ･ｴｽ･ﾃﾞｰ　鹿児島★","九州工場","九州工場","2026/09/11","2026/09/11","26-J0130623-001-771","ZG0000","2.30","248.0","134.0","100.0","ZN 架台","","1","開口x2 φ5x5 φ11x2","2026/09/24","佐川急便","2026/09/24","","溶接","フイ","2026/09/14","製造"
"平和テクノ　行橋★","九州工場","九州工場","2026/09/14","2026/09/14","26-J0131395-001-771","88801","1.50","200.0","200.0","100.0","その他・製","2.5Y9/1 近似色","1","SUS　被せ　支給品塗装","2026/09/17","店頭渡し","2026/09/17","","完成","岡","2026/09/14","製造"
"","九州工場","九州工場","","2026/08/31","26-R0002515-001-771","SE3030XC2","1.50","300.0","300.0","300.0","SUS PB 水切 焼付","2.5Y9/1","4","***沖縄ｱｰｽ 2.5Y9/1　＊7772用","2026/09/17","自社便","","2026/09/18","塗装","ナム","2026/09/14","製造"
"","九州工場","九州工場","","2026/09/04","26-R0002597-001-771","BE1510SC2","1.60","150.0","150.0","100.0","国土 PB 平 焼付","2.5Y9/1","10","***沖縄ｱｰｽ 2.5Y9/1","2026/09/17","自社便","","2026/09/18","塗装","ナム","2026/09/14","製造"
"","九州工場","九州工場","","2026/09/04","26-R0002598-001-771","BE1515SC2","1.60","150.0","150.0","150.0","国土 PB 平 焼付","2.5Y9/1","12","***沖縄ｱｰｽ 2.5Y9/1","2026/09/17","自社便","","2026/09/18","塗装","ナム","2026/09/14","製造"
"","九州工場","九州工場","","2026/09/04","26-R0002599-001-771","BE3020SC2","1.60","300.0","300.0","200.0","国土 PB 平 焼付","2.5Y9/1","6","***沖縄ｱｰｽ 2.5Y9/1","2026/09/17","自社便","","2026/09/18","塗装","ナム","2026/09/14","製造"
"","九州工場","九州工場","","2026/09/04","26-R0002600-001-771","SE2525XC2","1.50","250.0","250.0","250.0","SUS PB 水切 焼付","2.5Y9/1","4","***沖縄ｱｰｽ 2.5Y9/1","2026/09/17","イトカツ","","2026/09/17","完成","岡","2026/09/14","製造"
"日本テクロ　広島★","九州工場","九州工場","2026/08/20","2026/08/20","26-J0111924-001-771","ZE0000WA","2.30","250.0","250.0","150.0","ZN PBﾄｸ 被せ","","1","ｱｰｽ 足付","2026/10/22","佐川急便","2026/10/22","","溶接","マイン","2026/09/15","製造"
"光電商会","九州工場","九州工場","2026/09/01","2026/09/01","26-J0120699-001-771","SE4020XC","1.50","400.0","400.0","200.0","SUS PB 水切 焼付","2.5Y9/1","2","ｱｰｽ","2026/09/18","イトカツ","2026/10/01","2026/09/18","塗装","山口","2026/09/15","製造"
"光電商会","九州工場","九州工場","2026/09/01","2026/09/01","26-J0120699-002-771","SE0000XC","1.50","600.0","300.0","200.0","SUS PBﾄｸ 水切 焼付","2.5Y9/1","1","ｱｰｽ","2026/09/18","イトカツ","2026/10/01","2026/09/18","塗装","山口","2026/09/15","製造"
"興陽電機　中津★","九州工場","九州工場","2026/09/02","2026/09/02","26-J0121759-002-771","IIP0000C","2.30","360.0","285.0","0.0","鉄 ﾌﾟﾚｰﾄ 焼付","5Y7/1 近似色","1","開口268x159 8-φ7","2026/09/18","福山通運　九州発送","2026/09/18","","塗装","柴﨑","2026/09/15","製造"
"興陽電機　中津★","九州工場","九州工場","2026/09/02","2026/09/02","26-J0121759-001-771","IIP0000C","2.30","360.0","240.0","0.0","鉄 ﾌﾟﾚｰﾄ 焼付","5Y7/1 近似色","4","開口268x159 8-φ7","2026/09/18","福山通運　九州発送","2026/09/18","","塗装","柴﨑","2026/09/15","製造"
"アサヒ電機","九州工場","九州工場","2026/09/03","2026/09/03","26-J0123502-001-771","SD0000C","2.00","1,500.0","600.0","2,450.0","SUS ﾀﾞｸﾄ 焼付","2.5Y9/1","1","被せ蓋６ 本体３分割 ｱｰｽ 支持棒 開口","2026/09/18","沖縄直送","2026/09/18","","塗装","ナム","2026/09/15","製造"
"岡本電機　福山★","九州工場","九州工場","2026/09/08","2026/09/08","26-J0126823-003-771","BE2520SC","1.60","250.0","250.0","200.0","国土 PB 平 焼付","2.5Y9/1 近似色","8","ｱｰｽ","2026/09/18","福山通運　九州発送","2026/09/25","","完成","岡","2026/09/15","製造"
"岡本電機　福山★","九州工場","九州工場","2026/09/08","2026/09/08","26-J0126823-002-771","BE2515SC","1.60","250.0","250.0","150.0","国土 PB 平 焼付","2.5Y9/1 近似色","3","ｱｰｽ","2026/09/18","福山通運　九州発送","2026/09/25","","完成","岡","2026/09/15","製造"
"日本テクロ　広島★","九州工場","九州工場","2026/09/08","2026/09/08","26-J0127335-001-771","ZG0000","0.00","900.0","450.0","150.0","ZN 架台","","2","HDZT-77  SS400-[150x75x6.5x10","2026/09/28","福山通運　九州発送","2026/09/28","","溶接","クイ","2026/09/15","製造"
"平岡電気　福岡南★","九州工場","九州工場","2026/09/08","2026/09/08","26-J0127528-001-771","IC0000C","1.60","885.0","200.0","15.0","鉄 ｶﾊﾞｰ 焼付","2.5Y9/1 近似色","1","穴加工","2026/09/18","ヤマックス福岡","2026/09/24","","塗装","山口","2026/09/15","製造"
"イシグロ　福岡★","九州工場","九州工場","2026/09/09","2026/09/09","26-J0128103-001-771","ZG0000","6.00","575.0","65.0","1,500.0","ZN 架台","","18","SS-L-65x65x6t　PL-6t　　B-001","2026/10/02","店頭渡し","2026/10/05","","溶接","ゴック","2026/09/15","製造"
"東芝電材　松江★","九州工場","九州工場","2026/09/09","2026/09/09","26-J0128532-001-771","ZE0000XA","2.30","300.0","300.0","300.0","ZN PBﾄｸ 水切","","2","HDZT56 ｱｰｽ 足付L3x40Φ12(位置指定)ｶｯﾌﾟﾘﾝｸﾞ･穴有","2026/09/28","福山通運　九州発送","2026/09/28","","溶接","フイ","2026/09/15","製造"
"東芝電材　松江★","九州工場","九州工場","2026/09/09","2026/09/09","26-J0128532-002-771","ZE0000XA","3.20","1,056.0","240.0","300.0","ZN PBﾄｸ 水切","","1","HDZT56 ｱｰｽ 足付L3x40Φ12(位置指定)2面蓋･ｶｯﾌﾟﾘﾝｸﾞ","2026/09/28","福山通運　九州発送","2026/09/28","","溶接","カイ","2026/09/15","製造"
"エーテック","九州工場","九州工場","2026/09/10","2026/09/10","26-J0128862-001-771","SE0000SC","2.00","1,200.0","800.0","800.0","SUS PBﾄｸ 平 焼付","2.5Y9/1","1","ｱｰｽ 平蓋ｺﾞﾑP 蓋2分割 開口 取付穴","2026/09/18","沖縄直送","2026/09/18","","塗装","ナム","2026/09/15","製造"
"光電気産業","九州工場","九州工場","2026/09/10","2026/09/10","26-J0129716-001-771","IDC0000C","1.60","70.0","40.0","200.0","鉄 ﾀﾞｸﾄｶﾊﾞｰ 焼付","19-70B 3分ﾂﾔ","14","平蓋 取付穴4-φ5","2026/09/18","イトカツ","2026/09/30","2026/09/18","塗装","樫原","2026/09/15","製造"
"三和電気商会★","九州工場","九州工場","2026/09/10","2026/09/10","26-J0129802-002-771","IDC0000C","1.60","150.0","100.0","250.0","鉄 ﾀﾞｸﾄｶﾊﾞｰ 焼付","N9.5全ﾂﾔ(近似色)","4","/88/150 化粧ﾋﾞｽ付","2026/09/17","福山通運　九州発送","2026/09/17","","完成","岡","2026/09/15","製造"
"三和電気商会★","九州工場","九州工場","2026/09/10","2026/09/10","26-J0129802-001-771","IDC0000C","1.60","400.0","100.0","250.0","鉄 ﾀﾞｸﾄｶﾊﾞｰ 焼付","N9.5全ﾂﾔ(近似色)","1","/88/150 化粧ﾋﾞｽ付","2026/09/17","福山通運　九州発送","2026/09/17","","完成","岡","2026/09/15","製造"
"三和電気商会　加古川★","九州工場","九州工場","2026/09/10","2026/09/10","26-J0129834-001-771","DE0000SNP","2.30","1,000.0","600.0","500.0","Sﾀﾞｲﾏ PBﾄｸ 平","","4","ｱｰｽ ｺﾞﾑﾊﾟｯｷﾝ付","2026/09/17","福山通運　九州発送","2026/09/17","","完成","森田","2026/09/15","製造"
"イシグロ　福岡★","九州工場","九州工場","2026/09/11","2026/09/11","26-J0129976-001-771","ZG0000","6.00","1,635.0","600.0","1,600.0","ZN 架台","","1","SS-L-50x50x6t　PL-6t　BS1-1","2026/09/25","福山通運　九州発送","2026/09/25","","溶接","ゴック","2026/09/15","製造"
"イシグロ　福岡★","九州工場","九州工場","2026/09/11","2026/09/11","26-J0129976-003-771","ZG0000","6.00","242.0","200.0","800.0","ZN 架台","","1","SS-L-50x50x6t　PL-6t　BS2-2","2026/09/25","福山通運　九州発送","2026/09/25","","溶接","クイ","2026/09/15","製造"
"イシグロ　福岡★","九州工場","九州工場","2026/09/11","2026/09/11","26-J0129976-002-771","ZG0000","6.00","1,650.0","150.0","800.0","ZN 架台","","1","SS-L-50x50x6t　PL-6t　BS2-1","2026/09/25","福山通運　九州発送","2026/09/25","","溶接","クイ","2026/09/15","製造"
"Q-mast　空調管グル－プ★","九州工場","九州工場","2026/09/11","2026/09/11","26-J0130004-001-771","ZG0000","0.00","3,783.0","3,254.0","3,310.0","ZN 架台","","1","原動消火ﾎﾟﾝﾌﾟ架台","2026/09/24","ヤマックス　ｽﾎﾟｯﾄ便","2026/09/24","","溶接","クイ","2026/09/15","製造"
"東芝電材　小倉★","九州工場","九州工場","2026/09/11","2026/09/11","26-J0130215-001-771","ZG0000","0.00","1,400.0","315.0","200.0","ZN 架台","","1","L40x40x5t","2026/09/24","営業配達","2026/09/25","","溶接","ゴック","2026/09/15","製造"
"中西電機　松山★","九州工場","九州工場","2026/09/11","2026/09/11","26-J0130256-001-771","ZE0000X","3.20","250.0","250.0","150.0","ZN PBﾄｸ 水切","","1","HDZT63 ｱｰｽ","2026/09/25","福山通運　九州発送","2026/09/25","","溶接","マイン","2026/09/15","製造"
"シンセイ　呉★","九州工場","九州工場","2026/09/11","2026/09/11","26-J0130437-001-771","ZE6040W3","3.20","600.0","600.0","400.0","ZN PB 被せ","","1","ｱｰｽ","2026/09/25","福山通運　九州発送","2026/09/25","","溶接","マイン","2026/09/15","製造"
"シンセイ　呉★","九州工場","九州工場","2026/09/11","2026/09/11","26-J0130437-002-771","ZE6050W3","3.20","600.0","600.0","500.0","ZN PB 被せ","","1","ｱｰｽ","2026/09/25","福山通運　九州発送","2026/09/25","","溶接","マイン","2026/09/15","製造"
"シンセイ　呉★","九州工場","九州工場","2026/09/11","2026/09/11","26-J0130437-003-771","ZE0000S","3.20","550.0","500.0","500.0","ZN PBﾄｸ 平","","1","ｱｰｽ  ﾊﾟｯｷﾝ付","2026/09/25","福山通運　九州発送","2026/09/25","","溶接","マイン","2026/09/15","製造"
"ナミデン　山口★","九州工場","九州工場","2026/09/11","2026/09/11","26-J0130724-001-771","ID0000C","1.60","400.0","300.0","2,480.0","鉄 ﾀﾞｸﾄ 焼付","2.5Y9/1 近似色","2","平蓋・本体3分割　ケーブル支持","2026/09/17","福山通運　九州発送","2026/09/17","","完成","古川","2026/09/15","製造"
"正和電材　佐世保★","九州工場","九州工場","2026/09/11","2026/09/11","26-J0130802-001-771","ZE6040X3","3.20","600.0","600.0","400.0","ZN PB 水切","","1","ｱｰｽ","2026/09/25","佐川急便","2026/09/25","","溶接","マイン","2026/09/15","製造"
"アサヒ　中部","九州工場","九州工場","2026/09/14","2026/09/14","26-J0130989-003-771","BE0000SC","1.60","600.0","600.0","200.0","国土 PBﾄｸ 平 焼付","2.5Y9/1","1","ｱｰｽ","2026/09/18","イトカツ","2026/09/28","2026/09/18","ｷｬﾝｾﾙ","林(秀)","2026/09/15","製造"
"アサヒ　中部","九州工場","九州工場","2026/09/14","2026/09/14","26-J0130989-001-771","BE0000SC","2.30","700.0","700.0","200.0","国土 PBﾄｸ 平 焼付","2.5Y9/1","1","ｱｰｽ","2026/09/18","イトカツ","2026/09/28","2026/09/18","ｷｬﾝｾﾙ","林(秀)","2026/09/15","製造"
"アサヒ　中部","九州工場","九州工場","2026/09/14","2026/09/14","26-J0130989-002-771","BE2520SC","1.60","250.0","250.0","200.0","国土 PB 平 焼付","2.5Y9/1","1","ｱｰｽ","2026/09/18","イトカツ","2026/09/28","2026/09/18","ｷｬﾝｾﾙ","林(秀)","2026/09/15","製造"
"三共電気　本社★","九州工場","九州工場","2026/09/14","2026/09/14","26-J0131156-002-771","SE3030XC","1.50","300.0","300.0","300.0","SUS PB 水切 焼付","2.5Y9/1 近似色","1","ｱｰｽ","2026/09/18","店頭渡し","2026/09/18","","塗装","柴﨑","2026/09/15","製造"
"三共電気　本社★","九州工場","九州工場","2026/09/14","2026/09/14","26-J0131156-001-771","SE4030XC","1.50","400.0","400.0","300.0","SUS PB 水切 焼付","2.5Y9/1 近似色","4","ｱｰｽ","2026/09/18","店頭渡し","2026/09/18","","塗装","山口","2026/09/15","製造"
"早川電機商会★","九州工場","九州工場","2026/09/14","2026/09/14","26-J0131209-001-771","BE0000SC","1.60","350.0","300.0","200.0","国土 PBﾄｸ 平 焼付","5Y7/1 近似色","1","ｱｰｽ","2026/09/18","佐川急便","2026/09/18","","塗装","柴﨑","2026/09/15","製造"
"東芝電材　鹿児島★","九州工場","九州工場","2026/09/14","2026/09/14","26-J0131234-001-771","SE5040XCW","1.50","500.0","500.0","400.0","SUS PB 水切 焼付","5Y7/1 近似色","3","ｱｰｽ 内ﾜﾆｽ","2026/09/24","佐川急便","2026/09/24","","塗装","柴﨑","2026/09/15","製造"
"三親電材　東広島★","九州工場","九州工場","2026/09/14","2026/09/14","26-J0131261-001-771","BIP0000C","1.60","340.0","170.0","0.0","処理鋼板 ﾌﾟﾚｰﾄ 焼付","5Y7/1 近似色","4","φ6x6","2026/09/17","福山通運　九州発送","2026/09/17","","完成","岡","2026/09/15","製造"
"光電商会","九州工場","九州工場","2026/09/14","2026/09/14","26-J0131378-001-771","IE5040SC","1.60","500.0","500.0","400.0","鉄 PB 平 焼付","2.5Y9/1","1","ｱｰｽ","2026/09/18","イトカツ","2026/09/29","2026/09/18","塗装","山口","2026/09/15","製造"
"三星商会　岡山★","九州工場","九州工場","2026/09/14","2026/09/14","26-J0131547-001-771","I02010SC","1.60","100.0","100.0","0.0","鉄 ふた 焼付","2.5Y9/1(近似色)","1","平ふた","2026/09/18","福山通運　九州発送","2026/09/18","","塗装","柴﨑","2026/09/15","製造"
"東芝電材　鹿児島★","九州工場","九州工場","2026/09/14","2026/09/14","26-J0131585-001-771","SP4030XC","1.50","400.0","400.0","300.0","SUS PB 水切 焼付","5Y7/1 近似色","1","座無しｼｰﾙ付","2026/09/18","佐川急便","2026/09/18","","塗装","柴﨑","2026/09/15","製造"
"ｹｲ･ｴｽ･ﾃﾞｰ　鹿児島★","九州工場","九州工場","2026/09/14","2026/09/14","26-J0131706-001-771","SE3030XCW","1.50","300.0","300.0","300.0","SUS PB 水切 焼付","5Y7/1 近似色","1","ｱｰｽ 内ﾜﾆｽ","2026/09/24","佐川急便","2026/09/24","","塗装","柴﨑","2026/09/15","製造"
"ｹｲ･ｴｽ･ﾃﾞｰ　鹿児島★","九州工場","九州工場","2026/09/14","2026/09/14","26-J0131706-004-771","BE3030SCW","1.60","300.0","300.0","300.0","国土 PB 平 焼付","2.5Y9/1 近似色","1","ｱｰｽ  内ﾜﾆｽ","2026/09/24","佐川急便","2026/09/24","","塗装","三澄","2026/09/15","製造"
"ｹｲ･ｴｽ･ﾃﾞｰ　鹿児島★","九州工場","九州工場","2026/09/14","2026/09/14","26-J0131706-003-771","SE1510XCW","1.50","150.0","150.0","100.0","SUS PB 水切 焼付","5Y7/1 近似色","1","ｱｰｽ 内ﾜﾆｽ","2026/09/24","佐川急便","2026/09/24","","塗装","柴﨑","2026/09/15","製造"
"ｹｲ･ｴｽ･ﾃﾞｰ　鹿児島★","九州工場","九州工場","2026/09/14","2026/09/14","26-J0131706-002-771","SE1515XCW","1.50","150.0","150.0","150.0","SUS PB 水切 焼付","5Y7/1 近似色","1","ｱｰｽ 内ﾜﾆｽ","2026/09/24","佐川急便","2026/09/24","","塗装","柴﨑","2026/09/15","製造"
"山陰ﾊﾟﾅｿﾆｯｸ　出雲★","九州工場","九州工場","2026/09/14","2026/09/14","26-J0131753-001-771","BIP0000C","1.60","240.0","145.0","0.0","処理鋼板 ﾌﾟﾚｰﾄ 焼付","N9.5(近似色)","1","開口･穴加工ｱﾘ","2026/09/17","福山通運　九州発送","2026/09/17","","完成","岡","2026/09/15","製造"
"","九州工場","九州工場","","2026/09/04","26-R0002601-001-771","BE1515SC2","1.60","150.0","150.0","150.0","国土 PB 平 焼付","2.5Y9/1","12","***沖縄ｱｰｽ 2.5Y9/1","2026/09/18","自社便","","2026/09/24","塗装","柴﨑","2026/09/15","製造"
"","九州工場","九州工場","","2026/09/04","26-R0002602-001-771","BE3015SC2","1.60","300.0","300.0","150.0","国土 PB 平 焼付","2.5Y9/1","6","***沖縄ｱｰｽ 2.5Y9/1","2026/09/18","自社便","","2026/09/24","塗装","柴﨑","2026/09/15","製造"
"","九州工場","九州工場","","2026/09/04","26-R0002603-001-771","SE2515XC2","1.50","250.0","250.0","150.0","SUS PB 水切 焼付","2.5Y9/1","8","***沖縄ｱｰｽ 2.5Y9/1","2026/09/18","イトカツ","","2026/09/18","塗装","山口","2026/09/15","製造"
"","九州工場","九州工場","","2026/09/04","26-R0002604-001-771","SE2520XC2","1.50","250.0","250.0","200.0","SUS PB 水切 焼付","2.5Y9/1","8","***沖縄ｱｰｽ 2.5Y9/1","2026/09/18","イトカツ","","2026/09/18","塗装","山口","2026/09/15","製造"
"","九州工場","九州工場","","2026/09/04","26-R0002605-001-771","SE3010XC2","1.50","300.0","300.0","100.0","SUS PB 水切 焼付","2.5Y9/1","4","***沖縄ｱｰｽ 2.5Y9/1","2026/09/18","イトカツ","","2026/09/18","塗装","柴﨑","2026/09/15","製造"
"三興マテリアルサプライ　大阪★","九州工場","九州工場","2026/05/12","2026/05/12","26-J0036706-001-771","ZP0000W","3.20","1,000.0","300.0","200.0","ZN PBﾄｸ 被せ","","1","◆","2026/09/29","福山通運　九州発送","2026/09/29","","溶接","フイ","2026/09/16","製造"
"平岡電気　久留米★","九州工場","九州工場","2026/08/25","2026/08/25","26-J0114728-002-771","ZG0000","0.00","450.0","300.0","0.0","ZN 架台","","2","HDZT-63  L-50X50X4t　ダクト支持架台　左用","2026/09/29","福山通運　九州発送","2026/09/30","","溶接","ズオン","2026/09/16","製造"
"平岡電気　久留米★","九州工場","九州工場","2026/08/25","2026/08/25","26-J0114728-003-771","ZG0000","0.00","450.0","300.0","0.0","ZN 架台","","2","HDZT-63  L-50X50X4t　ダクト支持架台　右用","2026/09/29","福山通運　九州発送","2026/09/30","","溶接","ズオン","2026/09/16","製造"
"三親電材　広島★","九州工場","九州工場","2026/09/04","2026/09/04","26-J0124083-014-771","IKW0000G","1.60","700.0","250.0","170.0","鉄 貫通枠","","2","さび止め SS-C-5x50x100溶接","2026/09/17","福山通運　九州発送","2026/09/17","","完成","服部","2026/09/16","製造"
"三親電材　広島★","九州工場","九州工場","2026/09/04","2026/09/04","26-J0124083-013-771","IKW0000G","1.60","1,250.0","300.0","170.0","鉄 貫通枠","","2","さび止め SS-C-5x50x100溶接","2026/09/17","福山通運　九州発送","2026/09/17","","完成","倉重","2026/09/16","製造"
"岡本電機　福山★","九州工場","九州工場","2026/09/08","2026/09/08","26-J0126863-001-771","BE2520SC","1.60","250.0","250.0","200.0","国土 PB 平 焼付","2.5Y9/1 近似色","10","ｱｰｽ","2026/09/24","福山通運　九州発送","2026/09/25","","完成","岡","2026/09/16","製造"
"イシグロ　福岡★","九州工場","九州工場","2026/09/09","2026/09/09","26-J0128103-002-771","ZG0000","6.00","735.0","65.0","1,500.0","ZN 架台","","18","SS-L-65x65x6t　PL-6t 　 B-002","2026/10/02","店頭渡し","2026/10/05","","溶接","ゴック","2026/09/16","製造"
"ナミデン　広島★","九州工場","九州工場","2026/09/10","2026/09/10","26-J0128741-001-771","IG0000G","0.00","1,270.0","2,100.0","0.0","鉄 架台","","1","さび止め L50x50x6t ベース6ｔ","2026/09/17","福山通運　九州発送","2026/09/17","","完成","森田","2026/09/16","製造"
"宮地電機　松山","九州工場","九州工場","2026/09/10","2026/09/10","26-J0129141-002-771","ZE3020W2","2.30","300.0","300.0","200.0","ZN PB 被せ","","1","ｱｰｽ","2026/09/28","福山通運　九州発送","2026/09/28","","曲げ","志田","2026/09/16","製造"
"宮地電機　松山","九州工場","九州工場","2026/09/10","2026/09/10","26-J0129141-001-771","ZE1510W2","2.30","150.0","150.0","100.0","ZN PB 被せ","","7","ｱｰｽ","2026/09/28","福山通運　九州発送","2026/09/28","","溶接","フイ","2026/09/16","製造"
"カンサイHD　電設★","九州工場","九州工場","2026/09/10","2026/09/10","26-J0129415-009-771","ZG0000","0.00","400.0","1,200.0","0.0","ZN 架台","","1","HDZT-63  L-50X50X4t　RP-4　右用","2026/09/28","ヤマックス　ｽﾎﾟｯﾄ便","2026/09/30","","溶接","ズオン","2026/09/16","製造"
"カンサイHD　電設★","九州工場","九州工場","2026/09/10","2026/09/10","26-J0129415-002-771","ZG0000","0.00","400.0","1,200.0","0.0","ZN 架台","","1","HDZT-63  L-50X50X4t　RP-1　左用","2026/09/28","ヤマックス　ｽﾎﾟｯﾄ便","2026/09/30","","溶接","クイ","2026/09/16","製造"
"カンサイHD　電設★","九州工場","九州工場","2026/09/10","2026/09/10","26-J0129415-006-771","ZG0000","0.00","400.0","1,200.0","0.0","ZN 架台","","1","HDZT-63  L-50X50X4t　RP-3　左用","2026/09/28","ヤマックス　ｽﾎﾟｯﾄ便","2026/09/30","","溶接","ズオン","2026/09/16","製造"
"カンサイHD　電設★","九州工場","九州工場","2026/09/10","2026/09/10","26-J0129415-005-771","ZG0000","0.00","400.0","1,200.0","0.0","ZN 架台","","1","HDZT-63  L-50X50X4t　RP-2　右用","2026/09/28","ヤマックス　ｽﾎﾟｯﾄ便","2026/09/30","","溶接","ズオン","2026/09/16","製造"
"カンサイHD　電設★","九州工場","九州工場","2026/09/10","2026/09/10","26-J0129415-008-771","ZG0000","0.00","400.0","1,200.0","0.0","ZN 架台","","1","HDZT-63  L-50X50X4t　RP-4　左用","2026/09/28","ヤマックス　ｽﾎﾟｯﾄ便","2026/09/30","","溶接","ズオン","2026/09/16","製造"
"カンサイHD　電設★","九州工場","九州工場","2026/09/10","2026/09/10","26-J0129415-004-771","ZG0000","0.00","400.0","1,200.0","0.0","ZN 架台","","1","HDZT-63  L-50X50X4t　RP-2　左用","2026/09/28","ヤマックス　ｽﾎﾟｯﾄ便","2026/09/30","","溶接","ズオン","2026/09/16","製造"
"カンサイHD　電設★","九州工場","九州工場","2026/09/10","2026/09/10","26-J0129415-003-771","ZG0000","0.00","400.0","1,200.0","0.0","ZN 架台","","1","HDZT-63  L-50X50X4t　RP-1　右用","2026/09/28","ヤマックス　ｽﾎﾟｯﾄ便","2026/09/30","","溶接","クイ","2026/09/16","製造"
"カンサイHD　電設★","九州工場","九州工場","2026/09/10","2026/09/10","26-J0129415-007-771","ZG0000","0.00","400.0","1,200.0","0.0","ZN 架台","","1","HDZT-63  L-50X50X4t　RP-3　右用","2026/09/28","ヤマックス　ｽﾎﾟｯﾄ便","2026/09/30","","溶接","ズオン","2026/09/16","製造"
"三親電材　水島★","九州工場","九州工場","2026/09/11","2026/09/11","26-J0130275-004-771","IIP0000C","1.60","310.0","290.0","0.0","鉄 ﾌﾟﾚｰﾄ 焼付","7.5BG6/1.5(近似色)","1","R3x4 穴加工ｱﾘ","2026/09/18","福山通運　九州発送","2026/09/18","","塗装","樫原","2026/09/16","製造"
"三親電材　水島★","九州工場","九州工場","2026/09/11","2026/09/11","26-J0130275-003-771","IIP0000C","1.60","204.0","164.0","0.0","鉄 ﾌﾟﾚｰﾄ 焼付","7.5BG6/1.5(近似色)","1","ｽﾀｯﾄﾎﾞﾙﾄ付･開口ｱﾘ","2026/09/18","福山通運　九州発送","2026/09/18","","塗装","樫原","2026/09/16","製造"
"三親電材　水島★","九州工場","九州工場","2026/09/11","2026/09/11","26-J0130275-001-771","IIP0000C","1.60","620.0","430.0","0.0","鉄 ﾌﾟﾚｰﾄ 焼付","7.5BG6/1.5(近似色)","1","R3x4 開口･穴加工ｱﾘ","2026/09/18","福山通運　九州発送","2026/09/18","","塗装","樫原","2026/09/16","製造"
"三親電材　水島★","九州工場","九州工場","2026/09/11","2026/09/11","26-J0130275-002-771","IC0000C","1.60","450.0","400.0","15.0","鉄 ｶﾊﾞｰ 焼付","7.5BG6/1.5(近似色)","1","","2026/09/18","福山通運　九州発送","2026/09/18","","塗装","樫原","2026/09/16","製造"
"宮地電機　徳島","九州工場","九州工場","2026/09/11","2026/09/11","26-J0130413-001-771","IG0000C","0.00","500.0","250.0","1,000.0","鉄 架台 焼付","2.5Y9/1(近似色)","1","ｱﾝｸﾞﾙ","2026/09/24","福山通運　九州発送","2026/09/24","","塗装","柴﨑","2026/09/16","製造"
"宮地電機　徳島","九州工場","九州工場","2026/09/11","2026/09/11","26-J0130413-002-771","IAI0000C","0.00","100.0","0.0","0.0","鉄 ｱﾝｸﾞﾙ 焼付","2.5Y9/1(近似色)","4","穴加工ｱﾘ","2026/09/24","福山通運　九州発送","2026/09/24","","塗装","山口","2026/09/16","製造"
"シンセイ　呉★","九州工場","九州工場","2026/09/11","2026/09/11","26-J0130441-001-771","ZE0000W","3.20","600.0","500.0","400.0","ZN PBﾄｸ 被せ","","3","ｱｰｽ","2026/09/28","福山通運　九州発送","2026/09/28","","溶接","フイ","2026/09/16","製造"
"平岡電気　久留米★","九州工場","九州工場","2026/09/11","2026/09/11","26-J0130524-001-771","SD0000C","1.50","500.0","248.0","1,210.0","SUS ﾀﾞｸﾄ 焼付","5Y7/1 近似色","1","平蓋パッキン付","2026/09/24","佐川急便","2026/09/24","","塗装","柴﨑","2026/09/16","製造"
"ムトウ電材　富士見★","九州工場","九州工場","2026/09/11","2026/09/11","26-J0130730-001-771","ZE0000X","2.30","200.0","200.0","100.0","ZN PBﾄｸ 水切","","1","ｱｰｽ　端子台ﾍﾞｰｽ溶接","2026/09/28","佐川急便","2026/09/28","","溶接","フイ","2026/09/16","製造"
"カンサイ　西★","九州工場","九州工場","2026/09/11","2026/09/11","26-J0130761-002-771","ZG0000","0.00","500.0","400.0","0.0","ZN 架台","","1","L-50X50X6t　右用","2026/09/28","ヤマックス福岡","2026/09/29","","ｷｬﾝｾﾙ","ルアン","2026/09/16","製造"
"カンサイ　西★","九州工場","九州工場","2026/09/11","2026/09/11","26-J0130761-001-771","ZG0000","0.00","500.0","400.0","0.0","ZN 架台","","1","L-50X50X6t　左用","2026/09/28","ヤマックス福岡","2026/09/29","","ｷｬﾝｾﾙ","ルアン","2026/09/16","製造"
"Q-mast　電気グル－プ★","九州工場","九州工場","2026/09/11","2026/09/11","26-J0130768-010-771","ZG0000","0.00","100.0","50.0","1,810.0","ZN 架台","","1","穴加工　C100x50x5x7.5　4F用","2026/09/30","ヤマックス　ｽﾎﾟｯﾄ便","2026/10/01","","切断","田中","2026/09/16","製造"
"Q-mast　電気グル－プ★","九州工場","九州工場","2026/09/11","2026/09/11","26-J0130768-005-771","ZG0000","0.00","100.0","50.0","1,810.0","ZN 架台","","1","穴加工　C100x50x5x7.5　　2F用","2026/09/30","ヤマックス　ｽﾎﾟｯﾄ便","2026/10/01","","切断","田中","2026/09/16","製造"
"Q-mast　電気グル－プ★","九州工場","九州工場","2026/09/11","2026/09/11","26-J0130768-004-771","ZG0000","0.00","1,025.0","1,480.0","500.0","ZN 架台","","1","穴加工　C100x50x5x7.5 　2F用","2026/09/30","ヤマックス　ｽﾎﾟｯﾄ便","2026/10/01","","溶接","横澤","2026/09/16","製造"
"Q-mast　電気グル－プ★","九州工場","九州工場","2026/09/11","2026/09/11","26-J0130768-009-771","ZG0000","0.00","960.0","1,340.0","500.0","ZN 架台","","1","穴加工　C100x50x5x7.5　4F用","2026/09/30","ヤマックス　ｽﾎﾟｯﾄ便","2026/10/01","","溶接","横澤","2026/09/16","製造"
"Q-mast　電気グル－プ★","九州工場","九州工場","2026/09/11","2026/09/11","26-J0130768-014-771","ZG0000","0.00","960.0","1,340.0","500.0","ZN 架台","","1","穴加工　C100x50x5x7.5 6F用","2026/09/30","ヤマックス　ｽﾎﾟｯﾄ便","2026/10/01","","溶接","石松","2026/09/16","製造"
"ハッピー電気　人吉★","九州工場","九州工場","2026/09/11","2026/09/11","26-J0130833-001-771","ZP0000W","2.30","500.0","140.0","60.0","ZN PBﾄｸ 被せ","","1","ｱｰｽ 蓋横ﾋﾞｽ止め ﾊﾟｯｷﾝなし 開口70x30 ﾀｯﾌﾟ加工","2026/09/28","佐川急便","2026/09/28","","溶接","フイ","2026/09/16","製造"
"日新電機システム","九州工場","九州工場","2026/09/11","2026/09/11","26-J0130973-002-771","IMK0000C","3.00","350.0","50.0","30.0","鉄 曲金物 焼付","色見本(2.5Y9/1)","10","FB3tx30w 取付穴2-φ6 2-M4ﾀｯﾌﾟ","2026/09/24","イトカツ","2026/10/01","2026/09/24","塗装","山口","2026/09/16","製造"
"日新電機システム","九州工場","九州工場","2026/09/11","2026/09/11","26-J0130973-001-771","IMK0000C","3.00","350.0","30.0","30.0","鉄 曲金物 焼付","色見本(2.5Y9/1)","10","FB3tx30w 取付穴2-φ6 2-M4ﾀｯﾌﾟ","2026/09/24","イトカツ","2026/10/01","2026/09/24","塗装","山口","2026/09/16","製造"
"デンザイ東亜　本社★","九州工場","九州工場","2026/09/14","2026/09/14","26-J0131624-002-771","BKM0000G","2.30","80.0","50.0","55.0","処理鋼板 金物","","20","ｺ形 穴加工 さび止め","2026/09/17","佐川急便","2026/09/17","","完成","服部","2026/09/16","製造"
"アサヒ　中部","九州工場","九州工場","2026/09/14","2026/09/14","26-J0131850-001-771","ZX0000","3.20","1,000.0","350.0","50.0","ZN その他","","1","□50x50 壁面側PL6t 取付穴4-φ12","2026/09/25","イトカツ","2026/09/30","2026/09/25","溶接","クイ","2026/09/16","製造"
"四国ミツヤマ電気★","九州工場","九州工場","2026/09/14","2026/09/14","26-J0131917-001-771","BE0000SC","2.30","850.0","300.0","175.0","国土 PBﾄｸ 平 焼付","N9.5(近似色)","1","ｱｰｽ","2026/09/18","福山通運　九州発送","2026/09/18","","塗装","柴﨑","2026/09/16","製造"
"南四国ﾅｼｮﾅﾙ　本社★","九州工場","九州工場","2026/09/14","2026/09/14","26-J0132030-001-771","SP5050WC","1.50","500.0","500.0","500.0","SUS PB 被せ 焼付","N1(近似色)","1","","2026/09/24","福山通運　九州発送","2026/09/24","","塗装","山口","2026/09/16","製造"
"佐川電機★","九州工場","九州工場","2026/09/14","2026/09/14","26-J0132046-001-771","ZDC0000","3.20","700.0","780.0","320.0","ZN ﾀﾞｸﾄｶﾊﾞｰ","","1","HDZT63 /200/120 足付L3x30Φ12","2026/09/25","福山通運　九州発送","2026/09/25","","溶接","カイ","2026/09/16","製造"
"宮地電機　高松","九州工場","九州工場","2026/09/14","2026/09/14","26-J0132057-001-771","SE2010WC","1.50","200.0","200.0","100.0","SUS PB 被せ 焼付","N1(近似色)","1","ｱｰｽ","2026/09/24","福山通運　九州発送","2026/09/28","","塗装","三澄","2026/09/16","製造"
"ナミデン　山口★","九州工場","九州工場","2026/09/14","2026/09/14","26-J0132060-003-771","ZE2020X2A","2.30","200.0","200.0","200.0","ZN PB 水切","","2","ｱｰｽ 足付L3x30(φ12)x4","2026/09/28","福山通運　九州発送","2026/09/28","","溶接","フイ","2026/09/16","製造"
"ナミデン　山口★","九州工場","九州工場","2026/09/14","2026/09/14","26-J0132060-002-771","ZE3030X2A","2.30","300.0","300.0","300.0","ZN PB 水切","","1","ｱｰｽ 足付L3x40(φ12)x4","2026/09/28","福山通運　九州発送","2026/09/28","","溶接","フイ","2026/09/16","製造"
"ナミデン　山口★","九州工場","九州工場","2026/09/14","2026/09/14","26-J0132060-001-771","ZE6060X3A","3.20","600.0","600.0","600.0","ZN PB 水切","","1","ｱｰｽ 足付L4x50(φ12)x4","2026/09/28","福山通運　九州発送","2026/09/28","","溶接","フイ","2026/09/16","製造"
"アサヒ　宜野湾","九州工場","九州工場","2026/09/14","2026/09/14","26-J0132317-001-771","SE0000XC","2.00","800.0","800.0","500.0","SUS PBﾄｸ 水切 焼付","2.5Y9/1","1","ｱｰｽ","2026/09/24","沖縄直送","2026/09/24","","塗装","柴﨑","2026/09/16","製造"
"アサヒ　宜野湾","九州工場","九州工場","2026/09/14","2026/09/14","26-J0132394-001-771","SE3520XC","1.50","350.0","350.0","200.0","SUS PB 水切 焼付","2.5Y9/1","1","ｱｰｽ","2026/09/24","イトカツ","2026/09/30","2026/09/24","塗装","山口","2026/09/16","製造"
"山電　八幡","九州工場","九州工場","2026/09/15","2026/09/15","26-J0132458-002-771","SE2520XC","1.50","250.0","250.0","200.0","SUS PB 水切 焼付","2.5Y9/1 近似色","2","ｱｰｽ","2026/09/24","北九州配達","2026/09/25","","塗装","山口","2026/09/16","製造"
"さくら電機　鹿児島★","九州工場","九州工場","2026/09/15","2026/09/15","26-J0132498-001-771","BF0000G","1.60","350.0","200.0","150.0","国土 裏BOX","","4","ｱｰｽ さび止め  内ﾜﾆｽ","2026/09/18","佐川急便","2026/09/18","","塗装","白濵","2026/09/16","製造"
"カンサイHD　電設★","九州工場","九州工場","2026/09/15","2026/09/15","26-J0132523-001-771","IG0000G","3.20","360.0","225.0","35.0","鉄 架台","","11","M12x60BT溶接　穴加工　さび止め","2026/09/17","佐川急便","2026/09/17","","完成","服部","2026/09/16","製造"
"かごしま電工　南★","九州工場","九州工場","2026/09/15","2026/09/15","26-J0132614-001-771","BP4030SC","1.60","400.0","400.0","300.0","国土 PB 平 焼付","2.5Y9/1 近似色","2","ｱｰｽ無","2026/09/24","佐川急便","2026/09/24","","塗装","山口","2026/09/16","製造"
"シンセイ　広島第二★","九州工場","九州工場","2026/09/15","2026/09/15","26-J0132894-001-771","ZE0000W","3.20","800.0","800.0","350.0","ZN PBﾄｸ 被せ","","1","◆ ｱｰｽ","2026/09/29","福山通運　九州発送","2026/09/30","","溶接","フイ","2026/09/16","製造"
"佐野電機工業","九州工場","九州工場","2026/09/15","2026/09/15","26-J0133019-001-771","BE3030SC","1.60","300.0","300.0","300.0","国土 PB 平 焼付","2.5Y9/1(近似色)","1","ｱｰｽ","2026/09/24","福山通運　九州発送","2026/09/24","","塗装","山口","2026/09/16","製造"
"因幡電機　南九州(235)","九州工場","九州工場","2026/09/15","2026/09/15","26-J0133068-001-771","IG0000G","0.00","600.0","250.0","400.0","鉄 架台","","1","さび止め　L-40X40X3t","2026/09/17","佐川急便","2026/09/17","","完成","服部","2026/09/16","製造"
"大洋電材　本社★","九州工場","九州工場","2026/09/15","2026/09/15","26-J0133099-001-771","BIP0000C","1.60","820.0","400.0","0.0","処理鋼板 ﾌﾟﾚｰﾄ 焼付","21-90B","1","φ7x7","2026/09/24","佐川急便","2026/09/24","","塗装","樫原","2026/09/16","製造"
"アサヒ　本社","九州工場","九州工場","2026/09/15","2026/09/15","26-J0133145-001-771","BE0000SC","1.60","350.0","300.0","200.0","国土 PBﾄｸ 平 焼付","2.5Y9/1","2","ｱｰｽ","2026/09/24","イトカツ","2026/09/30","2026/09/24","塗装","山口","2026/09/16","製造"
"カンサイ　筑豊★","九州工場","九州工場","2026/09/15","2026/09/15","26-J0133157-001-771","ZE2015X2","2.30","200.0","200.0","150.0","ZN PB 水切","","1","ｱｰｽ","2026/09/25","佐川急便","2026/09/25","","溶接","フイ","2026/09/16","製造"
"カンサイ　筑豊★","九州工場","九州工場","2026/09/15","2026/09/15","26-J0133157-002-771","ZE3020X2","2.30","300.0","300.0","200.0","ZN PB 水切","","1","ｱｰｽ","2026/09/25","佐川急便","2026/09/25","","溶接","フイ","2026/09/16","製造"
"東芝電材　岡山★","九州工場","九州工場","2026/09/15","2026/09/15","26-J0133192-001-771","ZATL500","0.00","500.0","500.0","500.0","ZN ｱﾝｸﾞﾙ引き込み架台","","1","三角支え付ﾀｲﾌﾟ","2026/09/28","福山通運　九州発送","2026/09/28","","溶接","横澤","2026/09/16","製造"
"中国機材設備　呉★","九州工場","九州工場","2026/09/15","2026/09/15","26-J0133432-001-771","SE3030XC","1.50","300.0","300.0","300.0","SUS PB 水切 焼付","2.5Y9/1 近似色","1","ｱｰｽ","2026/09/24","佐川急便","2026/09/24","","ｷｬﾝｾﾙ","林(秀)","2026/09/16","製造"
"ｹｲ･ｴｽ･ﾃﾞｰ　熊本★","九州工場","九州工場","2026/09/15","2026/09/15","26-J0133523-002-771","IE0000SC","1.60","700.0","700.0","400.0","鉄 PBﾄｸ 平 焼付","5Y7/1 近似色","1","ｱｰｽ","2026/09/24","福山通運　九州発送","2026/09/24","","塗装","柴﨑","2026/09/16","製造"
"三親電材　鳥取★","九州工場","九州工場","2026/09/15","2026/09/15","26-J0133691-001-771","IP0000SG","1.60","200.0","200.0","90.0","鉄 PBﾄｸ 平","","2","さび止め","2026/09/17","福山通運　九州発送","2026/09/17","","完成","服部","2026/09/16","製造"
"ナミデン　福岡★","九州工場","九州工場","2026/09/15","2026/09/15","26-J0133792-002-771","ITG0000G","0.00","2,250.0","685.0","0.0","鉄 耐震架台","","1","さび止め L65x65x6","2026/09/17","ヤマックス　ｽﾎﾟｯﾄ便","2026/09/18","","塗装","増井","2026/09/16","製造"
"ナミデン　福岡★","九州工場","九州工場","2026/09/15","2026/09/15","26-J0133792-004-771","ITG0000G","0.00","1,807.0","421.0","0.0","鉄 耐震架台","","1","さび止め L65x65x6","2026/09/17","ヤマックス　ｽﾎﾟｯﾄ便","2026/09/18","","塗装","増井","2026/09/16","製造"
"ナミデン　福岡★","九州工場","九州工場","2026/09/15","2026/09/15","26-J0133792-003-771","ITG0000G","0.00","1,807.0","500.0","0.0","鉄 耐震架台","","1","さび止め L65x65x6","2026/09/17","ヤマックス　ｽﾎﾟｯﾄ便","2026/09/18","","塗装","増井","2026/09/16","製造"
"ナミデン　福岡★","九州工場","九州工場","2026/09/15","2026/09/15","26-J0133792-001-771","ITG0000G","0.00","2,045.0","781.0","0.0","鉄 耐震架台","","1","さび止め L65x65x6","2026/09/17","ヤマックス　ｽﾎﾟｯﾄ便","2026/09/18","","塗装","増井","2026/09/16","製造"
"シンセイ　広島第一★","九州工場","九州工場","2026/09/16","2026/09/16","26-J0133806-001-771","BE0000SG","1.60","250.0","150.0","75.0","国土 PBﾄｸ 平","","2","ｱｰｽ さび止め","2026/09/17","福山通運　九州発送","2026/09/17","","完成","服部","2026/09/16","製造"
"宮地電機　高知","九州工場","九州工場","2026/09/16","2026/09/16","26-J0134489-002-771","BE0000SG","1.60","600.0","600.0","100.0","国土 PBﾄｸ 平","","1","ｱｰｽ さび止め","2026/09/17","福山通運　九州発送","2026/09/17","","完成","服部","2026/09/16","製造"
"かごしま電工　鹿屋★","九州工場","九州工場","2026/09/16","2026/09/16","26-J0134793-001-771","BP0000SG","1.60","250.0","250.0","300.0","国土 PBﾄｸ 平","","1","ｱｰｽ無 さび止め","2026/09/17","佐川急便","2026/09/17","","完成","服部","2026/09/16","製造"
"","九州工場","九州工場","","2026/09/04","26-R0002588-001-771","BE5050SG","1.60","500.0","500.0","500.0","国土 PB 平","","4","***北ｱｰｽ さび止め","2026/09/17","自社便","","2026/09/18","組立","服部","2026/09/16","製造"
"","九州工場","九州工場","","2026/09/04","26-R0002589-001-771","SE5040WN","1.50","500.0","500.0","400.0","SUS PB 被せ","","4","***北ｱｰｽ","2026/09/17","自社便","","2026/09/18","組立","服部","2026/09/16","製造"
"","九州工場","九州工場","","2026/09/04","26-R0002595-001-771","SE5050XN","1.50","500.0","500.0","500.0","SUS PB 水切","","4","***北ｱｰｽ","2026/09/17","自社便","","2026/09/18","組立","井上","2026/09/16","製造"
"","九州工場","九州工場","","2026/09/04","26-R0002606-001-771","BE3020SC2","1.60","300.0","300.0","200.0","国土 PB 平 焼付","2.5Y9/1","6","***沖縄ｱｰｽ 2.5Y9/1","2026/09/24","自社便","","2026/09/25","塗装","山口","2026/09/16","製造"
"","九州工場","九州工場","","2026/09/04","26-R0002607-001-771","SE2020XC2","1.50","200.0","200.0","200.0","SUS PB 水切 焼付","2.5Y9/1","12","***沖縄ｱｰｽ 2.5Y9/1","2026/09/24","自社便","","2026/09/25","塗装","山口","2026/09/16","製造"
"","九州工場","九州工場","","2026/09/07","26-R0002617-001-771","IE3015SC2","1.60","300.0","300.0","150.0","鉄 PB 平 焼付","2.5Y9/1","6","***沖縄ｱｰｽ 2.5Y9/1","2026/09/24","イトカツ","","2026/09/24","塗装","山口","2026/09/16","製造"
"","九州工場","九州工場","","2026/09/07","26-R0002626-001-771","SE4020XC5","1.50","400.0","400.0","200.0","SUS PB 水切 焼付","5Y7/1","1","***沖縄ｱｰｽ 5Y7/1","2026/09/24","イトカツ","","2026/09/24","塗装","柴﨑","2026/09/16","製造"
"","九州工場","九州工場","","2026/09/11","26-R0002653-001-771","SE4040XN","1.50","400.0","400.0","400.0","SUS PB 水切","","6","***北ｱｰｽ","2026/09/17","自社便","","2026/09/18","組立","服部","2026/09/16","製造"
"","九州工場","九州工場","","2026/09/11","26-R0002659-001-771","BE2010SNN","1.60","200.0","200.0","100.0","国土 PB 平","","10","***北ｱｰｽ 生地(焼付用)","2026/09/17","","","","完成","山口","2026/09/16","製造"
"","九州工場","九州工場","","2026/09/11","26-R0002662-001-771","BE3020SNN","1.60","300.0","300.0","200.0","国土 PB 平","","10","***北ｱｰｽ 生地(焼付用)","2026/09/17","","","","完成","山口","2026/09/16","製造"
"","九州工場","九州工場","","2026/09/11","26-R0002666-001-771","SE3020XNN","1.50","300.0","300.0","200.0","SUS PB 水切","","10","***北ｱｰｽ生地(焼付用)","2026/09/17","","","","完成","三澄","2026/09/16","製造"
"","九州工場","九州工場","","2026/09/16","26-R0002720-001-771","II0000G","1.60","100.0","100.0","0.0","鉄 切板","","1","さび止め","2026/09/17","佐川急便","","2026/09/17","完成","服部","2026/09/16","製造"
"啓電社★","九州工場","九州工場","2026/08/28","2026/08/28","26-J0118742-001-771","DC0000N","1.60","600.0","400.0","2,550.0","Sﾀﾞｲﾏ ｶﾊﾞｰ","","1","ﾌｰﾄﾞｶﾊﾞｰ/ﾀﾞｸﾄｶﾊﾞｰ","2026/09/17","ヤマックス福岡","2026/09/18","","完成","森田","2026/09/17","製造"
"興陽電機　下関★","九州工場","九州工場","2026/08/28","2026/08/28","26-J0118924-002-771","ZKM0000","3.20","100.0","162.0","54.0","ZN 金物","","8","回転台座　穴加工","2026/09/30","福山通運　九州発送","2026/09/30","","溶接","マイン","2026/09/17","製造"
"アサヒ　中部","九州工場","九州工場","2026/09/03","2026/09/03","26-J0123928-003-771","DD0000N","2.30","700.0","300.0","3,800.0","Sﾀﾞｲﾏ ﾀﾞｸﾄ","","2","平蓋ｺﾞﾑP 本体蓋4分割 支持棒　(B)","2026/09/18","沖縄直送","2026/09/24","","溶接","ロン","2026/09/17","製造"
"興陽電機　八幡★","九州工場","九州工場","2026/09/04","2026/09/04","26-J0124435-001-771","IP0000SG","2.30","850.0","500.0","600.0","鉄 PBﾄｸ 平","","1","さび止め","2026/09/24","北九州配達","2026/09/25","","塗装","坂元","2026/09/17","製造"
"イシグロ　福岡★","九州工場","九州工場","2026/09/08","2026/09/08","26-J0126648-001-771","IBG0000C","0.00","650.0","450.0","450.0","鉄 防球ガード 焼付","2.5Y9/1 近似色","1","配管ガード　SPB-1（A） 塞ぎプレートx1","2026/09/24","チャーター便","2026/10/02","","切断","林(浩)","2026/09/17","製造"
"イシグロ　福岡★","九州工場","九州工場","2026/09/08","2026/09/08","26-J0126648-002-771","IBG0000C","0.00","470.0","770.0","260.0","鉄 防球ガード 焼付","2.5Y9/1 近似色","1","配管ガード　SPB-1（B）塞ぎプレートx1","2026/09/24","チャーター便","2026/10/02","","未着手","","2026/09/17","製造"
"イシグロ　福岡★","九州工場","九州工場","2026/09/08","2026/09/08","26-J0126648-003-771","IBG0000C","0.00","500.0","250.0","250.0","鉄 防球ガード 焼付","2.5Y9/1 近似色","1","配管ガード　SPB-1（C）","2026/09/24","チャーター便","2026/10/02","","塗装","山口","2026/09/17","製造"
"イシグロ　福岡★","九州工場","九州工場","2026/09/08","2026/09/08","26-J0126648-004-771","IBG0000C","0.00","260.0","260.0","250.0","鉄 防球ガード 焼付","2.5Y9/1 近似色","1","配管ガード　SPB-1（D）","2026/09/24","チャーター便","2026/10/02","","塗装","山口","2026/09/17","製造"
"岡本電機　福山★","九州工場","九州工場","2026/09/08","2026/09/08","26-J0126871-001-771","BE2520SC","1.60","250.0","250.0","200.0","国土 PB 平 焼付","2.5Y9/1 近似色","10","ｱｰｽ","2026/09/25","福山通運　九州発送","2026/09/25","","完成","森田","2026/09/17","製造"
"イシグロ　宮崎★","九州工場","九州工場","2026/09/08","2026/09/08","26-J0127385-004-771","SG0000N","5.00","550.0","150.0","0.0","SUS 架台","","42","ブラケット穴加工　L40x40x5t","2026/09/17","福山通運　九州発送","2026/09/17","","完成","森田","2026/09/17","製造"
"イシグロ　宮崎★","九州工場","九州工場","2026/09/08","2026/09/08","26-J0127385-008-771","SG0000N","5.00","750.0","200.0","0.0","SUS 架台","","1","ブラケット穴加工　L40x40x5t","2026/09/17","福山通運　九州発送","2026/09/17","","完成","森田","2026/09/17","製造"
"イシグロ　宮崎★","九州工場","九州工場","2026/09/08","2026/09/08","26-J0127385-003-771","SG0000N","6.00","250.0","250.0","0.0","SUS 架台","","14","三角ブラケット 穴加工　L50x50x6t","2026/09/17","福山通運　九州発送","2026/09/17","","完成","森田","2026/09/17","製造"
"日新電機システム","九州工場","九州工場","2026/09/08","2026/09/08","26-J0127441-002-771","BDC0000C","1.60","600.0","200.0","590.0","国土 ﾀﾞｸﾄｶﾊﾞｰ 焼付","色見本(2.5Y9/1)","1","平蓋 ｱﾝｸﾞﾙ ﾌﾞﾗﾝｸ 取付穴","2026/09/25","イトカツ","2026/10/02","2026/09/25","仕上","山口","2026/09/17","製造"
"日新電機システム","九州工場","九州工場","2026/09/08","2026/09/08","26-J0127441-003-771","BDC0000C","1.60","600.0","200.0","700.0","国土 ﾀﾞｸﾄｶﾊﾞｰ 焼付","色見本(2.5Y9/1)","1","平蓋 ｱﾝｸﾞﾙ ﾌﾞﾗﾝｸ 取付穴","2026/09/25","イトカツ","2026/10/02","2026/09/25","仕上","山口","2026/09/17","製造"
"日新電機システム","九州工場","九州工場","2026/09/08","2026/09/08","26-J0127441-001-771","BDC0000C","1.60","1,000.0","250.0","590.0","国土 ﾀﾞｸﾄｶﾊﾞｰ 焼付","色見本(2.5Y9/1)","1","平蓋2分割 ｱﾝｸﾞﾙ ﾌﾞﾗﾝｸ 取付穴","2026/09/25","イトカツ","2026/10/02","2026/09/25","仕上","三澄","2026/09/17","製造"
"興陽電機　下関★","九州工場","九州工場","2026/09/08","2026/09/08","26-J0127470-002-771","SP0000WN","1.50","800.0","300.0","200.0","SUS PBﾄｸ 被せ","","1","被せ蓋開口足付き","2026/09/17","福山通運　九州発送","2026/09/17","","完成","坂元","2026/09/17","製造"
"興陽電機　下関★","九州工場","九州工場","2026/09/08","2026/09/08","26-J0127470-005-771","SD0000N","1.50","150.0","150.0","700.0","SUS ﾀﾞｸﾄ","","1","/250 L型　被せ蓋開口ケーブル支持","2026/09/17","福山通運　九州発送","2026/09/17","","完成","服部","2026/09/17","製造"
"興陽電機　下関★","九州工場","九州工場","2026/09/08","2026/09/08","26-J0127470-001-771","SP0000WN","1.50","1,020.0","300.0","200.0","SUS PBﾄｸ 被せ","","1","被せ蓋開口足付き","2026/09/17","福山通運　九州発送","2026/09/17","","完成","服部","2026/09/17","製造"
"興陽電機　下関★","九州工場","九州工場","2026/09/08","2026/09/08","26-J0127470-003-771","SD0000N","1.50","150.0","150.0","1,100.0","SUS ﾀﾞｸﾄ","","8","被せ蓋穴加工足付きケーブル支持(接続PL込み)","2026/09/17","福山通運　九州発送","2026/09/17","","完成","森田","2026/09/17","製造"
"興陽電機　下関★","九州工場","九州工場","2026/09/08","2026/09/08","26-J0127470-004-771","SD0000N","1.50","150.0","150.0","840.0","SUS ﾀﾞｸﾄ","","1","被せ蓋穴加工足付きケーブル支持(接続PL込み)","2026/09/17","福山通運　九州発送","2026/09/17","","完成","坂元","2026/09/17","製造"
"イシグロ　福岡★","九州工場","九州工場","2026/09/09","2026/09/09","26-J0128103-003-771","ZG0000","6.00","575.0","65.0","1,500.0","ZN 架台","","20","SS-L-65x65x6t　PL-6t 　 B-003","2026/10/02","店頭渡し","2026/10/05","","外注","平澤","2026/09/17","製造"
"Q-mast　電気グル－プ★","九州工場","九州工場","2026/09/09","2026/09/09","26-J0128488-003-771","IG0000G","6.00","610.0","400.0","2,200.0","鉄 架台","","1","さび止め SS-L-50x50x6t　GP-6t   1F-13","2026/09/18","ヤマックス　ｽﾎﾟｯﾄ便","2026/09/24","","塗装","増井","2026/09/17","製造"
"Q-mast　電気グル－プ★","九州工場","九州工場","2026/09/09","2026/09/09","26-J0128488-002-771","IG0000G","6.00","810.0","400.0","2,000.0","鉄 架台","","1","さび止め SS-L-50x50x6t　GP-6t 　1F-8","2026/09/18","ヤマックス　ｽﾎﾟｯﾄ便","2026/09/24","","塗装","増井","2026/09/17","製造"
"Q-mast　電気グル－プ★","九州工場","九州工場","2026/09/09","2026/09/09","26-J0128488-001-771","IG0000G","6.00","810.0","400.0","2,230.0","鉄 架台","","1","さび止め SS-L-65x65x6t　GP-6t   1F-7","2026/09/18","ヤマックス　ｽﾎﾟｯﾄ便","2026/09/24","","塗装","増井","2026/09/17","製造"
"Q-mast　電気グル－プ★","九州工場","九州工場","2026/09/09","2026/09/09","26-J0128488-004-771","IG0000G","6.00","800.0","400.0","1,285.0","鉄 架台","","3","さび止め SS-L-65x65x6t　GP-6t  地下ピット-高圧G104","2026/09/18","ヤマックス　ｽﾎﾟｯﾄ便","2026/09/24","","塗装","増井","2026/09/17","製造"
"Q-mast　電気グル－プ★","九州工場","九州工場","2026/09/09","2026/09/09","26-J0128488-005-771","IG0000G","6.00","650.0","400.0","1,415.0","鉄 架台","","2","さび止め SS-L-50x50x6t　GP-6t  地下ピット-低圧G54","2026/09/18","ヤマックス　ｽﾎﾟｯﾄ便","2026/09/24","","塗装","増井","2026/09/17","製造"
"シンセイ　広島第一★","九州工場","九州工場","2026/09/10","2026/09/10","26-J0129828-003-771","SD0000N","1.50","700.0","500.0","1,500.0","SUS ﾀﾞｸﾄ","","1","平蓋ｺﾞﾑﾊﾟｯｷﾝ付  ｱｰｽ  支持棒付  開口","2026/09/17","福山通運　九州発送","2026/09/17","","完成","服部","2026/09/17","製造"
"シンセイ　広島第一★","九州工場","九州工場","2026/09/10","2026/09/10","26-J0129828-002-771","SD0000N","1.50","250.0","300.0","1,000.0","SUS ﾀﾞｸﾄ","","1","平蓋  ｱｰｽ  支持棒付  上下面閉口","2026/09/17","福山通運　九州発送","2026/09/17","","完成","服部","2026/09/17","製造"
"シンセイ　広島第一★","九州工場","九州工場","2026/09/10","2026/09/10","26-J0129833-005-771","SG0000N","3.00","450.0","200.0","40.0","SUS 架台","","1","三角引込架台  L-40x40x3t　2-φ15  右","2026/09/17","福山通運　九州発送","2026/09/17","","完成","倉重","2026/09/17","製造"
"シンセイ　広島第一★","九州工場","九州工場","2026/09/10","2026/09/10","26-J0129833-004-771","SG0000N","3.00","450.0","200.0","40.0","SUS 架台","","1","三角引込架台  L-40x40x3t　2-φ15  左","2026/09/17","福山通運　九州発送","2026/09/17","","完成","倉重","2026/09/17","製造"
"ヤシマ電材 津山","九州工場","九州工場","2026/09/11","2026/09/11","26-J0130566-004-771","ZKM0000","0.00","1,000.0","331.0","272.0","ZN 金物","","1","HDZT63 /461 ﾁｬﾝﾈﾙ ﾍﾞｰｽt12.0","2026/09/29","福山通運　九州発送","2026/09/29","","外注","平澤","2026/09/17","製造"
"ヤシマ電材 津山","九州工場","九州工場","2026/09/11","2026/09/11","26-J0130566-002-771","ZKM0000","0.00","1,000.0","331.0","272.0","ZN 金物","","1","HDZT63 ﾁｬﾝﾈﾙ ﾍﾞｰｽt12.0","2026/09/29","福山通運　九州発送","2026/09/29","","外注","平澤","2026/09/17","製造"
"ヤシマ電材 津山","九州工場","九州工場","2026/09/11","2026/09/11","26-J0130566-003-771","ZKM0000","0.00","1,000.0","331.0","272.0","ZN 金物","","1","HDZT63 /461 ﾁｬﾝﾈﾙ ﾍﾞｰｽt12.0","2026/09/29","福山通運　九州発送","2026/09/29","","外注","平澤","2026/09/17","製造"
"ヤシマ電材 津山","九州工場","九州工場","2026/09/11","2026/09/11","26-J0130566-001-771","ZKM0000","0.00","1,000.0","331.0","272.0","ZN 金物","","4","HDZT63 ﾁｬﾝﾈﾙ ﾍﾞｰｽt12.0","2026/09/29","福山通運　九州発送","2026/09/29","","外注","平澤","2026/09/17","製造"
"ヤシマ電材 津山","九州工場","九州工場","2026/09/11","2026/09/11","26-J0130566-005-771","ZKM0000","0.00","1,000.0","331.0","272.0","ZN 金物","","1","HDZT63 /786 ﾁｬﾝﾈﾙ ﾍﾞｰｽt12.0","2026/09/29","福山通運　九州発送","2026/09/29","","外注","平澤","2026/09/17","製造"
"かごしま電工　南★","九州工場","九州工場","2026/09/11","2026/09/11","26-J0130609-003-771","IE0000SGW","2.30","800.0","800.0","500.0","鉄 PBﾄｸ 平","","2","ｱｰｽ さび止め 内ﾜﾆｽ","2026/09/25","佐川急便","2026/09/30","","溶接","フイ","2026/09/17","製造"
"日本電設資材　福岡★","九州工場","九州工場","2026/09/11","2026/09/11","26-J0130687-002-771","IG0000G","6.00","450.0","330.0","300.0","鉄 架台","","2","さび止め SS-L-50x50x6t　穴加工　南側","2026/09/18","ヤマックス福岡","2026/09/24","","塗装","坂元","2026/09/17","製造"
"日本電設資材　福岡★","九州工場","九州工場","2026/09/11","2026/09/11","26-J0130687-001-771","IG0000G","6.00","500.0","330.0","300.0","鉄 架台","","2","さび止め SS-L-65x65x6t　穴加工  南側","2026/09/18","ヤマックス福岡","2026/09/24","","塗装","坂元","2026/09/17","製造"
"ナミデン　山口★","九州工場","九州工場","2026/09/11","2026/09/11","26-J0130733-002-771","SD0000N","2.00","1,000.0","250.0","690.0","SUS ﾀﾞｸﾄ","","1","平蓋　取付足","2026/09/17","福山通運　九州発送","2026/09/17","","完成","坂元","2026/09/17","製造"
"Q-mast　南九州","九州工場","九州工場","2026/09/14","2026/09/14","26-J0131007-001-771","SC0000N","2.00","1,340.0","500.0","600.0","SUS ｶﾊﾞｰ","","1","","2026/09/17","福山通運　九州発送","2026/09/17","","完成","坂元","2026/09/17","製造"
"ナミデン　福岡★","九州工場","九州工場","2026/09/14","2026/09/14","26-J0131465-001-771","ITG0000G","0.00","1,377.0","450.0","0.0","鉄 耐震架台","","1","さび止め L65x65x6","2026/09/18","ヤマックス　ｽﾎﾟｯﾄ便","2026/09/29","","溶接","ズオン","2026/09/17","製造"
"ナミデン　福岡★","九州工場","九州工場","2026/09/14","2026/09/14","26-J0131465-002-771","ITG0000G","0.00","1,377.0","495.0","0.0","鉄 耐震架台","","1","さび止め L65x65x6","2026/09/18","ヤマックス　ｽﾎﾟｯﾄ便","2026/09/29","","溶接","ズオン","2026/09/17","製造"
"ナミデン　福岡★","九州工場","九州工場","2026/09/14","2026/09/14","26-J0131465-004-771","ITG0000G","0.00","1,377.0","526.0","0.0","鉄 耐震架台","","1","さび止め L65x65x6","2026/09/18","ヤマックス　ｽﾎﾟｯﾄ便","2026/09/29","","溶接","ズオン","2026/09/17","製造"
"ナミデン　福岡★","九州工場","九州工場","2026/09/14","2026/09/14","26-J0131465-003-771","ITG0000G","0.00","1,377.0","450.0","0.0","鉄 耐震架台","","1","さび止め L65x65x6","2026/09/18","ヤマックス　ｽﾎﾟｯﾄ便","2026/09/29","","溶接","ズオン","2026/09/17","製造"
"Q-mast　電気グル－プ★","九州工場","九州工場","2026/09/14","2026/09/14","26-J0131888-001-771","ZE0000WC","3.20","600.0","600.0","250.0","ZN PBﾄｸ 被せ 焼付","N-85 近似色","1","ｱｰｽ","2026/10/02","福山通運　九州発送","2026/10/02","","外注","ハイ","2026/09/17","製造"
"栗田電機　松山★","九州工場","九州工場","2026/09/14","2026/09/14","26-J0132354-001-771","IP0000WN","1.60","200.0","200.0","150.0","鉄 PBﾄｸ 被せ","","1","ｻﾋﾞ止用生地 穴加工ｱﾘ","2026/09/17","福山通運　九州発送","2026/09/17","","完成","服部","2026/09/17","製造"
"三親電材　松江★","九州工場","九州工場","2026/09/14","2026/09/14","26-J0132404-001-771","SMK0000N","2.00","86.0","50.0","45.0","SUS 曲金物","","4","穴加工ｱﾘ","2026/09/17","福山通運　九州発送","2026/09/17","","完成","井上","2026/09/17","製造"
"かごしま電工　鹿屋★","九州工場","九州工場","2026/09/15","2026/09/15","26-J0132588-001-771","BP0000SC","1.60","280.0","250.0","100.0","国土 PBﾄｸ 平 焼付","2.5Y9/1 近似色","2","ｱｰｽ無 L形BOX 蓋はM4小頭皿ﾋﾞｽ止","2026/09/25","佐川急便","2026/09/25","","仕上","三澄","2026/09/17","製造"
"宮地電機　高松","九州工場","九州工場","2026/09/15","2026/09/15","26-J0132759-001-771","SP0000SN","1.50","180.0","160.0","50.0","SUS PBﾄｸ 平","","5","","2026/09/17","福山通運　九州発送","2026/09/17","","完成","樋口","2026/09/17","製造"
"沖縄ミツヤマ電気","九州工場","九州工場","2026/09/15","2026/09/15","26-J0132761-002-771","DKW0000N","1.60","700.0","200.0","200.0","Sﾀﾞｲﾏ 貫通枠","","3","外耳 平蓋 補強ｱﾝｸﾞﾙ 取付穴　/7～9F","2026/09/18","イトカツ","2026/10/01","2026/09/24","溶接","カイ","2026/09/17","製造"
"沖縄ミツヤマ電気","九州工場","九州工場","2026/09/15","2026/09/15","26-J0132761-001-771","DKW0000N","1.60","1,300.0","250.0","250.0","Sﾀﾞｲﾏ 貫通枠","","3","外耳 平蓋 補強ｱﾝｸﾞﾙ 取付穴　/7～9F","2026/09/18","イトカツ","2026/10/01","2026/09/24","溶接","カイ","2026/09/17","製造"
"正和電材　佐世保★","九州工場","九州工場","2026/09/15","2026/09/15","26-J0132770-002-771","DP0000XN","2.30","400.0","400.0","400.0","Sﾀﾞｲﾏ PBﾄｸ 水切","","3","足付L4x50(φ12)x4  六角ｱﾌﾟｾｯﾄﾎﾞﾙﾄ止","2026/09/18","福山通運　九州発送","2026/09/18","","仕上","山口","2026/09/17","製造"
"日本電設資材　大阪★","九州工場","九州工場","2026/09/15","2026/09/15","26-J0132975-001-771","SP0000WN","1.50","500.0","500.0","200.0","SUS PBﾄｸ 被せ","","2","開口･穴加工ｱﾘ","2026/09/17","佐川急便","2026/09/17","","完成","森田","2026/09/17","製造"
"ヤシマ電材","九州工場","九州工場","2026/09/15","2026/09/15","26-J0133182-002-771","BE1515SC","1.60","150.0","150.0","150.0","国土 PB 平 焼付","2.5Y9/1(近似色)","3","ｱｰｽ","2026/10/08","福山通運　九州発送","2026/10/08","","塗装","山口","2026/09/17","製造"
"ヤシマ電材","九州工場","九州工場","2026/09/15","2026/09/15","26-J0133182-003-771","BE0000SC","1.60","400.0","300.0","50.0","国土 PBﾄｸ 平 焼付","2.5Y9/1(近似色)","1","ｱｰｽ","2026/10/08","福山通運　九州発送","2026/10/08","","仕上","山口","2026/09/17","製造"
"光電商会","九州工場","九州工場","2026/09/15","2026/09/15","26-J0133210-001-771","SE0000XC","1.50","350.0","350.0","300.0","SUS PBﾄｸ 水切 焼付","2.5Y9/1","1","ｾﾊﾟ付 ｱｰｽ位置指定","2026/09/25","イトカツ","2026/10/01","2026/09/25","仕上","三澄","2026/09/17","製造"
"光電商会","九州工場","九州工場","2026/09/15","2026/09/15","26-J0133210-002-771","SE3015XC","1.50","300.0","300.0","150.0","SUS PB 水切 焼付","2.5Y9/1","1","ｱｰｽ","2026/09/25","イトカツ","2026/10/01","2026/09/25","仕上","三澄","2026/09/17","製造"
"三親電材　津山★","九州工場","九州工場","2026/09/15","2026/09/15","26-J0133274-001-771","SP0000WN","1.50","300.0","300.0","350.0","SUS PBﾄｸ 被せ","","1","","2026/09/17","福山通運　九州発送","2026/09/17","","完成","服部","2026/09/17","製造"
"正二電気　岡山本社","九州工場","九州工場","2026/09/15","2026/09/15","26-J0133376-001-771","SG0000N","0.00","600.0","500.0","400.0","SUS 架台","","1","ｱﾝｸﾞﾙ FB","2026/09/17","福山通運　九州発送","2026/09/17","","完成","森田","2026/09/17","製造"
"デンザイ東亜　本社★","九州工場","九州工場","2026/09/15","2026/09/15","26-J0133394-001-771","IP1515SC","1.60","150.0","150.0","150.0","鉄 PB 平 焼付","N7 近似色","3","","2026/09/25","佐川急便","2026/09/25","","塗装","山口","2026/09/17","製造"
"新光産業　南","九州工場","九州工場","2026/09/15","2026/09/15","26-J0133407-001-771","SE0000XC","1.50","200.0","200.0","200.0","SUS PBﾄｸ 水切 焼付","2.5Y9/1","1","ｱｰｽ 足付(L50x50x4tφ12)x4 ｶｯﾌﾟG22x2","2026/09/25","イトカツ","2026/10/01","2026/09/25","溶接","テイン","2026/09/17","製造"
"イシグロ　福岡★","九州工場","九州工場","2026/09/15","2026/09/15","26-J0133509-001-771","ZG0000","6.00","300.0","75.0","1,000.0","ZN 架台","","1","SS-L-75x75x6t　吊り穴任意","2026/09/29","福山通運　九州発送","2026/09/29","","外注","平澤","2026/09/17","製造"
"イシグロ　福岡★","九州工場","九州工場","2026/09/15","2026/09/15","26-J0133509-002-771","ZG0000","6.00","300.0","75.0","1,000.0","ZN 架台","","1","SS-L-75x75x6t　吊り穴任意","2026/09/29","福山通運　九州発送","2026/09/29","","外注","平澤","2026/09/17","製造"
"イシグロ　福岡★","九州工場","九州工場","2026/09/15","2026/09/15","26-J0133509-003-771","ZG0000","6.00","860.0","75.0","75.0","ZN 架台","","2","SS-L-75x75x6t　吊り穴任意","2026/09/29","福山通運　九州発送","2026/09/29","","外注","平澤","2026/09/17","製造"
"メイク機材★","九州工場","九州工場","2026/09/15","2026/09/15","26-J0133536-002-771","IG0000G","0.00","2,900.0","1,088.0","3,220.0","鉄 架台","","1","さび止め [100x50x5　L-50x50x6t　穴加工","2026/09/18","店頭渡し","2026/09/18","","塗装","増井","2026/09/17","製造"
"メイク機材★","九州工場","九州工場","2026/09/15","2026/09/15","26-J0133536-001-771","IG0000G","0.00","600.0","230.0","2,100.0","鉄 架台","","1","さび止め [75x40x5　穴加工","2026/09/18","店頭渡し","2026/09/18","","塗装","増井","2026/09/17","製造"
"かごしま電工　出水★","九州工場","九州工場","2026/09/15","2026/09/15","26-J0133544-001-771","SE2015WNW","1.50","200.0","200.0","150.0","SUS PB 被せ","","1","ｱｰｽ 内ﾜﾆｽ","2026/09/18","佐川急便","2026/09/18","","組立","井上","2026/09/17","製造"
"暁電業　岡山本社★","九州工場","九州工場","2026/09/15","2026/09/15","26-J0133687-001-771","SE0000WN","1.50","400.0","400.0","250.0","SUS PBﾄｸ 被せ","","1","ｱｰｽ","2026/09/17","福山通運　九州発送","2026/09/17","","完成","服部","2026/09/17","製造"
"三和電気商会★","九州工場","九州工場","2026/09/15","2026/09/15","26-J0133699-001-771","SP0000SNP","1.50","400.0","300.0","200.0","SUS PBﾄｸ 平","","2","ｺﾞﾑﾊﾟｯｷﾝ付","2026/09/17","福山通運　九州発送","2026/09/17","","完成","服部","2026/09/17","製造"
"東芝電材　鹿児島★","九州工場","九州工場","2026/09/15","2026/09/15","26-J0133717-001-771","SE2015XC","1.50","200.0","200.0","150.0","SUS PB 水切 焼付","5Y7/1 近似色","2","ｱｰｽ","2026/09/25","佐川急便","2026/09/25","","塗装","山口","2026/09/17","製造"
"アサヒ　中部","九州工場","九州工場","2026/09/15","2026/09/15","26-J0133745-001-771","IE3030SC","1.60","300.0","300.0","300.0","鉄 PB 平 焼付","N5.5","1","ｱｰｽ","2026/09/25","イトカツ","2026/10/01","2026/09/25","塗装","山口","2026/09/17","製造"
"アサヒ　中部","九州工場","九州工場","2026/09/15","2026/09/15","26-J0133745-002-771","IE2020SC","1.60","200.0","200.0","200.0","鉄 PB 平 焼付","N5.5","1","ｱｰｽ","2026/09/25","イトカツ","2026/10/01","2026/09/25","塗装","山口","2026/09/17","製造"
"日新電器産業　本社","九州工場","九州工場","2026/09/15","2026/09/15","26-J0133791-001-771","IX0000N","5.00","600.0","100.0","50.0","鉄 その他","","1","生地 [-100x50x5t 取付長穴 M20高ﾅｯﾄ溶接","2026/09/18","イトカツ","2026/10/01","2026/09/18","溶接","石松","2026/09/17","製造"
"正和電材　大村★","九州工場","九州工場","2026/09/16","2026/09/16","26-J0133804-001-771","ZE1515X2","2.30","150.0","150.0","150.0","ZN PB 水切","","1","ｱｰｽ","2026/09/29","佐川急便","2026/09/30","","外注","ハイ","2026/09/17","製造"
"ナミデン　熊本★","九州工場","九州工場","2026/09/16","2026/09/16","26-J0133849-001-771","IST0000G","0.00","1,500.0","0.0","0.0","鉄 ｽﾀﾝｼｮﾝ","","2","さび止め φ60.5","2026/09/18","佐川急便","2026/09/18","","塗装","坂元","2026/09/17","製造"
"カンサイ　八幡★","九州工場","九州工場","2026/09/16","2026/09/16","26-J0133862-001-771","IKS0000G","0.00","800.0","200.0","200.0","鉄 貫通ｽﾘｰﾌﾞ","","1","さび止め","2026/09/18","佐川急便","2026/09/18","","塗装","坂元","2026/09/17","製造"
"Q-mast　空調管グル－プ★","九州工場","九州工場","2026/09/16","2026/09/16","26-J0133880-001-771","ZG0000","0.00","2,280.0","1,900.0","0.0","ZN 架台","","1","/2007 空調ﾀﾞｸﾄ（排煙）19","2026/09/17","ヤマックス　ｽﾎﾟｯﾄ便","2026/09/18","","完成","倉重","2026/09/17","製造"
"中西電機　高松本社★","九州工場","九州工場","2026/09/16","2026/09/16","26-J0134063-001-771","SE6040WN","1.50","600.0","600.0","400.0","SUS PB 被せ","","2","ｱｰｽ","2026/09/17","福山通運　九州発送","2026/09/17","","完成","服部","2026/09/17","製造"
"中西電機　高松本社★","九州工場","九州工場","2026/09/16","2026/09/16","26-J0134063-002-771","SE5020WN","1.50","500.0","500.0","200.0","SUS PB 被せ","","2","ｱｰｽ","2026/09/17","福山通運　九州発送","2026/09/17","","完成","服部","2026/09/17","製造"
"ナミデン　福岡★","九州工場","九州工場","2026/09/16","2026/09/16","26-J0134083-002-771","ZKM0000","0.00","350.0","0.0","0.0","ZN 金物","","2","C200x80x7.5x11","2026/09/28","店頭渡し","2026/09/29","","外注","ハイ","2026/09/17","製造"
"ナミデン　福岡★","九州工場","九州工場","2026/09/16","2026/09/16","26-J0134083-001-771","ZKM0000","0.00","350.0","0.0","0.0","ZN 金物","","2","C200x80x7.5x11","2026/09/28","店頭渡し","2026/09/29","","外注","ハイ","2026/09/17","製造"
"カンサイ　八幡★","九州工場","九州工場","2026/09/16","2026/09/16","26-J0134102-001-771","BE1010WC","1.60","100.0","100.0","100.0","国土 PB 被せ 焼付","5Y7/1 近似色","1","ｱｰｽ","2026/09/25","北九州配達","2026/09/28","","塗装","山口","2026/09/17","製造"
"中西電機　高松本社★","九州工場","九州工場","2026/09/16","2026/09/16","26-J0134154-001-771","IP0000SC","1.60","250.0","200.0","100.0","鉄 PBﾄｸ 平 焼付","N9.5(近似色)","1","","2026/09/25","福山通運　九州発送","2026/09/25","","塗装","山口","2026/09/17","製造"
"三親電材　米子★","九州工場","九州工場","2026/09/16","2026/09/16","26-J0134181-001-771","SE3030XC","1.50","300.0","300.0","300.0","SUS PB 水切 焼付","N-40(3分ﾂﾔ)","2","ｱｰｽ","2026/09/25","福山通運　九州発送","2026/09/25","","仕上","三澄","2026/09/17","製造"
"東芝電材　福岡★","九州工場","九州工場","2026/09/16","2026/09/16","26-J0134230-001-771","SE0000XN","1.50","500.0","400.0","400.0","SUS PBﾄｸ 水切","","2","ｱｰｽ","2026/09/17","ヤマックス福岡","2026/09/18","","組立","井上","2026/09/17","製造"
"かごしま電工　川内★","九州工場","九州工場","2026/09/16","2026/09/16","26-J0134292-002-771","SE3535XCW","1.50","350.0","350.0","350.0","SUS PB 水切 焼付","5Y7/1 近似色","1","ｱｰｽ 内ﾜﾆｽ","2026/09/28","佐川急便","2026/09/28","","仕上","三澄","2026/09/17","製造"
"かごしま電工　川内★","九州工場","九州工場","2026/09/16","2026/09/16","26-J0134292-001-771","SE3030XCW","1.50","300.0","300.0","300.0","SUS PB 水切 焼付","5Y7/1 近似色","1","ｱｰｽ 内ﾜﾆｽ","2026/09/28","佐川急便","2026/09/28","","仕上","三澄","2026/09/17","製造"
"新光産業　南","九州工場","九州工場","2026/09/16","2026/09/16","26-J0134334-001-771","SE0000XC","1.50","300.0","300.0","100.0","SUS PBﾄｸ 水切 焼付","2.5Y9/1","2","ｱｰｽ 足付(L50x50x4tφ12)x4","2026/09/25","イトカツ","2026/10/01","2026/09/25","仕上","三澄","2026/09/17","製造"
"平岡電気　福岡東★","九州工場","九州工場","2026/09/16","2026/09/16","26-J0134377-001-771","SE0000XN","1.50","700.0","500.0","300.0","SUS PBﾄｸ 水切","","1","ｱｰｽ","2026/09/17","ヤマックス福岡","2026/09/18","","組立","井上","2026/09/17","製造"
"三親電材　岡山★","九州工場","九州工場","2026/09/16","2026/09/16","26-J0134422-001-771","IP0000WC","1.60","500.0","300.0","150.0","鉄 PBﾄｸ 被せ 焼付","5Y7/1","2","","2026/09/24","福山通運　九州発送","2026/09/24","","塗装","山口","2026/09/17","製造"
"かごしま電工　奄美★","九州工場","九州工場","2026/09/16","2026/09/16","26-J0134457-001-771","SE5050XCW","1.50","500.0","500.0","500.0","SUS PB 水切 焼付","5Y7/1 近似色","1","ｱｰｽ 内ﾜﾆｽ","2026/09/28","佐川急便","2026/09/28","","仕上","三澄","2026/09/17","製造"
"かごしま電工　南★","九州工場","九州工場","2026/09/16","2026/09/16","26-J0134517-001-771","SE1510XNW","1.50","150.0","150.0","100.0","SUS PB 水切","","1","ｱｰｽ 内ﾜﾆｽ","2026/09/24","佐川急便","2026/09/24","","溶接","ロン","2026/09/17","製造"
"平岡電気　久留米★","九州工場","九州工場","2026/09/16","2026/09/16","26-J0134569-001-771","BE0000SG","1.60","400.0","400.0","250.0","国土 PBﾄｸ 平","","1","ｱｰｽ さび止め","2026/09/17","佐川急便","2026/09/17","","完成","服部","2026/09/17","製造"
"米良電機　宮崎★","九州工場","九州工場","2026/09/16","2026/09/16","26-J0134583-001-771","SE2520XC","1.50","250.0","250.0","200.0","SUS PB 水切 焼付","2.5Y9/1 近似色","1","ｱｰｽ","2026/09/25","佐川急便","2026/09/25","","仕上","三澄","2026/09/17","製造"
"三星商会　福山★","九州工場","九州工場","2026/09/16","2026/09/16","26-J0134708-001-771","SE0000WN","1.50","100.0","100.0","50.0","SUS PBﾄｸ 被せ","","1","ｱｰｽ","2026/09/17","福山通運　九州発送","2026/09/17","","完成","樋口","2026/09/17","製造"
"新光産業　本社","九州工場","九州工場","2026/09/16","2026/09/16","26-J0134778-003-771","DIP0000N","2.30","900.0","680.0","0.0","Sﾀﾞｲﾏ ﾌﾟﾚｰﾄ","","1","取付穴10-φ8　　/ 右上正面","2026/09/17","九州航空","2026/09/18","2026/09/17","完成","古川","2026/09/17","製造"
"新光産業　本社","九州工場","九州工場","2026/09/16","2026/09/16","26-J0134778-006-771","DIP0000N","2.30","1,000.0","870.0","0.0","Sﾀﾞｲﾏ ﾌﾟﾚｰﾄ","","1","取付穴10-φ8　　/ 右下側面","2026/09/17","九州航空","2026/09/18","2026/09/17","完成","古川","2026/09/17","製造"
"新光産業　本社","九州工場","九州工場","2026/09/16","2026/09/16","26-J0134778-005-771","DIP0000N","2.30","900.0","870.0","0.0","Sﾀﾞｲﾏ ﾌﾟﾚｰﾄ","","1","取付穴10-φ8　　/ 右下正面","2026/09/17","九州航空","2026/09/18","2026/09/17","完成","古川","2026/09/17","製造"
"新光産業　本社","九州工場","九州工場","2026/09/16","2026/09/16","26-J0134778-004-771","DIP0000N","2.30","1,000.0","680.0","0.0","Sﾀﾞｲﾏ ﾌﾟﾚｰﾄ","","1","取付穴10-φ8　　/ 右上側面","2026/09/17","九州航空","2026/09/18","2026/09/17","完成","古川","2026/09/17","製造"
"新光産業　本社","九州工場","九州工場","2026/09/16","2026/09/16","26-J0134778-002-771","DIP0000N","2.30","1,140.0","870.0","0.0","Sﾀﾞｲﾏ ﾌﾟﾚｰﾄ","","1","２分割 取付穴16-φ8　　/ 左下正面","2026/09/17","九州航空","2026/09/18","2026/09/17","完成","古川","2026/09/17","製造"
"新光産業　本社","九州工場","九州工場","2026/09/16","2026/09/16","26-J0134778-001-771","DIP0000N","2.30","750.0","680.0","0.0","Sﾀﾞｲﾏ ﾌﾟﾚｰﾄ","","1","取付穴10-φ8　　/ 左上正面","2026/09/17","九州航空","2026/09/18","2026/09/17","完成","古川","2026/09/17","製造"
"シンセイ　広島第二★","九州工場","九州工場","2026/09/16","2026/09/16","26-J0134780-001-771","BE0000SC","1.60","400.0","400.0","250.0","国土 PBﾄｸ 平 焼付","5Y7/1 近似色","1","ｱｰｽ","2026/09/24","福山通運　九州発送","2026/09/24","","塗装","山口","2026/09/17","製造"
"五十嵐電機★","九州工場","九州工場","2026/09/16","2026/09/16","26-J0134863-001-771","ZIP0000","3.20","670.0","610.0","0.0","ZN ﾌﾟﾚｰﾄ","","2","穴加工ｱﾘ","2026/09/29","福山通運　九州発送","2026/09/29","","切断","森山","2026/09/17","製造"
"興陽電機　下関★","九州工場","九州工場","2026/09/16","2026/09/16","26-J0134959-001-771","SMK0000N","1.50","0.0","0.0","300.0","SUS 曲金物","","1","W300用の蓋帯","2026/09/17","福山通運　九州発送","2026/09/17","","完成","服部","2026/09/17","製造"
"シンセイ　広島第一★","九州工場","九州工場","2026/09/17","2026/09/17","26-J0135082-001-771","IP0000SG","2.30","800.0","600.0","500.0","鉄 PBﾄｸ 平","","2","さび止め","2026/09/18","福山通運　九州発送","2026/09/18","","塗装","坂元","2026/09/17","製造"
"イシグロ　鹿児島★","九州工場","九州工場","2026/09/17","2026/09/17","26-J0135608-001-771","ZG0000","6.00","300.0","50.0","150.0","ZN 架台","","1","SS-L-50x50x6t　穴加工","2026/09/29","福山通運　九州発送","2026/09/29","","外注","ルアン","2026/09/17","製造"
"","九州工場","九州工場","","2026/09/04","26-R0002590-001-771","SE4030XN","1.50","400.0","400.0","300.0","SUS PB 水切","","6","***北ｱｰｽ","2026/09/18","自社便","","2026/09/24","溶接","ロン","2026/09/17","製造"
"","九州工場","九州工場","","2026/09/04","26-R0002591-001-771","SE4020WN","1.50","400.0","400.0","200.0","SUS PB 被せ","","6","***北ｱｰｽ","2026/09/18","自社便","","2026/09/24","溶接","ロン","2026/09/17","製造"
"","九州工場","九州工場","","2026/09/04","26-R0002608-001-771","BE3020SC2","1.60","300.0","300.0","200.0","国土 PB 平 焼付","2.5Y9/1","6","***沖縄ｱｰｽ 2.5Y9/1","2026/09/25","自社便","","2026/09/28","塗装","山口","2026/09/17","製造"
"","九州工場","九州工場","","2026/09/04","26-R0002609-001-771","SE2020XC2","1.50","200.0","200.0","200.0","SUS PB 水切 焼付","2.5Y9/1","12","***沖縄ｱｰｽ 2.5Y9/1","2026/09/25","自社便","","2026/09/28","仕上","山口","2026/09/17","製造"
"","九州工場","九州工場","","2026/09/04","26-R0002610-001-771","IE1510SC2","1.60","150.0","150.0","100.0","鉄 PB 平 焼付","2.5Y9/1","10","***沖縄ｱｰｽ 2.5Y9/1","2026/09/25","自社便","","2026/09/28","塗装","山口","2026/09/17","製造"
"","九州工場","九州工場","","2026/09/07","26-R0002627-001-771","SE2015XC5","1.50","200.0","200.0","150.0","SUS PB 水切 焼付","5Y7/1","3","***沖縄ｱｰｽ 5Y7/1","2026/09/25","イトカツ","","2026/09/25","塗装","山口","2026/09/17","製造"
"","九州工場","九州工場","","2026/09/07","26-R0002628-001-771","SE1515XC5","1.50","150.0","150.0","150.0","SUS PB 水切 焼付","5Y7/1","4","***沖縄ｱｰｽ 5Y7/1","2026/09/25","イトカツ","","2026/09/25","塗装","山口","2026/09/17","製造"
"","九州工場","九州工場","","2026/09/11","26-R0002650-001-771","BE4040SG","1.60","400.0","400.0","400.0","国土 PB 平","","6","***北ｱｰｽ さび止め","2026/09/18","自社便","","2026/09/24","組立","服部","2026/09/17","製造"
"","九州工場","九州工場","","2026/09/11","26-R0002661-001-771","BE2020SNN","1.60","200.0","200.0","200.0","国土 PB 平","","10","***北ｱｰｽ 生地(焼付用)","2026/09/18","","","","完成","山口","2026/09/17","製造"
"","九州工場","九州工場","","2026/09/11","26-R0002665-001-771","SE2010XNN","1.50","200.0","200.0","100.0","SUS PB 水切","","10","***北ｱｰｽ生地(焼付用)","2026/09/18","","","","完成","三澄","2026/09/17","製造"
"","九州工場","九州工場","","2026/09/16","26-R0002718-001-771","BE4020SG","1.60","400.0","400.0","200.0","国土 PB 平","","6","***北ｱｰｽ さび止め","2026/09/18","自社便","","2026/09/24","塗装","坂元","2026/09/17","製造"
"小林電工　岡山★","九州工場","九州工場","2026/08/27","2026/08/27","26-J0117665-001-771","IIMP0000N","1.60","400.0","0.0","0.0","鉄 丸ﾌﾟﾚｰﾄ","","23","ｻﾋﾞ止用生地 Φ400 金物･穴加工ｱﾘ","2026/09/18","福山通運　九州発送","2026/09/18","","切断","森山","2026/09/18","製造"
"宮地電機　新居浜","九州工場","九州工場","2026/09/01","2026/09/01","26-J0120976-003-771","SP0000XN","1.50","250.0","200.0","160.0","SUS PBﾄｸ 水切","","1","","2026/09/18","福山通運　九州発送","2026/09/24","","溶接","テイン","2026/09/18","製造"
"宮地電機　新居浜","九州工場","九州工場","2026/09/01","2026/09/01","26-J0120976-001-771","SP0000XN","1.50","400.0","200.0","160.0","SUS PBﾄｸ 水切","","4","","2026/09/18","福山通運　九州発送","2026/09/24","","溶接","ロン","2026/09/18","製造"
"宮地電機　新居浜","九州工場","九州工場","2026/09/01","2026/09/01","26-J0120976-002-771","SP0000XN","1.50","300.0","300.0","160.0","SUS PBﾄｸ 水切","","4","","2026/09/18","福山通運　九州発送","2026/09/24","","溶接","ロン","2026/09/18","製造"
"東芝電材　小倉★","九州工場","九州工場","2026/09/07","2026/09/07","26-J0125893-001-771","ZG0000","0.00","1,000.0","2,250.0","365.0","ZN 架台","","1","L50x50x6t  平蓋2.3t","2026/09/30","営業配達","2026/10/01","","溶接","横澤","2026/09/18","製造"
"イシグロ　福岡★","九州工場","九州工場","2026/09/08","2026/09/08","26-J0126648-005-771","IBG0000C","0.00","250.0","870.0","480.0","鉄 防球ガード 焼付","2.5Y9/1 近似色","1","配管ガード　SPB-1（E）","2026/09/25","チャーター便","2026/10/02","","切断","林(浩)","2026/09/18","製造"
"イシグロ　福岡★","九州工場","九州工場","2026/09/08","2026/09/08","26-J0126648-008-771","IBG0000C","0.00","1,000.0","450.0","450.0","鉄 防球ガード 焼付","2.5Y9/1 近似色","1","配管ガード　SPB-2（C）塞ぎプレートx1","2026/09/25","チャーター便","2026/10/02","","切断","林(浩)","2026/09/18","製造"
"イシグロ　福岡★","九州工場","九州工場","2026/09/08","2026/09/08","26-J0126648-007-771","IBG0000C","0.00","200.0","250.0","250.0","鉄 防球ガード 焼付","2.5Y9/1 近似色","1","配管ガード　SPB-2（B）","2026/09/25","チャーター便","2026/10/02","","塗装","山口","2026/09/18","製造"
"イシグロ　福岡★","九州工場","九州工場","2026/09/08","2026/09/08","26-J0126648-006-771","IBG0000C","0.00","250.0","940.0","500.0","鉄 防球ガード 焼付","2.5Y9/1 近似色","1","配管ガード　SPB-2（A）","2026/09/25","チャーター便","2026/10/02","","切断","林(浩)","2026/09/18","製造"
"佐野電機工業","九州工場","九州工場","2026/09/08","2026/09/08","26-J0127240-003-771","SE0000XN","2.00","1,400.0","500.0","400.0","SUS PBﾄｸ 水切","","1","ｱｰｽ","2026/09/18","福山通運　九州発送","2026/09/18","","溶接","ロン","2026/09/18","製造"
"佐野電機工業","九州工場","九州工場","2026/09/08","2026/09/08","26-J0127240-004-771","SE0000SNP","2.00","1,400.0","500.0","400.0","SUS PBﾄｸ 平","","1","ｱｰｽ ｺﾞﾑﾊﾟｯｷﾝ付","2026/09/18","福山通運　九州発送","2026/09/18","","溶接","テイン","2026/09/18","製造"
"ナミデン　福岡★","九州工場","九州工場","2026/09/08","2026/09/08","26-J0127421-001-771","DDC0000N","2.30","2,000.0","2,100.0","3,450.0","Sﾀﾞｲﾏ ﾀﾞｸﾄｶﾊﾞｰ","N-90 近似色","1","本体7分割 蓋16分割 平蓋ﾊﾟｯｷﾝ付　重耐塩塗装","2026/10/13","ヤマックス　ｽﾎﾟｯﾄ便","2026/10/14","","ｷｬﾝｾﾙ","林(秀)","2026/09/18","製造"
"ナミデン　福岡★","九州工場","九州工場","2026/09/08","2026/09/08","26-J0127433-001-771","ZG0000","0.00","800.0","500.0","0.0","ZN 架台","","2","ﾀﾞｸﾄｶﾊﾞｰ支持架台  L50x50x6t","2026/09/29","ヤマックス　ｽﾎﾟｯﾄ便","2026/09/30","","切断","奈木野","2026/09/18","製造"
"三共電気　沖縄★","九州工場","九州工場","2026/09/08","2026/09/08","26-J0127550-002-771","DDC0000N","2.30","700.0","275.0","830.0","Sﾀﾞｲﾏ ﾀﾞｸﾄｶﾊﾞｰ","","1","蓋のみﾄﾞﾌﾞ縞鋼板 内部SUSｱﾝｸﾞﾙ補強 開口 取付穴","2026/09/25","イトカツ","2026/09/30","2026/09/25","溶接","バン","2026/09/18","製造"
"三共電気　沖縄★","九州工場","九州工場","2026/09/08","2026/09/08","26-J0127550-001-771","DDC0000N","2.30","800.0","400.0","930.0","Sﾀﾞｲﾏ ﾀﾞｸﾄｶﾊﾞｰ","","1","蓋のみﾄﾞﾌﾞ縞鋼板 内部SUSｱﾝｸﾞﾙ補強 開口 取付穴","2026/09/25","イトカツ","2026/09/30","2026/09/25","溶接","バン","2026/09/18","製造"
"イシグロ　福岡★","九州工場","九州工場","2026/09/09","2026/09/09","26-J0128103-004-771","ZG0000","6.00","735.0","65.0","1,500.0","ZN 架台","","22","SS-L-65x65x6t　PL-6t　  B-004","2026/10/02","店頭渡し","2026/10/05","","溶接","ズオン","2026/09/18","製造"
"ナミデン　福岡★","九州工場","九州工場","2026/09/09","2026/09/09","26-J0128471-001-771","SDC0000C","2.00","2,000.0","2,100.0","3,450.0","SUS ﾀﾞｸﾄｶﾊﾞｰ 焼付","N-90 近似色","1","本体7分割 蓋16分割 平蓋ﾊﾟｯｷﾝ付","2026/09/29","ヤマックス　ｽﾎﾟｯﾄ便","2026/09/30","","切断","岩本","2026/09/18","製造"
"宮地電機　松山","九州工場","九州工場","2026/09/10","2026/09/10","26-J0129151-001-771","ZE1510W2","2.30","150.0","150.0","100.0","ZN PB 被せ","","8","ｱｰｽ","2026/09/30","福山通運　九州発送","2026/09/30","","溶接","マイン","2026/09/18","製造"
"新光産業　北","九州工場","九州工場","2026/09/10","2026/09/10","26-J0129210-002-771","AD0000N","2.00","1,000.0","250.0","2,000.0","ｱﾙﾐ ﾀﾞｸﾄ","","1","本体･平蓋３分割 ｱｰｽ 総ｱﾝｸﾞﾙ補強 支持棒","2026/09/24","沖縄直送","2026/09/24","","溶接","カイ","2026/09/18","製造"
"かごしま電工　南★","九州工場","九州工場","2026/09/11","2026/09/11","26-J0130615-001-771","IE0000SGW","2.30","800.0","800.0","500.0","鉄 PBﾄｸ 平","","2","ｱｰｽ さび止め 内ﾜﾆｽ","2026/09/28","佐川急便","2026/10/01","","溶接","マイン","2026/09/18","製造"
"日本電設資材　福岡★","九州工場","九州工場","2026/09/11","2026/09/11","26-J0130750-001-771","DKW0000N","1.60","800.0","200.0","280.0","Sﾀﾞｲﾏ 貫通枠","","2","ツバ付　","2026/09/18","ヤマックス福岡","2026/09/24","","溶接","恒川","2026/09/18","製造"
"ナミデン　福岡★","九州工場","九州工場","2026/09/14","2026/09/14","26-J0131182-005-771","DC0000N","1.60","600.0","635.0","473.0","Sﾀﾞｲﾏ ｶﾊﾞｰ","","1","ﾌｰﾄﾞﾎﾞｯｸｽ","2026/09/18","ヤマックス　ｽﾎﾟｯﾄ便","2026/09/24","","曲げ","道上","2026/09/18","製造"
"ナミデン　福岡★","九州工場","九州工場","2026/09/14","2026/09/14","26-J0131182-006-771","DKM0000N","1.60","800.0","205.0","100.0","Sﾀﾞｲﾏ 金物","","1","水切板","2026/09/18","ヤマックス　ｽﾎﾟｯﾄ便","2026/09/24","","溶接","ハイ","2026/09/18","製造"
"ナミデン　福岡★","九州工場","九州工場","2026/09/14","2026/09/14","26-J0131182-007-771","IIP0000G","2.30","600.0","473.0","0.0","鉄 ﾌﾟﾚｰﾄ","","1","さび止め 裏鉄板","2026/09/18","ヤマックス　ｽﾎﾟｯﾄ便","2026/09/24","","組立","服部","2026/09/18","製造"
"ナミデン　福岡★","九州工場","九州工場","2026/09/14","2026/09/14","26-J0131182-001-771","DC0000N","1.60","1,300.0","974.0","635.0","Sﾀﾞｲﾏ ｶﾊﾞｰ","","2","/500 ﾌｰﾄﾞﾎﾞｯｸｽ","2026/09/18","ヤマックス　ｽﾎﾟｯﾄ便","2026/09/24","","曲げ","道上","2026/09/18","製造"
"ナミデン　福岡★","九州工場","九州工場","2026/09/14","2026/09/14","26-J0131182-003-771","DKM0000N","1.60","1,500.0","205.0","100.0","Sﾀﾞｲﾏ 金物","","2","水切板","2026/09/18","ヤマックス　ｽﾎﾟｯﾄ便","2026/09/24","","溶接","ハイ","2026/09/18","製造"
"ナミデン　福岡★","九州工場","九州工場","2026/09/14","2026/09/14","26-J0131182-004-771","IIP0000G","2.30","1,300.0","473.0","0.0","鉄 ﾌﾟﾚｰﾄ","","2","さび止め 裏鉄板","2026/09/18","ヤマックス　ｽﾎﾟｯﾄ便","2026/09/24","","組立","服部","2026/09/18","製造"
"シンセイ　広島第二★","九州工場","九州工場","2026/09/14","2026/09/14","26-J0131396-001-771","IG0000C","0.00","1,150.0","300.0","125.0","鉄 架台 焼付","N8.2 近似色","5","L3x30x30 4-φ10　4-φ12　4-φ15","2026/09/29","福山通運　九州発送","2026/09/29","","ｷｬﾝｾﾙ","ルアン","2026/09/18","製造"
"ナミデン　福岡★","九州工場","九州工場","2026/09/14","2026/09/14","26-J0131489-001-771","SC0000N","1.50","430.0","430.0","10.0","SUS ｶﾊﾞｰ","","2","","2026/09/18","ヤマックス　ｽﾎﾟｯﾄ便","2026/09/29","","曲げ","恒川","2026/09/18","製造"
"三親電材　広島★","九州工場","九州工場","2026/09/14","2026/09/14","26-J0132033-002-771","DKW0000N","1.60","900.0","250.0","130.0","Sﾀﾞｲﾏ 貫通枠","","3","平蓋","2026/09/18","福山通運　九州発送","2026/09/24","","溶接","恒川","2026/09/18","製造"
"平岡電気　福岡東★","九州工場","九州工場","2026/09/14","2026/09/14","26-J0132368-002-771","DC0000N","1.60","380.0","200.0","390.0","Sﾀﾞｲﾏ ｶﾊﾞｰ","","1","平蓋（パッキン付）　L金物溶接","2026/09/18","福山通運　九州発送","2026/09/18","","曲げ","道上","2026/09/18","製造"
"平岡電気　福岡東★","九州工場","九州工場","2026/09/14","2026/09/14","26-J0132368-001-771","DC0000N","1.60","1,000.0","655.0","770.0","Sﾀﾞｲﾏ ｶﾊﾞｰ","","1","平蓋（パッキン付）　L金物溶接","2026/09/18","福山通運　九州発送","2026/09/18","","曲げ","道上","2026/09/18","製造"
"平岡電気　福岡東★","九州工場","九州工場","2026/09/14","2026/09/14","26-J0132371-003-771","SC0000N","2.00","80.0","80.0","215.0","SUS ｶﾊﾞｰ","","2","2-φ12","2026/09/18","福山通運　九州発送","2026/09/18","","組立","井上","2026/09/18","製造"
"カンサイ　西★","九州工場","九州工場","2026/09/15","2026/09/15","26-J0132432-001-771","ZABR350","0.00","350.0","350.0","0.0","ZN ｱﾝｸﾞﾙ引き込み架台","","1","三角ﾀｲﾌﾟ 右勝手 L50x50x6t","2026/09/29","ヤマックス福岡","2026/09/30","","切断","奈木野","2026/09/18","製造"
"カンサイ　西★","九州工場","九州工場","2026/09/15","2026/09/15","26-J0132432-002-771","ZABL350","0.00","350.0","350.0","0.0","ZN ｱﾝｸﾞﾙ引き込み架台","","1","三角ﾀｲﾌﾟ 左勝手 L50x50x6t","2026/09/29","ヤマックス福岡","2026/09/30","","切断","奈木野","2026/09/18","製造"
"岡本電機　三原★","九州工場","九州工場","2026/09/15","2026/09/15","26-J0132703-002-771","SP0000SC","1.50","300.0","300.0","200.0","SUS PBﾄｸ 平 焼付","09-30D 近似色","1","平蓋ｺﾞﾑﾊﾟｯｷﾝ付　","2026/09/29","福山通運　九州発送","2026/09/29","","溶接","テイン","2026/09/18","製造"
"岡本電機　三原★","九州工場","九州工場","2026/09/15","2026/09/15","26-J0132703-001-771","SDC0000C","1.50","300.0","300.0","200.0","SUS ﾀﾞｸﾄｶﾊﾞｰ 焼付","09-30D 近似色","1","平蓋ｺﾞﾑﾊﾟｯｷﾝ付　","2026/09/29","福山通運　九州発送","2026/09/29","","溶接","ロン","2026/09/18","製造"
"沖縄ミツヤマ電気","九州工場","九州工場","2026/09/15","2026/09/15","26-J0132761-003-771","DKW0000N","1.60","1,300.0","200.0","250.0","Sﾀﾞｲﾏ 貫通枠","","3","外耳 平蓋 補強ｱﾝｸﾞﾙ 取付穴　/7～9F","2026/09/24","イトカツ","2026/10/01","2026/09/24","曲げ","道上","2026/09/18","製造"
"沖縄ミツヤマ電気","九州工場","九州工場","2026/09/15","2026/09/15","26-J0132761-004-771","DKW0000N","1.60","500.0","250.0","250.0","Sﾀﾞｲﾏ 貫通枠","","3","外耳 平蓋 補強ｱﾝｸﾞﾙ 取付穴　/7～9F","2026/09/24","イトカツ","2026/10/01","2026/09/24","溶接","カイ","2026/09/18","製造"
"正和電材　佐世保★","九州工場","九州工場","2026/09/15","2026/09/15","26-J0132777-001-771","DP0000XN","2.30","700.0","700.0","700.0","Sﾀﾞｲﾏ PBﾄｸ 水切","","2","足付L4x50(φ12)x4  六角ｱﾌﾟｾｯﾄﾎﾞﾙﾄ止","2026/09/24","福山通運　九州発送","2026/09/24","","溶接","マイン","2026/09/18","製造"
"ナミデン　山口★","九州工場","九州工場","2026/09/15","2026/09/15","26-J0132858-001-771","ZE0000XA","3.20","800.0","800.0","600.0","ZN PBﾄｸ 水切","","2","◆ ｱｰｽ 足付L4x50(φ12)x6","2026/10/01","福山通運　九州発送","2026/10/01","","曲げ","志田","2026/09/18","製造"
"ナミデン　山口★","九州工場","九州工場","2026/09/15","2026/09/15","26-J0132870-001-771","ZE5050X2A","2.30","500.0","500.0","500.0","ZN PB 水切","","1","ｱｰｽ 足付L4x50(φ12)x4","2026/09/30","福山通運　九州発送","2026/10/01","","溶接","マイン","2026/09/18","製造"
"三共電気　本社★","九州工場","九州工場","2026/09/15","2026/09/15","26-J0132957-001-771","IG0000G","0.00","2,200.0","250.0","195.0","鉄 架台","","1","さび止め L75x75x6t","2026/09/25","ヤマックス　ｽﾎﾟｯﾄ便","2026/09/28","","溶接","ズオン","2026/09/18","製造"
"日本電設資材　福岡★","九州工場","九州工場","2026/09/15","2026/09/15","26-J0133130-001-771","ZG0000","3.80","0.0","0.0","1,800.0","ZN 架台","","1","SGP50A　ﾄﾞﾌﾞ漬け後片側塞ぎ3.2tﾛｰﾊﾞﾙ補修","2026/09/29","ヤマックス福岡","2026/09/29","","未着手","","2026/09/18","製造"
"日本電設資材　福岡★","九州工場","九州工場","2026/09/15","2026/09/15","26-J0133139-001-771","ZG0000","3.80","0.0","0.0","1,800.0","ZN 架台","","1","SGP50A　ﾄﾞﾌﾞ漬け後片側塞ぎ3.2tﾛｰﾊﾞﾙ補修","2026/09/30","ヤマックス福岡","2026/09/30","","未着手","","2026/09/18","製造"
"三星商会　岡山★","九州工場","九州工場","2026/09/15","2026/09/15","26-J0133143-001-771","SST0000C","0.00","400.0","150.0","2,000.0","SUS ｽﾀﾝｼｮﾝ 焼付","N1(近似色)","1","50A PLt3.0","2026/09/28","福山通運　九州発送","2026/09/28","","溶接","クイ","2026/09/18","製造"
"日本電設資材　福岡★","九州工場","九州工場","2026/09/15","2026/09/15","26-J0133144-001-771","ZG0000","3.80","0.0","0.0","1,800.0","ZN 架台","","1","SGP50A　ﾄﾞﾌﾞ漬け後片側塞ぎ3.2tﾛｰﾊﾞﾙ補修","2026/09/30","ヤマックス福岡","2026/09/30","","未着手","","2026/09/18","製造"
"ヤシマ電材","九州工場","九州工場","2026/09/15","2026/09/15","26-J0133149-003-771","SE0000XN","1.50","350.0","350.0","250.0","SUS PBﾄｸ 水切","","2","ｱｰｽ","2026/10/08","福山通運　九州発送","2026/10/08","","溶接","ロン","2026/09/18","製造"
"日本電設資材　福岡★","九州工場","九州工場","2026/09/15","2026/09/15","26-J0133155-001-771","ZG0000","3.80","0.0","0.0","1,800.0","ZN 架台","","1","SGP50A　ﾄﾞﾌﾞ漬け後片側塞ぎ3.2tﾛｰﾊﾞﾙ補修","2026/09/30","ヤマックス福岡","2026/09/30","","未着手","","2026/09/18","製造"
"日本電設資材　福岡★","九州工場","九州工場","2026/09/15","2026/09/15","26-J0133162-001-771","ZG0000","3.80","0.0","0.0","1,800.0","ZN 架台","","1","SGP50A　ﾄﾞﾌﾞ漬け後片側塞ぎ3.2tﾛｰﾊﾞﾙ補修","2026/09/30","ヤマックス福岡","2026/09/30","","未着手","","2026/09/18","製造"
"カンサイ　西★","九州工場","九州工場","2026/09/15","2026/09/15","26-J0133186-006-771","IDC0000G","2.30","700.0","250.0","740.0","鉄 ﾀﾞｸﾄｶﾊﾞｰ","","1","さび止め 平蓋　支持棒10A付き 耳30","2026/09/25","福山通運　九州発送","2026/09/25","","塗装","坂元","2026/09/18","製造"
"かごしま電工　城南★","九州工場","九州工場","2026/09/15","2026/09/15","26-J0133332-001-771","SP1515XC","1.50","150.0","150.0","150.0","SUS PB 水切 焼付","5Y7/1 近似色","5","座無しｼｰﾙ付","2026/09/29","佐川急便","2026/09/30","","仕上","三澄","2026/09/18","製造"
"中西電機　高松本社★","九州工場","九州工場","2026/09/15","2026/09/15","26-J0133384-001-771","SE0000WN","2.00","800.0","800.0","400.0","SUS PBﾄｸ 被せ","","1","ｱｰｽ","2026/09/18","福山通運　九州発送","2026/09/18","","溶接","テイン","2026/09/18","製造"
"興陽電機　八幡★","九州工場","九州工場","2026/09/15","2026/09/15","26-J0133387-001-771","ZG0000","0.00","350.0","350.0","0.0","ZN 架台","","1","HDZT77  L50x50x6t  三角","2026/09/29","北九州配達","2026/09/30","","切断","奈木野","2026/09/18","製造"
"新光産業　中部","九州工場","九州工場","2026/09/15","2026/09/15","26-J0133472-001-771","SE0000XC","1.50","200.0","200.0","100.0","SUS PBﾄｸ 水切 焼付","2.5Y9/1","13","ｱｰｽ 木板ﾍﾞｰｽ付","2026/09/28","イトカツ","2026/10/07","2026/09/28","曲げ","志田","2026/09/18","製造"
"三親電材　鳥取★","九州工場","九州工場","2026/09/15","2026/09/15","26-J0133488-001-771","SE0000XN","1.50","200.0","200.0","200.0","SUS PBﾄｸ 水切","","1","ｱｰｽ ｾﾝﾀｰｾﾊﾟﾚｰﾀ付","2026/09/18","福山通運　九州発送","2026/09/18","","溶接","テイン","2026/09/18","製造"
"アサヒ　中部","九州工場","九州工場","2026/09/15","2026/09/15","26-J0133494-001-771","ZG0000","6.00","750.0","400.0","75.0","ZN 架台","","1","L75x75x6t 取付穴φ13x3､φ18x3","2026/09/29","イトカツ","2026/10/06","2026/09/30","切断","奈木野","2026/09/18","製造"
"米良電機　宮崎★","九州工場","九州工場","2026/09/15","2026/09/15","26-J0133534-002-771","SE1515XC","1.50","150.0","150.0","150.0","SUS PB 水切 焼付","2.5Y9/1 近似色","5","ｱｰｽ","2026/09/28","福山通運　九州発送","2026/10/01","","ｷｬﾝｾﾙ","恒川","2026/09/18","製造"
"東芝電材　佐伯★","九州工場","九州工場","2026/09/15","2026/09/15","26-J0133672-001-771","SG0000C","4.00","700.0","400.0","315.0","SUS 架台 焼付","日東工業 5Y7/1 近似色","1","L4x50 FB4x75 穴加工","2026/09/28","佐川急便","2026/09/28","","溶接","クイ","2026/09/18","製造"
"東芝電材　熊本★","九州工場","九州工場","2026/09/15","2026/09/15","26-J0133732-001-771","BE0000SC","1.60","823.0","260.0","100.0","国土 PBﾄｸ 平 焼付","N-93 近似色","1","ｱｰｽ","2026/09/29","佐川急便","2026/09/29","","溶接","マイン","2026/09/18","製造"
"東芝電材　唐津★","九州工場","九州工場","2026/09/15","2026/09/15","26-J0133801-001-771","IG0000N","0.00","2,700.0","1,120.0","470.0","鉄 架台","","1","生地 4分割　L30x30x3t","2026/09/18","ヤマックス　ｽﾎﾟｯﾄ便","2026/09/18","","溶接","横澤","2026/09/18","製造"
"東芝電材　唐津★","九州工場","九州工場","2026/09/15","2026/09/15","26-J0133802-001-771","88801","0.00","0.0","0.0","0.0","その他・製","N8 近似色","1","非常灯用特注ボックス サンプル","2026/09/18","ヤマックス　ｽﾎﾟｯﾄ便","2026/09/18","","塗装","白濵","2026/09/18","製造"
"カンサイ南九州社★","九州工場","九州工場","2026/09/16","2026/09/16","26-J0133815-001-771","IP0000SC","2.30","1,200.0","300.0","300.0","鉄 PBﾄｸ 平 焼付","2.5Y9/1 近似色","1","","2026/09/28","福山通運　九州発送","2026/09/28","","仕上","三澄","2026/09/18","製造"
"カンサイ　南★","九州工場","九州工場","2026/09/16","2026/09/16","26-J0133855-001-771","IP0000SG","2.30","1,200.0","400.0","450.0","鉄 PBﾄｸ 平","","1","さび止め 蓋２分割","2026/09/24","佐川急便","2026/09/24","","塗装","坂元","2026/09/18","製造"
"九州電業社　佐世保★","九州工場","九州工場","2026/09/16","2026/09/16","26-J0134172-002-771","SE1510XNA","1.50","150.0","150.0","100.0","SUS PB 水切","","1","ｱｰｽ 足付L3x30 12ﾊﾟｲx4","2026/09/18","佐川急便","2026/09/18","","溶接","ロン","2026/09/18","製造"
"九州電業社　佐世保★","九州工場","九州工場","2026/09/16","2026/09/16","26-J0134172-001-771","SE2015XNA","1.50","200.0","200.0","150.0","SUS PB 水切","","2","ｱｰｽ 足付L3x30 12ﾊﾟｲx4","2026/09/18","佐川急便","2026/09/18","","溶接","テイン","2026/09/18","製造"
"小林電工　岡山★","九州工場","九州工場","2026/09/16","2026/09/16","26-J0134277-001-771","SE2020XNA","1.50","200.0","200.0","200.0","SUS PB 水切","","4","ｱｰｽ 足付4-L3x30.12φ","2026/09/18","福山通運　九州発送","2026/09/18","","溶接","ロン","2026/09/18","製造"
"山陰ﾊﾟﾅｿﾆｯｸ　出雲★","九州工場","九州工場","2026/09/16","2026/09/16","26-J0134295-002-771","IP0000SC","1.60","600.0","150.0","200.0","鉄 PBﾄｸ 平 焼付","N8.7(近似色)","6","","2026/09/29","福山通運　九州発送","2026/09/29","","溶接","マイン","2026/09/18","製造"
"山陰ﾊﾟﾅｿﾆｯｸ　出雲★","九州工場","九州工場","2026/09/16","2026/09/16","26-J0134295-001-771","IP2020SC","1.60","200.0","200.0","200.0","鉄 PB 平 焼付","N8.7(近似色)","2","","2026/09/29","福山通運　九州発送","2026/09/29","","仕上","三澄","2026/09/18","製造"
"宮地電機　高知","九州工場","九州工場","2026/09/16","2026/09/16","26-J0134412-002-771","ZE2020X2","2.30","200.0","200.0","200.0","ZN PB 水切","","2","HDZT56 ｱｰｽ","2026/09/30","福山通運　九州発送","2026/10/01","","曲げ","志田","2026/09/18","製造"
"宮地電機　高知","九州工場","九州工場","2026/09/16","2026/09/16","26-J0134412-001-771","ZE1510X2","2.30","150.0","150.0","100.0","ZN PB 水切","","7","HDZT56 ｱｰｽ","2026/09/30","福山通運　九州発送","2026/10/01","","曲げ","志田","2026/09/18","製造"
"山陰ﾊﾟﾅｿﾆｯｸ　米子★","九州工場","九州工場","2026/09/16","2026/09/16","26-J0134417-001-771","SP0000XNA","1.50","500.0","400.0","300.0","SUS PBﾄｸ 水切","","3","500側足付L4x50Φ12　","2026/09/18","福山通運　九州発送","2026/09/18","","溶接","ロン","2026/09/18","製造"
"暁電業　岡山本社★","九州工場","九州工場","2026/09/16","2026/09/16","26-J0134459-003-771","IFS0000G","1.60","300.0","300.0","250.0","鉄 張出BOX","","1","さび止め 蓋320x320","2026/09/24","福山通運　九州発送","2026/09/24","","塗装","坂元","2026/09/18","製造"
"暁電業　岡山本社★","九州工場","九州工場","2026/09/16","2026/09/16","26-J0134459-001-771","IF0000G","1.60","300.0","300.0","250.0","鉄 裏BOX","","1","さび止め 蓋320x320","2026/09/24","福山通運　九州発送","2026/09/24","","ｷｬﾝｾﾙ","林(秀)","2026/09/18","製造"
"シンセイ　福山★","九州工場","九州工場","2026/09/16","2026/09/16","26-J0134529-002-771","SP0000XN","1.50","400.0","400.0","250.0","SUS PBﾄｸ 水切","","1","","2026/09/18","福山通運　九州発送","2026/09/18","","溶接","ロン","2026/09/18","製造"
"シンセイ　福山★","九州工場","九州工場","2026/09/16","2026/09/16","26-J0134529-001-771","SP4020XN","1.50","400.0","400.0","200.0","SUS PB 水切","","1","","2026/09/18","福山通運　九州発送","2026/09/18","","溶接","ロン","2026/09/18","製造"
"かごしま電工　南★","九州工場","九州工場","2026/09/16","2026/09/16","26-J0134533-003-771","SE1010XNW","1.50","100.0","100.0","100.0","SUS PB 水切","","1","ｱｰｽ位置指定 足付L3x30(φ12)x2 内ﾜﾆｽ","2026/09/25","佐川急便","2026/09/25","","曲げ","ラム","2026/09/18","製造"
"米良電機　宮崎★","九州工場","九州工場","2026/09/16","2026/09/16","26-J0134599-002-771","SE1515XC","1.50","150.0","150.0","150.0","SUS PB 水切 焼付","2.5Y9/1 近似色","5","ｱｰｽ","2026/09/28","福山通運　九州発送","2026/09/28","","仕上","三澄","2026/09/18","製造"
"山陰ﾊﾟﾅｿﾆｯｸ　浜田★","九州工場","九州工場","2026/09/16","2026/09/16","26-J0134604-001-771","BE0000SG","1.60","300.0","200.0","150.0","国土 PBﾄｸ 平","","5","ｱｰｽ さび止め","2026/09/24","福山通運　九州発送","2026/09/24","","溶接","マイン","2026/09/18","製造"
"栗田電機　今治★","九州工場","九州工場","2026/09/16","2026/09/16","26-J0134718-001-771","SE0000XN","1.50","400.0","300.0","200.0","SUS PBﾄｸ 水切","","1","ｱｰｽ","2026/09/18","福山通運　九州発送","2026/09/18","","溶接","ロン","2026/09/18","製造"
"宮地電機　高松","九州工場","九州工場","2026/09/16","2026/09/16","26-J0134725-001-771","SE2010WC","1.50","200.0","200.0","100.0","SUS PB 被せ 焼付","N1(近似色)","1","ｱｰｽ","2026/09/28","福山通運　九州発送","2026/09/28","","溶接","テイン","2026/09/18","製造"
"堀本電機産業★","九州工場","九州工場","2026/09/16","2026/09/16","26-J0134741-001-771","SP5020WN","1.50","500.0","500.0","200.0","SUS PB 被せ","","1","","2026/09/18","福山通運　九州発送","2026/09/18","","溶接","ロン","2026/09/18","製造"
"東芝電材　宮崎★","九州工場","九州工場","2026/09/16","2026/09/16","26-J0134749-001-771","BE1515SC","1.60","150.0","150.0","150.0","国土 PB 平 焼付","2.5Y9/1 近似色","4","ｱｰｽ","2026/09/28","福山通運　九州発送","2026/09/28","","溶接","マイン","2026/09/18","製造"
"シンセイ　広島第二★","九州工場","九州工場","2026/09/16","2026/09/16","26-J0134788-002-771","BE0000SC","1.60","400.0","400.0","200.0","国土 PBﾄｸ 平 焼付","5Y7/1 近似色","1","ｱｰｽ ｾﾊﾟﾚｰﾀ","2026/09/28","福山通運　九州発送","2026/09/28","","溶接","マイン","2026/09/18","製造"
"正和電材　大村★","九州工場","九州工場","2026/09/16","2026/09/16","26-J0134903-001-771","ZE0000XA","2.30","350.0","350.0","200.0","ZN PBﾄｸ 水切","","1","◆ HDZT49 ｱｰｽ 足付L3x40(φ12)x4 G36ｶｯﾌﾟﾘﾝｸﾞx3","2026/10/02","佐川急便","2026/10/05","","溶接","マイン","2026/09/18","製造"
"三親電材　出雲★","九州工場","九州工場","2026/09/16","2026/09/16","26-J0134915-002-771","SE1510WC","1.50","150.0","150.0","100.0","SUS PB 被せ 焼付","22-90C 艶無し","1","ｱｰｽ","2026/09/28","福山通運　九州発送","2026/09/28","","溶接","テイン","2026/09/18","製造"
"三親電材　出雲★","九州工場","九州工場","2026/09/16","2026/09/16","26-J0134915-001-771","SE2520WC","1.50","250.0","250.0","200.0","SUS PB 被せ 焼付","22-90C 艶無し","2","ｱｰｽ","2026/09/28","福山通運　九州発送","2026/09/28","","溶接","テイン","2026/09/18","製造"
"東芝電材　熊本★","九州工場","九州工場","2026/09/16","2026/09/16","26-J0134991-002-771","ZP1510X2","2.30","150.0","150.0","100.0","ZN PB 水切","","1","座無ｼｰﾙ付","2026/09/30","佐川急便","2026/09/30","","溶接","マイン","2026/09/18","製造"
"東芝電材　熊本★","九州工場","九州工場","2026/09/16","2026/09/16","26-J0134991-001-771","ZP2020X2","2.30","200.0","200.0","200.0","ZN PB 水切","","1","座無ｼｰﾙ付","2026/09/30","佐川急便","2026/09/30","","溶接","マイン","2026/09/18","製造"
"東芝電材　熊本★","九州工場","九州工場","2026/09/16","2026/09/16","26-J0134991-003-771","ZE1515X2","2.30","150.0","150.0","150.0","ZN PB 水切","","2","ｱｰｽ","2026/09/30","佐川急便","2026/09/30","","曲げ","志田","2026/09/18","製造"
"シンセイ　広島第二★","九州工場","九州工場","2026/09/17","2026/09/17","26-J0135061-001-771","SP0000WN","1.50","500.0","200.0","300.0","SUS PBﾄｸ 被せ","","1","","2026/09/18","福山通運　九州発送","2026/09/18","","溶接","ロン","2026/09/18","製造"
"山電　小倉","九州工場","九州工場","2026/09/17","2026/09/17","26-J0135063-001-771","SE3535XN","1.50","350.0","350.0","350.0","SUS PB 水切","","4","ｱｰｽ","2026/09/18","北九州配達","2026/09/24","","溶接","ロン","2026/09/18","製造"
"田中商事　福岡","九州工場","九州工場","2026/09/17","2026/09/17","26-J0135064-001-771","DP2520WN","1.60","250.0","250.0","200.0","Sﾀﾞｲﾏ PB 被せ","","1","","2026/09/18","ヤマックス福岡","2026/09/24","","溶接","マイン","2026/09/18","製造"
"田中商事　福岡","九州工場","九州工場","2026/09/17","2026/09/17","26-J0135064-003-771","DP3030WN","1.60","300.0","300.0","300.0","Sﾀﾞｲﾏ PB 被せ","","4","","2026/09/18","ヤマックス福岡","2026/09/24","","溶接","マイン","2026/09/18","製造"
"田中商事　福岡","九州工場","九州工場","2026/09/17","2026/09/17","26-J0135064-002-771","DP1515WN","1.60","150.0","150.0","150.0","Sﾀﾞｲﾏ PB 被せ","","1","","2026/09/18","ヤマックス福岡","2026/09/24","","溶接","マイン","2026/09/18","製造"
"中国機材設備　本社★","九州工場","九州工場","2026/09/17","2026/09/17","26-J0135088-002-771","SE1510XNA","1.50","150.0","150.0","100.0","SUS PB 水切","","2","ｱｰｽ 足付 L3x30(φ12)x4","2026/09/18","佐川急便","2026/09/18","","溶接","テイン","2026/09/18","製造"
"米良電機　延岡★","九州工場","九州工場","2026/09/17","2026/09/17","26-J0135100-001-771","SE1515XC","1.50","150.0","150.0","150.0","SUS PB 水切 焼付","2.5Y9/1 近似色","1","ｱｰｽ","2026/09/28","佐川急便","2026/09/28","","溶接","テイン","2026/09/18","製造"
"カンサイ九州昭和　福岡★","九州工場","九州工場","2026/09/17","2026/09/17","26-J0135104-002-771","SE3020XC","1.50","300.0","300.0","200.0","SUS PB 水切 焼付","2.5Y9/1 近似色","7","ｱｰｽ","2026/09/28","ヤマックス福岡","2026/09/30","","溶接","テイン","2026/09/18","製造"
"カンサイ九州昭和　福岡★","九州工場","九州工場","2026/09/17","2026/09/17","26-J0135104-004-771","SE2020XC","1.50","200.0","200.0","200.0","SUS PB 水切 焼付","2.5Y9/1 近似色","3","ｱｰｽ","2026/09/28","ヤマックス福岡","2026/09/30","","塗装","林(秀)","2026/09/18","製造"
"富士商会　佐賀★","九州工場","九州工場","2026/09/17","2026/09/17","26-J0135112-001-771","SP0000WN","1.50","700.0","700.0","300.0","SUS PBﾄｸ 被せ","","1","","2026/09/18","佐川急便","2026/09/18","","溶接","ロン","2026/09/18","製造"
"Q-mast　空調管グル－プ★","九州工場","九州工場","2026/09/17","2026/09/17","26-J0135138-001-771","ZG0000","0.00","210.0","350.0","0.0","ZN 架台","","2","SP配管架台 3","2026/09/29","ヤマックス　ｽﾎﾟｯﾄ便","2026/09/30","","未着手","","2026/09/18","製造"
"三親電材　福山★","九州工場","九州工場","2026/09/17","2026/09/17","26-J0135145-001-771","IP0000SG","1.60","500.0","300.0","300.0","鉄 PBﾄｸ 平","","1","さび止め","2026/09/24","福山通運　九州発送","2026/09/24","","溶接","マイン","2026/09/18","製造"
"三親電材　福山★","九州工場","九州工場","2026/09/17","2026/09/17","26-J0135155-001-771","DP1510WN","1.60","150.0","150.0","100.0","Sﾀﾞｲﾏ PB 被せ","","4","","2026/09/18","福山通運　九州発送","2026/09/18","","溶接","マイン","2026/09/18","製造"
"新光産業　本社","九州工場","九州工場","2026/09/17","2026/09/17","26-J0135163-002-771","BE3030SC","1.60","300.0","300.0","300.0","国土 PB 平 焼付","5Y7/1","1","ｱｰｽ","2026/09/28","イトカツ","2026/10/05","2026/09/28","溶接","マイン","2026/09/18","製造"
"新光産業　本社","九州工場","九州工場","2026/09/17","2026/09/17","26-J0135163-003-771","BE5030SC","1.60","500.0","500.0","300.0","国土 PB 平 焼付","5Y7/1","1","ｱｰｽ","2026/09/28","イトカツ","2026/10/05","2026/09/28","溶接","マイン","2026/09/18","製造"
"新光産業　本社","九州工場","九州工場","2026/09/17","2026/09/17","26-J0135163-001-771","BE3020SC","1.60","300.0","300.0","200.0","国土 PB 平 焼付","5Y7/1","1","ｱｰｽ","2026/09/28","イトカツ","2026/10/05","2026/09/28","塗装","林(秀)","2026/09/18","製造"
"三親電材　尾道★","九州工場","九州工場","2026/09/17","2026/09/17","26-J0135176-001-771","IF0000N","1.60","500.0","300.0","50.0","鉄 裏BOX","","1","内耳無し切りっぱなし 生地","2026/09/18","福山通運　九州発送","2026/09/18","","溶接","マイン","2026/09/18","製造"
"越智電機産業　今治★","九州工場","九州工場","2026/09/17","2026/09/17","26-J0135233-001-771","BE0000SG","1.60","300.0","300.0","300.0","国土 PBﾄｸ 平","","1","ｱｰｽ さび止め ｾﾝﾀｰｾﾊﾟﾚｰﾀ付","2026/09/24","福山通運　九州発送","2026/09/24","","溶接","マイン","2026/09/18","製造"
"越智電機産業　今治★","九州工場","九州工場","2026/09/17","2026/09/17","26-J0135233-002-771","BE0000SG","1.60","400.0","300.0","300.0","国土 PBﾄｸ 平","","1","ｱｰｽ さび止め","2026/09/24","福山通運　九州発送","2026/09/24","","切断","井上(隆)","2026/09/18","製造"
"メイク機材★","九州工場","九州工場","2026/09/17","2026/09/17","26-J0135246-003-771","IG0000G","0.00","2,800.0","2,300.0","2,900.0","鉄 架台","","1","さび止め [100x50x5 L-50x50x6t L-65x65x6t　穴加工","2026/09/24","店頭渡し","2026/09/25","","切断","森山","2026/09/18","製造"
"さくら電機　国分★","九州工場","九州工場","2026/09/17","2026/09/17","26-J0135366-001-771","BE3025SCW","1.60","300.0","300.0","250.0","国土 PB 平 焼付","2.5Y9/1 近似色","1","ｱｰｽ  内ﾜﾆｽ","2026/09/28","佐川急便","2026/09/28","","溶接","マイン","2026/09/18","製造"
"米良電機　西諸★","九州工場","九州工場","2026/09/17","2026/09/17","26-J0135393-001-771","SE2020XC","1.50","200.0","200.0","200.0","SUS PB 水切 焼付","2.5Y9/1 近似色","2","ｱｰｽ","2026/09/28","佐川急便","2026/09/28","","塗装","林(秀)","2026/09/18","製造"
"米良電機　西諸★","九州工場","九州工場","2026/09/17","2026/09/17","26-J0135393-002-771","SE3030XC","1.50","300.0","300.0","300.0","SUS PB 水切 焼付","2.5Y9/1 近似色","5","ｱｰｽ","2026/09/28","佐川急便","2026/09/28","","溶接","ロン","2026/09/18","製造"
"米良電機　西諸★","九州工場","九州工場","2026/09/17","2026/09/17","26-J0135393-003-771","SE4030XC","1.50","400.0","400.0","300.0","SUS PB 水切 焼付","2.5Y9/1 近似色","4","ｱｰｽ","2026/09/28","佐川急便","2026/09/28","","溶接","ロン","2026/09/18","製造"
"平岡電気　久留米★","九州工場","九州工場","2026/09/17","2026/09/17","26-J0135461-002-771","SE2525XC","1.50","250.0","250.0","250.0","SUS PB 水切 焼付","2.5Y9/1 近似色","3","ｱｰｽ","2026/09/28","佐川急便","2026/09/28","","溶接","テイン","2026/09/18","製造"
"平岡電気　久留米★","九州工場","九州工場","2026/09/17","2026/09/17","26-J0135461-001-771","SE3030XC","1.50","300.0","300.0","300.0","SUS PB 水切 焼付","2.5Y9/1 近似色","1","ｱｰｽ","2026/09/28","佐川急便","2026/09/28","","溶接","テイン","2026/09/18","製造"
"米良電機　西諸★","九州工場","九州工場","2026/09/17","2026/09/17","26-J0135473-001-771","BE3030SC","1.60","300.0","300.0","300.0","国土 PB 平 焼付","2.5Y9/1 近似色","1","ｱｰｽ","2026/09/28","佐川急便","2026/09/28","","切断","井上(隆)","2026/09/18","製造"
"東芝電材　大分★","九州工場","九州工場","2026/09/17","2026/09/17","26-J0135475-001-771","SE0000XN","1.50","100.0","100.0","80.0","SUS PBﾄｸ 水切","","2","ｱｰｽ","2026/09/18","佐川急便","2026/09/18","","溶接","テイン","2026/09/18","製造"
"東芝電材　松江★","九州工場","九州工場","2026/09/17","2026/09/17","26-J0135525-002-771","SE0000WN","1.50","250.0","200.0","100.0","SUS PBﾄｸ 被せ","","2","ｱｰｽ","2026/09/18","福山通運　九州発送","2026/09/18","","溶接","テイン","2026/09/18","製造"
"赤木電機★","九州工場","九州工場","2026/09/17","2026/09/17","26-J0135574-001-771","ZE0000S","2.30","400.0","400.0","150.0","ZN PBﾄｸ 平","","1","HDZT56 ｱｰｽ","2026/09/30","福山通運　九州発送","2026/09/30","","切断","井上(隆)","2026/09/18","製造"
"かごしま電工　城南★","九州工場","九州工場","2026/09/17","2026/09/17","26-J0135594-001-771","BE3030SCW","1.60","300.0","300.0","300.0","国土 PB 平 焼付","2.5Y9/1 近似色","7","ｱｰｽ  内ﾜﾆｽ","2026/09/29","佐川急便","2026/09/29","","切断","井上(隆)","2026/09/18","製造"
"興陽電機　小倉★","九州工場","九州工場","2026/09/17","2026/09/17","26-J0135665-001-771","IP0000WC","1.60","500.0","500.0","250.0","鉄 PBﾄｸ 被せ 焼付","2.5Y9/1 近似色","1","","2026/09/28","北九州配達","2026/09/29","","切断","井上(隆)","2026/09/18","製造"
"東芝電材　八代★","九州工場","九州工場","2026/09/17","2026/09/17","26-J0135667-001-771","IP1010SC","1.60","100.0","100.0","100.0","鉄 PB 平 焼付","10Y7/8 近似色","1","","2026/09/28","佐川急便","2026/09/28","","仕上","三澄","2026/09/18","製造"
"興陽電機　福岡★","九州工場","九州工場","2026/09/17","2026/09/17","26-J0135687-001-771","BE3030SC","1.60","300.0","300.0","300.0","国土 PB 平 焼付","2.5Y9/1 近似色","2","ｱｰｽ","2026/09/28","ヤマックス福岡","2026/09/29","","切断","井上(隆)","2026/09/18","製造"
"興陽電機　福岡★","九州工場","九州工場","2026/09/17","2026/09/17","26-J0135687-002-771","BP3020SC","1.60","300.0","300.0","200.0","国土 PB 平 焼付","2.5Y9/1 近似色","1","ｱｰｽ無","2026/09/28","ヤマックス福岡","2026/09/29","","溶接","マイン","2026/09/18","製造"
"平岡電気　福岡南★","九州工場","九州工場","2026/09/17","2026/09/17","26-J0135689-001-771","IP0000SG","1.60","250.0","150.0","100.0","鉄 PBﾄｸ 平","","1","蓋に開口 さび止め","2026/09/18","ヤマックス福岡","2026/09/24","","塗装","坂元","2026/09/18","製造"
"カンサイ　苅田★","九州工場","九州工場","2026/09/17","2026/09/17","26-J0135726-001-771","BE6040SG","1.60","600.0","600.0","400.0","国土 PB 平","","2","ｱｰｽ さび止め","2026/09/18","佐川急便","2026/09/18","","溶接","マイン","2026/09/18","製造"
"平岡電気　福岡中央★","九州工場","九州工場","2026/09/17","2026/09/17","26-J0135835-001-771","IP0000SG","1.60","150.0","100.0","150.0","鉄 PBﾄｸ 平","","1","さび止め","2026/09/18","ヤマックス福岡","2026/09/24","","溶接","マイン","2026/09/18","製造"
"Q-mast　空調管グル－プ★","九州工場","九州工場","2026/09/17","2026/09/17","26-J0135916-002-771","ZI0000","6.00","490.0","190.0","0.0","ZN 切板","","1","","2026/09/29","ヤマックス　ｽﾎﾟｯﾄ便","2026/09/30","","外注","森山","2026/09/18","製造"
"Q-mast　空調管グル－プ★","九州工場","九州工場","2026/09/17","2026/09/17","26-J0135916-001-771","ZI0000","6.00","490.0","60.0","0.0","ZN 切板","","1","","2026/09/29","ヤマックス　ｽﾎﾟｯﾄ便","2026/09/30","","外注","森山","2026/09/18","製造"
"興陽電機　下関★","九州工場","九州工場","2026/09/17","2026/09/17","26-J0135958-001-771","ZE5020X2","2.30","500.0","500.0","200.0","ZN PB 水切","","2","ｱｰｽ","2026/09/29","福山通運　九州発送","2026/09/29","","切断","岩本","2026/09/18","製造"
"東芝電材　熊本★","九州工場","九州工場","2026/09/17","2026/09/17","26-J0135971-001-771","SP3520WN","1.50","350.0","350.0","200.0","SUS PB 被せ","","1","","2026/09/18","佐川急便","2026/09/18","","切断","岩本","2026/09/18","製造"
"興陽電機　岩国★","九州工場","九州工場","2026/09/17","2026/09/17","26-J0135991-001-771","BE1510XG","1.60","150.0","150.0","100.0","国土 PB 水切","","2","ｱｰｽ さび止め","2026/09/24","福山通運　九州発送","2026/10/23","","未着手","","2026/09/18","製造"
"アサヒ　中部","九州工場","九州工場","2026/09/17","2026/09/17","26-J0136069-003-771","BE2520SC","1.60","250.0","250.0","200.0","国土 PB 平 焼付","2.5Y9/1","1","ｱｰｽ","2026/09/28","イトカツ","2026/10/07","2026/09/29","切断","岩本","2026/09/18","製造"
"東芝電材　八代★","九州工場","九州工場","2026/09/17","2026/09/17","26-J0136224-001-771","SP5050XN","1.50","500.0","500.0","500.0","SUS PB 水切","","1","","2026/09/18","佐川急便","2026/09/18","","未着手","","2026/09/18","製造"
"","九州工場","九州工場","","2026/09/03","26-R0002566-001-771","SOG5-6","3.00","530.0","300.0","40.0","SUS ガス乾燥機用架台","","10","ガス乾燥機アングル5～6kg兼用(標準)　Lx1 Rx1","2026/09/18","イトカツ","","2026/09/18","溶接","ロン","2026/09/18","製造"
"","九州工場","九州工場","","2026/09/04","26-R0002592-001-771","BE5050SG","1.60","500.0","500.0","500.0","国土 PB 平","","4","***北ｱｰｽ さび止め","2026/09/24","自社便","","2026/09/25","溶接","マイン","2026/09/18","製造"
"","九州工場","九州工場","","2026/09/04","26-R0002593-001-771","SE4030WN","1.50","400.0","400.0","300.0","SUS PB 被せ","","6","***北ｱｰｽ","2026/09/24","自社便","","2026/09/25","溶接","ロン","2026/09/18","製造"
"","九州工場","九州工場","","2026/09/04","26-R0002596-001-771","SE5050XN","1.50","500.0","500.0","500.0","SUS PB 水切","","4","***北ｱｰｽ","2026/09/24","自社便","","2026/09/25","溶接","ロン","2026/09/18","製造"
"","九州工場","九州工場","","2026/09/07","26-R0002618-001-771","BE3020SC2","1.60","300.0","300.0","200.0","国土 PB 平 焼付","2.5Y9/1","6","***沖縄ｱｰｽ 2.5Y9/1","2026/09/28","自社便","","2026/09/29","仕上","三澄","2026/09/18","製造"
"","九州工場","九州工場","","2026/09/07","26-R0002620-001-771","SE2015XC2","1.50","200.0","200.0","150.0","SUS PB 水切 焼付","2.5Y9/1","12","***沖縄ｱｰｽ 2.5Y9/1","2026/09/28","自社便","","2026/09/29","溶接","テイン","2026/09/18","製造"
"","九州工場","九州工場","","2026/09/07","26-R0002621-001-771","IE3020SC2","1.60","300.0","300.0","200.0","鉄 PB 平 焼付","2.5Y9/1","6","***沖縄ｱｰｽ 2.5Y9/1","2026/09/28","イトカツ","","2026/09/28","仕上","三澄","2026/09/18","製造"
"","九州工場","九州工場","","2026/09/07","26-R0002629-001-771","SE1510XC5","1.50","150.0","150.0","100.0","SUS PB 水切 焼付","5Y7/1","6","***沖縄ｱｰｽ 5Y7/1","2026/09/28","イトカツ","","2026/09/28","溶接","テイン","2026/09/18","製造"
"","九州工場","九州工場","","2026/09/07","26-R0002630-001-771","SE2020XC5","1.50","200.0","200.0","200.0","SUS PB 水切 焼付","5Y7/1","4","***沖縄ｱｰｽ 5Y7/1","2026/09/28","イトカツ","","2026/09/28","仕上","三澄","2026/09/18","製造"
"","九州工場","九州工場","","2026/09/11","26-R0002654-001-771","SE4040XN","1.50","400.0","400.0","400.0","SUS PB 水切","","6","***北ｱｰｽ","2026/09/24","自社便","","2026/09/25","溶接","ロン","2026/09/18","製造"
"","九州工場","九州工場","","2026/09/11","26-R0002657-001-771","BE1510SNN","1.60","150.0","150.0","100.0","国土 PB 平","","10","***北ｱｰｽ 生地(焼付用)","2026/09/24","","","","溶接","フイ","2026/09/18","製造"
"","九州工場","九州工場","","2026/09/11","26-R0002664-001-771","SE1510XNN","1.50","150.0","150.0","100.0","SUS PB 水切","","10","***北ｱｰｽ生地(焼付用)","2026/09/24","","","","溶接","テイン","2026/09/18","製造"
"","九州工場","九州工場","","2026/09/16","26-R0002710-001-771","SE2515SC2","1.50","250.0","250.0","150.0","SUS PB 平 焼付","2.5Y9/1","4","***沖縄ｱｰｽ 2.5Y9/1 ﾊﾟｯｷﾝ付","2026/09/28","イトカツ","","2026/09/28","溶接","テイン","2026/09/18","製造"
"","九州工場","九州工場","","2026/09/16","26-R0002719-001-771","BE4020SG","1.60","400.0","400.0","200.0","国土 PB 平","","6","***北ｱｰｽ さび止め","2026/09/24","自社便","","2026/09/25","溶接","マイン","2026/09/18","製造"
"九州三菱電機販売　中津","九州工場","九州工場","2026/08/03","2026/08/03","26-J0101194-001-771","IBGE1800C","2.30","1,800.0","800.0","350.0","鉄 防球ガード 焼付","","12","天吊形空調機用　フルオープン","2026/10/01","チャーター便","2026/10/02","","塗装","ナム","2026/09/24","製造"
"宮地電機　南予","九州工場","九州工場","2026/08/18","2026/08/18","26-J0108990-002-771","SD0000N","1.50","250.0","250.0","500.0","SUS ﾀﾞｸﾄ","","1","/80/350 ﾒｸﾗ･ｺﾞﾑﾊﾟｯｷﾝ付","2026/09/24","福山通運　九州発送","2026/09/24","","切断","バック","2026/09/24","製造"
"宮地電機　南予","九州工場","九州工場","2026/08/18","2026/08/18","26-J0108990-001-771","SD0000N","1.50","250.0","100.0","1,300.0","SUS ﾀﾞｸﾄ","","1","ﾒｸﾗ･ｺﾞﾑﾊﾟｯｷﾝ･支持棒付","2026/09/24","福山通運　九州発送","2026/09/24","","切断","バック","2026/09/24","製造"
"旭電業","九州工場","九州工場","2026/08/27","2026/08/27","26-J0117685-001-771","IBG0000C","2.30","1,800.0","800.0","350.0","鉄 防球ガード 焼付","2.5Y9/1 近似色","10","天吊形空調機用　90°折返し　2-φ12x20長孔追加","2026/09/30","チャーター便","2026/10/14","","曲げ","道上","2026/09/24","製造"
"米良電機　延岡★","九州工場","九州工場","2026/08/28","2026/08/28","26-J0118264-001-771","SE6050XC","1.50","600.0","600.0","500.0","SUS PB 水切 焼付","2.5Y9/1 近似色","2","ｱｰｽ","2026/09/30","佐川急便","2026/09/30","","切断","岩本","2026/09/24","製造"
"山一電設★","九州工場","九州工場","2026/09/07","2026/09/07","26-J0125961-001-771","SE0000WN","1.50","150.0","150.0","100.0","SUS PBﾄｸ 被せ","","1","ｱｰｽ ﾍﾞｰｽ付 穴加工ｱﾘ","2026/09/24","福山通運　九州発送","2026/09/24","","曲げ","ラム","2026/09/24","製造"
"イシグロ　福岡★","九州工場","九州工場","2026/09/08","2026/09/08","26-J0126648-012-771","IBG0000C","0.00","350.0","410.0","500.0","鉄 防球ガード 焼付","2.5Y9/1 近似色","1","配管ガード　SPB-3（C）","2026/09/28","チャーター便","2026/10/02","","塗装","山口","2026/09/24","製造"
"イシグロ　福岡★","九州工場","九州工場","2026/09/08","2026/09/08","26-J0126648-010-771","IBG0000C","0.00","650.0","450.0","450.0","鉄 防球ガード 焼付","2.5Y9/1 近似色","1","配管ガード　SPB-3（A）塞ぎプレートx1","2026/09/28","チャーター便","2026/10/02","","切断","林(浩)","2026/09/24","製造"
"イシグロ　福岡★","九州工場","九州工場","2026/09/08","2026/09/08","26-J0126648-011-771","IBG0000C","0.00","450.0","400.0","335.0","鉄 防球ガード 焼付","2.5Y9/1 近似色","1","配管ガード　SPB-3（B）受け金具x2 塞ぎプレートx1","2026/09/28","チャーター便","2026/10/02","","塗装","山口","2026/09/24","製造"
"イシグロ　福岡★","九州工場","九州工場","2026/09/08","2026/09/08","26-J0126648-009-771","IBG0000C","0.00","600.0","800.0","260.0","鉄 防球ガード 焼付","2.5Y9/1 近似色","1","配管ガード　SPB-2（D）塞ぎプレートx1","2026/09/28","チャーター便","2026/10/02","","切断","林(浩)","2026/09/24","製造"
"イシグロ　福岡★","九州工場","九州工場","2026/09/09","2026/09/09","26-J0128103-005-771","ZG0000","6.00","700.0","250.0","1,500.0","ZN 架台","","18","SS-L-65x65x6t　PL-6t　  B-011","2026/10/02","店頭渡し","2026/10/05","","CAD/CAM","熊谷","2026/09/24","製造"
"東芝電材　川内★","九州工場","九州工場","2026/09/10","2026/09/10","26-J0129585-001-771","BE3030SCW","1.60","300.0","300.0","300.0","国土 PB 平 焼付","2.5Y9/1 近似色","1","ｱｰｽ  内ﾜﾆｽ","2026/09/30","佐川急便","2026/09/30","","仕上","三澄","2026/09/24","製造"
"Q-mast　電気グル－プ★","九州工場","九州工場","2026/09/11","2026/09/11","26-J0130597-001-771","ID0000C","2.30","650.0","200.0","9,550.0","鉄 ﾀﾞｸﾄ 焼付","5Y7/1 近似色","1","平蓋9分割","2026/10/01","ヤマックス　ｽﾎﾟｯﾄ便","2026/10/02","","溶接","恒川","2026/09/24","製造"
"Q-mast　電気グル－プ★","九州工場","九州工場","2026/09/11","2026/09/11","26-J0130597-002-771","IG0000C","0.00","600.0","200.0","80.0","鉄 架台 焼付","5Y7/1 近似色","3","穴加工　C100x50x5x7.5　（L)(R)セット","2026/10/01","ヤマックス　ｽﾎﾟｯﾄ便","2026/10/02","","CAD/CAM","熊谷","2026/09/24","製造"
"かごしま電工　南★","九州工場","九州工場","2026/09/11","2026/09/11","26-J0130641-001-771","DE0000XN","1.60","700.0","700.0","500.0","Sﾀﾞｲﾏ PBﾄｸ 水切","","1","ｱｰｽ 内ﾜﾆｽ","2026/09/29","佐川急便","2026/09/30","","切断","バック","2026/09/24","製造"
"かごしま電工　南★","九州工場","九州工場","2026/09/11","2026/09/11","26-J0130666-001-771","DE0000XN","1.60","500.0","500.0","400.0","Sﾀﾞｲﾏ PBﾄｸ 水切","","1","ｱｰｽ 内ﾜﾆｽ","2026/09/29","佐川急便","2026/10/01","","曲げ","ラム","2026/09/24","製造"
"啓電社★","九州工場","九州工場","2026/09/11","2026/09/11","26-J0130982-003-771","IE0000SG","2.30","990.0","600.0","500.0","鉄 PBﾄｸ 平","","1","ｱｰｽ さび止め　ｾﾊﾟﾚｰﾀ付き　B棟内部　","2026/09/25","ヤマックス　ｽﾎﾟｯﾄ便","2026/09/28","","切断","バック","2026/09/24","製造"
"正和電材　佐世保★","九州工場","九州工場","2026/09/15","2026/09/15","26-J0132782-001-771","DP0000XN","2.30","700.0","700.0","700.0","Sﾀﾞｲﾏ PBﾄｸ 水切","","1","足付L4x50(φ12)x4  六角ｱﾌﾟｾｯﾄﾎﾞﾙﾄ止","2026/09/25","福山通運　九州発送","2026/09/25","","切断","バック","2026/09/24","製造"
"カンサイ　西★","九州工場","九州工場","2026/09/15","2026/09/15","26-J0133164-003-771","IF0000C","2.30","720.0","300.0","420.0","鉄 裏BOX 焼付","2.5Y9/1 近似色","1","蓋無しﾎﾞｯｸｽ 開口あり","2026/09/29","福山通運　九州発送","2026/09/29","","切断","バック","2026/09/24","製造"
"カンサイ　西★","九州工場","九州工場","2026/09/15","2026/09/15","26-J0133164-005-771","IDC0000C","2.30","700.0","250.0","640.0","鉄 ﾀﾞｸﾄｶﾊﾞｰ 焼付","2.5Y9/1 近似色","1","平蓋　支持棒10A付き 耳30","2026/09/29","福山通運　九州発送","2026/09/29","","切断","バック","2026/09/24","製造"
"カンサイ　西★","九州工場","九州工場","2026/09/15","2026/09/15","26-J0133164-004-771","IDC0000C","2.30","700.0","250.0","740.0","鉄 ﾀﾞｸﾄｶﾊﾞｰ 焼付","2.5Y9/1 近似色","1","平蓋　支持棒10A付き 耳30","2026/09/29","福山通運　九州発送","2026/09/29","","切断","バック","2026/09/24","製造"
"カンサイ　西★","九州工場","九州工場","2026/09/15","2026/09/15","26-J0133164-001-771","IF0000C","2.30","720.0","300.0","430.0","鉄 裏BOX 焼付","2.5Y9/1 近似色","2","蓋無しﾎﾞｯｸｽ 開口あり","2026/09/29","福山通運　九州発送","2026/09/29","","切断","バック","2026/09/24","製造"
"カンサイ　西★","九州工場","九州工場","2026/09/15","2026/09/15","26-J0133164-002-771","IF0000C","2.30","720.0","300.0","420.0","鉄 裏BOX 焼付","2.5Y9/1 近似色","1","蓋無しﾎﾞｯｸｽ 開口あり","2026/09/29","福山通運　九州発送","2026/09/29","","切断","バック","2026/09/24","製造"
"かごしま電工　鹿屋★","九州工場","九州工場","2026/09/15","2026/09/15","26-J0133250-001-771","IP0000XC","1.60","350.0","200.0","100.0","鉄 PBﾄｸ 水切 焼付","2.5Y9/1 近似色","6","蓋面開口 穴加工","2026/09/29","佐川急便","2026/09/30","","曲げ","志田","2026/09/24","製造"
"東芝電材　松江★","九州工場","九州工場","2026/09/15","2026/09/15","26-J0133258-001-771","IIP0000G","1.60","520.0","150.0","0.0","鉄 ﾌﾟﾚｰﾄ","","1","さび止め 切欠･穴加工ｱﾘ","2026/09/25","福山通運　九州発送","2026/09/25","","塗装","坂元","2026/09/24","製造"
"かごしま電工　城南★","九州工場","九州工場","2026/09/15","2026/09/15","26-J0133332-002-771","SP1515XC","1.50","150.0","150.0","150.0","SUS PB 水切 焼付","5Y7/1 近似色","6","座無しｼｰﾙ付","2026/09/30","佐川急便","2026/09/30","","未着手","","2026/09/24","製造"
"カンサイ　熊本北★","九州工場","九州工場","2026/09/15","2026/09/15","26-J0133697-005-771","SE0000XN","1.50","500.0","600.0","350.0","SUS PBﾄｸ 水切","","1","ｱｰｽ 脱落防止ねじ　開口　穴加工","2026/09/24","佐川急便","2026/09/24","","切断","バック","2026/09/24","製造"
"カンサイ　熊本北★","九州工場","九州工場","2026/09/15","2026/09/15","26-J0133697-006-771","SE0000XN","1.50","500.0","600.0","350.0","SUS PBﾄｸ 水切","","1","ｱｰｽ 脱落防止ねじ　開口　穴加工","2026/09/24","佐川急便","2026/09/24","","切断","バック","2026/09/24","製造"
"三親電材　米子★","九州工場","九州工場","2026/09/15","2026/09/15","26-J0133725-001-771","ZPA0000C","0.00","160.0","0.0","0.0","ZN ﾎﾟｰﾙｱﾀﾞﾌﾟﾀｰ 焼付","ﾐﾃﾞｨｱﾑｸﾞﾚｰﾒﾀﾘｯｸ(近似色)","8","SGP80A･20A PLt3.2","2026/10/02","福山通運　九州発送","2026/10/02","","未着手","","2026/09/24","製造"
"かごしま電工　奄美★","九州工場","九州工場","2026/09/15","2026/09/15","26-J0133789-001-771","ZST0000","0.00","220.0","0.0","0.0","ZN ｽﾀﾝｼｮﾝ","","2","上部SGP80A(外径φ89.1内径φ80.7) 下部□100　M8押BT","2026/10/01","佐川急便","2026/10/01","","切断","森山","2026/09/24","製造"
"カンサイ　久留米★","九州工場","九州工場","2026/09/16","2026/09/16","26-J0133834-001-771","SKM0000N","1.50","1,500.0","500.0","40.0","SUS 金物","","2","ｷｭｰﾋﾞｸﾙ下ｶﾊﾞｰ　15-φ5","2026/09/24","佐川急便","2026/09/24","","曲げ","ラム","2026/09/24","製造"
"山電　八幡","九州工場","九州工場","2026/09/16","2026/09/16","26-J0134096-001-771","SC0000N","1.50","300.0","200.0","20.5","SUS ｶﾊﾞｰ","","1","パッキン付　穴加工","2026/09/24","北九州配達","2026/09/25","","曲げ","ラム","2026/09/24","製造"
"ｹｲ･ｴｽ･ﾃﾞｰ　鹿児島★","九州工場","九州工場","2026/09/16","2026/09/16","26-J0134162-001-771","SG0000C","4.00","400.0","150.0","0.0","SUS 架台 焼付","5Y7/1 近似色","12","ロ形 L4x50 長穴x2 φ12x2","2026/09/29","佐川急便","2026/09/30","","未着手","","2026/09/24","製造"
"ナミデン　福岡★","九州工場","九州工場","2026/09/16","2026/09/16","26-J0134225-003-771","ZKM0000","0.00","450.0","0.0","0.0","ZN 金物","","2","[100x50x5x7.5  　C2棟 屋上","2026/09/24","ヤマックス　ｽﾎﾟｯﾄ便","2026/09/25","","未着手","","2026/09/24","製造"
"ナミデン　福岡★","九州工場","九州工場","2026/09/16","2026/09/16","26-J0134225-007-771","ZKM0000","0.00","300.0","0.0","0.0","ZN 金物","","2","[100x50x5x7.5  　C2棟 屋上","2026/09/24","ヤマックス　ｽﾎﾟｯﾄ便","2026/09/25","","未着手","","2026/09/24","製造"
"ナミデン　福岡★","九州工場","九州工場","2026/09/16","2026/09/16","26-J0134225-006-771","ZKM0000","0.00","450.0","0.0","0.0","ZN 金物","","2","[100x50x5x7.5  　C2棟 屋上","2026/09/24","ヤマックス　ｽﾎﾟｯﾄ便","2026/09/25","","未着手","","2026/09/24","製造"
"ナミデン　福岡★","九州工場","九州工場","2026/09/16","2026/09/16","26-J0134225-001-771","ZKM0000","0.00","450.0","0.0","0.0","ZN 金物","","2","[100x50x5x7.5  　C1棟 屋上","2026/09/24","ヤマックス　ｽﾎﾟｯﾄ便","2026/09/25","","未着手","","2026/09/24","製造"
"ナミデン　福岡★","九州工場","九州工場","2026/09/16","2026/09/16","26-J0134225-002-771","ZKM0000","0.00","300.0","0.0","0.0","ZN 金物","","2","[100x50x5x7.5  　C1棟 屋上","2026/09/24","ヤマックス　ｽﾎﾟｯﾄ便","2026/09/25","","未着手","","2026/09/24","製造"
"ナミデン　福岡★","九州工場","九州工場","2026/09/16","2026/09/16","26-J0134225-005-771","ZKM0000","0.00","300.0","0.0","0.0","ZN 金物","","2","[100x50x5x7.5  　C2棟 屋上","2026/09/24","ヤマックス　ｽﾎﾟｯﾄ便","2026/09/25","","未着手","","2026/09/24","製造"
"ナミデン　福岡★","九州工場","九州工場","2026/09/16","2026/09/16","26-J0134253-001-771","IG0000G","0.00","7,550.0","0.0","0.0","鉄 架台","","1","さび止め C100x50x5x7.5 LR","2026/09/25","ヤマックス　ｽﾎﾟｯﾄ便","2026/10/07","","未着手","","2026/09/24","製造"
"ナミデン　福岡★","九州工場","九州工場","2026/09/16","2026/09/16","26-J0134253-002-771","IG0000G","0.00","4,050.0","0.0","0.0","鉄 架台","","1","さび止め C100x50x5x7.5 LR","2026/09/25","ヤマックス　ｽﾎﾟｯﾄ便","2026/10/07","","未着手","","2026/09/24","製造"
"三親電材　東広島★","九州工場","九州工場","2026/09/16","2026/09/16","26-J0134889-002-771","SF0000C","1.50","120.0","70.0","15.0","SUS 裏BOX 焼付","N1 3分艶 近似色","7","ｽｲｯﾁﾎﾞｯｸｽ型 2-M4ﾀｯﾌﾟ 4-φ5 φ3","2026/09/30","福山通運　九州発送","2026/09/30","","曲げ","ラム","2026/09/24","製造"
"東芝電材　松江★","九州工場","九州工場","2026/09/16","2026/09/16","26-J0134905-001-771","ZE0000XA","2.30","200.0","200.0","200.0","ZN PBﾄｸ 水切","","1","HDZT56 ｱｰｽ 足付L3x40Φ13 穴加工ｱﾘ ｶｯﾌﾟﾘﾝｸﾞ付","2026/10/01","福山通運　九州発送","2026/10/01","","曲げ","志田","2026/09/24","製造"
"東芝電材　熊本★","九州工場","九州工場","2026/09/16","2026/09/16","26-J0134956-004-771","ZE6040X3","3.20","600.0","600.0","400.0","ZN PB 水切","","4","ｱｰｽ","2026/10/01","福山通運　九州発送","2026/10/01","","曲げ","志田","2026/09/24","製造"
"広島電機器材","九州工場","九州工場","2026/09/16","2026/09/16","26-J0135005-001-771","ZE1510X2","2.30","150.0","150.0","100.0","ZN PB 水切","","12","ｱｰｽ","2026/10/01","福山通運　九州発送","2026/10/01","","切断","林(浩)","2026/09/24","製造"
"平岡電気　福岡東★","九州工場","九州工場","2026/09/16","2026/09/16","26-J0135052-001-771","IG0000C","1.60","440.0","570.0","30.0","鉄 架台 焼付","2.5Y9/1 近似色","3","蓋t2.3","2026/09/29","佐川急便","2026/09/29","","切断","バック","2026/09/24","製造"
"カンサイ九州昭和　福岡★","九州工場","九州工場","2026/09/17","2026/09/17","26-J0135104-006-771","SE4040XC","1.50","400.0","400.0","400.0","SUS PB 水切 焼付","2.5Y9/1 近似色","4","ｱｰｽ","2026/09/29","ヤマックス福岡","2026/09/30","","切断","岩本","2026/09/24","製造"
"カンサイ九州昭和　福岡★","九州工場","九州工場","2026/09/17","2026/09/17","26-J0135104-005-771","SE3030XC","1.50","300.0","300.0","300.0","SUS PB 水切 焼付","2.5Y9/1 近似色","1","ｱｰｽ","2026/09/29","ヤマックス福岡","2026/09/30","","切断","岩本","2026/09/24","製造"
"三共電気　東★","九州工場","九州工場","2026/09/17","2026/09/17","26-J0135122-001-771","SG0000N","0.00","700.0","250.0","350.0","SUS 架台","","2","L50x50x6","2026/09/24","佐川急便","2026/09/24","","切断","奈木野","2026/09/24","製造"
"カンサイ九州昭和　福岡★","九州工場","九州工場","2026/09/17","2026/09/17","26-J0135147-006-771","SE3030XC","1.50","300.0","300.0","300.0","SUS PB 水切 焼付","N-30　近似色","4","ｱｰｽ","2026/09/29","ヤマックス福岡","2026/09/30","","切断","岩本","2026/09/24","製造"
"カンサイ九州昭和　福岡★","九州工場","九州工場","2026/09/17","2026/09/17","26-J0135147-005-771","SE3020XC","1.50","300.0","300.0","200.0","SUS PB 水切 焼付","N-30　近似色","1","ｱｰｽ","2026/09/29","ヤマックス福岡","2026/09/30","","塗装","林(秀)","2026/09/24","製造"
"東芝電材　小倉★","九州工場","九州工場","2026/09/17","2026/09/17","26-J0135158-001-771","IC0000C","1.60","2,300.0","150.0","468.0","鉄 ｶﾊﾞｰ 焼付","2.5Y9/1 近似色","1","","2026/09/30","営業配達","2026/10/01","","切断","バック","2026/09/24","製造"
"かごしま電工　国分★","九州工場","九州工場","2026/09/17","2026/09/17","26-J0135307-001-771","IIP0000C","2.30","300.0","120.0","0.0","鉄 ﾌﾟﾚｰﾄ 焼付","2.5Y9/1 近似色","82","φ6x2 ﾜﾆｽ無し","2026/09/30","佐川急便","2026/10/01","","切断","森山","2026/09/24","製造"
"東芝電材　宮崎★","九州工場","九州工場","2026/09/17","2026/09/17","26-J0135367-001-771","SP0000XC","1.50","400.0","400.0","430.0","SUS PBﾄｸ 水切 焼付","2.5Y9/1 近似色","1","L形","2026/09/29","福山通運　九州発送","2026/09/29","","曲げ","ラム","2026/09/24","製造"
"平岡電気　久留米★","九州工場","九州工場","2026/09/17","2026/09/17","26-J0135452-001-771","SE3030XC","1.50","300.0","300.0","300.0","SUS PB 水切 焼付","2.5Y9/1 近似色","8","ｱｰｽ","2026/09/29","佐川急便","2026/09/29","","切断","岩本","2026/09/24","製造"
"新光産業　本社","九州工場","九州工場","2026/09/17","2026/09/17","26-J0135524-002-771","IKW0000G","1.60","300.0","200.0","200.0","鉄 貫通枠","","2","さび止め 外耳 平蓋 ｱｰﾝｸﾞﾙ溶接 取付穴","2026/09/25","イトカツ","2026/09/30","2026/09/25","曲げ","ラム","2026/09/24","製造"
"新光産業　本社","九州工場","九州工場","2026/09/17","2026/09/17","26-J0135524-001-771","IKW0000G","1.60","400.0","200.0","200.0","鉄 貫通枠","","2","さび止め 外耳 平蓋 ｱｰﾝｸﾞﾙ溶接 取付穴","2026/09/25","イトカツ","2026/09/30","2026/09/25","曲げ","ラム","2026/09/24","製造"
"小林電工　岡山★","九州工場","九州工場","2026/09/17","2026/09/17","26-J0135559-002-771","BE0000SC","1.60","250.0","200.0","200.0","国土 PBﾄｸ 平 焼付","2.5Y9/1(近似色)","1","ｱｰｽ","2026/09/29","福山通運　九州発送","2026/09/29","","切断","井上(隆)","2026/09/24","製造"
"富士商会★","九州工場","九州工場","2026/09/17","2026/09/17","26-J0135564-001-771","SP0000WN","2.00","800.0","800.0","400.0","SUS PBﾄｸ 被せ","","1","","2026/09/24","福山通運　九州発送","2026/09/24","","切断","岩本","2026/09/24","製造"
"山陰ﾊﾟﾅｿﾆｯｸ　出雲★","九州工場","九州工場","2026/09/17","2026/09/17","26-J0135598-001-771","BD0000C","1.60","200.0","150.0","450.0","国土 ﾀﾞｸﾄ 焼付","N1(近似色)","1","/450 ｱｰｽ 支持棒付","2026/09/29","福山通運　九州発送","2026/09/29","","切断","バック","2026/09/24","製造"
"山陰ﾊﾟﾅｿﾆｯｸ　出雲★","九州工場","九州工場","2026/09/17","2026/09/17","26-J0135598-002-771","BD0000C","1.60","200.0","150.0","1,900.0","国土 ﾀﾞｸﾄ 焼付","N1(近似色)","1","ｱｰｽ 支持棒付","2026/09/29","福山通運　九州発送","2026/09/29","","切断","バック","2026/09/24","製造"
"山陰ﾊﾟﾅｿﾆｯｸ　出雲★","九州工場","九州工場","2026/09/17","2026/09/17","26-J0135598-004-771","BKM0000C","1.60","194.0","94.0","50.0","処理鋼板 金物 焼付","N1(近似色)","1","ｴﾝﾄﾞﾌﾟﾚｰﾄ","2026/09/29","福山通運　九州発送","2026/09/29","","曲げ","志田","2026/09/24","製造"
"山陰ﾊﾟﾅｿﾆｯｸ　出雲★","九州工場","九州工場","2026/09/17","2026/09/17","26-J0135598-003-771","BKM0000C","1.60","194.0","100.0","90.0","処理鋼板 金物 焼付","N1(近似色)","1","ｼﾞｮｲﾝﾄ金具","2026/09/29","福山通運　九州発送","2026/09/29","","曲げ","志田","2026/09/24","製造"
"かごしま電工　城南★","九州工場","九州工場","2026/09/17","2026/09/17","26-J0135646-003-771","SE2520XC","1.50","250.0","250.0","200.0","SUS PB 水切 焼付","2.5Y9/1 近似色","12","ｱｰｽ","2026/09/30","佐川急便","2026/09/30","","曲げ","ラム","2026/09/24","製造"
"かごしま電工　城南★","九州工場","九州工場","2026/09/17","2026/09/17","26-J0135646-001-771","SG0000C","2.00","600.0","110.0","50.0","SUS 架台 焼付","2.5Y9/1 近似色","8","照明器具取付BOX ｱｰｽ 開口 穴加工","2026/09/30","佐川急便","2026/09/30","","切断","岩本","2026/09/24","製造"
"かごしま電工　城南★","九州工場","九州工場","2026/09/17","2026/09/17","26-J0135646-004-771","SE1515XC","1.50","150.0","150.0","150.0","SUS PB 水切 焼付","2.5Y9/1 近似色","12","ｱｰｽ","2026/09/30","佐川急便","2026/09/30","","曲げ","ラム","2026/09/24","製造"
"かごしま電工　城南★","九州工場","九州工場","2026/09/17","2026/09/17","26-J0135651-002-771","BF0000G","1.60","400.0","200.0","175.0","国土 裏BOX","","1","ｱｰｽ 内耳寸法違い 外さび止め 内ﾜﾆｽ","2026/09/30","佐川急便","2026/09/30","","曲げ","志田","2026/09/24","製造"
"四国ミツヤマ電気★","九州工場","九州工場","2026/09/17","2026/09/17","26-J0135955-002-771","SE6040WN","1.50","600.0","600.0","400.0","SUS PB 被せ","","1","ｱｰｽ","2026/09/24","福山通運　九州発送","2026/09/24","","未着手","","2026/09/24","製造"
"アサヒ　中部","九州工場","九州工場","2026/09/17","2026/09/17","26-J0136069-002-771","BE0000SC","1.60","600.0","600.0","200.0","国土 PBﾄｸ 平 焼付","2.5Y9/1","1","ｱｰｽ 脱着支持棒付","2026/09/29","イトカツ","2026/10/07","2026/09/29","未着手","","2026/09/24","製造"
"アサヒ　中部","九州工場","九州工場","2026/09/17","2026/09/17","26-J0136069-001-771","BE0000SC","2.30","700.0","700.0","200.0","国土 PBﾄｸ 平 焼付","2.5Y9/1","1","ｱｰｽ 脱着支持棒付","2026/09/29","イトカツ","2026/10/07","2026/09/29","切断","岩本","2026/09/24","製造"
"平岡電気　城南★","九州工場","九州工場","2026/09/17","2026/09/17","26-J0136217-001-771","IIP0000C","2.30","400.0","350.0","0.0","鉄 ﾌﾟﾚｰﾄ 焼付","5Y7/1 近似色","1","4-φ8","2026/09/28","佐川急便","2026/09/28","","未着手","","2026/09/24","製造"
"","九州工場","九州工場","","2026/09/11","26-R0002651-001-771","BE4040SG","1.60","400.0","400.0","400.0","国土 PB 平","","6","***北ｱｰｽ さび止め","2026/09/25","自社便","","2026/09/28","曲げ","志田","2026/09/24","製造"
"","九州工場","九州工場","","2026/09/11","26-R0002660-001-771","BE2010SNN","1.60","200.0","200.0","100.0","国土 PB 平","","10","***北ｱｰｽ 生地(焼付用)","2026/09/25","","","","未着手","","2026/09/24","製造"
"","九州工場","九州工場","","2026/09/11","26-R0002667-001-771","SE3020XNN","1.50","300.0","300.0","200.0","SUS PB 水切","","10","***北ｱｰｽ生地(焼付用)","2026/09/25","","","","未着手","","2026/09/24","製造"
"","九州工場","九州工場","","2026/09/14","26-R0002672-001-771","SE4030XN","1.50","400.0","400.0","300.0","SUS PB 水切","","6","***北ｱｰｽ","2026/09/25","自社便","","2026/09/28","曲げ","ラム","2026/09/24","製造"
"","九州工場","九州工場","","2026/09/14","26-R0002674-001-771","SE5040WN","1.50","500.0","500.0","400.0","SUS PB 被せ","","4","***北ｱｰｽ","2026/09/25","自社便","","2026/09/28","切断","岩本","2026/09/24","製造"
"","九州工場","九州工場","","2026/09/14","26-R0002682-001-771","BE3020SC2","1.60","300.0","300.0","200.0","国土 PB 平 焼付","2.5Y9/1","6","***沖縄ｱｰｽ 2.5Y9/1","2026/09/29","自社便","","2026/09/30","切断","井上(隆)","2026/09/24","製造"
"","九州工場","九州工場","","2026/09/14","26-R0002684-001-771","SE2015XC2","1.50","200.0","200.0","150.0","SUS PB 水切 焼付","2.5Y9/1","12","***沖縄ｱｰｽ 2.5Y9/1","2026/09/29","自社便","","2026/09/30","未着手","","2026/09/24","製造"
"","九州工場","九州工場","","2026/09/14","26-R0002694-001-771","IE1510SC2","1.60","150.0","150.0","100.0","鉄 PB 平 焼付","2.5Y9/1","10","***沖縄ｱｰｽ 2.5Y9/1","2026/09/29","自社便","","2026/09/30","未着手","","2026/09/24","製造"
"","九州工場","九州工場","","2026/09/14","26-R0002699-001-771","IE1515SC2","1.60","150.0","150.0","150.0","鉄 PB 平 焼付","2.5Y9/1","12","***沖縄ｱｰｽ 2.5Y9/1","2026/09/29","自社便","","2026/09/30","未着手","","2026/09/24","製造"
"","九州工場","九州工場","","2026/09/14","26-R0002704-001-771","BE2020SC2","1.60","200.0","200.0","200.0","国土 PB 平 焼付","2.5Y9/1","12","***沖縄ｱｰｽ 2.5Y9/1","2026/09/29","イトカツ","","2026/09/29","未着手","","2026/09/24","製造"
"","九州工場","九州工場","","2026/09/14","26-R0002706-001-771","IE2020SC2","1.60","200.0","200.0","200.0","鉄 PB 平 焼付","2.5Y9/1","12","***沖縄ｱｰｽ 2.5Y9/1","2026/09/29","イトカツ","","2026/09/29","未着手","","2026/09/24","製造"
"","九州工場","九州工場","","2026/09/16","26-R0002711-001-771","BE4030SC2","1.60","400.0","400.0","300.0","国土 PB 平 焼付","2.5Y9/1","2","***沖縄ｱｰｽ 2.5Y9/1","2026/09/29","イトカツ","","2026/09/29","曲げ","志田","2026/09/24","製造"
"三親電材　水島★","九州工場","九州工場","2026/08/26","2026/08/26","26-J0117050-001-771","IIP0000C","3.20","460.0","340.0","0.0","鉄 ﾌﾟﾚｰﾄ 焼付","5Y7/1(近似色)","1","開口･穴加工ｱﾘ","2026/09/30","福山通運　九州発送","2026/09/30","","切断","森山","2026/09/25","製造"
"ウチダ★","九州工場","九州工場","2026/08/27","2026/08/27","26-J0118093-002-771","SP0000XN","1.50","300.0","300.0","150.0","SUS PBﾄｸ 水切","","1","酸洗い　取付足、端子台ﾍﾞｰｽ、 ﾈｼﾞ付管筒　溶接","2026/09/28","福山通運　九州発送","2026/09/28","","切断","岩本","2026/09/25","製造"
"ウチダ★","九州工場","九州工場","2026/08/27","2026/08/27","26-J0118093-001-771","SP0000XN","1.50","300.0","300.0","150.0","SUS PBﾄｸ 水切","","1","酸洗い　取付足、端子台ﾍﾞｰｽ、 ﾈｼﾞ付管筒　溶接","2026/09/28","福山通運　九州発送","2026/09/28","","切断","岩本","2026/09/25","製造"
"ウチダ★","九州工場","九州工場","2026/08/27","2026/08/27","26-J0118093-003-771","SP0000XN","1.50","300.0","300.0","150.0","SUS PBﾄｸ 水切","","2","酸洗い　取付足、端子台ﾍﾞｰｽ、 ﾈｼﾞ付管筒　溶接","2026/09/28","福山通運　九州発送","2026/09/28","","切断","岩本","2026/09/25","製造"
"イシグロ　福岡★","九州工場","九州工場","2026/09/08","2026/09/08","26-J0126648-015-771","IBG0000C","0.00","700.0","250.0","250.0","鉄 防球ガード 焼付","2.5Y9/1 近似色","1","配管ガード　SPB-4（B）","2026/09/29","チャーター便","2026/10/02","","塗装","山口","2026/09/25","製造"
"イシグロ　福岡★","九州工場","九州工場","2026/09/08","2026/09/08","26-J0126648-016-771","IBG0000C","0.00","1,000.0","450.0","450.0","鉄 防球ガード 焼付","2.5Y9/1 近似色","1","配管ガード　SPB-4（C）塞ぎプレートx1","2026/09/29","チャーター便","2026/10/02","","切断","林(浩)","2026/09/25","製造"
"イシグロ　福岡★","九州工場","九州工場","2026/09/08","2026/09/08","26-J0126648-017-771","IBG0000C","0.00","600.0","800.0","260.0","鉄 防球ガード 焼付","2.5Y9/1 近似色","1","配管ガード　SPB-4（D）塞ぎプレートx1","2026/09/29","チャーター便","2026/10/02","","切断","林(浩)","2026/09/25","製造"
"イシグロ　福岡★","九州工場","九州工場","2026/09/08","2026/09/08","26-J0126648-013-771","IBG0000C","0.00","350.0","640.0","500.0","鉄 防球ガード 焼付","2.5Y9/1 近似色","1","配管ガード　SPB-3（D）","2026/09/29","チャーター便","2026/10/02","","切断","林(浩)","2026/09/25","製造"
"イシグロ　福岡★","九州工場","九州工場","2026/09/08","2026/09/08","26-J0126648-014-771","IBG0000C","0.00","250.0","940.0","490.0","鉄 防球ガード 焼付","2.5Y9/1 近似色","1","配管ガード　SPB-4（A）","2026/09/29","チャーター便","2026/10/02","","切断","林(浩)","2026/09/25","製造"
"イシグロ　福岡★","九州工場","九州工場","2026/09/09","2026/09/09","26-J0128103-006-771","ZG0000","6.00","800.0","65.0","1,500.0","ZN 架台","","8","SS-L-65x65x6t　PL-6t　  B-012","2026/10/02","店頭渡し","2026/10/05","","切断","森山","2026/09/25","製造"
"イシグロ　福岡★","九州工場","九州工場","2026/09/09","2026/09/09","26-J0128103-007-771","ZG0000","6.00","650.0","65.0","1,500.0","ZN 架台","","8","SS-L-65x65x6t　PL-6t　  B-013","2026/10/02","店頭渡し","2026/10/05","","切断","森山","2026/09/25","製造"
"イシグロ　福岡★","九州工場","九州工場","2026/09/09","2026/09/09","26-J0128103-008-771","ZG0000","6.00","600.0","65.0","1,500.0","ZN 架台","","2","SS-L-65x65x6t　PL-6t　  B-014","2026/10/02","店頭渡し","2026/10/05","","切断","森山","2026/09/25","製造"
"柳井電機工業　本社★","九州工場","九州工場","2026/09/11","2026/09/11","26-J0130289-001-771","SG0000N","6.00","650.0","335.0","390.0","SUS 架台","","1","L-50x50x6.0t PL5t PL6t 穴加工","2026/09/25","佐川急便","2026/09/25","","切断","奈木野","2026/09/25","製造"
"柳井電機工業　本社★","九州工場","九州工場","2026/09/11","2026/09/11","26-J0130289-002-771","SF0000N","2.00","600.0","500.0","400.0","SUS 裏BOX","","1","上面開口500x400 下面開口500x350  穴加工","2026/09/25","佐川急便","2026/09/25","","切断","岩本","2026/09/25","製造"
"かごしま電工　南★","九州工場","九州工場","2026/09/11","2026/09/11","26-J0130634-001-771","DE0000XN","2.30","800.0","800.0","500.0","Sﾀﾞｲﾏ PBﾄｸ 水切","","2","ｱｰｽ 内ﾜﾆｽ","2026/09/30","佐川急便","2026/10/02","","切断","岩本","2026/09/25","製造"
"丸井産業　熊本★","九州工場","九州工場","2026/09/11","2026/09/11","26-J0130657-001-771","DF0000N","2.30","950.0","950.0","170.0","Sﾀﾞｲﾏ 裏BOX","","7","生地　12-4分SUS高ﾅｯﾄ溶接","2026/09/29","福山通運　九州発送","2026/09/30","","切断","岩本","2026/09/25","製造"
"啓電社★","九州工場","九州工場","2026/09/11","2026/09/11","26-J0130981-001-771","DE0000WN","2.30","1,200.0","800.0","400.0","Sﾀﾞｲﾏ PBﾄｸ 被せ","","1","ｱｰｽ ｺﾞﾑﾊﾟｯｷﾝ付 ｾﾊﾟ付き　B棟外部　","2026/09/25","ヤマックス　ｽﾎﾟｯﾄ便","2026/09/28","","切断","岩本","2026/09/25","製造"
"ナミデン　山口★","九州工場","九州工場","2026/09/14","2026/09/14","26-J0132040-001-771","BE0000SG","1.60","700.0","400.0","400.0","国土 PBﾄｸ 平","","1","ｱｰｽ さび止め","2026/09/28","福山通運　九州発送","2026/09/28","","完成","倉重","2026/09/25","製造"
"ナミデン　山口★","九州工場","九州工場","2026/09/14","2026/09/14","26-J0132040-002-771","BE5020SG","1.60","500.0","500.0","200.0","国土 PB 平","","1","ｱｰｽ さび止め","2026/09/28","福山通運　九州発送","2026/09/28","","組立","服部","2026/09/25","製造"
"Q-mast　電気グル－プ★","九州工場","九州工場","2026/09/15","2026/09/15","26-J0132680-001-771","DC0000N","1.60","501.0","350.0","310.0","Sﾀﾞｲﾏ ｶﾊﾞｰ","","1","平蓋2面　着脱式サン","2026/09/25","ヤマックス　ｽﾎﾟｯﾄ便","2026/09/28","","切断","岩本","2026/09/25","製造"
"Q-mast　電気グル－プ★","九州工場","九州工場","2026/09/15","2026/09/15","26-J0132680-002-771","DC0000N","2.00","1,688.0","500.0","420.0","Sﾀﾞｲﾏ ｶﾊﾞｰ","","1","平蓋2面　着脱式サン","2026/09/25","ヤマックス　ｽﾎﾟｯﾄ便","2026/09/28","","切断","岩本","2026/09/25","製造"
"かごしま電工　南★","九州工場","九州工場","2026/09/15","2026/09/15","26-J0133042-001-771","ACKM0000N","2.00","348.0","348.0","75.0","ｱﾙﾏｲﾄｸﾘｱ 金物","","20","アルマイトクリア材","2026/09/25","佐川急便","2026/09/25","","未着手","","2026/09/25","製造"
"かごしま電工　南★","九州工場","九州工場","2026/09/15","2026/09/15","26-J0133042-003-771","AKM0000N","0.00","348.0","0.0","0.0","ｱﾙﾐ 金物","","15","L-35X35X3t","2026/09/25","佐川急便","2026/09/25","","未着手","","2026/09/25","製造"
"かごしま電工　南★","九州工場","九州工場","2026/09/15","2026/09/15","26-J0133042-002-771","AKM0000N","0.00","442.0","0.0","0.0","ｱﾙﾐ 金物","","15","L-35X35X3t","2026/09/25","佐川急便","2026/09/25","","未着手","","2026/09/25","製造"
"アサヒ　本社","九州工場","九州工場","2026/09/15","2026/09/15","26-J0133061-001-771","DD0000N","1.60","450.0","500.0","2,350.0","Sﾀﾞｲﾏ ﾀﾞｸﾄ","","1","本体･被せ蓋２ ｱｰｽ 支持棒 開口 ｺｰｷﾝｸﾞ代 取付穴","2026/09/28","沖縄直送","2026/09/28","","切断","岩本","2026/09/25","製造"
"アサヒ　本社","九州工場","九州工場","2026/09/15","2026/09/15","26-J0133061-002-771","DD0000N","1.60","450.0","500.0","830.0","Sﾀﾞｲﾏ ﾀﾞｸﾄ","","1","被せ蓋 ｱｰｽ 支持棒 開口 ｺｰｷﾝｸﾞ代 取付穴","2026/09/28","沖縄直送","2026/09/28","","切断","岩本","2026/09/25","製造"
"菱栄電材★","九州工場","九州工場","2026/09/15","2026/09/15","26-J0133420-002-771","ID0000C","1.60","200.0","100.0","1,400.0","鉄 ﾀﾞｸﾄ 焼付","2.5Y9/1 近似色","1","平蓋2分割 ｱｰｽ/支持棒溶接　セパなし","2026/09/30","福山通運　九州発送","2026/09/30","","切断","バック","2026/09/25","製造"
"菱栄電材★","九州工場","九州工場","2026/09/15","2026/09/15","26-J0133420-001-771","ID0000C","1.60","200.0","100.0","1,200.0","鉄 ﾀﾞｸﾄ 焼付","2.5Y9/1 近似色","1","平蓋 ｱｰｽ/支持棒溶接　セパなし","2026/09/30","福山通運　九州発送","2026/09/30","","切断","バック","2026/09/25","製造"
"正和電材　佐世保★","九州工場","九州工場","2026/09/15","2026/09/15","26-J0133443-002-771","SD0000C","1.50","800.0","250.0","100.0","SUS ﾀﾞｸﾄ 焼付","5Y7/1 近似色","1","12-φ12 上下ﾊﾟｯｷﾝ貼付 40x3t","2026/09/30","佐川急便","2026/09/30","","切断","岩本","2026/09/25","製造"
"正和電材　佐世保★","九州工場","九州工場","2026/09/15","2026/09/15","26-J0133443-001-771","SDC0000C","1.50","600.0","250.0","100.0","SUS ﾀﾞｸﾄｶﾊﾞｰ 焼付","5Y7/1 近似色","1","12-φ12 上下ﾊﾟｯｷﾝ貼付 40x3t","2026/09/30","佐川急便","2026/09/30","","切断","岩本","2026/09/25","製造"
"米良電機　宮崎★","九州工場","九州工場","2026/09/15","2026/09/15","26-J0133534-006-771","BE1515SC","1.60","150.0","150.0","150.0","国土 PB 平 焼付","2.5Y9/1 近似色","7","ｱｰｽ","2026/09/30","福山通運　九州発送","2026/10/01","","未着手","","2026/09/25","製造"
"東芝電材　鹿児島★","九州工場","九州工場","2026/09/15","2026/09/15","26-J0133710-002-771","SMK0000N","1.50","50.0","50.0","30.0","SUS 曲金物","","2","2-M5 2-φ6 φ12.5 φ3.8x23","2026/09/25","佐川急便","2026/09/25","","曲げ","ラム","2026/09/25","製造"
"日本電設資材　福岡★","九州工場","九州工場","2026/09/15","2026/09/15","26-J0133782-009-771","IKS0000G","0.00","150.0","189.1","189.1","鉄 貫通ｽﾘｰﾌﾞ","","1","さび止め SGP-80A　ツバ-3.2ｔ","2026/09/28","ヤマックス　ｽﾎﾟｯﾄ便","2026/09/29","","切断","森山","2026/09/25","製造"
"日本電設資材　福岡★","九州工場","九州工場","2026/09/15","2026/09/15","26-J0133782-008-771","IG0000G","6.00","50.0","250.0","1,300.0","鉄 架台","","1","さび止め SS-L-50x50x6t　左右＝1台","2026/09/28","ヤマックス　ｽﾎﾟｯﾄ便","2026/09/29","","未着手","","2026/09/25","製造"
"日本電設資材　福岡★","九州工場","九州工場","2026/09/15","2026/09/15","26-J0133782-005-771","IG0000G","6.00","1,630.0","65.0","665.0","鉄 架台","","1","さび止め SS-L-65x65x6t　SPHC-6t 廊下分-1","2026/09/28","ヤマックス　ｽﾎﾟｯﾄ便","2026/09/29","","切断","森山","2026/09/25","製造"
"日本電設資材　福岡★","九州工場","九州工場","2026/09/15","2026/09/15","26-J0133782-004-771","IG0000G","6.00","1,580.0","65.0","765.0","鉄 架台","","1","さび止め SS-L-65x65x6t　SPHC-6t 廊下分-1","2026/09/28","ヤマックス　ｽﾎﾟｯﾄ便","2026/09/29","","切断","森山","2026/09/25","製造"
"日本電設資材　福岡★","九州工場","九州工場","2026/09/15","2026/09/15","26-J0133782-001-771","IG0000G","6.00","1,630.0","65.0","795.0","鉄 架台","","1","さび止め SS-L-65x65x6t　SPHC-6t 電気室-1","2026/09/28","ヤマックス　ｽﾎﾟｯﾄ便","2026/09/29","","切断","森山","2026/09/25","製造"
"日本電設資材　福岡★","九州工場","九州工場","2026/09/15","2026/09/15","26-J0133782-003-771","IC0000G","1.60","650.0","260.0","50.0","鉄 ｶﾊﾞｰ","","1","さび止め 4-φ5","2026/09/28","ヤマックス　ｽﾎﾟｯﾄ便","2026/09/29","","切断","林(浩)","2026/09/25","製造"
"日本電設資材　福岡★","九州工場","九州工場","2026/09/15","2026/09/15","26-J0133782-002-771","IG0000G","6.00","1,630.0","65.0","850.0","鉄 架台","","1","さび止め SS-L-65x65x6t　SPHC-6t 電気室-2","2026/09/28","ヤマックス　ｽﾎﾟｯﾄ便","2026/09/29","","切断","森山","2026/09/25","製造"
"平岡電気　福岡中央★","九州工場","九州工場","2026/09/16","2026/09/16","26-J0134270-005-771","ZKM0000","0.00","580.0","1,000.0","0.0","ZN 金物","","4","L50x50x6 穴加工","2026/10/01","ヤマックス福岡","2026/10/02","","未着手","","2026/09/25","製造"
"平岡電気　福岡中央★","九州工場","九州工場","2026/09/16","2026/09/16","26-J0134270-002-771","ZKM0000","0.00","1,720.0","0.0","0.0","ZN 金物","","4","L65x65x6 穴加工","2026/10/01","ヤマックス福岡","2026/10/02","","未着手","","2026/09/25","製造"
"平岡電気　福岡中央★","九州工場","九州工場","2026/09/16","2026/09/16","26-J0134270-004-771","ZKM0000","0.00","300.0","400.0","0.0","ZN 金物","","2","L65x65x6 穴加工","2026/10/01","ヤマックス福岡","2026/10/02","","未着手","","2026/09/25","製造"
"平岡電気　福岡中央★","九州工場","九州工場","2026/09/16","2026/09/16","26-J0134270-001-771","ZKM0000","0.00","960.0","0.0","0.0","ZN 金物","","1","C100x50x5x7.5　穴加工","2026/10/01","ヤマックス福岡","2026/10/02","","未着手","","2026/09/25","製造"
"平岡電気　福岡中央★","九州工場","九州工場","2026/09/16","2026/09/16","26-J0134270-003-771","ZKM0000","0.00","950.0","400.0","0.0","ZN 金物","","7","L65x65x6 穴加工","2026/10/01","ヤマックス福岡","2026/10/02","","未着手","","2026/09/25","製造"
"アサヒ　南部","九州工場","九州工場","2026/09/16","2026/09/16","26-J0134898-004-771","SDC0000C","1.50","410.0","120.0","2,980.0","SUS ﾀﾞｸﾄｶﾊﾞｰ 焼付","25-70B (5Y7/1)","1","本体･平蓋ｺﾞﾑP３分割 取付穴","2026/09/30","イトカツ","2026/10/07","2026/09/30","切断","岩本","2026/09/25","製造"
"アサヒ　南部","九州工場","九州工場","2026/09/16","2026/09/16","26-J0134898-001-771","SDC0000N","1.50","410.0","120.0","2,980.0","SUS ﾀﾞｸﾄｶﾊﾞｰ","25-70B (5Y7/1)","1","平蓋ｺﾞﾑP 本体蓋3分割 取付穴","2026/09/30","イトカツ","2026/10/07","2026/09/30","ｷｬﾝｾﾙ","林(秀)","2026/09/25","製造"
"東芝電材　熊本★","九州工場","九州工場","2026/09/16","2026/09/16","26-J0134964-004-771","ZE6040X3","3.20","600.0","600.0","400.0","ZN PB 水切","","2","ｱｰｽ","2026/10/02","福山通運　九州発送","2026/10/02","","曲げ","志田","2026/09/25","製造"
"東芝電材　熊本★","九州工場","九州工場","2026/09/16","2026/09/16","26-J0134964-005-771","ZE5040X2","2.30","500.0","500.0","400.0","ZN PB 水切","","2","ｱｰｽ","2026/10/02","福山通運　九州発送","2026/10/02","","切断","林(浩)","2026/09/25","製造"
"広島電機器材","九州工場","九州工場","2026/09/16","2026/09/16","26-J0135007-001-771","ZE1510X2","2.30","150.0","150.0","100.0","ZN PB 水切","","12","ｱｰｽ","2026/10/02","福山通運　九州発送","2026/10/02","","切断","林(浩)","2026/09/25","製造"
"イシグロ　福岡★","九州工場","九州工場","2026/09/17","2026/09/17","26-J0135377-001-771","SG0000N","0.00","480.0","900.0","300.0","SUS 架台","","1","L40x40x5t レベルアジャスター","2026/09/25","福山通運　九州発送","2026/09/25","","切断","森山","2026/09/25","製造"
"平岡電気　久留米★","九州工場","九州工場","2026/09/17","2026/09/17","26-J0135457-001-771","SE4040XC","1.50","400.0","400.0","400.0","SUS PB 水切 焼付","2.5Y9/1 近似色","2","ｱｰｽ","2026/09/30","佐川急便","2026/09/30","","切断","岩本","2026/09/25","製造"
"平岡電気　久留米★","九州工場","九州工場","2026/09/17","2026/09/17","26-J0135457-002-771","SE3030XC","1.50","300.0","300.0","300.0","SUS PB 水切 焼付","2.5Y9/1 近似色","4","ｱｰｽ","2026/09/30","佐川急便","2026/09/30","","切断","岩本","2026/09/25","製造"
"田中商事　小倉","九州工場","九州工場","2026/09/17","2026/09/17","26-J0135466-002-771","IDC0000C","1.60","1,200.0","450.0","624.0","鉄 ﾀﾞｸﾄｶﾊﾞｰ 焼付","2.5Y9/1 近似色","1","平蓋　切欠き有 穴加工 木板付（赤ニス仕上げ）","2026/09/30","北九州配達","2026/10/01","","未着手","","2026/09/25","製造"
"田中商事　小倉","九州工場","九州工場","2026/09/17","2026/09/17","26-J0135466-003-771","IDC0000C","1.60","300.0","420.0","1,007.0","鉄 ﾀﾞｸﾄｶﾊﾞｰ 焼付","2.5Y9/1 近似色","1","平蓋　切欠き有 穴加工","2026/09/30","北九州配達","2026/10/01","","切断","岩本","2026/09/25","製造"
"田中商事　小倉","九州工場","九州工場","2026/09/17","2026/09/17","26-J0135466-004-771","IDC0000C","1.60","700.0","175.0","492.0","鉄 ﾀﾞｸﾄｶﾊﾞｰ 焼付","2.5Y9/1 近似色","1","平蓋　穴加工","2026/09/30","北九州配達","2026/10/01","","未着手","","2026/09/25","製造"
"田中商事　小倉","九州工場","九州工場","2026/09/17","2026/09/17","26-J0135466-001-771","IDC0000C","1.60","600.0","420.0","1,000.0","鉄 ﾀﾞｸﾄｶﾊﾞｰ 焼付","2.5Y9/1 近似色","1","平蓋　切欠き有 穴加工","2026/09/30","北九州配達","2026/10/01","","CAD/CAM","熊谷","2026/09/25","製造"
"三共電気　本社★","九州工場","九州工場","2026/09/17","2026/09/17","26-J0135590-002-771","BD0000C","1.60","350.0","150.0","789.0","国土 ﾀﾞｸﾄ 焼付","2.5Y9/1 近似色","1","/468/342 ｱｰｽ 平蓋　ｹｰﾌﾞﾙ支持棒無　ｾﾊﾟ無","2026/09/30","ヤマックス　ｽﾎﾟｯﾄ便","2026/10/02","","未着手","","2026/09/25","製造"
"三共電気　本社★","九州工場","九州工場","2026/09/17","2026/09/17","26-J0135590-001-771","BD0000C","1.60","250.0","150.0","786.0","国土 ﾀﾞｸﾄ 焼付","2.5Y9/1 近似色","1","/467/345 ｱｰｽ 平蓋　ｹｰﾌﾞﾙ支持棒無　ｾﾊﾟ無","2026/09/30","ヤマックス　ｽﾎﾟｯﾄ便","2026/10/02","","未着手","","2026/09/25","製造"
"カンサイ　電設★","九州工場","九州工場","2026/09/17","2026/09/17","26-J0135773-001-771","IG0000C","0.00","800.0","200.0","1,000.0","鉄 架台 焼付","2.5Y9/1 近似色","3","L40x40x5","2026/09/29","ヤマックス　ｽﾎﾟｯﾄ便","2026/09/30","","未着手","","2026/09/25","製造"
"中国機材設備　本社★","九州工場","九州工場","2026/09/17","2026/09/17","26-J0136036-001-771","II0000C","1.60","400.0","260.0","0.0","鉄 切板 焼付","N9.5 近似色","1","4-φ6","2026/10/01","佐川急便","2026/10/01","","未着手","","2026/09/25","製造"
"ナミデン　岡山★","九州工場","九州工場","2026/09/17","2026/09/17","26-J0136213-001-771","DE3020WN","1.60","300.0","300.0","200.0","Sﾀﾞｲﾏ PB 被せ","","1","ｱｰｽ","2026/09/25","福山通運　九州発送","2026/09/25","","未着手","","2026/09/25","製造"
"ナミデン　岡山★","九州工場","九州工場","2026/09/17","2026/09/17","26-J0136213-002-771","DE2020WN","1.60","200.0","200.0","200.0","Sﾀﾞｲﾏ PB 被せ","","1","ｱｰｽ","2026/09/25","福山通運　九州発送","2026/09/25","","未着手","","2026/09/25","製造"
"","九州工場","九州工場","","2026/09/11","26-R0002655-001-771","SE4040XN","1.50","400.0","400.0","400.0","SUS PB 水切","","6","***北ｱｰｽ","2026/09/28","自社便","","2026/09/29","切断","岩本","2026/09/25","製造"
"","九州工場","九州工場","","2026/09/11","26-R0002663-001-771","BE3020SNN","1.60","300.0","300.0","200.0","国土 PB 平","","10","***北ｱｰｽ 生地(焼付用)","2026/09/28","","","","未着手","","2026/09/25","製造"
"","九州工場","九州工場","","2026/09/14","26-R0002676-001-771","SE4020WN","1.50","400.0","400.0","200.0","SUS PB 被せ","","6","***北ｱｰｽ","2026/09/28","自社便","","2026/09/29","切断","岩本","2026/09/25","製造"
"","九州工場","九州工場","","2026/09/14","26-R0002680-001-771","SE5050XN","1.50","500.0","500.0","500.0","SUS PB 水切","","4","***北ｱｰｽ","2026/09/28","自社便","","2026/09/29","切断","岩本","2026/09/25","製造"
"","九州工場","九州工場","","2026/09/14","26-R0002683-001-771","BE3020SC2","1.60","300.0","300.0","200.0","国土 PB 平 焼付","2.5Y9/1","6","***沖縄ｱｰｽ 2.5Y9/1","2026/09/30","自社便","","2026/10/01","未着手","","2026/09/25","製造"
"","九州工場","九州工場","","2026/09/14","26-R0002695-001-771","IE1510SC2","1.60","150.0","150.0","100.0","鉄 PB 平 焼付","2.5Y9/1","10","***沖縄ｱｰｽ 2.5Y9/1","2026/09/30","自社便","","2026/10/01","未着手","","2026/09/25","製造"
"","九州工場","九州工場","","2026/09/14","26-R0002700-001-771","IE1515SC2","1.60","150.0","150.0","150.0","鉄 PB 平 焼付","2.5Y9/1","12","***沖縄ｱｰｽ 2.5Y9/1","2026/09/30","自社便","","2026/10/01","未着手","","2026/09/25","製造"
"","九州工場","九州工場","","2026/09/14","26-R0002703-001-771","IE3020SC2","1.60","300.0","300.0","200.0","鉄 PB 平 焼付","2.5Y9/1","6","***沖縄ｱｰｽ 2.5Y9/1","2026/09/30","イトカツ","","2026/09/30","未着手","","2026/09/25","製造"
"","九州工場","九州工場","","2026/09/14","26-R0002708-001-771","BE4040SC","1.60","400.0","400.0","400.0","国土 PB 平 焼付","2.5Y9/1","2","***沖縄ｱｰｽ 2.5Y9/1","2026/09/30","自社便","","2026/10/01","未着手","","2026/09/25","製造"
"","九州工場","九州工場","","2026/09/14","26-R0002709-001-771","SE5020XC2","1.50","500.0","500.0","200.0","SUS PB 水切 焼付","2.5Y9/1","3","***沖縄ｱｰｽ 2.5Y9/1","2026/09/30","自社便","","2026/10/01","切断","岩本","2026/09/25","製造"
"日本電設資材　福岡★","九州工場","九州工場","2026/08/20","2026/08/20","26-J0111678-004-771","IG0000G","0.00","215.0","210.0","900.0","鉄 架台","","1","さび止め [150x75x6.5t L65x65x6t QR50用(EPS4)","2026/10/01","ヤマックス福岡","2026/10/02","","未着手","","2026/09/28","製造"
"日本電設資材　福岡★","九州工場","九州工場","2026/08/20","2026/08/20","26-J0111678-001-771","IG0000G","0.00","215.0","210.0","1,100.0","鉄 架台","","1","さび止め [150×75×6.5t　L65×65×6t QR70用(EPS1)","2026/10/01","ヤマックス福岡","2026/10/02","","未着手","","2026/09/28","製造"
"日本電設資材　福岡★","九州工場","九州工場","2026/08/20","2026/08/20","26-J0111678-003-771","IG0000G","0.00","215.0","210.0","900.0","鉄 架台","","1","さび止め [150x75x6.5t L65x65x6t QR50用(EPS2)","2026/10/01","ヤマックス福岡","2026/10/02","","未着手","","2026/09/28","製造"
"日本電設資材　福岡★","九州工場","九州工場","2026/08/20","2026/08/20","26-J0111678-002-771","IG0000G","0.00","215.0","210.0","1,100.0","鉄 架台","","1","さび止め [150×75×6.5t　L65×65×6t QR70用(EPS3)","2026/10/01","ヤマックス福岡","2026/10/02","","未着手","","2026/09/28","製造"
"日本電設資材　福岡★","九州工場","九州工場","2026/08/20","2026/08/20","26-J0111760-003-771","IMK0000G","4.50","1,100.0","100.0","40.0","鉄 曲金物","","1","さび止め　穴加工　EPS3","2026/10/01","ヤマックス福岡","2026/10/02","","未着手","","2026/09/28","製造"
"日本電設資材　福岡★","九州工場","九州工場","2026/08/20","2026/08/20","26-J0111760-004-771","IMK0000G","4.50","900.0","100.0","40.0","鉄 曲金物","","1","さび止め　穴加工　EPS4","2026/10/01","ヤマックス福岡","2026/10/02","","未着手","","2026/09/28","製造"
"日本電設資材　福岡★","九州工場","九州工場","2026/08/20","2026/08/20","26-J0111760-001-771","IMK0000G","4.50","1,100.0","100.0","40.0","鉄 曲金物","","1","さび止め　穴加工　EPS1","2026/10/01","ヤマックス福岡","2026/10/02","","未着手","","2026/09/28","製造"
"日本電設資材　福岡★","九州工場","九州工場","2026/08/20","2026/08/20","26-J0111760-002-771","IMK0000G","4.50","900.0","100.0","40.0","鉄 曲金物","","1","さび止め　穴加工　EPS2","2026/10/01","ヤマックス福岡","2026/10/02","","未着手","","2026/09/28","製造"
"ウチダ★","九州工場","九州工場","2026/08/27","2026/08/27","26-J0118099-001-771","SP0000XN","1.50","400.0","400.0","150.0","SUS PBﾄｸ 水切","","2","酸洗い　取付足、2-端子台ﾍﾞｰｽ、 ﾈｼﾞ付管筒　溶接","2026/09/29","福山通運　九州発送","2026/09/29","","未着手","","2026/09/28","製造"
"日本テクロ　広島★","九州工場","九州工場","2026/09/01","2026/09/01","26-J0121641-001-771","IG0000C","0.00","600.0","553.0","290.0","鉄 架台 焼付","5Y7/1 近似色","1","錆止め ﾌﾘｱｸ架台 [5x50x100 L75x75x6t ﾌﾘｱｸ受L25x3t","2026/10/02","福山通運　九州発送","2026/10/02","","未着手","","2026/09/28","製造"
"米良電機　西★","九州工場","九州工場","2026/09/07","2026/09/07","26-J0125485-001-771","SG0000N","2.00","400.0","120.0","75.0","SUS 架台","","8","ｺ形 φ30 2-M4ﾀｯﾌﾟ 4-φ10x50","2026/09/28","佐川急便","2026/09/28","","未着手","","2026/09/28","製造"
"イシグロ　福岡★","九州工場","九州工場","2026/09/09","2026/09/09","26-J0128133-008-771","ZG0000","6.00","65.0","115.0","1,000.0","ZN 架台","","5","SS-L-65x65x6t　PL-6t　 B-018","2026/10/05","店頭渡し","2026/10/06","","未着手","","2026/09/28","製造"
"イシグロ　福岡★","九州工場","九州工場","2026/09/09","2026/09/09","26-J0128133-003-771","ZG0000","6.00","600.0","65.0","1,500.0","ZN 架台","","2","SS-L-65x65x6t　PL-6t　 B-007","2026/10/05","店頭渡し","2026/10/06","","未着手","","2026/09/28","製造"
"イシグロ　福岡★","九州工場","九州工場","2026/09/09","2026/09/09","26-J0128133-005-771","ZG0000","6.00","635.0","65.0","1,500.0","ZN 架台","","2","SS-L-65x65x6t　PL-6t　 B-009","2026/10/05","店頭渡し","2026/10/06","","未着手","","2026/09/28","製造"
"イシグロ　福岡★","九州工場","九州工場","2026/09/09","2026/09/09","26-J0128133-006-771","ZG0000","6.00","600.0","65.0","1,500.0","ZN 架台","","4","SS-L-65x65x6t　PL-6t　 B-010","2026/10/05","店頭渡し","2026/10/06","","未着手","","2026/09/28","製造"
"イシグロ　福岡★","九州工場","九州工場","2026/09/09","2026/09/09","26-J0128133-009-771","ZG0000","6.00","500.0","65.0","1,500.0","ZN 架台","","2","SS-L-65x65x6t　PL-6t　 B-019","2026/10/05","店頭渡し","2026/10/06","","未着手","","2026/09/28","製造"
"イシグロ　福岡★","九州工場","九州工場","2026/09/09","2026/09/09","26-J0128133-004-771","ZG0000","6.00","930.0","65.0","1,800.0","ZN 架台","","2","SS-L-65x65x6t　PL-6t　 B-008","2026/10/05","店頭渡し","2026/10/06","","未着手","","2026/09/28","製造"
"イシグロ　福岡★","九州工場","九州工場","2026/09/09","2026/09/09","26-J0128133-007-771","ZG0000","6.00","800.0","65.0","300.0","ZN 架台","","4","SS-L-65x65x6t　PL-6t　 B-016","2026/10/05","店頭渡し","2026/10/06","","未着手","","2026/09/28","製造"
"イシグロ　福岡★","九州工場","九州工場","2026/09/09","2026/09/09","26-J0128133-001-771","ZG0000","6.00","500.0","65.0","1,500.0","ZN 架台","","2","SS-L-65x65x6t　PL-6t　 B-005","2026/10/05","店頭渡し","2026/10/06","","未着手","","2026/09/28","製造"
"イシグロ　福岡★","九州工場","九州工場","2026/09/09","2026/09/09","26-J0128133-002-771","ZG0000","6.00","500.0","65.0","1,500.0","ZN 架台","","2","SS-L-65x65x6t　PL-6t　 B-006","2026/10/05","店頭渡し","2026/10/06","","未着手","","2026/09/28","製造"
"米良電機　宮崎★","九州工場","九州工場","2026/09/10","2026/09/10","26-J0129368-001-771","SE0000XN","1.50","500.0","400.0","200.0","SUS PBﾄｸ 水切","","1","ｱｰｽ","2026/09/28","佐川急便","2026/09/28","","未着手","","2026/09/28","製造"
"アサヒ　宜野湾","九州工場","九州工場","2026/09/11","2026/09/11","26-J0130163-001-771","SE0000XC","2.00","900.0","600.0","600.0","SUS PBﾄｸ 水切 焼付","2.5Y9/1","1","(SUS316)ｱｰｽ","2026/10/01","沖縄直送","2026/10/01","","未着手","","2026/09/28","製造"
"Q-mast　電気グル－プ★","九州工場","九州工場","2026/09/11","2026/09/11","26-J0130706-006-771","DD0000N","1.60","200.0","200.0","1,810.0","Sﾀﾞｲﾏ ﾀﾞｸﾄ","","1","開口穴　4F用","2026/09/30","ヤマックス　ｽﾎﾟｯﾄ便","2026/10/01","","未着手","","2026/09/28","製造"
"Q-mast　電気グル－プ★","九州工場","九州工場","2026/09/11","2026/09/11","26-J0130706-003-771","DD0000N","1.60","200.0","300.0","725.0","Sﾀﾞｲﾏ ﾀﾞｸﾄ","","1","開口穴　2F用","2026/09/30","ヤマックス　ｽﾎﾟｯﾄ便","2026/10/01","","未着手","","2026/09/28","製造"
"Q-mast　電気グル－プ★","九州工場","九州工場","2026/09/11","2026/09/11","26-J0130706-002-771","DD0000N","1.60","300.0","200.0","1,480.0","Sﾀﾞｲﾏ ﾀﾞｸﾄ","","1","開口穴　2F用","2026/09/30","ヤマックス　ｽﾎﾟｯﾄ便","2026/10/01","","未着手","","2026/09/28","製造"
"Q-mast　電気グル－プ★","九州工場","九州工場","2026/09/11","2026/09/11","26-J0130706-013-771","DD0000N","1.60","200.0","300.0","700.0","Sﾀﾞｲﾏ ﾀﾞｸﾄ","","1","開口穴　6F用","2026/09/30","ヤマックス　ｽﾎﾟｯﾄ便","2026/10/01","","未着手","","2026/09/28","製造"
"Q-mast　電気グル－プ★","九州工場","九州工場","2026/09/11","2026/09/11","26-J0130706-001-771","DD0000N","1.60","200.0","200.0","1,810.0","Sﾀﾞｲﾏ ﾀﾞｸﾄ","","1","開口穴　2F用","2026/09/30","ヤマックス　ｽﾎﾟｯﾄ便","2026/10/01","","未着手","","2026/09/28","製造"
"Q-mast　電気グル－プ★","九州工場","九州工場","2026/09/11","2026/09/11","26-J0130706-011-771","DD0000N","1.60","300.0","200.0","1,340.0","Sﾀﾞｲﾏ ﾀﾞｸﾄ","","1","開口穴　6F用","2026/09/30","ヤマックス　ｽﾎﾟｯﾄ便","2026/10/01","","未着手","","2026/09/28","製造"
"Q-mast　電気グル－プ★","九州工場","九州工場","2026/09/11","2026/09/11","26-J0130706-012-771","DD0000N","1.60","200.0","200.0","160.0","Sﾀﾞｲﾏ ﾀﾞｸﾄ","","1","開口穴　ツバ付き　6F用","2026/09/30","ヤマックス　ｽﾎﾟｯﾄ便","2026/10/01","","未着手","","2026/09/28","製造"
"Q-mast　電気グル－プ★","九州工場","九州工場","2026/09/11","2026/09/11","26-J0130706-008-771","DD0000N","1.60","200.0","300.0","700.0","Sﾀﾞｲﾏ ﾀﾞｸﾄ","","1","開口穴　4F用","2026/09/30","ヤマックス　ｽﾎﾟｯﾄ便","2026/10/01","","未着手","","2026/09/28","製造"
"Q-mast　電気グル－プ★","九州工場","九州工場","2026/09/11","2026/09/11","26-J0130706-007-771","DD0000N","1.60","300.0","200.0","1,340.0","Sﾀﾞｲﾏ ﾀﾞｸﾄ","","1","開口穴　4F用","2026/09/30","ヤマックス　ｽﾎﾟｯﾄ便","2026/10/01","","未着手","","2026/09/28","製造"
"啓電社★","九州工場","九州工場","2026/09/11","2026/09/11","26-J0130766-001-771","SE6060SN","1.50","600.0","600.0","600.0","SUS PB 平","","5","ｱｰｽ","2026/09/28","ヤマックス福岡","2026/09/29","","未着手","","2026/09/28","製造"
"三親電材　広島★","九州工場","九州工場","2026/09/15","2026/09/15","26-J0132617-014-771","IKW0000G","1.60","700.0","250.0","170.0","鉄 貫通枠","","1","さび止め SS-C-5x50x100溶接","2026/09/29","福山通運　九州発送","2026/09/29","","未着手","","2026/09/28","製造"
"三親電材　広島★","九州工場","九州工場","2026/09/15","2026/09/15","26-J0132617-013-771","IKW0000G","1.60","1,250.0","300.0","170.0","鉄 貫通枠","","1","さび止め SS-C-5x50x100溶接","2026/09/29","福山通運　九州発送","2026/09/29","","未着手","","2026/09/28","製造"
"ナミデン　山口★","九州工場","九州工場","2026/09/15","2026/09/15","26-J0132819-002-771","BE0000SG","1.60","400.0","300.0","300.0","国土 PBﾄｸ 平","","1","ｱｰｽ さび止め","2026/09/29","福山通運　九州発送","2026/09/29","","未着手","","2026/09/28","製造"
"ナミデン　山口★","九州工場","九州工場","2026/09/15","2026/09/15","26-J0132819-001-771","BE0000SG","2.30","800.0","800.0","600.0","国土 PBﾄｸ 平","","1","ｱｰｽ さび止め","2026/09/29","福山通運　九州発送","2026/09/29","","未着手","","2026/09/28","製造"
"米良電機　宮崎★","九州工場","九州工場","2026/09/15","2026/09/15","26-J0133534-007-771","BE2520SC","1.60","250.0","250.0","200.0","国土 PB 平 焼付","2.5Y9/1 近似色","6","ｱｰｽ","2026/10/01","福山通運　九州発送","2026/10/01","","未着手","","2026/09/28","製造"
"米良電機　宮崎★","九州工場","九州工場","2026/09/15","2026/09/15","26-J0133534-008-771","SE2515XC","1.50","250.0","250.0","150.0","SUS PB 水切 焼付","2.5Y9/1 近似色","2","ｱｰｽ","2026/10/01","福山通運　九州発送","2026/10/01","","未着手","","2026/09/28","製造"
"日本電設資材　福岡★","九州工場","九州工場","2026/09/15","2026/09/15","26-J0133785-001-771","DC0000N","1.60","300.0","160.0","440.0","Sﾀﾞｲﾏ ｶﾊﾞｰ","","1","平蓋（パッキン付き）3方外コーキング代","2026/09/28","ヤマックス　ｽﾎﾟｯﾄ便","2026/09/29","","未着手","","2026/09/28","製造"
"アサヒ　本社","九州工場","九州工場","2026/09/16","2026/09/16","26-J0133813-001-771","DD0000N","1.60","1,300.0","500.0","2,350.0","Sﾀﾞｲﾏ ﾀﾞｸﾄ","","1","本体･被せ蓋３ ｱｰｽ 支持棒 開口 ｺｰｷﾝｸﾞ代 取付穴","2026/09/29","沖縄直送","2026/09/29","","未着手","","2026/09/28","製造"
"ナミデン　福岡★","九州工場","九州工場","2026/09/16","2026/09/16","26-J0134228-003-771","DKS0000N","2.30","1,215.0","310.0","300.0","Sﾀﾞｲﾏ 貫通ｽﾘｰﾌﾞ","","1","","2026/09/28","ヤマックス　ｽﾎﾟｯﾄ便","2026/09/29","","未着手","","2026/09/28","製造"
"ナミデン　福岡★","九州工場","九州工場","2026/09/16","2026/09/16","26-J0134228-004-771","DKS0000N","2.30","222.0","1,127.0","25.0","Sﾀﾞｲﾏ 貫通ｽﾘｰﾌﾞ","","1","","2026/09/28","ヤマックス　ｽﾎﾟｯﾄ便","2026/09/29","","未着手","","2026/09/28","製造"
"ナミデン　福岡★","九州工場","九州工場","2026/09/16","2026/09/16","26-J0134228-001-771","DD0000N","2.30","1,300.0","300.0","600.0","Sﾀﾞｲﾏ ﾀﾞｸﾄ","","1","/1100 /986","2026/09/28","ヤマックス　ｽﾎﾟｯﾄ便","2026/09/29","","CAD/CAM","熊谷","2026/09/28","製造"
"ナミデン　福岡★","九州工場","九州工場","2026/09/16","2026/09/16","26-J0134228-002-771","DD0000N","2.30","1,300.0","300.0","600.0","Sﾀﾞｲﾏ ﾀﾞｸﾄ","","1","/1312","2026/09/28","ヤマックス　ｽﾎﾟｯﾄ便","2026/09/29","","未着手","","2026/09/28","製造"
"木村電機　熊本北★","九州工場","九州工場","2026/09/16","2026/09/16","26-J0134803-002-771","BE2010SC","1.60","200.0","200.0","100.0","国土 PB 平 焼付","2.5Y9/1 近似色","10","ｱｰｽ","2026/10/02","佐川急便","2026/10/02","","未着手","","2026/09/28","製造"
"日本電設資材　久留米★","九州工場","九州工場","2026/09/16","2026/09/16","26-J0134885-001-771","DIP0000N","1.60","1,390.0","750.0","0.0","Sﾀﾞｲﾏ ﾌﾟﾚｰﾄ","","2","ﾊﾟﾝﾁﾝｸﾞ加工φ5","2026/09/28","佐川急便","2026/09/29","","未着手","","2026/09/28","製造"
"東芝電材　熊本★","九州工場","九州工場","2026/09/16","2026/09/16","26-J0134969-002-771","ZE5040X2","2.30","500.0","500.0","400.0","ZN PB 水切","","3","ｱｰｽ","2026/10/05","福山通運　九州発送","2026/10/05","","未着手","","2026/09/28","製造"
"東芝電材　熊本★","九州工場","九州工場","2026/09/16","2026/09/16","26-J0134969-001-771","ZE4040X2","2.30","400.0","400.0","400.0","ZN PB 水切","","1","ｱｰｽ","2026/10/05","福山通運　九州発送","2026/10/05","","未着手","","2026/09/28","製造"
"ムトウ電材　富士見★","九州工場","九州工場","2026/09/17","2026/09/17","26-J0136020-001-771","ZE0000XC","2.30","350.0","350.0","200.0","ZN PBﾄｸ 水切 焼付","5Y7/1 近似色","1","ｱｰｽ付き　端子台ベース溶接","2026/10/07","佐川急便","2026/10/08","","未着手","","2026/09/28","製造"
"ムトウ電材　富士見★","九州工場","九州工場","2026/09/17","2026/09/17","26-J0136031-002-771","ZE0000X","2.30","100.0","100.0","100.0","ZN PBﾄｸ 水切","","2","ｱｰｽ付き　端子台ベース溶接","2026/10/05","佐川急便","2026/10/05","","未着手","","2026/09/28","製造"
"ムトウ電材　富士見★","九州工場","九州工場","2026/09/17","2026/09/17","26-J0136031-003-771","ZE0000X","2.30","200.0","200.0","100.0","ZN PBﾄｸ 水切","","1","ｱｰｽ付き　端子台ベース溶接","2026/10/05","佐川急便","2026/10/05","","未着手","","2026/09/28","製造"
"南四国ﾅｼｮﾅﾙ　本社★","九州工場","九州工場","2026/09/17","2026/09/17","26-J0136148-001-771","IDC0000C","1.60","700.0","250.0","1,200.0","鉄 ﾀﾞｸﾄｶﾊﾞｰ 焼付","ｶﾜﾑﾗ2.5Y9/1(近似色)","1","ﾒｸﾗ付","2026/09/30","福山通運　九州発送","2026/09/30","","未着手","","2026/09/28","製造"
"","九州工場","九州工場","","2026/09/11","26-R0002652-001-771","BE4040SG","1.60","400.0","400.0","400.0","国土 PB 平","","6","***北ｱｰｽ さび止め","2026/09/29","自社便","","2026/09/30","未着手","","2026/09/28","製造"
"","九州工場","九州工場","","2026/09/14","26-R0002673-001-771","BE5050SG","1.60","500.0","500.0","500.0","国土 PB 平","","4","***北ｱｰｽ さび止め","2026/09/29","自社便","","2026/09/30","未着手","","2026/09/28","製造"
"","九州工場","九州工場","","2026/09/14","26-R0002678-001-771","SE4030WN","1.50","400.0","400.0","300.0","SUS PB 被せ","","6","***北ｱｰｽ","2026/09/29","自社便","","2026/09/30","未着手","","2026/09/28","製造"
"","九州工場","九州工場","","2026/09/14","26-R0002685-001-771","SE2010XC2","1.50","200.0","200.0","100.0","SUS PB 水切 焼付","2.5Y9/1","10","***沖縄ｱｰｽ 2.5Y9/1","2026/10/01","自社便","","2026/10/02","未着手","","2026/09/28","製造"
"","九州工場","九州工場","","2026/09/14","26-R0002689-001-771","SE1515XC2","1.50","150.0","150.0","150.0","SUS PB 水切 焼付","2.5Y9/1","12","***沖縄ｱｰｽ 2.5Y9/1","2026/10/01","自社便","","2026/10/02","未着手","","2026/09/28","製造"
"","九州工場","九州工場","","2026/09/14","26-R0002705-001-771","SE5020SC2","1.50","500.0","500.0","200.0","SUS PB 平 焼付","2.5Y9/1","1","***沖縄ｱｰｽ 2.5Y9/1 ﾊﾟｯｷﾝ付","2026/10/01","イトカツ","","2026/10/01","未着手","","2026/09/28","製造"
"","九州工場","九州工場","","2026/09/16","26-R0002712-001-771","BE4030SC2","1.60","400.0","400.0","300.0","国土 PB 平 焼付","2.5Y9/1","3","***沖縄ｱｰｽ 2.5Y9/1","2026/10/01","イトカツ","","2026/10/01","未着手","","2026/09/28","製造"
"","九州工場","九州工場","","2026/09/16","26-R0002713-001-771","SE3020XC5","1.50","300.0","300.0","200.0","SUS PB 水切 焼付","5Y7/1","4","***沖縄ｱｰｽ 5Y7/1","2026/10/01","イトカツ","","2026/10/01","未着手","","2026/09/28","製造"
"","九州工場","九州工場","","2026/09/16","26-R0002714-001-771","ZE3020X2","2.30","300.0","300.0","200.0","ZN PB 水切","","3","***沖縄ｱｰｽ","2026/10/05","イトカツ","","2026/10/05","未着手","","2026/09/28","製造"
"栗田電機　松山★","九州工場","九州工場","2026/08/20","2026/08/20","26-J0111710-001-771","IIP0000C","1.60","1,290.0","290.0","0.0","鉄 ﾌﾟﾚｰﾄ 焼付","N9.5(近似色)","10","L型金物･開口ｱﾘ","2026/10/05","福山通運　九州発送","2026/10/05","","未着手","","2026/09/29","製造"
"平岡電気　久留米★","九州工場","九州工場","2026/08/25","2026/08/25","26-J0114707-001-771","AD0000N","2.00","300.0","200.0","3,650.0","ｱﾙﾐ ﾀﾞｸﾄ","","1","平蓋　ｱｰｽ　ｹｰﾌﾞﾙ支持材　ｾﾊﾟﾚｰﾀ　ｱﾙﾏｲﾄｸﾘｱ材","2026/09/29","福山通運　九州発送","2026/09/30","","溶接","ハイ","2026/09/29","製造"
"カンサイ　八幡★","九州工場","九州工場","2026/09/03","2026/09/03","26-J0123988-001-771","SP0000XC","2.00","1,000.0","500.0","200.0","SUS PBﾄｸ 水切 焼付","N-93 近似色","1","","2026/10/06","北九州配達","2026/10/07","","未着手","","2026/09/29","製造"
"デンザイ東亜　本社★","九州工場","九州工場","2026/09/15","2026/09/15","26-J0132940-003-771","SD0000N","1.50","300.0","200.0","600.0","SUS ﾀﾞｸﾄ","","1","カブセ蓋　ｱｰｽ付　ケーブル支持材付 D-2　水平L","2026/09/29","福山通運　九州発送","2026/09/30","","未着手","","2026/09/29","製造"
"デンザイ東亜　本社★","九州工場","九州工場","2026/09/15","2026/09/15","26-J0132940-002-771","SD0000N","1.50","300.0","200.0","6,650.0","SUS ﾀﾞｸﾄ","","1","カブセ蓋　ｱｰｽ付　ケーブル支持材付 D-2　直線","2026/09/29","福山通運　九州発送","2026/09/30","","切断","岩本","2026/09/29","製造"
"デンザイ東亜　本社★","九州工場","九州工場","2026/09/15","2026/09/15","26-J0132940-001-771","SD0000N","1.50","300.0","200.0","1,195.0","SUS ﾀﾞｸﾄ","","1","カブセ蓋　ｱｰｽ付　ケーブル支持材付 D-1　直線","2026/09/29","福山通運　九州発送","2026/09/30","","未着手","","2026/09/29","製造"
"東芝電材　熊本★","九州工場","九州工場","2026/09/16","2026/09/16","26-J0134879-007-771","DMK0000N","2.30","1,630.0","450.0","350.0","Sﾀﾞｲﾏ 曲金物","","1","L型","2026/09/29","福山通運　九州発送","2026/09/29","","未着手","","2026/09/29","製造"
"東芝電材　熊本★","九州工場","九州工場","2026/09/16","2026/09/16","26-J0134879-008-771","DMK0000N","2.30","1,630.0","395.0","350.0","Sﾀﾞｲﾏ 曲金物","","1","L型","2026/09/29","福山通運　九州発送","2026/09/29","","未着手","","2026/09/29","製造"
"東芝電材　熊本★","九州工場","九州工場","2026/09/16","2026/09/16","26-J0134879-006-771","DMK0000N","2.30","1,520.0","250.0","70.0","Sﾀﾞｲﾏ 曲金物","","1","L型","2026/09/29","福山通運　九州発送","2026/09/29","","未着手","","2026/09/29","製造"
"東芝電材　熊本★","九州工場","九州工場","2026/09/16","2026/09/16","26-J0134879-005-771","DMK0000N","2.30","1,520.0","250.0","90.0","Sﾀﾞｲﾏ 曲金物","","1","L型","2026/09/29","福山通運　九州発送","2026/09/29","","未着手","","2026/09/29","製造"
"東芝電材　熊本★","九州工場","九州工場","2026/09/16","2026/09/16","26-J0134879-004-771","DMK0000N","2.30","1,520.0","250.0","65.0","Sﾀﾞｲﾏ 曲金物","","2","L型","2026/09/29","福山通運　九州発送","2026/09/29","","未着手","","2026/09/29","製造"
"東芝電材　熊本★","九州工場","九州工場","2026/09/16","2026/09/16","26-J0134879-003-771","DI0000N","2.30","1,880.0","145.0","0.0","Sﾀﾞｲﾏ 切板","","1","生地","2026/09/29","福山通運　九州発送","2026/09/29","","未着手","","2026/09/29","製造"
"東芝電材　熊本★","九州工場","九州工場","2026/09/16","2026/09/16","26-J0134879-002-771","DMK0000N","2.30","2,000.0","450.0","100.0","Sﾀﾞｲﾏ 曲金物","","1","L型","2026/09/29","福山通運　九州発送","2026/09/29","","未着手","","2026/09/29","製造"
"東芝電材　熊本★","九州工場","九州工場","2026/09/16","2026/09/16","26-J0134879-001-771","DMK0000N","2.30","1,880.0","450.0","100.0","Sﾀﾞｲﾏ 曲金物","","1","L型","2026/09/29","福山通運　九州発送","2026/09/29","","未着手","","2026/09/29","製造"
"イシグロ　福岡★","九州工場","九州工場","2026/09/17","2026/09/17","26-J0135406-001-771","IG0000G","0.00","2,400.0","765.0","0.0","鉄 架台","","4","さび止め C100x50x5x7.5","2026/09/30","チャーター便","2026/10/01","","未着手","","2026/09/29","製造"
"Q-mast　電気グル－プ★","九州工場","九州工場","2026/09/17","2026/09/17","26-J0135976-002-771","DD0000C","2.30","900.0","500.0","2,850.0","Sﾀﾞｲﾏ ﾀﾞｸﾄ 焼付","5Y9/0.5 近似色","1","/1200 /880","2026/10/02","ヤマックス　ｽﾎﾟｯﾄ便","2026/10/05","","未着手","","2026/09/29","製造"
"Q-mast　電気グル－プ★","九州工場","九州工場","2026/09/17","2026/09/17","26-J0135976-001-771","DD0000C","2.30","1,000.0","500.0","3,000.0","Sﾀﾞｲﾏ ﾀﾞｸﾄ 焼付","5Y9/0.5 近似色","1","/1200 /880","2026/10/02","ヤマックス　ｽﾎﾟｯﾄ便","2026/10/05","","未着手","","2026/09/29","製造"
"ムトウ電材　富士見★","九州工場","九州工場","2026/09/17","2026/09/17","26-J0136004-001-771","SC0000N","1.50","880.0","380.0","260.0","SUS ｶﾊﾞｰ","","1","ﾌｰﾄﾞｶﾊﾞｰ","2026/09/29","佐川急便","2026/09/29","","未着手","","2026/09/29","製造"
"ムトウ電材　富士見★","九州工場","九州工場","2026/09/17","2026/09/17","26-J0136004-002-771","SC0000N","1.50","700.0","680.0","260.0","SUS ｶﾊﾞｰ","","1","ﾌｰﾄﾞｶﾊﾞｰ","2026/09/29","佐川急便","2026/09/29","","未着手","","2026/09/29","製造"
"東芝電材　唐津★","九州工場","九州工場","2026/09/17","2026/09/17","26-J0136011-002-771","ZPA0000C","0.00","305.0","0.0","0.0","ZN ﾎﾟｰﾙｱﾀﾞﾌﾟﾀｰ 焼付","N1 近似色","3","下部110X110、上部90X90","2026/10/09","佐川急便","2026/10/09","","未着手","","2026/09/29","製造"
"岡本電機　福山★","九州工場","九州工場","2026/09/17","2026/09/17","26-J0136221-001-771","IE5030SG","1.60","500.0","500.0","300.0","鉄 PB 平","","1","ｱｰｽ さび止め","2026/09/30","福山通運　九州発送","2026/09/30","","未着手","","2026/09/29","製造"
"","九州工場","九州工場","","2026/09/11","26-R0002656-001-771","SE4040XN","1.50","400.0","400.0","400.0","SUS PB 水切","","6","***北ｱｰｽ","2026/09/30","自社便","","2026/10/01","未着手","","2026/09/29","製造"
"","九州工場","九州工場","","2026/09/14","26-R0002675-001-771","SE5040WN","1.50","500.0","500.0","400.0","SUS PB 被せ","","4","***北ｱｰｽ","2026/09/30","自社便","","2026/10/01","未着手","","2026/09/29","製造"
"","九州工場","九州工場","","2026/09/14","26-R0002681-001-771","SE5050XN","1.50","500.0","500.0","500.0","SUS PB 水切","","4","***北ｱｰｽ","2026/09/30","自社便","","2026/10/01","未着手","","2026/09/29","製造"
"","九州工場","九州工場","","2026/09/14","26-R0002686-001-771","SE2010XC2","1.50","200.0","200.0","100.0","SUS PB 水切 焼付","2.5Y9/1","10","***沖縄ｱｰｽ 2.5Y9/1","2026/10/02","自社便","","2026/10/05","未着手","","2026/09/29","製造"
"","九州工場","九州工場","","2026/09/14","26-R0002690-001-771","SE1515XC2","1.50","150.0","150.0","150.0","SUS PB 水切 焼付","2.5Y9/1","12","***沖縄ｱｰｽ 2.5Y9/1","2026/10/02","自社便","","2026/10/05","未着手","","2026/09/29","製造"
"","九州工場","九州工場","","2026/09/14","26-R0002696-001-771","IE1510SC2","1.60","150.0","150.0","100.0","鉄 PB 平 焼付","2.5Y9/1","10","***沖縄ｱｰｽ 2.5Y9/1","2026/10/02","自社便","","2026/10/05","未着手","","2026/09/29","製造"
"","九州工場","九州工場","","2026/09/16","26-R0002715-001-771","BE3020SC2","1.60","300.0","300.0","200.0","国土 PB 平 焼付","2.5Y9/1","6","***沖縄ｱｰｽ 2.5Y9/1","2026/10/02","イトカツ","","2026/10/02","未着手","","2026/09/29","製造"
"三親電材　水島★","九州工場","九州工場","2026/09/09","2026/09/09","26-J0128155-001-771","SF0000N","1.50","439.0","194.0","100.0","SUS 裏BOX","","1","外側ｱｰｽ L金物t2.0付","2026/09/30","福山通運　九州発送","2026/09/30","","未着手","","2026/09/30","製造"
"ヤシマ電材 津山","九州工場","九州工場","2026/09/11","2026/09/11","26-J0130619-001-771","IF0000C","1.60","212.0","110.0","70.0","鉄 裏BOX 焼付","N9.5(近似色)","3","蓋無･耳付･穴加工ｱﾘ","2026/10/02","福山通運　九州発送","2026/10/02","","未着手","","2026/09/30","製造"
"デンザイ東亜　本社★","九州工場","九州工場","2026/09/15","2026/09/15","26-J0132989-010-771","SD0000N","1.50","300.0","200.0","4,400.0","SUS ﾀﾞｸﾄ","","1","カブセ蓋　ｱｰｽ付　ケーブル支持材付 D-4 直線","2026/09/30","福山通運　九州発送","2026/09/30","","ｷｬﾝｾﾙ","林(秀)","2026/09/30","製造"
"デンザイ東亜　本社★","九州工場","九州工場","2026/09/15","2026/09/15","26-J0132989-009-771","SD0000N","1.50","300.0","200.0","500.0","SUS ﾀﾞｸﾄ","","1","カブセ蓋　ｱｰｽ付　ケーブル支持材付 D-4 立下L","2026/09/30","福山通運　九州発送","2026/09/30","","ｷｬﾝｾﾙ","林(秀)","2026/09/30","製造"
"デンザイ東亜　本社★","九州工場","九州工場","2026/09/15","2026/09/15","26-J0132989-004-771","SD0000N","1.50","300.0","200.0","450.0","SUS ﾀﾞｸﾄ","","1","カブセ蓋　ｱｰｽ付　ケーブル支持材付 D-2　直線","2026/09/30","福山通運　九州発送","2026/09/30","","未着手","","2026/09/30","製造"
"デンザイ東亜　本社★","九州工場","九州工場","2026/09/15","2026/09/15","26-J0132989-008-771","SD0000N","1.50","300.0","200.0","1,100.0","SUS ﾀﾞｸﾄ","","1","カブセ蓋　ｱｰｽ付　ケーブル支持材付 D-4　直線","2026/09/30","福山通運　九州発送","2026/09/30","","ｷｬﾝｾﾙ","林(秀)","2026/09/30","製造"
"デンザイ東亜　本社★","九州工場","九州工場","2026/09/15","2026/09/15","26-J0133012-006-771","SD0000N","1.50","300.0","200.0","2,400.0","SUS ﾀﾞｸﾄ","","1","カブセ蓋　ｱｰｽ付　ケーブル支持材付　D-3　直線","2026/09/30","福山通運　九州発送","2026/10/01","","未着手","","2026/09/30","製造"
"カンサイ　西★","九州工場","九州工場","2026/09/15","2026/09/15","26-J0133703-001-771","SKM0000N","2.00","120.0","60.0","1,350.0","SUS 金物","","1","角ﾎﾟｰﾙ 1-φ50 2-M4ﾀｯﾌﾟ 上部塞ぎ","2026/09/30","ヤマックス福岡","2026/09/30","","未着手","","2026/09/30","製造"
"アサヒ　本社","九州工場","九州工場","2026/09/16","2026/09/16","26-J0133825-001-771","DD0000N","1.60","800.0","500.0","2,400.0","Sﾀﾞｲﾏ ﾀﾞｸﾄ","","1","本体･被せ蓋３ ｱｰｽ 支持棒 開口 ｺｰｷﾝｸﾞ代 取付穴","2026/10/01","沖縄直送","2026/10/01","","未着手","","2026/09/30","製造"
"九州電業社　佐世保★","九州工場","九州工場","2026/09/16","2026/09/16","26-J0133977-002-771","SE0000XNA","1.50","700.0","700.0","200.0","SUS PBﾄｸ 水切","","1","ｱｰｽ 足付 落下防止ﾁｪｰﾝ付　脱落防止ビス","2026/09/30","佐川急便","2026/09/30","","未着手","","2026/09/30","製造"
"東芝電材　熊本★","九州工場","九州工場","2026/09/16","2026/09/16","26-J0134977-002-771","ZE0000X","3.20","900.0","900.0","600.0","ZN PBﾄｸ 水切","","1","◆ ｱｰｽ","2026/10/08","福山通運　九州発送","2026/10/09","","未着手","","2026/09/30","製造"
"","九州工場","九州工場","","2026/09/14","26-R0002677-001-771","SE4020WN","1.50","400.0","400.0","200.0","SUS PB 被せ","","6","***北ｱｰｽ","2026/10/01","自社便","","2026/10/02","未着手","","2026/09/30","製造"
"","九州工場","九州工場","","2026/09/14","26-R0002692-001-771","SE1515XC2","1.50","150.0","150.0","150.0","SUS PB 水切 焼付","2.5Y9/1","12","***沖縄ｱｰｽ 2.5Y9/1","2026/10/05","自社便","","2026/10/06","未着手","","2026/09/30","製造"
"","九州工場","九州工場","","2026/09/14","26-R0002702-001-771","IE4020SC2","1.60","400.0","400.0","200.0","鉄 PB 平 焼付","2.5Y9/1","3","***沖縄ｱｰｽ 2.5Y9/1","2026/10/05","自社便","","2026/10/06","未着手","","2026/09/30","製造"
"","九州工場","九州工場","","2026/09/14","26-R0002707-001-771","BE2015SC2","1.60","200.0","200.0","150.0","国土 PB 平 焼付","2.5Y9/1","12","***沖縄ｱｰｽ 2.5Y9/1","2026/10/05","イトカツ","","2026/10/05","未着手","","2026/09/30","製造"
"九州三菱電機販売　中津","九州工場","九州工場","2026/08/03","2026/08/03","26-J0101187-003-771","IBGE1800C","2.30","1,800.0","800.0","350.0","鉄 防球ガード 焼付","","10","天吊形空調機用　フルオープン","2026/10/07","チャーター便","2026/10/08","","溶接","ハイ","2026/10/01","製造"
"東芝電材　松江★","九州工場","九州工場","2026/09/01","2026/09/01","26-J0120575-001-771","BD0000C","1.60","500.0","200.0","750.0","国土 ﾀﾞｸﾄ 焼付","N1(近似色)","1","/400/170 ｱｰｽ 支持棒付【ﾀﾞｸﾄ③A】","2026/10/06","福山通運　九州発送","2026/10/06","","未着手","","2026/10/01","製造"
"東芝電材　松江★","九州工場","九州工場","2026/09/01","2026/09/01","26-J0120575-002-771","BD0000C","1.60","200.0","300.0","4,800.0","国土 ﾀﾞｸﾄ 焼付","N1(近似色)","1","ｱｰｽ 5分割【ﾀﾞｸﾄ③B･C】","2026/10/06","福山通運　九州発送","2026/10/06","","未着手","","2026/10/01","製造"
"丸井産業　岡山★","九州工場","九州工場","2026/09/07","2026/09/07","26-J0125006-001-771","ACD0000N","2.00","500.0","300.0","3,000.0","ｱﾙﾏｲﾄｸﾘｱ ﾀﾞｸﾄ","","1","2分割･ｱﾝｸﾞﾙ補強･ｱｰｽ･支持棒･ｾﾊﾟﾚｰﾀ","2026/10/01","福山通運　九州発送","2026/10/01","","未着手","","2026/10/01","製造"
"丸井産業　岡山★","九州工場","九州工場","2026/09/07","2026/09/07","26-J0125006-003-771","ACD0000N","2.00","500.0","500.0","1,000.0","ｱﾙﾏｲﾄｸﾘｱ ﾀﾞｸﾄ","","1","ｱﾝｸﾞﾙ補強･ｱｰｽ･支持棒･ｾﾊﾟﾚｰﾀ","2026/10/01","福山通運　九州発送","2026/10/01","","未着手","","2026/10/01","製造"
"木村電機　玉名★","九州工場","九州工場","2026/09/09","2026/09/09","26-J0128542-003-771","SE0000XN","1.50","400.0","400.0","200.0","SUS PBﾄｸ 水切","","1","ｱｰｽ 底面ｾﾝﾀｰΦ250","2026/10/01","佐川急便","2026/10/01","","未着手","","2026/10/01","製造"
"木村電機　玉名★","九州工場","九州工場","2026/09/09","2026/09/09","26-J0128542-002-771","SE0000XN","1.50","400.0","400.0","300.0","SUS PBﾄｸ 水切","","2","ｱｰｽ 底面ｾﾝﾀｰΦ300","2026/10/01","佐川急便","2026/10/01","","未着手","","2026/10/01","製造"
"ナミデン　岡山★","九州工場","九州工場","2026/09/11","2026/09/11","26-J0129939-001-771","SE4040SN","1.50","400.0","400.0","400.0","SUS PB 平","","1","ｱｰｽ","2026/10/01","福山通運　九州発送","2026/10/01","","未着手","","2026/10/01","製造"
"三共電気　東★","九州工場","九州工場","2026/09/11","2026/09/11","26-J0130900-001-771","DKS0000N","1.60","1,100.0","200.0","500.0","Sﾀﾞｲﾏ 貫通ｽﾘｰﾌﾞ","","2","平蓋","2026/10/01","福山通運　九州発送","2026/10/01","","未着手","","2026/10/01","製造"
"アサヒ　本社","九州工場","九州工場","2026/09/16","2026/09/16","26-J0134081-001-771","DD0000N","1.60","1,500.0","500.0","830.0","Sﾀﾞｲﾏ ﾀﾞｸﾄ","","1","本体･被せ蓋２ ｱｰｽ 支持棒 開口 ｺｰｷﾝｸﾞ代 取付穴","2026/10/02","沖縄直送","2026/10/02","","未着手","","2026/10/01","製造"
"東芝電材　熊本★","九州工場","九州工場","2026/09/16","2026/09/16","26-J0134977-003-771","ZE0000X","3.20","800.0","800.0","600.0","ZN PBﾄｸ 水切","","1","◆ ｱｰｽ","2026/10/09","福山通運　九州発送","2026/10/09","","未着手","","2026/10/01","製造"
"岡本電機　福山★","九州工場","九州工場","2026/09/17","2026/09/17","26-J0135098-001-771","SDC0000N","1.50","660.0","200.0","250.0","SUS ﾀﾞｸﾄｶﾊﾞｰ","","1","ﾌｰﾄﾞｶﾊﾞｰ 8-φ8 上面傾斜220→200","2026/10/01","福山通運　九州発送","2026/10/01","","未着手","","2026/10/01","製造"
"かごしま電工　南★","九州工場","九州工場","2026/09/17","2026/09/17","26-J0135724-003-771","AKM0000N","0.00","348.0","0.0","0.0","ｱﾙﾐ 金物","","25","L-35X35X3t","2026/10/01","佐川急便","2026/10/01","","未着手","","2026/10/01","製造"
"かごしま電工　南★","九州工場","九州工場","2026/09/17","2026/09/17","26-J0135724-002-771","AKM0000N","0.00","442.0","0.0","0.0","ｱﾙﾐ 金物","","25","L-35X35X3t","2026/10/01","佐川急便","2026/10/01","","未着手","","2026/10/01","製造"
"メイク機材　大分★","九州工場","九州工場","2026/09/17","2026/09/17","26-J0135810-001-771","IBG0000C","0.00","470.0","150.0","150.0","鉄 防球ガード 焼付","2.5Y9/1 近似色","6","","2026/10/07","福山通運　九州発送","2026/10/07","","未着手","","2026/10/01","製造"
"メイク機材　大分★","九州工場","九州工場","2026/09/17","2026/09/17","26-J0135810-002-771","IBG0000C","0.00","470.0","210.0","150.0","鉄 防球ガード 焼付","2.5Y9/1 近似色","6","","2026/10/07","福山通運　九州発送","2026/10/07","","未着手","","2026/10/01","製造"
"日本電設資材　福岡★","九州工場","九州工場","2026/09/17","2026/09/17","26-J0135837-001-771","IKW0000G","1.60","860.0","130.0","230.0","鉄 貫通枠","","1","さび止め C125x65x6x8  EPS1","2026/10/01","ヤマックス福岡","2026/10/02","","未着手","","2026/10/01","製造"
"日本電設資材　福岡★","九州工場","九州工場","2026/09/17","2026/09/17","26-J0135837-004-771","IKW0000G","1.60","310.0","130.0","230.0","鉄 貫通枠","","1","さび止め C125x65x6x8  EPS4","2026/10/01","ヤマックス福岡","2026/10/02","","未着手","","2026/10/01","製造"
"日本電設資材　福岡★","九州工場","九州工場","2026/09/17","2026/09/17","26-J0135837-003-771","IKW0000G","1.60","310.0","130.0","230.0","鉄 貫通枠","","1","さび止め C125x65x6x8  EPS3","2026/10/01","ヤマックス福岡","2026/10/02","","未着手","","2026/10/01","製造"
"日本電設資材　福岡★","九州工場","九州工場","2026/09/17","2026/09/17","26-J0135837-002-771","IKW0000G","1.60","860.0","130.0","230.0","鉄 貫通枠","","1","さび止め C125x65x6x8  EPS2","2026/10/01","ヤマックス福岡","2026/10/02","","未着手","","2026/10/01","製造"
"","九州工場","九州工場","","2026/09/14","26-R0002671-001-771","SE5050XN","1.50","500.0","500.0","500.0","SUS PB 水切","","4","***北ｱｰｽ","2026/10/02","自社便","","2026/10/05","未着手","","2026/10/01","製造"
"","九州工場","九州工場","","2026/09/14","26-R0002679-001-771","SE4030WN","1.50","400.0","400.0","300.0","SUS PB 被せ","","6","***北ｱｰｽ","2026/10/02","自社便","","2026/10/05","未着手","","2026/10/01","製造"
"","九州工場","九州工場","","2026/09/14","26-R0002687-001-771","SE2010XC2","1.50","200.0","200.0","100.0","SUS PB 水切 焼付","2.5Y9/1","10","***沖縄ｱｰｽ 2.5Y9/1","2026/10/06","自社便","","2026/10/07","未着手","","2026/10/01","製造"
"","九州工場","九州工場","","2026/09/14","26-R0002691-001-771","SE1515XC2","1.50","150.0","150.0","150.0","SUS PB 水切 焼付","2.5Y9/1","12","***沖縄ｱｰｽ 2.5Y9/1","2026/10/06","自社便","","2026/10/07","未着手","","2026/10/01","製造"
"","九州工場","九州工場","","2026/09/14","26-R0002697-001-771","IE1510SC2","1.60","150.0","150.0","100.0","鉄 PB 平 焼付","2.5Y9/1","10","***沖縄ｱｰｽ 2.5Y9/1","2026/10/06","自社便","","2026/10/07","未着手","","2026/10/01","製造"
"","九州工場","九州工場","","2026/09/16","26-R0002716-001-771","BE3020SC2","1.60","300.0","300.0","200.0","国土 PB 平 焼付","2.5Y9/1","8","***沖縄ｱｰｽ 2.5Y9/1","2026/10/06","イトカツ","","2026/10/06","未着手","","2026/10/01","製造"
"三親電材　米子★","九州工場","九州工場","2026/09/07","2026/09/07","26-J0126017-002-771","SE0000WN","2.00","800.0","600.0","600.0","SUS PBﾄｸ 被せ","","1","/650/50 ｱｰｽ L型2方WP 脱着式桟･穴加工ｱﾘ","2026/10/02","福山通運　九州発送","2026/10/02","","未着手","","2026/10/02","製造"
"","九州工場","九州工場","","2026/09/14","26-R0002688-001-771","SE2010XC2","1.50","200.0","200.0","100.0","SUS PB 水切 焼付","2.5Y9/1","10","***沖縄ｱｰｽ 2.5Y9/1","2026/10/07","自社便","","2026/10/08","未着手","","2026/10/02","製造"
"","九州工場","九州工場","","2026/09/14","26-R0002693-001-771","SE1515XC2","1.50","150.0","150.0","150.0","SUS PB 水切 焼付","2.5Y9/1","12","***沖縄ｱｰｽ 2.5Y9/1","2026/10/07","自社便","","2026/10/08","未着手","","2026/10/02","製造"
"","九州工場","九州工場","","2026/09/14","26-R0002698-001-771","IE1510SC2","1.60","150.0","150.0","100.0","鉄 PB 平 焼付","2.5Y9/1","10","***沖縄ｱｰｽ 2.5Y9/1","2026/10/07","自社便","","2026/10/08","未着手","","2026/10/02","製造"
"","九州工場","九州工場","","2026/09/14","26-R0002701-001-771","IE1515SC2","1.60","150.0","150.0","150.0","鉄 PB 平 焼付","2.5Y9/1","12","***沖縄ｱｰｽ 2.5Y9/1","2026/10/07","自社便","","2026/10/08","未着手","","2026/10/02","製造"
"","九州工場","九州工場","","2026/09/16","26-R0002717-001-771","IE1515SC2","1.60","150.0","150.0","150.0","鉄 PB 平 焼付","2.5Y9/1","12","***沖縄ｱｰｽ 2.5Y9/1","2026/10/07","イトカツ","","2026/10/07","未着手","","2026/10/02","製造"
"九州三菱電機販売　中津","九州工場","九州工場","2026/08/03","2026/08/03","26-J0101190-001-771","IBGE1800C","2.30","1,800.0","800.0","350.0","鉄 防球ガード 焼付","","10","天吊形空調機用　フルオープン","2026/10/13","チャーター便","2026/10/14","","曲げ","道上","2026/10/05","製造"
"杉本電機　広島★","九州工場","九州工場","2026/09/16","2026/09/16","26-J0134035-002-771","ZST0000","0.00","3,000.0","0.0","0.0","ZN ｽﾀﾝｼｮﾝ","","1","HDZT63 125A ﾍﾞｰｽt12-600x600 4-φ20 ﾘﾌﾞt4.5 φ14","2026/10/15","チャーター便","2026/10/15","","未着手","","2026/10/05","製造"
"メイク機材　大分★","九州工場","九州工場","2026/09/17","2026/09/17","26-J0135947-001-771","IBG0000C","0.00","470.0","210.0","150.0","鉄 防球ガード 焼付","2.5Y9/1 近似色","10","","2026/10/09","福山通運　九州発送","2026/10/09","","未着手","","2026/10/05","製造"
"タイセイ　徳島","九州工場","九州工場","2026/09/15","2026/09/15","26-J0132654-001-771","IBG0000C","2.30","2,280.0","940.0","450.0","鉄 防球ガード 焼付","2.5Y9/1(近似色)","7","丸棒","2026/10/13","チャーター便","2026/10/14","","未着手","","2026/10/07","製造"
"メイク機材　大分★","九州工場","九州工場","2026/09/17","2026/09/17","26-J0135957-001-771","IBG0000C","0.00","470.0","210.0","150.0","鉄 防球ガード 焼付","2.5Y9/1 近似色","10","","2026/10/14","福山通運　九州発送","2026/10/14","","未着手","","2026/10/07","製造"
"","九州工場","九州工場","","2026/09/03","26-R0002567-001-771","SOG5-6","3.00","530.0","300.0","40.0","SUS ガス乾燥機用架台","","10","ガス乾燥機アングル5～6kg兼用(標準)　Lx1 Rx1","2026/10/07","イトカツ","","2026/10/07","切断","森山","2026/10/07","製造"
"平岡電気　福岡東★","九州工場","九州工場","2026/09/14","2026/09/14","26-J0131339-001-771","AD0000N","2.00","600.0","400.0","2,330.0","ｱﾙﾐ ﾀﾞｸﾄ","","1","/1142.5 ｱｰｽ　被せ　可動式セパレータ2列","2026/10/08","福山通運　九州発送","2026/10/08","","未着手","","2026/10/08","製造"
"ムトウ電材　富士見★","九州工場","九州工場","2026/09/17","2026/09/17","26-J0135892-001-771","SD0000N","1.50","500.0","300.0","3,300.0","SUS ﾀﾞｸﾄ","","1","カブセ蓋　ケーブル支持材付　ｾﾊﾟﾚｰﾀ無し","2026/10/08","福山通運　九州発送","2026/10/09","","未着手","","2026/10/08","製造"
"ムトウ電材　富士見★","九州工場","九州工場","2026/09/17","2026/09/17","26-J0135892-002-771","SE0000WN","1.50","500.0","500.0","600.0","SUS PBﾄｸ 被せ","","1","ｱｰｽ 蓋面500x500","2026/10/08","福山通運　九州発送","2026/10/09","","未着手","","2026/10/08","製造"
"九州電業社　佐世保★","九州工場","九州工場","2026/09/16","2026/09/16","26-J0134021-001-771","SE0000XNA","1.50","600.0","600.0","600.0","SUS PBﾄｸ 水切","","1","ｱｰｽ 足付 落下防止ﾁｪｰﾝ付　脱落防止ビス","2026/10/09","佐川急便","2026/10/09","","未着手","","2026/10/09","製造"
"九州電業社　佐世保★","九州工場","九州工場","2026/09/16","2026/09/16","26-J0134021-003-771","SE0000XNA","1.50","300.0","300.0","300.0","SUS PBﾄｸ 水切","","1","ｱｰｽ 足付 落下防止ﾁｪｰﾝ付　脱落防止ビス","2026/10/09","佐川急便","2026/10/09","","未着手","","2026/10/09","製造"
"啓電社★","九州工場","九州工場","2026/09/07","2026/09/07","26-J0125225-002-771","IG0000C","0.00","2,350.0","235.0","0.0","鉄 架台 焼付","5Y7/1 近似色","1","盤架台上部用転倒防止架台　L50x50x6t  R.L","2026/10/21","ヤマックス福岡","2026/10/22","","未着手","","2026/10/15","製造"
"啓電社★","九州工場","九州工場","2026/09/07","2026/09/07","26-J0125225-001-771","IG0000C","0.00","5,700.0","550.0","450.0","鉄 架台 焼付","5Y7/1 近似色","1","引込開閉器盤用架台　ｱｰｽ 4分割 L50x50x6t 平蓋P付","2026/10/21","ヤマックス福岡","2026/10/22","","未着手","","2026/10/15","製造"
"シンセイ　広島第二★","九州工場","九州工場","2026/07/27","2026/07/27","26-J0094371-001-771","SD0000N","2.00","250.0","150.0","4,000.0","SUS ﾀﾞｸﾄ","","2","ｱｰｽ 平蓋 SUSD15溶接","2026/10/19","福山通運　九州発送","2026/10/20","","未着手","","2026/10/19","製造"
"シンセイ　広島第二★","九州工場","九州工場","2026/07/27","2026/07/27","26-J0094375-001-771","SD0000N","2.00","250.0","150.0","4,000.0","SUS ﾀﾞｸﾄ","","2","ｱｰｽ 平蓋 SUSD15溶接","2026/10/20","福山通運　九州発送","2026/10/21","","未着手","","2026/10/20","製造"
"木村電機　熊本東★","九州工場","九州工場","2026/08/27","2026/08/27","26-J0117367-001-771","BE5040WC","1.60","500.0","500.0","400.0","国土 PB 被せ 焼付","2.5Y9/1 近似色","1","ｱｰｽ","2026/10/26","佐川急便","2026/10/26","","未着手","","2026/10/20","製造"
"シンセイ　広島第二★","九州工場","九州工場","2026/09/07","2026/09/07","26-J0125643-001-771","ZG0000","0.00","700.0","175.0","375.0","ZN 架台","","1","HDZT63  盤下架台　L-50X50X4t","2026/10/30","福山通運　九州発送","2026/11/02","","未着手","","2026/10/22","製造"
"シンセイ　広島第二★","九州工場","九州工場","2026/09/07","2026/09/07","26-J0125643-002-771","ZG0000","0.00","700.0","200.0","1,200.0","ZN 架台","","1","HDZT63  背面架台　L-50X50X4t　","2026/10/30","福山通運　九州発送","2026/11/02","","未着手","","2026/10/22","製造"
"日本テクロ　広島★","九州工場","九州工場","2026/09/17","2026/09/17","26-J0136081-002-771","SE3020WNA","1.50","300.0","300.0","200.0","SUS PB 被せ","","1","ｱｰｽ 足付 L3x40(φ12)x4","2026/10/22","佐川急便","2026/10/22","","未着手","","2026/10/22","製造"
"かごしま電工　鹿屋★","九州工場","九州工場","2026/09/15","2026/09/15","26-J0133271-001-771","IP0000XC","1.60","350.0","200.0","100.0","鉄 PBﾄｸ 水切 焼付","2.5Y9/1 近似色","5","蓋面開口 穴加工","2026/10/29","佐川急便","2026/10/30","","未着手","","2026/10/26","製造"
"日本電商　九州★","九州工場","九州工場","2026/09/10","2026/09/10","26-J0128878-001-771","IMK0000C","1.60","435.0","240.0","10.0","鉄 曲金物 焼付","N9.5 近似色","10","4-M4ﾀｯﾌﾟ　長穴  小頭皿ビスM4ﾀｯﾌﾟ　切欠有","2026/11/04","佐川急便","2026/11/04","","未着手","","2026/10/29","製造"
"宮地電機　松山","九州工場","九州工場","2026/08/25","2026/08/25","26-J0115105-001-771","SE0000XN","1.50","300.0","300.0","200.0","SUS PBﾄｸ 水切","","4","ｱｰｽ ｺﾝ柱取付金具t2.0付","2026/10/30","福山通運　九州発送","2026/10/30","","未着手","","2026/10/30","製造"
"宮地電機　今治","九州工場","九州工場","2026/09/02","2026/09/02","26-J0122729-001-771","SMK0000N","1.50","150.0","100.0","100.0","SUS 曲金物","","16","穴加工ｱﾘ","2026/10/30","福山通運　九州発送","2026/10/30","","未着手","","2026/10/30","製造"
"カンサイ　筑豊★","九州工場","九州工場","2026/08/28","2026/08/28","26-J0118519-012-771","SE0000XN","1.50","400.0","400.0","200.0","SUS PBﾄｸ 水切","","1","ｱｰｽ 端子台ﾍﾞｰｽ付","2026/11/02","佐川急便","2026/12/01","","未着手","","2026/11/02","製造"
"カンサイ　筑豊★","九州工場","九州工場","2026/08/28","2026/08/28","26-J0118519-011-771","SE0000XN","1.50","200.0","200.0","200.0","SUS PBﾄｸ 水切","","2","ｱｰｽ　穴1-φ65 4-φ10","2026/11/02","佐川急便","2026/12/01","","未着手","","2026/11/02","製造"
"カンサイ　筑豊★","九州工場","九州工場","2026/08/28","2026/08/28","26-J0118519-008-771","SKM0000N","10.00","980.0","0.0","0.0","SUS 金物","","1","FB","2026/11/02","佐川急便","2026/12/01","","未着手","","2026/11/02","製造"
"カンサイ　筑豊★","九州工場","九州工場","2026/08/28","2026/08/28","26-J0118519-007-771","SG0000N","4.00","500.0","300.0","0.0","SUS 架台","","1","L50x504t 穴加工","2026/11/02","佐川急便","2026/12/01","","未着手","","2026/11/02","製造"
"カンサイ　筑豊★","九州工場","九州工場","2026/08/28","2026/08/28","26-J0118519-015-771","SE0000XN","1.50","300.0","300.0","200.0","SUS PBﾄｸ 水切","","1","ｱｰｽ 端子台ﾍﾞｰｽ穴加工付","2026/11/02","佐川急便","2026/12/01","","未着手","","2026/11/02","製造"
"カンサイ　筑豊★","九州工場","九州工場","2026/08/28","2026/08/28","26-J0118519-003-771","SG0000N","5.00","500.0","5,500.0","0.0","SUS 架台","","1","[5x50x100　穴加工","2026/11/02","佐川急便","2026/12/01","","未着手","","2026/11/02","製造"
"カンサイ　筑豊★","九州工場","九州工場","2026/08/28","2026/08/28","26-J0118519-017-771","SE0000XN","1.50","200.0","200.0","200.0","SUS PBﾄｸ 水切","","1","ｱｰｽ　穴1-φ65 4-φ10","2026/11/02","佐川急便","2026/12/01","","未着手","","2026/11/02","製造"
"カンサイ　筑豊★","九州工場","九州工場","2026/08/28","2026/08/28","26-J0118519-009-771","SG0000N","5.00","500.0","400.0","1,950.0","SUS 架台","","2","[5x50x100 FB補強　穴加工","2026/11/02","佐川急便","2026/12/01","","未着手","","2026/11/02","製造"
"カンサイ　筑豊★","九州工場","九州工場","2026/08/28","2026/08/28","26-J0118519-005-771","SG0000N","6.00","980.0","0.0","0.0","SUS 架台","","3","L50x50x6t 穴加工","2026/11/02","佐川急便","2026/12/01","","未着手","","2026/11/02","製造"
"カンサイ　筑豊★","九州工場","九州工場","2026/08/28","2026/08/28","26-J0118519-010-771","SE0000XNA","1.50","300.0","300.0","200.0","SUS PBﾄｸ 水切","","1","ｱｰｽ 足付 穴1-φ50","2026/11/02","佐川急便","2026/12/01","","未着手","","2026/11/02","製造"
"カンサイ　筑豊★","九州工場","九州工場","2026/08/28","2026/08/28","26-J0118519-016-771","SE0000XN","1.50","200.0","200.0","200.0","SUS PBﾄｸ 水切","","1","ｱｰｽ　穴1-φ65 4-φ10","2026/11/02","佐川急便","2026/12/01","","未着手","","2026/11/02","製造"
"カンサイ　筑豊★","九州工場","九州工場","2026/08/28","2026/08/28","26-J0118519-014-771","SE0000XN","1.50","400.0","400.0","200.0","SUS PBﾄｸ 水切","","1","ｱｰｽ 端子台ﾍﾞｰｽ穴加工付","2026/11/02","佐川急便","2026/12/01","","未着手","","2026/11/02","製造"
"カンサイ　筑豊★","九州工場","九州工場","2026/08/28","2026/08/28","26-J0118519-001-771","SG0000N","5.00","500.0","400.0","1,950.0","SUS 架台","","10","[5x50x100 FB補強　穴加工","2026/11/02","佐川急便","2026/12/01","","未着手","","2026/11/02","製造"
"カンサイ　筑豊★","九州工場","九州工場","2026/08/28","2026/08/28","26-J0118519-004-771","SKM0000N","6.00","100.0","390.0","0.0","SUS 金物","","2","穴加工","2026/11/02","佐川急便","2026/12/01","","未着手","","2026/11/02","製造"
"カンサイ　筑豊★","九州工場","九州工場","2026/08/28","2026/08/28","26-J0118519-006-771","SG0000N","4.00","400.0","100.0","0.0","SUS 架台","","1","L50x50x4t 穴加工","2026/11/02","佐川急便","2026/12/01","","未着手","","2026/11/02","製造"
"カンサイ　筑豊★","九州工場","九州工場","2026/08/28","2026/08/28","26-J0118519-002-771","SG0000N","5.00","500.0","1,750.0","0.0","SUS 架台","","2","[5x50x100 ﾍﾞｰｽ200x200x6t　穴加工","2026/11/02","佐川急便","2026/12/01","","未着手","","2026/11/02","製造"
"栗田電機　松山★","九州工場","九州工場","2026/09/07","2026/09/07","26-J0126177-001-771","SE0000XNA","1.50","200.0","200.0","100.0","SUS PBﾄｸ 水切","","43","ｱｰｽ 足付L3x30Φ12 酸洗い･穴加工ｱﾘ","2026/11/24","福山通運　九州発送","2026/11/24","","未着手","","2026/11/17","製造"
"栗田電機　松山★","九州工場","九州工場","2026/09/07","2026/09/07","26-J0126177-002-771","SE0000XNA","1.50","200.0","200.0","100.0","SUS PBﾄｸ 水切","","2","ｱｰｽ 足付L3x30Φ12 酸洗い･穴加工ｱﾘ","2026/11/24","福山通運　九州発送","2026/11/24","","未着手","","2026/11/17","製造"
"富士商会★","九州工場","九州工場","2026/08/24","2026/08/24","26-J0113555-001-771","AD0000N","2.00","250.0","200.0","2,000.0","ｱﾙﾐ ﾀﾞｸﾄ","","1","平蓋 ｱｰｽ付 ｾﾊﾟﾚｰﾀ1枚付　補強なし","2026/11/19","福山通運　九州発送","2026/11/19","","未着手","","2026/11/19","製造"
"かごしま電工　鹿屋★","九州工場","九州工場","2026/09/15","2026/09/15","26-J0133296-001-771","IP0000XC","1.60","350.0","200.0","100.0","鉄 PBﾄｸ 水切 焼付","2.5Y9/1 近似色","5","蓋面開口 穴加工","2026/11/27","佐川急便","2026/11/30","","未着手","","2026/11/24","製造"
"栗田電機　松山★","九州工場","九州工場","2026/09/11","2026/09/11","26-J0130463-001-771","SIP0000N","1.50","200.0","200.0","0.0","SUS ﾌﾟﾚｰﾄ","","23","R3x4 ｺﾞﾑﾊﾟｯｷﾝ付･開口･穴加工ｱﾘ","2026/12/14","福山通運　九州発送","2026/12/14","","未着手","","2026/12/14","製造"
"アサヒ　中部","九州工場","九州工場","2026/09/03","2026/09/03","26-J0123985-002-771","30PLA","0.00","0.0","0.0","0.0","補修塗料 筆付","02-80H","1","●ﾌﾟﾗ30ml","2026/09/17","イトカツ","2026/09/28","2026/09/17","完成","古川","","製造"
"東芝電材　松江★","九州工場","九州工場","2026/09/04","2026/09/04","26-J0124518-001-771","BE2020SC","1.60","200.0","200.0","200.0","国土 PB 平 焼付","25-80A","1","ｱｰｽ","2026/09/17","福山通運　九州発送","2026/09/17","","完成","岡","","加工"
"イシグロ　福岡★","九州工場","九州工場","2026/09/08","2026/09/08","26-J0126648-019-771","30PLA","0.00","0.0","0.0","0.0","補修塗料 筆付","2.5Y9/1 近似色","1","ﾌﾟﾗ30ml","2026/09/30","チャーター便","2026/10/02","","ｷｬﾝｾﾙ","林(秀)","","製造"
"岡本電機　福山★","九州工場","九州工場","2026/09/08","2026/09/08","26-J0126823-001-771","BE3020SC","1.60","300.0","300.0","200.0","国土 PB 平 焼付","2.5Y9/1 近似色","2","ｱｰｽ","2026/09/18","福山通運　九州発送","2026/09/25","","完成","古川","","加工"
"ナミデン　福岡★","九州工場","九州工場","2026/09/08","2026/09/08","26-J0127421-004-771","MAMEK","0.00","0.0","0.0","0.0","補修塗料 豆缶","N-90 近似色","2","","2026/10/09","ヤマックス　ｽﾎﾟｯﾄ便","2026/10/14","","ｷｬﾝｾﾙ","林(秀)","","製造"
"ナミデン　福岡★","九州工場","九州工場","2026/09/09","2026/09/09","26-J0128471-004-771","MAMEK","0.00","0.0","0.0","0.0","補修塗料 豆缶","N-90 近似色","2","","2026/09/29","ヤマックス　ｽﾎﾟｯﾄ便","2026/09/30","","未着手","","","製造"
"カンサイ　宮崎★","九州工場","九州工場","2026/09/09","2026/09/09","26-J0128614-002-771","BE2010SC","1.60","200.0","200.0","100.0","国土 PB 平 焼付","5Y7/1 近似色","9","ｱｰｽ","2026/09/17","佐川急便","2026/09/17","","完成","岡","","加工"
"エーテック","九州工場","九州工場","2026/09/10","2026/09/10","26-J0128862-002-771","30PLA","0.00","0.0","0.0","0.0","補修塗料 筆付","2.5Y9/1","1","●ﾌﾟﾗ30ml","2026/09/18","沖縄直送","2026/09/18","","未着手","","","製造"
"光電気産業","九州工場","九州工場","2026/09/10","2026/09/10","26-J0129716-003-771","30PLA","0.00","0.0","0.0","0.0","補修塗料 筆付","19-70B 3分ﾂﾔ","2","●ﾌﾟﾗ30ml","2026/09/18","イトカツ","2026/09/30","2026/09/18","未着手","","","製造"
"カンサイ　八幡★","九州工場","九州工場","2026/09/11","2026/09/11","26-J0129875-001-771","BE2020SC","1.60","200.0","200.0","200.0","国土 PB 平 焼付","2.5Y9/1 近似色","2","ｱｰｽ","2026/09/17","北九州配達","2026/09/18","","組立","岡","","加工"
"米良電機　高千穂★","九州工場","九州工場","2026/09/11","2026/09/11","26-J0130178-001-771","BE2010SC","1.60","200.0","200.0","100.0","国土 PB 平 焼付","2.5Y9/1 近似色","10","ｱｰｽ","2026/09/17","佐川急便","2026/09/18","","塗装","ナム","","加工"
"米良電機　高千穂★","九州工場","九州工場","2026/09/11","2026/09/11","26-J0130178-002-771","SE2010XC","1.50","200.0","200.0","100.0","SUS PB 水切 焼付","2.5Y9/1 近似色","2","ｱｰｽ","2026/09/18","佐川急便","2026/09/18","","塗装","柴﨑","","加工"
"米良電機　高千穂★","九州工場","九州工場","2026/09/11","2026/09/11","26-J0130178-003-771","BE1510SC","1.60","150.0","150.0","100.0","国土 PB 平 焼付","2.5Y9/1 近似色","4","ｱｰｽ","2026/09/18","佐川急便","2026/09/18","","塗装","柴﨑","","加工"
"山電　八幡","九州工場","九州工場","2026/09/11","2026/09/11","26-J0130503-001-771","SE1510XC","1.50","150.0","150.0","100.0","SUS PB 水切 焼付","5Y7/1 近似色","1","ｱｰｽ","2026/09/17","北九州配達","2026/09/18","","組立","岡","","加工"
"木村電機　熊本北★","九州工場","九州工場","2026/09/14","2026/09/14","26-J0131372-001-771","SE1510XC","1.50","150.0","150.0","100.0","SUS PB 水切 焼付","2.5Y9/1 近似色","1","ｱｰｽ","2026/09/18","佐川急便","2026/09/18","","塗装","柴﨑","","加工"
"カンサイ　西★","九州工場","九州工場","2026/09/15","2026/09/15","26-J0132411-001-771","SE2020XC","1.50","200.0","200.0","200.0","SUS PB 水切 焼付","2.5Y9/1 近似色","4","ｱｰｽ","2026/09/24","ヤマックス福岡","2026/09/25","","塗装","山口","","加工"
"山電　八幡","九州工場","九州工場","2026/09/15","2026/09/15","26-J0132458-001-771","SE1510XC","1.50","150.0","150.0","100.0","SUS PB 水切 焼付","2.5Y9/1 近似色","4","ｱｰｽ","2026/09/24","北九州配達","2026/09/25","","塗装","山口","","加工"
"米良電機　高千穂★","九州工場","九州工場","2026/09/15","2026/09/15","26-J0132481-001-771","SE2010XC","1.50","200.0","200.0","100.0","SUS PB 水切 焼付","2.5Y9/1 近似色","2","ｱｰｽ","2026/09/24","佐川急便","2026/09/24","","塗装","山口","","加工"
"かごしま電工　南★","九州工場","九州工場","2026/09/15","2026/09/15","26-J0132614-002-771","BE2020SC","1.60","200.0","200.0","200.0","国土 PB 平 焼付","2.5Y9/1 近似色","1","ｱｰｽ","2026/09/24","佐川急便","2026/09/24","","塗装","山口","","加工"
"三共電気　本社★","九州工場","九州工場","2026/09/15","2026/09/15","26-J0132957-002-771","30PLA","0.00","0.0","0.0","0.0","補修塗料 筆付","","1","ﾌﾟﾗ30ml さび止め","2026/09/25","ヤマックス　ｽﾎﾟｯﾄ便","2026/09/28","","組立","服部","","製造"
"三星商会　岡山★","九州工場","九州工場","2026/09/15","2026/09/15","26-J0133143-002-771","30PLA","0.00","0.0","0.0","0.0","補修塗料 筆付","N1(近似色)","1","ﾌﾟﾗ30ml","2026/09/28","福山通運　九州発送","2026/09/28","","塗装","白濵","","製造"
"米良電機　宮崎★","九州工場","九州工場","2026/09/15","2026/09/15","26-J0133534-004-771","SE3020XC","1.50","300.0","300.0","200.0","SUS PB 水切 焼付","2.5Y9/1 近似色","2","ｱｰｽ","2026/09/29","福山通運　九州発送","2026/10/01","","ｷｬﾝｾﾙ","林(秀)","","加工"
"米良電機　宮崎★","九州工場","九州工場","2026/09/15","2026/09/15","26-J0133534-001-771","SE2020XC","1.50","200.0","200.0","200.0","SUS PB 水切 焼付","2.5Y9/1 近似色","3","ｱｰｽ","2026/09/25","福山通運　九州発送","2026/10/01","","ｷｬﾝｾﾙ","林(秀)","","加工"
"米良電機　宮崎★","九州工場","九州工場","2026/09/15","2026/09/15","26-J0133534-005-771","BE2020SC","1.60","200.0","200.0","200.0","国土 PB 平 焼付","2.5Y9/1 近似色","4","ｱｰｽ","2026/09/29","福山通運　九州発送","2026/10/01","","ｷｬﾝｾﾙ","林(秀)","","加工"
"米良電機　宮崎★","九州工場","九州工場","2026/09/15","2026/09/15","26-J0133534-003-771","BE3020SC","1.60","300.0","300.0","200.0","国土 PB 平 焼付","2.5Y9/1 近似色","3","ｱｰｽ","2026/09/29","福山通運　九州発送","2026/10/01","","ｷｬﾝｾﾙ","林(秀)","","加工"
"東芝電材　福岡★","九州工場","九州工場","2026/09/16","2026/09/16","26-J0133905-002-771","BE1510SC","1.60","150.0","150.0","100.0","国土 PB 平 焼付","2.5Y9/1 近似色","2","ｱｰｽ","2026/09/25","ヤマックス福岡","2026/09/28","","未着手","","","加工"
"東芝電材　福岡★","九州工場","九州工場","2026/09/16","2026/09/16","26-J0133905-001-771","BE3020SC","1.60","300.0","300.0","200.0","国土 PB 平 焼付","2.5Y9/1 近似色","3","ｱｰｽ","2026/09/25","ヤマックス福岡","2026/09/28","","未着手","","","加工"
"米良電機　宮崎★","九州工場","九州工場","2026/09/16","2026/09/16","26-J0134599-001-771","SE2020XC","1.50","200.0","200.0","200.0","SUS PB 水切 焼付","2.5Y9/1 近似色","3","ｱｰｽ","2026/09/25","福山通運　九州発送","2026/09/28","","未着手","","","加工"
"米良電機　宮崎★","九州工場","九州工場","2026/09/16","2026/09/16","26-J0134605-004-771","SE3020XC","1.50","300.0","300.0","200.0","SUS PB 水切 焼付","2.5Y9/1 近似色","2","ｱｰｽ","2026/09/29","福山通運　九州発送","2026/09/29","","未着手","","","加工"
"米良電機　宮崎★","九州工場","九州工場","2026/09/16","2026/09/16","26-J0134605-003-771","BE3020SC","1.60","300.0","300.0","200.0","国土 PB 平 焼付","2.5Y9/1 近似色","3","ｱｰｽ","2026/09/29","福山通運　九州発送","2026/09/29","","未着手","","","加工"
"米良電機　宮崎★","九州工場","九州工場","2026/09/16","2026/09/16","26-J0134605-005-771","BE2020SC","1.60","200.0","200.0","200.0","国土 PB 平 焼付","2.5Y9/1 近似色","4","ｱｰｽ","2026/09/29","福山通運　九州発送","2026/09/29","","未着手","","","加工"
"木村電機　熊本北★","九州工場","九州工場","2026/09/16","2026/09/16","26-J0134797-001-771","BE2010SC","1.60","200.0","200.0","100.0","国土 PB 平 焼付","2.5Y9/1 近似色","10","ｱｰｽ","2026/09/30","佐川急便","2026/10/02","","未着手","","","加工"
"木村電機　熊本北★","九州工場","九州工場","2026/09/16","2026/09/16","26-J0134797-002-771","BE2010SC","1.60","200.0","200.0","100.0","国土 PB 平 焼付","2.5Y9/1 近似色","4","ｱｰｽ","2026/10/01","佐川急便","2026/10/02","","未着手","","","加工"
"木村電機　熊本北★","九州工場","九州工場","2026/09/16","2026/09/16","26-J0134803-001-771","BE2010SC","1.60","200.0","200.0","100.0","国土 PB 平 焼付","2.5Y9/1 近似色","2","ｱｰｽ","2026/10/01","佐川急便","2026/10/02","","未着手","","","加工"
"平岡電気　久留米★","九州工場","九州工場","2026/09/17","2026/09/17","26-J0135452-002-771","SE3020XC","1.50","300.0","300.0","200.0","SUS PB 水切 焼付","2.5Y9/1 近似色","1","ｱｰｽ","2026/09/29","佐川急便","2026/09/29","","未着手","","","加工"
"平岡電気　久留米★","九州工場","九州工場","2026/09/17","2026/09/17","26-J0135457-003-771","SE3020XC","1.50","300.0","300.0","200.0","SUS PB 水切 焼付","2.5Y9/1 近似色","2","ｱｰｽ","2026/09/30","佐川急便","2026/09/30","","未着手","","","加工"
"小林電工　岡山★","九州工場","九州工場","2026/09/17","2026/09/17","26-J0135559-001-771","BE2020SC","1.60","200.0","200.0","200.0","国土 PB 平 焼付","2.5Y9/1(近似色)","7","ｱｰｽ","2026/09/29","福山通運　九州発送","2026/09/29","","未着手","","","加工"
"かごしま電工　川内★","九州工場","九州工場","2026/09/17","2026/09/17","26-J0135749-001-771","999011","0.00","350.0","300.0","0.0","その他","","1","ｺﾞﾑﾊﾟｯｷﾝ 3tx50W  穴加工","2026/09/17","佐川急便","2026/09/17","","完成","服部","","製造"
