"得意先","部門","製造倉庫","受注日","製造指示日","製造指示番号","品番","ｻｲｽﾞ(厚さ)","ｻｲｽﾞ(縦)","ｻｲｽﾞ(横)","ｻｲｽﾞ(高さ)","品名","色","数量","規格","製造期限","配送便","出荷日","出庫日","進捗","担当者","生地日","調達"
"九州電業社　佐世保★","九州工場","九州工場","2026/09/16","2026/09/16","26-J0134021-003-771","SE0000XNA","1.50","300.0","300.0","300.0","SUS PBﾄｸ 水切","","1","ｱｰｽ 足付 落下防止ﾁｪｰﾝ付　脱落防止ビス","2026/10/09","佐川急便","2026/10/09","","溶接","テイン","2026/10/09","製造"
"九州電業社　佐世保★","九州工場","九州工場","2026/09/16","2026/09/16","26-J0134021-001-771","SE0000XNA","1.50","600.0","600.0","600.0","SUS PBﾄｸ 水切","","1","ｱｰｽ 足付 落下防止ﾁｪｰﾝ付　脱落防止ビス","2026/10/09","佐川急便","2026/10/09","","曲げ","ラム","2026/10/09","製造"
"東芝電材　熊本★","九州工場","九州工場","2026/09/16","2026/09/16","26-J0134977-003-771","ZE0000X","3.20","800.0","800.0","600.0","ZN PBﾄｸ 水切","","1","◆ HDZT49 ｱｰｽ","2026/10/09","福山通運　九州発送","2026/10/09","","溶接","フイ","2026/10/01","製造"
"メイク機材　大分★","九州工場","九州工場","2026/09/17","2026/09/17","26-J0135947-001-771","IBG0000C","0.00","470.0","210.0","150.0","鉄 防球ガード 焼付","2.5Y9/1 近似色","10","","2026/10/09","佐川急便","2026/10/09","","塗装","柴﨑","2026/10/05","製造"
"東芝電材　唐津★","九州工場","九州工場","2026/09/17","2026/09/17","26-J0136011-002-771","ZPA0000C","0.00","305.0","0.0","0.0","ZN ﾎﾟｰﾙｱﾀﾞﾌﾟﾀｰ 焼付","N1 近似色","3","下部110X110、上部90X90","2026/10/09","佐川急便","2026/10/09","","塗装","樫原","2026/09/29","製造"
"極東商会　名古屋カパス★","九州工場","九州工場","2026/09/18","2026/09/18","26-J0136794-001-771","IBG0000C","2.30","1,406.6","716.6","1,600.0","鉄 防球ガード 焼付","日塗工19-80B(近似色)","2","L-3x40 PL-2.3t FB-38x3","2026/10/08","チャーター便","2026/10/09","","組立","古川","2026/10/01","製造"
"極東商会　名古屋カパス★","九州工場","九州工場","2026/09/18","2026/09/18","26-J0136794-005-771","IBG0000C","2.30","1,406.6","716.6","1,600.0","鉄 防球ガード 焼付","日塗工19-80B(近似色)","1","L-3x40 PL-2.3t FB-38x3 一部ｱﾝｸﾞﾙBTNT止め","2026/10/08","チャーター便","2026/10/09","","組立","古川","2026/10/05","製造"
"アサヒ　八重山","九州工場","九州工場","2026/09/28","2026/09/28","26-J0141381-004-771","SE3030SC","1.50","300.0","300.0","300.0","SUS PB 平 焼付","2.5Y9/1","1","ｱｰｽ ﾊﾟｯｷﾝ付","2026/10/08","沖縄直送","2026/10/09","","組立","岡","2026/10/05","製造"
"イシグロ　鹿児島★","九州工場","九州工場","2026/09/28","2026/09/28","26-J0141878-013-771","ZG0000","0.00","660.0","245.0","0.0","ZN 架台","","1","トルエン配管架台7-1　[75X40X5t PL6.0t","2026/10/09","福山通運　九州発送","2026/10/09","","組立","金光","2026/10/01","製造"
"イシグロ　鹿児島★","九州工場","九州工場","2026/09/28","2026/09/28","26-J0141878-011-771","ZG0000","0.00","500.0","245.0","0.0","ZN 架台","","1","トルエン配管架台6-1　[75X40X5t PL6.0t","2026/10/09","福山通運　九州発送","2026/10/09","","組立","金光","2026/10/01","製造"
"イシグロ　鹿児島★","九州工場","九州工場","2026/09/28","2026/09/28","26-J0141878-010-771","ZG0000","0.00","500.0","1,820.0","0.0","ZN 架台","","1","/1644トルエン配管架台5-2　[75X40X5t PL6.0t","2026/10/09","福山通運　九州発送","2026/10/09","","組立","金光","2026/10/02","製造"
"イシグロ　鹿児島★","九州工場","九州工場","2026/09/28","2026/09/28","26-J0141878-009-771","ZG0000","0.00","500.0","256.0","0.0","ZN 架台","","1","トルエン配管架台5-1　[75X40X5t PL6.0t","2026/10/09","福山通運　九州発送","2026/10/09","","組立","金光","2026/10/01","製造"
"イシグロ　鹿児島★","九州工場","九州工場","2026/09/28","2026/09/28","26-J0141878-008-771","ZG0000","0.00","670.0","1,839.0","0.0","ZN 架台","","1","/1632トルエン配管架台4-2　[75X40X5t PL6.0t","2026/10/09","福山通運　九州発送","2026/10/09","","組立","金光","2026/10/02","製造"
"イシグロ　鹿児島★","九州工場","九州工場","2026/09/28","2026/09/28","26-J0141878-015-771","ZG0000","0.00","650.0","245.0","0.0","ZN 架台","","1","トルエン配管架台8-1　[75X40X5t PL6.0t","2026/10/09","福山通運　九州発送","2026/10/09","","組立","金光","2026/10/01","製造"
"イシグロ　鹿児島★","九州工場","九州工場","2026/09/28","2026/09/28","26-J0141878-001-771","ZG0000","0.00","780.0","259.0","0.0","ZN 架台","","1","トルエン配管架台1-1　[75X40X5t PL6.0t","2026/10/09","福山通運　九州発送","2026/10/09","","組立","金光","2026/10/01","製造"
"イシグロ　鹿児島★","九州工場","九州工場","2026/09/28","2026/09/28","26-J0141878-016-771","ZG0000","0.00","650.0","1,835.0","0.0","ZN 架台","","1","/1646トルエン配管架台8-2　[75X40X5t PL6.0t","2026/10/09","福山通運　九州発送","2026/10/09","","組立","金光","2026/10/02","製造"
"イシグロ　鹿児島★","九州工場","九州工場","2026/09/28","2026/09/28","26-J0141878-014-771","ZG0000","0.00","660.0","1,834.0","0.0","ZN 架台","","1","/1646トルエン配管架台7-2　[75X40X5t PL6.0t","2026/10/09","福山通運　九州発送","2026/10/09","","組立","金光","2026/10/02","製造"
"イシグロ　鹿児島★","九州工場","九州工場","2026/09/28","2026/09/28","26-J0141878-007-771","ZG0000","0.00","670.0","245.0","0.0","ZN 架台","","1","トルエン配管架台4-1　[75X40X5t PL6.0t","2026/10/09","福山通運　九州発送","2026/10/09","","組立","金光","2026/10/01","製造"
"イシグロ　鹿児島★","九州工場","九州工場","2026/09/28","2026/09/28","26-J0141878-012-771","ZG0000","0.00","500.0","1,823.0","0.0","ZN 架台","","1","/1647トルエン配管架台6-2　[75X40X5t PL6.0t","2026/10/09","福山通運　九州発送","2026/10/09","","組立","金光","2026/10/02","製造"
"イシグロ　鹿児島★","九州工場","九州工場","2026/09/28","2026/09/28","26-J0141878-006-771","ZG0000","0.00","650.0","1,830.0","0.0","ZN 架台","","1","/1628トルエン配管架台3-2　[75X40X5t PL6.0t","2026/10/09","福山通運　九州発送","2026/10/09","","組立","金光","2026/10/02","製造"
"イシグロ　鹿児島★","九州工場","九州工場","2026/09/28","2026/09/28","26-J0141878-002-771","ZG0000","0.00","780.0","1,821.0","0.0","ZN 架台","","1","/1609トルエン配管架台1-2　[75X40X5t PL6.0t","2026/10/09","福山通運　九州発送","2026/10/09","","組立","金光","2026/10/02","製造"
"イシグロ　鹿児島★","九州工場","九州工場","2026/09/28","2026/09/28","26-J0141878-005-771","ZG0000","0.00","650.0","245.0","0.0","ZN 架台","","1","トルエン配管架台3-1　[75X40X5t PL6.0t","2026/10/09","福山通運　九州発送","2026/10/09","","組立","金光","2026/10/01","製造"
"イシグロ　鹿児島★","九州工場","九州工場","2026/09/28","2026/09/28","26-J0141878-003-771","ZG0000","0.00","780.0","259.0","0.0","ZN 架台","","1","トルエン配管架台2-1　[75X40X5t PL6.0t","2026/10/09","福山通運　九州発送","2026/10/09","","組立","金光","2026/10/01","製造"
"イシグロ　鹿児島★","九州工場","九州工場","2026/09/28","2026/09/28","26-J0141878-004-771","ZG0000","0.00","780.0","1,831.0","0.0","ZN 架台","","1","/1589トルエン配管架台2-2　[75X40X5t PL6.0t","2026/10/09","福山通運　九州発送","2026/10/09","","組立","金光","2026/10/02","製造"
"平岡電気　大牟田★","九州工場","九州工場","2026/09/29","2026/09/29","26-J0142071-001-771","ZP0000X","3.20","650.0","300.0","300.0","ZN PBﾄｸ 水切","","1","裏面開口550ｘ200 6-φ14　底面開口200ｘ200","2026/10/09","佐川急便","2026/10/09","","組立","金光","2026/10/02","製造"
"山電　佐賀★","九州工場","九州工場","2026/09/29","2026/09/29","26-J0142406-001-771","IIP0000G","1.60","160.0","80.0","0.0","鉄 ﾌﾟﾚｰﾄ","","5","さび止め 穴加工","2026/10/09","佐川急便","2026/10/09","","塗装","坂元","2026/10/08","製造"
"山電　佐賀★","九州工場","九州工場","2026/09/29","2026/09/29","26-J0142417-002-771","ZG0000","0.00","125.0","65.0","300.0","ZN 架台","","3","穴加工　C125x65","2026/10/09","佐川急便","2026/10/09","","組立","金光","2026/10/02","製造"
"正二電気　岡山本社","九州工場","九州工場","2026/09/29","2026/09/29","26-J0142499-002-771","ZIP0000","2.30","250.0","250.0","0.0","ZN ﾌﾟﾚｰﾄ","","1","穴加工ｱﾘ","2026/10/09","福山通運　九州発送","2026/10/09","","外注","森山","2026/10/01","製造"
"正二電気　岡山本社","九州工場","九州工場","2026/09/29","2026/09/29","26-J0142499-001-771","ZIP0000","2.30","500.0","500.0","0.0","ZN ﾌﾟﾚｰﾄ","","1","穴加工ｱﾘ","2026/10/09","福山通運　九州発送","2026/10/09","","外注","森山","2026/10/01","製造"
"興陽電機　山口★","九州工場","九州工場","2026/09/30","2026/09/30","26-J0143513-001-771","IG0000G","3.00","1,000.0","150.0","815.0","鉄 架台","","2","さび止め L-30x30x3t","2026/10/09","佐川急便","2026/10/09","","溶接","クイ","2026/10/07","製造"
"シンセイ　福山★","九州工場","九州工場","2026/09/30","2026/09/30","26-J0143650-002-771","IDC0000C","2.30","775.0","365.0","250.0","鉄 ﾀﾞｸﾄｶﾊﾞｰ 焼付","5Y7/1 近似色","1","蓋なし 外耳40 上面開口650x205 側面切欠110x15","2026/10/09","福山通運　九州発送","2026/10/09","","塗装","柴﨑","2026/10/06","製造"
"シンセイ　福山★","九州工場","九州工場","2026/09/30","2026/09/30","26-J0143650-001-771","IDC0000C","2.30","900.0","250.0","620.0","鉄 ﾀﾞｸﾄｶﾊﾞｰ 焼付","5Y7/1 近似色","1","平蓋 外耳40 下面開口650x205","2026/10/09","福山通運　九州発送","2026/10/09","","塗装","柴﨑","2026/10/06","製造"
"三親電材　広島★","九州工場","九州工場","2026/09/30","2026/09/30","26-J0143907-014-771","IKW0000G","1.60","700.0","250.0","170.0","鉄 貫通枠","","1","さび止め SS-C-5x50x100溶接","2026/10/09","福山通運　九州発送","2026/10/09","","組立","服部","2026/10/08","製造"
"三親電材　広島★","九州工場","九州工場","2026/09/30","2026/09/30","26-J0143907-013-771","IKW0000G","1.60","1,250.0","300.0","170.0","鉄 貫通枠","","1","さび止め SS-C-5x50x100溶接","2026/10/09","福山通運　九州発送","2026/10/09","","組立","服部","2026/10/08","製造"
"くまもと電設　人吉★","九州工場","九州工場","2026/09/30","2026/09/30","26-J0144231-001-771","ZE0000X","2.30","400.0","400.0","500.0","ZN PBﾄｸ 水切","","3","ｱｰｽ","2026/10/09","福山通運　九州発送","2026/10/09","","組立","金光","2026/10/02","製造"
"興陽電機　福岡西★","九州工場","九州工場","2026/10/01","2026/10/01","26-J0145244-002-771","IDC0000C","1.60","1,200.0","315.0","392.0","鉄 ﾀﾞｸﾄｶﾊﾞｰ 焼付","N-45 近似色","1","平蓋 3点ﾊﾞﾗ式 φ8x4","2026/10/08","ヤマックス福岡","2026/10/09","","組立","岡","2026/10/05","製造"
"平和テクノ　防府★","九州工場","九州工場","2026/10/01","2026/10/01","26-J0145297-001-771","ZE2010X2","2.30","200.0","200.0","100.0","ZN PB 水切","","2","ｱｰｽ","2026/10/09","福山通運　九州発送","2026/10/09","","組立","金光","2026/10/02","製造"
"東芝電材　唐津★","九州工場","九州工場","2026/10/01","2026/10/01","26-J0145465-001-771","IG0000C","0.00","900.0","765.0","210.0","鉄 架台 焼付","5Y7/1 近似色","1","穴加工 C75x40x5x7 　【10.ガス感知警報盤】","2026/10/09","福山通運　九州発送","2026/10/09","","塗装","柴﨑","2026/10/06","製造"
"米良電機　宮崎★","九州工場","九州工場","2026/10/01","2026/10/01","26-J0145650-005-771","BE2015SC","1.60","200.0","200.0","150.0","国土 PB 平 焼付","2.5Y9/1 近似色","6","ｱｰｽ","2026/10/09","佐川急便","2026/10/09","","塗装","柴﨑","","加工"
"米良電機　宮崎★","九州工場","九州工場","2026/10/01","2026/10/01","26-J0145650-001-771","BE2020SC","1.60","200.0","200.0","200.0","国土 PB 平 焼付","2.5Y9/1 近似色","1","ｱｰｽ","2026/10/09","佐川急便","2026/10/09","","塗装","柴﨑","","加工"
"東芝電材　唐津★","九州工場","九州工場","2026/10/01","2026/10/01","26-J0145799-001-771","II0000C","1.60","500.0","500.0","0.0","鉄 切板 焼付","2.5Y9/1 近似色","1","吊穴不可","2026/10/09","佐川急便","2026/10/09","","塗装","柴﨑","2026/10/05","製造"
"中西電機　高松本社★","九州工場","九州工場","2026/10/02","2026/10/02","26-J0145884-001-771","IIP0000C","1.60","1,000.0","630.0","0.0","鉄 ﾌﾟﾚｰﾄ 焼付","N8.7(近似色)","2","R5x4 開口ｱﾘ","2026/10/09","福山通運　九州発送","2026/10/09","","塗装","樫原","2026/10/06","製造"
"米良電機　延岡★","九州工場","九州工場","2026/10/02","2026/10/02","26-J0145931-002-771","SE2015XC","1.50","200.0","200.0","150.0","SUS PB 水切 焼付","2.5Y9/1 近似色","5","ｱｰｽ","2026/10/09","佐川急便","2026/10/09","","塗装","柴﨑","","加工"
"米良電機　高鍋★","九州工場","九州工場","2026/10/02","2026/10/02","26-J0146224-002-771","SE4040XC","1.50","400.0","400.0","400.0","SUS PB 水切 焼付","2.5Y9/1 近似色","4","ｱｰｽ","2026/10/09","佐川急便","2026/10/09","","塗装","ナム","2026/10/06","製造"
"米良電機　高鍋★","九州工場","九州工場","2026/10/02","2026/10/02","26-J0146224-001-771","SE2020XC","1.50","200.0","200.0","200.0","SUS PB 水切 焼付","2.5Y9/1 近似色","7","ｱｰｽ","2026/10/09","佐川急便","2026/10/09","","塗装","柴﨑","2026/10/06","製造"
"栗田電機　今治★","九州工場","九州工場","2026/10/02","2026/10/02","26-J0146324-001-771","SE2020SC","1.50","200.0","200.0","200.0","SUS PB 平 焼付","2.5Y9/1(近似色)","2","ｱｰｽ","2026/10/09","福山通運　九州発送","2026/10/09","","塗装","柴﨑","2026/10/06","製造"
"栗田電機　今治★","九州工場","九州工場","2026/10/02","2026/10/02","26-J0146324-002-771","SE1515SC","1.50","150.0","150.0","150.0","SUS PB 平 焼付","2.5Y9/1(近似色)","1","ｱｰｽ","2026/10/09","福山通運　九州発送","2026/10/09","","塗装","柴﨑","2026/10/06","製造"
"栗田電機　今治★","九州工場","九州工場","2026/10/02","2026/10/02","26-J0146324-003-771","SE1510XC","1.50","150.0","150.0","100.0","SUS PB 水切 焼付","2.5Y9/1(近似色)","3","ｱｰｽ","2026/10/09","福山通運　九州発送","2026/10/09","","塗装","柴﨑","","加工"
"岡本電機　広島★","九州工場","九州工場","2026/10/02","2026/10/02","26-J0146414-002-771","IDC0000C","1.60","700.0","350.0","88.0","鉄 ﾀﾞｸﾄｶﾊﾞｰ 焼付","日東工業2.5Y9/1近似色","1","平蓋 3点ﾊﾞﾗ式 φ6x4","2026/10/09","佐川急便","2026/10/09","","塗装","ナム","2026/10/06","製造"
"岡本電機　広島★","九州工場","九州工場","2026/10/02","2026/10/02","26-J0146414-001-771","IDC0000C","1.60","700.0","350.0","345.0","鉄 ﾀﾞｸﾄｶﾊﾞｰ 焼付","日東工業2.5Y9/1近似色","1","平蓋 φ6x4","2026/10/09","佐川急便","2026/10/09","","塗装","ナム","2026/10/06","製造"
"宮地電機　今治","九州工場","九州工場","2026/10/02","2026/10/02","26-J0146430-003-771","SP0000WN","1.50","350.0","200.0","200.0","SUS PBﾄｸ 被せ","","1","","2026/10/09","福山通運　九州発送","2026/10/09","","溶接","テイン","2026/10/09","製造"
"三親電材　浜田★","九州工場","九州工場","2026/10/02","2026/10/02","26-J0146529-002-771","SP4040WC","1.50","400.0","400.0","400.0","SUS PB 被せ 焼付","5Y7/1(近似色)","1","","2026/10/09","福山通運　九州発送","2026/10/09","","塗装","柴﨑","2026/10/06","製造"
"三親電材　浜田★","九州工場","九州工場","2026/10/02","2026/10/02","26-J0146529-001-771","IP4040SC","1.60","400.0","400.0","400.0","鉄 PB 平 焼付","5Y7/1(近似色)","1","","2026/10/09","福山通運　九州発送","2026/10/09","","塗装","柴﨑","2026/10/06","製造"
"三親電材　浜田★","九州工場","九州工場","2026/10/02","2026/10/02","26-J0146529-003-771","IDC0000C","1.60","600.0","800.0","200.0","鉄 ﾀﾞｸﾄｶﾊﾞｰ 焼付","5Y7/1(近似色)","1","","2026/10/09","福山通運　九州発送","2026/10/09","","塗装","柴﨑","2026/10/06","製造"
"宮地電機　徳島","九州工場","九州工場","2026/10/02","2026/10/02","26-J0146804-002-771","BE0000SG","1.60","700.0","700.0","400.0","国土 PBﾄｸ 平","","1","ｱｰｽ さび止め","2026/10/09","福山通運　九州発送","2026/10/09","","溶接","フイ","2026/10/09","製造"
"宮地電機　徳島","九州工場","九州工場","2026/10/02","2026/10/02","26-J0146804-001-771","BE6040SG","1.60","600.0","600.0","400.0","国土 PB 平","","1","ｱｰｽ さび止め","2026/10/09","福山通運　九州発送","2026/10/09","","溶接","フイ","2026/10/09","製造"
"新光産業　本社","九州工場","九州工場","2026/10/02","2026/10/02","26-J0146892-003-771","BE5040SC","1.60","500.0","500.0","400.0","国土 PB 平 焼付","2.5Y9/1","1","ｱｰｽ","2026/10/09","沖縄直送","2026/10/09","","組立","岡","2026/10/06","製造"
"新光産業　本社","九州工場","九州工場","2026/10/02","2026/10/02","26-J0146892-001-771","BE3030SC","1.60","300.0","300.0","300.0","国土 PB 平 焼付","2.5Y9/1","2","ｱｰｽ","2026/10/09","沖縄直送","2026/10/09","","組立","岡","2026/10/06","製造"
"新光産業　本社","九州工場","九州工場","2026/10/02","2026/10/02","26-J0146892-002-771","BE0000SC","1.60","350.0","350.0","100.0","国土 PBﾄｸ 平 焼付","2.5Y9/1","1","ｱｰｽ","2026/10/09","沖縄直送","2026/10/09","","組立","岡","2026/10/06","製造"
"新光産業　本社","九州工場","九州工場","2026/10/02","2026/10/02","26-J0146892-004-771","BE6050SC","1.60","600.0","600.0","500.0","国土 PB 平 焼付","2.5Y9/1","3","ｱｰｽ","2026/10/09","沖縄直送","2026/10/09","","組立","岡","2026/10/06","製造"
"正二電気　岡山本社","九州工場","九州工場","2026/10/02","2026/10/02","26-J0146933-001-771","IIP0000C","1.60","460.0","300.0","0.0","鉄 ﾌﾟﾚｰﾄ 焼付","2.5Y9/1(近似色)","1","開口･穴加工ｱﾘ","2026/10/09","福山通運　九州発送","2026/10/09","","塗装","柴﨑","2026/10/06","製造"
"正二電気　岡山本社","九州工場","九州工場","2026/10/02","2026/10/02","26-J0146933-002-771","IIP0000C","1.60","350.0","150.0","0.0","鉄 ﾌﾟﾚｰﾄ 焼付","2.5Y9/1(近似色)","1","開口･穴加工ｱﾘ","2026/10/09","福山通運　九州発送","2026/10/09","","塗装","柴﨑","2026/10/06","製造"
"ウチダ★","九州工場","九州工場","2026/10/02","2026/10/02","26-J0147073-001-771","SP2010XC","1.50","200.0","200.0","100.0","SUS PB 水切 焼付","5Y7/1 近似色","1","","2026/10/09","福山通運　九州発送","2026/10/09","","塗装","柴﨑","2026/10/06","製造"
"カンサイ九州昭和　北九州★","九州工場","九州工場","2026/10/02","2026/10/02","26-J0147097-001-771","SG0000N","5.00","1,004.0","570.0","100.0","SUS 架台","","1","[5x100x50　SUS板ｔ2.0-570x100 8-M6裏ﾅｯﾄ溶接 穴加工","2026/10/09","佐川急便","2026/10/09","","組立","井上","2026/10/09","製造"
"ハッピー電気　天草★","九州工場","九州工場","2026/10/05","2026/10/05","26-J0147401-001-771","IP0000SC","1.60","380.0","340.0","50.0","鉄 PBﾄｸ 平 焼付","N9.5 近似色","1","ﾊﾟｯｷﾝ付　4点ﾋﾞｽ止め","2026/10/09","佐川急便","2026/10/09","","塗装","柴﨑","2026/10/06","製造"
"米良電機　西★","九州工場","九州工場","2026/10/05","2026/10/05","26-J0147486-001-771","SE1515XC","1.50","150.0","150.0","150.0","SUS PB 水切 焼付","2.5Y9/1 近似色","3","ｱｰｽ","2026/10/09","佐川急便","2026/10/09","","塗装","柴﨑","2026/10/06","製造"
"佐川電機★","九州工場","九州工場","2026/10/05","2026/10/05","26-J0147567-001-771","DP0000XN","1.60","200.0","200.0","100.0","Sﾀﾞｲﾏ PBﾄｸ 水切","","1","","2026/10/09","福山通運　九州発送","2026/10/09","","仕上","三澄","2026/10/09","製造"
"三親電材　松江★","九州工場","九州工場","2026/10/05","2026/10/05","26-J0148498-002-771","SAI0000N","0.00","3,000.0","0.0","0.0","SUS ｱﾝｸﾞﾙ","","4","穴加工ｱﾘ","2026/10/09","福山通運　九州発送","2026/10/09","","組立","井上","2026/10/09","製造"
"三親電材　松江★","九州工場","九州工場","2026/10/05","2026/10/05","26-J0148498-001-771","SE0000WN","1.50","250.0","250.0","100.0","SUS PBﾄｸ 被せ","","1","側面ｱｰｽ 木板付","2026/10/09","福山通運　九州発送","2026/10/09","","組立","樋口","2026/10/09","製造"
"中国機材設備　本社★","九州工場","九州工場","2026/10/05","2026/10/05","26-J0148616-001-771","SMK0000N","2.00","300.0","300.0","150.0","SUS 曲金物","","1","取付穴6-φ5","2026/10/09","佐川急便","2026/10/09","","曲げ","道上","2026/10/09","製造"
"宮地電機　南予","九州工場","九州工場","2026/10/06","2026/10/06","26-J0148852-001-771","SE0000XNA","1.50","300.0","300.0","200.0","SUS PBﾄｸ 水切","","1","ｱｰｽ 長足L800付L6x50Φ12","2026/10/09","福山通運　九州発送","2026/10/09","","溶接","テイン","2026/10/09","製造"
"宮地電機　南予","九州工場","九州工場","2026/10/06","2026/10/06","26-J0148852-002-771","SD0000N","1.50","550.0","165.0","750.0","SUS ﾀﾞｸﾄ","","1","ｱｰｽ 支持棒･ｱﾝｸﾞﾙ･ﾒｸﾗ･ｺﾞﾑﾊﾟｯｷﾝ付","2026/10/09","福山通運　九州発送","2026/10/09","","溶接","恒川","2026/10/09","製造"
"かごしま電工　南★","九州工場","九州工場","2026/10/06","2026/10/06","26-J0149294-002-771","BE2525SGW","1.60","250.0","250.0","250.0","国土 PB 平","","5","ｱｰｽ さび止め 内ﾜﾆｽ","2026/10/09","佐川急便","2026/10/09","","塗装","坂元","2026/10/08","製造"
"東芝電材　武雄★","九州工場","九州工場","2026/10/06","2026/10/06","26-J0149327-001-771","SE0000XN","1.50","200.0","200.0","150.0","SUS PBﾄｸ 水切","","2","ｱｰｽ 端子台用ﾍﾞｰｽ55x95x45溶接","2026/10/09","佐川急便","2026/10/09","","曲げ","ラム","2026/10/09","製造"
"東芝電材　武雄★","九州工場","九州工場","2026/10/06","2026/10/06","26-J0149327-002-771","SE0000XN","1.50","200.0","200.0","150.0","SUS PBﾄｸ 水切","","2","ｱｰｽ 端子台用ﾍﾞｰｽ55x80x45溶接","2026/10/09","佐川急便","2026/10/09","","曲げ","ラム","2026/10/09","製造"
"三親電材　水島★","九州工場","九州工場","2026/10/06","2026/10/06","26-J0149433-001-771","IP0000SGP","2.30","200.0","200.0","200.0","鉄 PBﾄｸ 平","","2","さび止め ｺﾞﾑﾊﾟｯｷﾝ付 外耳20 M6BN締め","2026/10/09","福山通運　九州発送","2026/10/09","","組立","服部","2026/10/09","製造"
"ヤシマ電材","九州工場","九州工場","2026/10/06","2026/10/06","26-J0149497-001-771","SE0000XN","2.00","1,000.0","900.0","450.0","SUS PBﾄｸ 水切","","1","ｱｰｽ","2026/10/09","福山通運　九州発送","2026/10/09","","溶接","テイン","2026/10/09","製造"
"ヤシマ電材","九州工場","九州工場","2026/10/06","2026/10/06","26-J0149497-002-771","SE0000XN","2.00","1,000.0","500.0","500.0","SUS PBﾄｸ 水切","","1","ｱｰｽ","2026/10/09","福山通運　九州発送","2026/10/09","","溶接","テイン","2026/10/09","製造"
"三親電材　鳥取★","九州工場","九州工場","2026/10/06","2026/10/06","26-J0149537-001-771","SE0000XN","1.50","500.0","500.0","350.0","SUS PBﾄｸ 水切","","3","ｱｰｽ","2026/10/09","福山通運　九州発送","2026/10/09","","溶接","ロン","2026/10/09","製造"
"中西電機　高松本社★","九州工場","九州工場","2026/10/06","2026/10/06","26-J0149699-001-771","SIP0000N","1.50","180.0","70.0","0.0","SUS ﾌﾟﾚｰﾄ","","3","ｺﾞﾑﾊﾟｯｷﾝ付･開口ｱﾘ","2026/10/09","福山通運　九州発送","2026/10/09","","組立","井上","2026/10/09","製造"
"大豊産業　松山★","九州工場","九州工場","2026/10/06","2026/10/06","26-J0149715-001-771","SST0000N","0.00","300.0","300.0","1,500.0","SUS ｽﾀﾝｼｮﾝ","","2","50A ﾍﾞｰｽt6.0","2026/10/09","福山通運　九州発送","2026/10/09","","組立","井上","2026/10/08","製造"
"ヤシマ電材 倉敷★","九州工場","九州工場","2026/10/06","2026/10/06","26-J0149896-001-771","SE3020XNA","1.50","300.0","300.0","200.0","SUS PB 水切","","2","ｱｰｽ 足付4-L3x30.12ﾊﾟｲ","2026/10/09","福山通運　九州発送","2026/10/09","","溶接","テイン","2026/10/09","製造"
"ヤシマ電材 倉敷★","九州工場","九州工場","2026/10/06","2026/10/06","26-J0149896-002-771","SE3030XNA","1.50","300.0","300.0","300.0","SUS PB 水切","","1","ｱｰｽ 足付4-L3x30.12ﾊﾟｲ","2026/10/09","福山通運　九州発送","2026/10/09","","溶接","テイン","2026/10/09","製造"
"三親電材　津山★","九州工場","九州工場","2026/10/06","2026/10/06","26-J0149970-001-771","SMK0000N","1.50","120.0","147.0","20.0","SUS 曲金物","","1","L型 穴加工ｱﾘ","2026/10/09","福山通運　九州発送","2026/10/09","","組立","井上","2026/10/09","製造"
"ナンリツ　徳島★","九州工場","九州工場","2026/10/07","2026/10/07","26-J0150133-001-771","BE0000SG","2.30","1,100.0","300.0","300.0","国土 PBﾄｸ 平","","1","ｱｰｽ さび止め 蓋2分割","2026/10/09","福山通運　九州発送","2026/10/09","","塗装","坂元","2026/10/08","製造"
"正二電気　岡山本社","九州工場","九州工場","2026/10/07","2026/10/07","26-J0150584-001-771","SAI0000N","0.00","750.0","0.0","0.0","SUS ｱﾝｸﾞﾙ","","1","穴加工ｱﾘ","2026/10/09","福山通運　九州発送","2026/10/09","","組立","井上","2026/10/09","製造"
"宮地電機　徳島","九州工場","九州工場","2026/10/07","2026/10/07","26-J0151059-001-771","SE6060XN","1.50","600.0","600.0","600.0","SUS PB 水切","","1","ｱｰｽ","2026/10/09","福山通運　九州発送","2026/10/09","","溶接","テイン","2026/10/09","製造"
"正二電気　岡山本社","九州工場","九州工場","2026/10/07","2026/10/07","26-J0151130-001-771","IIP0000G","1.60","500.0","500.0","0.0","鉄 ﾌﾟﾚｰﾄ","","3","さび止め 穴加工ｱﾘ","2026/10/09","福山通運　九州発送","2026/10/09","","組立","服部","2026/10/09","製造"
"平岡電気　八女★","九州工場","九州工場","2026/10/07","2026/10/07","26-J0151220-001-771","SIP0000N","1.50","330.0","120.0","0.0","SUS ﾌﾟﾚｰﾄ","","1","φ20 φ7x2 M5ﾀｯﾌﾟx2","2026/10/09","佐川急便","2026/10/09","","組立","井上","2026/10/09","製造"
"ナミデン　福岡★","九州工場","九州工場","2026/10/07","2026/10/07","26-J0151369-001-771","DC0000N","1.60","380.0","363.0","940.0","Sﾀﾞｲﾏ ｶﾊﾞｰ","","1","ﾌｰﾄﾞｶﾊﾞｰ","2026/10/09","福山通運　九州発送","2026/10/09","","溶接","恒川","2026/10/09","製造"
"ナミデン　広島★","九州工場","九州工場","2026/10/07","2026/10/07","26-J0151428-001-771","SP0000WN","1.50","500.0","300.0","200.0","SUS PBﾄｸ 被せ","","1","","2026/10/09","佐川急便","2026/10/09","","溶接","ロン","2026/10/09","製造"
"シンセイ　広島第二★","九州工場","九州工場","2026/10/08","2026/10/08","26-J0151486-001-771","SE5020XN","1.50","500.0","500.0","200.0","SUS PB 水切","","2","ｱｰｽ","2026/10/09","福山通運　九州発送","2026/10/09","","曲げ","ラム","2026/10/09","製造"
"シンセイ　広島第二★","九州工場","九州工場","2026/10/08","2026/10/08","26-J0151488-001-771","BE5020SG","1.60","500.0","500.0","200.0","国土 PB 平","","1","ｱｰｽ さび止め","2026/10/09","福山通運　九州発送","2026/10/09","","溶接","フイ","2026/10/09","製造"
"三親電材　広島★","九州工場","九州工場","2026/10/08","2026/10/08","26-J0151566-001-771","BE0000SG","1.60","400.0","350.0","200.0","国土 PBﾄｸ 平","","1","ｱｰｽ さび止め","2026/10/09","福山通運　九州発送","2026/10/09","","溶接","フイ","2026/10/09","製造"
"興陽電機　岩国★","九州工場","九州工場","2026/10/08","2026/10/08","26-J0151619-001-771","BE0000SG","1.60","500.0","250.0","120.0","国土 PBﾄｸ 平","","2","ｱｰｽ さび止め","2026/10/09","福山通運　九州発送","2026/10/09","","溶接","フイ","2026/10/09","製造"
"さくら電機　国分★","九州工場","九州工場","2026/10/08","2026/10/08","26-J0151685-001-771","IE4020SG","1.60","400.0","400.0","200.0","鉄 PB 平","","1","ｱｰｽ さび止め","2026/10/09","佐川急便","2026/10/09","","溶接","フイ","2026/10/09","製造"
"デンザイ東亜　本社★","九州工場","九州工場","2026/10/08","2026/10/08","26-J0151825-001-771","DP4020WN","1.60","400.0","400.0","200.0","Sﾀﾞｲﾏ PB 被せ","","1","","2026/10/09","佐川急便","2026/10/09","","曲げ","ラム","2026/10/09","製造"
"東芝電材　岡山★","九州工場","九州工場","2026/10/08","2026/10/08","26-J0152088-001-771","SE0000XN","1.50","150.0","150.0","200.0","SUS PBﾄｸ 水切","","1","ｱｰｽ","2026/10/09","福山通運　九州発送","2026/10/09","","溶接","テイン","2026/10/09","製造"
"三親電材　広島★","九州工場","九州工場","2026/10/08","2026/10/08","26-J0152121-001-771","SE0000XN","1.50","350.0","350.0","100.0","SUS PBﾄｸ 水切","","1","ｱｰｽ","2026/10/09","福山通運　九州発送","2026/10/09","","溶接","ロン","2026/10/09","製造"
"東芝電材　宮崎★","九州工場","九州工場","2026/10/08","2026/10/08","26-J0152122-001-771","BE0000SG","1.60","350.0","300.0","250.0","国土 PBﾄｸ 平","","1","ｱｰｽ さび止め","2026/10/09","福山通運　九州発送","2026/10/09","","溶接","フイ","2026/10/09","製造"
"ナミデン　岡山★","九州工場","九州工場","2026/10/08","2026/10/08","26-J0152204-001-771","SE0000SN","1.50","600.0","300.0","300.0","SUS PBﾄｸ 平","","1","ｱｰｽ","2026/10/09","福山通運　九州発送","2026/10/09","","組立","樋口","2026/10/09","製造"
"三親電材　松江★","九州工場","九州工場","2026/10/08","2026/10/08","26-J0152264-001-771","SE0000WN","1.50","350.0","350.0","250.0","SUS PBﾄｸ 被せ","","1","ｱｰｽ","2026/10/09","福山通運　九州発送","2026/10/09","","組立","樋口","2026/10/09","製造"
"三親電材　広島★","九州工場","九州工場","2026/10/08","2026/10/08","26-J0152613-001-771","DI0000N","1.60","200.0","200.0","0.0","Sﾀﾞｲﾏ 切板","","13","","2026/10/09","福山通運　九州発送","2026/10/09","","切断","岩本","2026/10/09","製造"
"シンセイ　広島第一★","九州工場","九州工場","2026/10/09","2026/10/09","26-J0152926-001-771","IP2020XG","1.60","200.0","200.0","200.0","鉄 PB 水切","","1","さび止め","2026/10/09","福山通運　九州発送","2026/10/09","","未着手","","2026/10/09","製造"
"日本電設資材　福岡★","九州工場","九州工場","2026/10/09","2026/10/09","26-J0153013-001-771","II0000G","2.30","200.0","200.0","0.0","鉄 切板","","16","さび止め","2026/10/09","佐川急便","2026/10/09","","未着手","","2026/10/09","製造"
"興陽電機　八幡★","九州工場","九州工場","2026/09/18","2026/09/18","26-J0137256-001-771","SD0000N","1.50","200.0","150.0","1,400.0","SUS ﾀﾞｸﾄ","","1","/1040/400 L型 水切 ｱｰｽ ｹｰﾌﾞﾙ支持 ｾﾊﾟﾚｰﾀ無し","2026/10/09","北九州配達","2026/10/13","","溶接","恒川","2026/10/09","製造"
"日本電設資材　福岡★","九州工場","九州工場","2026/09/24","2026/09/24","26-J0138980-001-771","ZG0000","0.00","2,810.0","2,221.0","0.0","ZN 架台","","1","(GS) ﾊﾟﾜｺﾝ架台　屋根ｱﾙﾐ板付  一式","2026/10/09","ヤマックス　ｽﾎﾟｯﾄ便","2026/10/13","","溶接","ハイ","2026/10/08","製造"
"三親電材　広島★","九州工場","九州工場","2026/09/25","2026/09/25","26-J0139505-005-771","DKM0000N","0.00","1,100.0","0.0","0.0","Sﾀﾞｲﾏ 金物","","4","ｽｰﾊﾟｰﾀﾞｲﾏD1切断品　ラック支持金物1用　","2026/10/13","福山通運　九州発送","2026/10/13","","溶接","バン","2026/10/13","製造"
"三親電材　広島★","九州工場","九州工場","2026/09/25","2026/09/25","26-J0139505-006-771","DKM0000N","0.00","0.0","0.0","600.0","Sﾀﾞｲﾏ 金物","","135","ｽｰﾊﾟｰﾀﾞｲﾏD1切断品　ラック支持金物2 3 4用","2026/10/13","福山通運　九州発送","2026/10/13","","溶接","バン","2026/10/13","製造"
"富士商会　大村★","九州工場","九州工場","2026/09/25","2026/09/25","26-J0140411-003-771","DKW0000N","1.60","400.0","200.0","280.0","Sﾀﾞｲﾏ 貫通枠","","4","平蓋　開口部注意ｽﾃｯｶｰ","2026/10/13","福山通運　九州発送","2026/10/13","","溶接","カイ","2026/10/09","製造"
"富士商会　大村★","九州工場","九州工場","2026/09/25","2026/09/25","26-J0140411-001-771","DKW0000N","1.60","300.0","200.0","210.0","Sﾀﾞｲﾏ 貫通枠","","8","平蓋　開口部注意ｽﾃｯｶｰ","2026/10/09","福山通運　九州発送","2026/10/13","","溶接","カイ","2026/10/08","製造"
"富士商会　大村★","九州工場","九州工場","2026/09/25","2026/09/25","26-J0140411-002-771","DKW0000N","1.60","300.0","200.0","240.0","Sﾀﾞｲﾏ 貫通枠","","2","平蓋　開口部注意ｽﾃｯｶｰ","2026/10/13","福山通運　九州発送","2026/10/13","","溶接","カイ","2026/10/09","製造"
"富士商会　大村★","九州工場","九州工場","2026/09/25","2026/09/25","26-J0140411-004-771","DKW0000N","1.60","900.0","200.0","280.0","Sﾀﾞｲﾏ 貫通枠","","1","平蓋　開口部注意ｽﾃｯｶｰ","2026/10/13","福山通運　九州発送","2026/10/13","","溶接","カイ","2026/10/09","製造"
"佐野電機工業","九州工場","九州工場","2026/09/29","2026/09/29","26-J0142340-006-771","ZE3030X2","2.30","300.0","300.0","300.0","ZN PB 水切","","2","HDZT56 ｱｰｽ","2026/10/09","福山通運　九州発送","2026/10/13","","溶接","テイン","2026/10/02","製造"
"佐野電機工業","九州工場","九州工場","2026/09/29","2026/09/29","26-J0142340-011-771","ZE3030X2","2.30","300.0","300.0","300.0","ZN PB 水切","","2","HDZT56 ｱｰｽ","2026/10/09","福山通運　九州発送","2026/10/13","","溶接","テイン","2026/10/02","製造"
"佐野電機工業","九州工場","九州工場","2026/09/29","2026/09/29","26-J0142340-002-771","ZE3030X2","2.30","300.0","300.0","300.0","ZN PB 水切","","4","HDZT56 ｱｰｽ","2026/10/09","福山通運　九州発送","2026/10/13","","溶接","テイン","2026/10/02","製造"
"平岡電材　大牟田★","九州工場","九州工場","2026/09/29","2026/09/29","26-J0142478-001-771","IG0000G","6.00","400.0","250.0","300.0","鉄 架台","","4","さび止め SS-L-50x50x6t　穴加工　左右＝1セット","2026/10/13","佐川急便","2026/10/13","","塗装","増井","2026/10/09","製造"
"平岡電材　大牟田★","九州工場","九州工場","2026/09/29","2026/09/29","26-J0142478-003-771","IG0000G","6.00","400.0","250.0","300.0","鉄 架台","","7","さび止め SS-L-50x50x6t　穴加工　左右＝1セット","2026/10/13","佐川急便","2026/10/13","","溶接","クイ","2026/10/09","製造"
"平岡電材　大牟田★","九州工場","九州工場","2026/09/29","2026/09/29","26-J0142478-002-771","IG0000G","6.00","800.0","250.0","300.0","鉄 架台","","3","さび止め SS-L-50x50x6t　穴加工　左右＝1セット","2026/10/13","佐川急便","2026/10/13","","溶接","クイ","2026/10/09","製造"
"カンサイ　苅田★","九州工場","九州工場","2026/09/29","2026/09/29","26-J0143000-004-771","ZKM0000","6.00","50.0","50.0","3,000.0","ZN 金物","","6","L50x50x6t 片穴φ8x40","2026/10/13","福山通運　九州発送","2026/10/13","","組立","金光","2026/10/05","製造"
"カンサイ　苅田★","九州工場","九州工場","2026/09/29","2026/09/29","26-J0143000-005-771","ZCI0000","0.00","2,000.0","0.0","0.0","ZN ﾁｬﾝﾈﾙ","","4","[100x50x5t","2026/10/13","福山通運　九州発送","2026/10/13","","組立","金光","2026/10/05","製造"
"カンサイ　苅田★","九州工場","九州工場","2026/09/29","2026/09/29","26-J0143000-006-771","ZI0000","6.00","150.0","150.0","0.0","ZN 切板","","2","","2026/10/13","福山通運　九州発送","2026/10/13","","組立","金光","2026/10/05","製造"
"カンサイ　苅田★","九州工場","九州工場","2026/09/29","2026/09/29","26-J0143000-007-771","ZKM0000","0.00","2,500.0","0.0","0.0","ZN 金物","","1","FB6tx75W","2026/10/13","福山通運　九州発送","2026/10/13","","組立","金光","2026/10/05","製造"
"カンサイ　苅田★","九州工場","九州工場","2026/09/29","2026/09/29","26-J0143000-001-771","ZP4020W2","2.30","400.0","400.0","200.0","ZN PB 被せ","","1","","2026/10/13","福山通運　九州発送","2026/10/13","","組立","金光","2026/10/05","製造"
"カンサイ　苅田★","九州工場","九州工場","2026/09/29","2026/09/29","26-J0143000-002-771","ZP3020W2","2.30","300.0","300.0","200.0","ZN PB 被せ","","1","","2026/10/13","福山通運　九州発送","2026/10/13","","組立","金光","2026/10/05","製造"
"ｹｲ･ｴｽ･ﾃﾞｰ　鹿児島★","九州工場","九州工場","2026/09/29","2026/09/29","26-J0143221-001-771","DDC0000C","1.60","250.0","300.0","1,100.0","Sﾀﾞｲﾏ ﾀﾞｸﾄｶﾊﾞｰ 焼付","LN-72 近似色","2","コ型ｶﾊﾞｰ 正面平蓋+ﾊﾟｯｷﾝ付","2026/10/13","佐川急便","2026/10/13","","塗装","樫原","2026/10/07","製造"
"三親電材　米子★","九州工場","九州工場","2026/09/30","2026/09/30","26-J0143640-002-771","ZE0000XA","2.30","300.0","300.0","300.0","ZN PBﾄｸ 水切","","1","ｱｰｽ 足付L5x40Φ12 ｶｯﾌﾟﾘﾝｸﾞ溶接 穴加工ｱﾘ HDZT56","2026/10/13","福山通運　九州発送","2026/10/13","","組立","金光","2026/10/05","製造"
"三親電材　米子★","九州工場","九州工場","2026/09/30","2026/09/30","26-J0143640-001-771","ZE0000XA","2.30","300.0","300.0","200.0","ZN PBﾄｸ 水切","","1","ｱｰｽ 足付L5x40Φ12 ｶｯﾌﾟﾘﾝｸﾞ溶接 穴加工ｱﾘ HDZT56","2026/10/13","福山通運　九州発送","2026/10/13","","組立","金光","2026/10/05","製造"
"カンサイ九州昭和　北九州★","九州工場","九州工場","2026/09/30","2026/09/30","26-J0144226-001-771","DIP0000N","1.60","100.0","70.0","0.0","Sﾀﾞｲﾏ ﾌﾟﾚｰﾄ","","40","φ25 2-M4ﾀｯﾌﾟ 2-φ5","2026/10/13","佐川急便","2026/10/13","","切断","森山","2026/10/13","製造"
"カンサイ九州昭和　北九州★","九州工場","九州工場","2026/09/30","2026/09/30","26-J0144238-003-771","IF0000C","1.60","630.0","630.0","70.0","鉄 裏BOX 焼付","N9.5 近似色","1","上面開口600x600 下面φ30 2-φ20 2-W3/8NT溶接","2026/10/13","佐川急便","2026/10/13","","塗装","柴﨑","2026/10/07","製造"
"カンサイ九州昭和　北九州★","九州工場","九州工場","2026/09/30","2026/09/30","26-J0144238-004-771","IF0000C","1.60","630.0","630.0","70.0","鉄 裏BOX 焼付","N9.5 近似色","4","上面開口600x600 下面φ30 2-φ20 2-W3/8NT溶接","2026/10/13","佐川急便","2026/10/13","","塗装","柴﨑","2026/10/07","製造"
"カンサイ九州昭和　北九州★","九州工場","九州工場","2026/09/30","2026/09/30","26-J0144238-002-771","IF0000C","1.60","630.0","630.0","70.0","鉄 裏BOX 焼付","N9.5 近似色","1","上面開口600x600 下面2-φ30 2-φ20 2-W3/8NT溶接","2026/10/13","佐川急便","2026/10/13","","塗装","柴﨑","2026/10/07","製造"
"三共電気　東★","九州工場","九州工場","2026/09/30","2026/09/30","26-J0144283-001-771","ZE1515X2","2.30","150.0","150.0","150.0","ZN PB 水切","","2","ｱｰｽ","2026/10/09","ヤマックス福岡","2026/10/13","","外注","テイン","2026/10/02","製造"
"平岡電気　電設営業部★","九州工場","九州工場","2026/09/30","2026/09/30","26-J0144532-001-771","SG0000C","0.00","1,400.0","315.0","0.0","SUS 架台 焼付","5Y7/1 近似色","1","L-50x50x6t","2026/10/13","福山通運　九州発送","2026/10/13","","塗装","山口","2026/10/07","製造"
"ＳＴＥＰ　広島★","九州工場","九州工場","2026/09/30","2026/09/30","26-J0144545-001-771","IMK0000C","1.60","1,300.0","300.0","10.0","鉄 曲金物 焼付","N9.5(近似色)","5","穴加工ｱﾘ","2026/10/13","福山通運　九州発送","2026/10/13","","塗装","柴﨑","2026/10/07","製造"
"三親電材　山口★","九州工場","九州工場","2026/10/01","2026/10/01","26-J0144972-003-771","BE5020SC","1.60","500.0","500.0","200.0","国土 PB 平 焼付","5Y7/1 近似色","1","ｱｰｽ","2026/10/13","福山通運　九州発送","2026/10/13","","塗装","山口","2026/10/07","製造"
"三親電材　山口★","九州工場","九州工場","2026/10/01","2026/10/01","26-J0144972-005-771","BDC0000C","1.60","300.0","220.0","750.0","国土 ﾀﾞｸﾄｶﾊﾞｰ 焼付","2.5Y9/1 近似色","1","ｱｰｽ 平蓋　脱着式ｹｰﾌﾞﾙ支持棒付　ｾﾊﾟ無","2026/10/13","福山通運　九州発送","2026/10/13","","塗装","山口","2026/10/07","製造"
"三親電材　山口★","九州工場","九州工場","2026/10/01","2026/10/01","26-J0144972-004-771","BE0000SC","1.60","300.0","300.0","200.0","国土 PBﾄｸ 平 焼付","5Y7/1 近似色","1","ｱｰｽ ｹｰﾌﾞﾙ支持棒付","2026/10/13","福山通運　九州発送","2026/10/13","","塗装","山口","2026/10/07","製造"
"三親電材　山口★","九州工場","九州工場","2026/10/01","2026/10/01","26-J0144972-001-771","BP0000SC","1.60","250.0","250.0","150.0","国土 PBﾄｸ 平 焼付","5Y7/1 近似色","1","ｱｰｽ無 下面開口210x210　足付　台座付(蓋に溶接）","2026/10/13","福山通運　九州発送","2026/10/13","","塗装","山口","2026/10/07","製造"
"三親電材　山口★","九州工場","九州工場","2026/10/01","2026/10/01","26-J0144972-002-771","BP0000SC","1.60","100.0","100.0","50.0","国土 PBﾄｸ 平 焼付","5Y7/1 近似色","1","ｱｰｽ無","2026/10/13","福山通運　九州発送","2026/10/13","","塗装","山口","2026/10/07","製造"
"宮地電機　高知","九州工場","九州工場","2026/10/01","2026/10/01","26-J0145305-001-771","ZE2020X2","2.30","200.0","200.0","200.0","ZN PB 水切","","1","HDZT56 ｱｰｽ","2026/10/13","福山通運　九州発送","2026/10/13","","組立","金光","2026/10/05","製造"
"米良電機　宮崎★","九州工場","九州工場","2026/10/01","2026/10/01","26-J0145652-005-771","SE2015XC","1.50","200.0","200.0","150.0","SUS PB 水切 焼付","2.5Y9/1 近似色","10","ｱｰｽ","2026/10/13","佐川急便","2026/10/13","","塗装","山口","","加工"
"カンサイ西九州社　島原★","九州工場","九州工場","2026/10/01","2026/10/01","26-J0145828-002-771","IDC0000C","1.60","600.0","200.0","195.0","鉄 ﾀﾞｸﾄｶﾊﾞｰ 焼付","日東工業2.5Y9/1近似色","1","平蓋 取付穴有り","2026/10/13","佐川急便","2026/10/13","","塗装","ナム","2026/10/07","製造"
"カンサイ西九州社　島原★","九州工場","九州工場","2026/10/01","2026/10/01","26-J0145828-003-771","IDC0000C","1.60","1,000.0","250.0","600.0","鉄 ﾀﾞｸﾄｶﾊﾞｰ 焼付","日東工業2.5Y9/1近似色","1","平蓋 取付穴有り","2026/10/13","佐川急便","2026/10/13","","塗装","ナム","2026/10/07","製造"
"カンサイ西九州社　島原★","九州工場","九州工場","2026/10/01","2026/10/01","26-J0145828-001-771","IDC0000C","1.60","700.0","200.0","690.0","鉄 ﾀﾞｸﾄｶﾊﾞｰ 焼付","日東工業2.5Y9/1近似色","1","平蓋 取付穴有り","2026/10/13","佐川急便","2026/10/13","","塗装","ナム","2026/10/07","製造"
"山電　八幡","九州工場","九州工場","2026/10/02","2026/10/02","26-J0146153-001-771","BE0000SC","1.60","350.0","300.0","150.0","国土 PBﾄｸ 平 焼付","2.5Y9/1 近似色","1","ｱｰｽ付き","2026/10/09","北九州配達","2026/10/13","","塗装","柴﨑","2026/10/06","製造"
"丸井産業　延岡★","九州工場","九州工場","2026/10/02","2026/10/02","26-J0146282-001-771","IKW0000G","1.60","1,885.0","585.0","370.0","鉄 貫通枠","","1","さび止め 丸棒溶接　袴点溶接","2026/10/13","佐川急便","2026/10/13","","溶接","ハイ","2026/10/09","製造"
"三和電気商会★","九州工場","九州工場","2026/10/02","2026/10/02","26-J0146382-001-771","ZE0000S","2.30","500.0","300.0","250.0","ZN PBﾄｸ 平","","1","HDZT56 ｱｰｽ","2026/10/13","福山通運　九州発送","2026/10/13","","組立","金光","2026/10/05","製造"
"三親電材　鳥取★","九州工場","九州工場","2026/10/02","2026/10/02","26-J0146796-001-771","IP2020SC","1.60","200.0","200.0","200.0","鉄 PB 平 焼付","N9.5(近似色)","1","","2026/10/13","福山通運　九州発送","2026/10/13","","塗装","柴﨑","2026/10/08","製造"
"カンサイ　小倉★","九州工場","九州工場","2026/10/02","2026/10/02","26-J0147010-001-771","SE1010XC","1.50","100.0","100.0","100.0","SUS PB 水切 焼付","2.5Y9/1 近似色","2","ｱｰｽ","2026/10/09","北九州配達","2026/10/13","","塗装","柴﨑","2026/10/06","製造"
"田中商事　福岡","九州工場","九州工場","2026/10/02","2026/10/02","26-J0147107-001-771","IIP0000C","1.60","290.0","195.0","0.0","鉄 ﾌﾟﾚｰﾄ 焼付","5Y7/1 近似色","1","センター開口","2026/10/09","ヤマックス福岡","2026/10/13","","塗装","柴﨑","2026/10/06","製造"
"中国機材設備　本社★","九州工場","九州工場","2026/10/02","2026/10/02","26-J0147108-001-771","I02000WC","1.60","720.0","570.0","20.0","鉄 ふたﾄｸ 焼付","N9.5 近似色","1","被せふた ﾊﾟｯｷﾝ無し 塗装用吊り穴4","2026/10/13","佐川急便","2026/10/13","","塗装","柴﨑","2026/10/07","製造"
"日本電設資材　福岡★","九州工場","九州工場","2026/10/05","2026/10/05","26-J0147435-002-771","IG0000G","0.00","260.0","0.0","0.0","鉄 架台","","6","[75x40x5x7  さび止め  EPS2 7FL～9FL","2026/10/09","ヤマックス福岡","2026/10/13","","塗装","増井","2026/10/09","製造"
"日本電設資材　福岡★","九州工場","九州工場","2026/10/05","2026/10/05","26-J0147435-004-771","IG0000G","0.00","260.0","0.0","0.0","鉄 架台","","3","[75x40x5x7  さび止め  EPS4 7FL～9FL","2026/10/09","ヤマックス福岡","2026/10/13","","塗装","増井","2026/10/09","製造"
"日本電設資材　福岡★","九州工場","九州工場","2026/10/05","2026/10/05","26-J0147435-001-771","IG0000G","0.00","260.0","0.0","0.0","鉄 架台","","6","[75x40x5x7  さび止め  EPS1 7FL～9FL","2026/10/09","ヤマックス福岡","2026/10/13","","塗装","増井","2026/10/09","製造"
"日本電設資材　福岡★","九州工場","九州工場","2026/10/05","2026/10/05","26-J0147435-003-771","IG0000G","0.00","260.0","0.0","0.0","鉄 架台","","3","[75x40x5x7  さび止め  EPS3 7FL～9FL","2026/10/09","ヤマックス福岡","2026/10/13","","塗装","増井","2026/10/09","製造"
"カンサイ　八幡★","九州工場","九州工場","2026/10/05","2026/10/05","26-J0147529-001-771","BE3020SC","1.60","300.0","300.0","200.0","国土 PB 平 焼付","2.5Y9/1 近似色","1","ｱｰｽ","2026/10/09","北九州配達","2026/10/13","","塗装","柴﨑","","加工"
"カンサイ　小倉★","九州工場","九州工場","2026/10/05","2026/10/05","26-J0147541-001-771","SE1510XC","1.50","150.0","150.0","100.0","SUS PB 水切 焼付","2.5Y9/1 近似色","7","ｱｰｽ","2026/10/09","北九州配達","2026/10/13","","塗装","柴﨑","","加工"
"カンサイ　小倉★","九州工場","九州工場","2026/10/05","2026/10/05","26-J0147541-003-771","SE1515SC","1.50","150.0","150.0","150.0","SUS PB 平 焼付","2.5Y9/1 近似色","1","ｱｰｽ","2026/10/09","北九州配達","2026/10/13","","塗装","柴﨑","2026/10/06","製造"
"カンサイ　小倉★","九州工場","九州工場","2026/10/05","2026/10/05","26-J0147541-002-771","SE1515XC","1.50","150.0","150.0","150.0","SUS PB 水切 焼付","2.5Y9/1 近似色","1","ｱｰｽ","2026/10/09","北九州配達","2026/10/13","","塗装","柴﨑","2026/10/06","製造"
"興陽電機　福岡★","九州工場","九州工場","2026/10/05","2026/10/05","26-J0147576-001-771","SE5040XC","1.50","500.0","500.0","400.0","SUS PB 水切 焼付","2.5Y9/1 近似色","1","ｱｰｽ","2026/10/09","ヤマックス福岡","2026/10/13","","塗装","柴﨑","2026/10/06","製造"
"宮地電機　高松","九州工場","九州工場","2026/10/05","2026/10/05","26-J0147794-001-771","IMK0000C","1.60","400.0","133.0","30.0","鉄 曲金物 焼付","2.5Y9/1(近似色)","1","穴加工ｱﾘ","2026/10/13","福山通運　九州発送","2026/10/13","","塗装","山口","2026/10/07","製造"
"中国機材設備　本社★","九州工場","九州工場","2026/10/05","2026/10/05","26-J0147838-001-771","IMK0000C","1.60","330.0","50.0","75.0","鉄 曲金物 焼付","シルバー","2","穴加工","2026/10/13","佐川急便","2026/10/13","","塗装","樫原","2026/10/07","製造"
"東芝電材　川内★","九州工場","九州工場","2026/10/05","2026/10/05","26-J0147856-001-771","SE2020XCW","1.50","200.0","200.0","200.0","SUS PB 水切 焼付","5Y7/1 近似色","1","ｱｰｽ 内ﾜﾆｽ","2026/10/13","佐川急便","2026/10/13","","塗装","山口","2026/10/06","製造"
"興陽電機　福岡西★","九州工場","九州工場","2026/10/05","2026/10/05","26-J0148031-001-771","II0000C","1.60","350.0","300.0","0.0","鉄 切板 焼付","N-70 近似色","2","φ6x2吊穴","2026/10/09","ヤマックス福岡","2026/10/13","","塗装","柴﨑","2026/10/06","製造"
"木村電機　本社★","九州工場","九州工場","2026/10/05","2026/10/05","26-J0148095-002-771","SE4040XC","1.50","400.0","400.0","400.0","SUS PB 水切 焼付","L19-90C 近似色","2","ｱｰｽ","2026/10/13","佐川急便","2026/10/13","","塗装","樫原","2026/10/07","製造"
"木村電機　本社★","九州工場","九州工場","2026/10/05","2026/10/05","26-J0148095-001-771","SE4040XC","1.50","400.0","400.0","400.0","SUS PB 水切 焼付","LN-93 近似色","2","ｱｰｽ","2026/10/09","佐川急便","2026/10/13","","塗装","柴﨑","2026/10/06","製造"
"木村電機　本社★","九州工場","九州工場","2026/10/05","2026/10/05","26-J0148095-003-771","SE6040XC","1.50","600.0","600.0","400.0","SUS PB 水切 焼付","L19-90C 近似色","2","ｱｰｽ","2026/10/13","佐川急便","2026/10/13","","塗装","樫原","2026/10/07","製造"
"東芝電材　熊本★","九州工場","九州工場","2026/10/05","2026/10/05","26-J0148386-001-771","SE1515XC","1.50","150.0","150.0","150.0","SUS PB 水切 焼付","2.5Y9/1 近似色","2","ｱｰｽ","2026/10/13","佐川急便","2026/10/13","","塗装","山口","2026/10/07","製造"
"三親電材　広島★","九州工場","九州工場","2026/10/05","2026/10/05","26-J0148448-002-771","IG0000G","6.00","400.0","1,000.0","0.0","鉄 架台","","3","さび止め L65x65x6t 2-12x20","2026/10/13","福山通運　九州発送","2026/10/13","","溶接","クイ","2026/10/13","製造"
"三親電材　広島★","九州工場","九州工場","2026/10/05","2026/10/05","26-J0148448-001-771","IG0000G","6.00","400.0","1,260.0","0.0","鉄 架台","","2","さび止め L65x65x6t 2-12x20","2026/10/13","福山通運　九州発送","2026/10/13","","溶接","クイ","2026/10/13","製造"
"Q-mast　電気グル－プ★","九州工場","九州工場","2026/10/06","2026/10/06","26-J0148718-001-771","ZG0000","0.00","100.0","50.0","3,000.0","ZN 架台","","8","C100x50x5x7.5 先メッキ","2026/10/09","ヤマックス　ｽﾎﾟｯﾄ便","2026/10/13","","組立","金光","2026/10/09","製造"
"Q-mast　電気グル－プ★","九州工場","九州工場","2026/10/06","2026/10/06","26-J0148718-003-771","ZAI0000","6.00","75.0","75.0","3,000.0","ZN ｱﾝｸﾞﾙ","","1","L75x75x6t","2026/10/09","ヤマックス　ｽﾎﾟｯﾄ便","2026/10/13","","外注","奈木野","2026/10/07","製造"
"Q-mast　電気グル－プ★","九州工場","九州工場","2026/10/06","2026/10/06","26-J0148718-002-771","ZG0000","0.00","100.0","50.0","4,000.0","ZN 架台","","11","C100x50x5x7.5 先メッキ","2026/10/09","ヤマックス　ｽﾎﾟｯﾄ便","2026/10/13","","組立","金光","2026/10/09","製造"
"岡本電機　三原★","九州工場","九州工場","2026/10/06","2026/10/06","26-J0149343-001-771","BE2020SC","1.60","200.0","200.0","200.0","国土 PB 平 焼付","2.5Y9/1 近似色","2","ｱｰｽ","2026/10/13","福山通運　九州発送","2026/10/13","","塗装","山口","2026/10/07","製造"
"三親電材　広島★","九州工場","九州工場","2026/10/06","2026/10/06","26-J0149505-011-771","DKM0000N","0.00","0.0","0.0","1,700.0","Sﾀﾞｲﾏ 金物","","3","ｽｰﾊﾟｰﾀﾞｲﾏD1切断品　馬架台5用","2026/10/13","福山通運　九州発送","2026/10/13","","未着手","","2026/10/13","製造"
"三親電材　広島★","九州工場","九州工場","2026/10/06","2026/10/06","26-J0149505-010-771","DKM0000N","0.00","0.0","0.0","1,900.0","Sﾀﾞｲﾏ 金物","","4","ｽｰﾊﾟｰﾀﾞｲﾏD1切断品　馬架台4用","2026/10/13","福山通運　九州発送","2026/10/13","","未着手","","2026/10/13","製造"
"米良電機　延岡★","九州工場","九州工場","2026/10/06","2026/10/06","26-J0149551-001-771","SE1515XC","1.50","150.0","150.0","150.0","SUS PB 水切 焼付","2.5Y9/1 近似色","2","ｱｰｽ","2026/10/13","佐川急便","2026/10/13","","塗装","山口","2026/10/07","製造"
"カンサイ　電設★","九州工場","九州工場","2026/10/06","2026/10/06","26-J0150012-004-771","DC0000N","2.30","1,370.0","595.0","620.0","Sﾀﾞｲﾏ ｶﾊﾞｰ","","1","/610  平蓋開口穴 フードカバー　ゴムP付","2026/10/13","福山通運　九州発送","2026/10/13","","曲げ","道上","2026/10/13","製造"
"カンサイ　電設★","九州工場","九州工場","2026/10/06","2026/10/06","26-J0150012-005-771","DC0000N","2.30","1,000.0","510.0","565.0","Sﾀﾞｲﾏ ｶﾊﾞｰ","","1","  平蓋開口穴 フードカバー　ゴムP付","2026/10/13","福山通運　九州発送","2026/10/13","","曲げ","道上","2026/10/13","製造"
"カンサイ　電設★","九州工場","九州工場","2026/10/06","2026/10/06","26-J0150012-001-771","DC0000N","1.60","150.0","140.0","560.0","Sﾀﾞｲﾏ ｶﾊﾞｰ","","1","穴加工 フードカバー","2026/10/13","福山通運　九州発送","2026/10/13","","曲げ","道上","2026/10/13","製造"
"カンサイ　電設★","九州工場","九州工場","2026/10/06","2026/10/06","26-J0150012-003-771","DC0000N","1.60","600.0","650.0","570.0","Sﾀﾞｲﾏ ｶﾊﾞｰ","","1","被せ蓋 開口穴 フードカバー　ゴムP付","2026/10/13","福山通運　九州発送","2026/10/13","","曲げ","道上","2026/10/13","製造"
"正和電材　佐世保★","九州工場","九州工場","2026/10/06","2026/10/06","26-J0150060-001-771","BE0000SG","2.30","1,000.0","1,000.0","500.0","国土 PBﾄｸ 平","","1","蓋2分割 ｱｰｽ 口元L3x30補強 さび止め","2026/10/13","福山通運　九州発送","2026/10/13","","曲げ","道上","2026/10/13","製造"
"東芝電材　八幡★","九州工場","九州工場","2026/10/06","2026/10/06","26-J0150098-001-771","SP0000WN","1.50","900.0","500.0","500.0","SUS PBﾄｸ 被せ","","1","底面側面開口 φ6x9","2026/10/09","北九州配達","2026/10/13","","曲げ","ラム","2026/10/09","製造"
"中国機材設備　東広島★","九州工場","九州工場","2026/10/06","2026/10/06","26-J0150119-001-771","IP0000SG","1.60","250.0","250.0","60.0","鉄 PBﾄｸ 平","","2","さび止め 底面開口210x210　4-φ6","2026/10/13","佐川急便","2026/10/13","","溶接","フイ","2026/10/13","製造"
"東芝電材　福岡★","九州工場","九州工場","2026/10/07","2026/10/07","26-J0150156-001-771","SE0000XN","2.00","800.0","700.0","800.0","SUS PBﾄｸ 水切","","1","ｱｰｽ","2026/10/09","ヤマックス福岡","2026/10/13","","溶接","テイン","2026/10/09","製造"
"ヤシマ電材","九州工場","九州工場","2026/10/07","2026/10/07","26-J0150377-001-771","IDC0000G","1.60","450.0","250.0","3,500.0","鉄 ﾀﾞｸﾄｶﾊﾞｰ","","1","さび止め 2分割","2026/10/13","福山通運　九州発送","2026/10/13","","曲げ","道上","2026/10/13","製造"
"小林電工　岡山★","九州工場","九州工場","2026/10/07","2026/10/07","26-J0150811-003-771","SE2020XNA","1.50","200.0","200.0","200.0","SUS PB 水切","","2","ｱｰｽ 足付4-L3x30.12φ","2026/10/13","福山通運　九州発送","2026/10/13","","切断","井上(隆)","2026/10/13","製造"
"小林電工　岡山★","九州工場","九州工場","2026/10/07","2026/10/07","26-J0150811-002-771","SE3020XNA","1.50","300.0","300.0","200.0","SUS PB 水切","","2","ｱｰｽ 足付4-L3x40.12φ","2026/10/13","福山通運　九州発送","2026/10/13","","曲げ","ラム","2026/10/13","製造"
"小林電工　岡山★","九州工場","九州工場","2026/10/07","2026/10/07","26-J0150811-001-771","SE4030XNA","1.50","400.0","400.0","300.0","SUS PB 水切","","2","ｱｰｽ 足付4-L4x50.12φ","2026/10/13","福山通運　九州発送","2026/10/13","","曲げ","ラム","2026/10/13","製造"
"Q-mast　電気グル－プ★","九州工場","九州工場","2026/10/07","2026/10/07","26-J0150876-001-771","IIP0000G","1.60","50.0","440.0","0.0","鉄 ﾌﾟﾚｰﾄ","","39","さび止め　1階分","2026/10/13","福山通運　九州発送","2026/10/13","","切断","森山","2026/10/13","製造"
"Q-mast　電気グル－プ★","九州工場","九州工場","2026/10/07","2026/10/07","26-J0150876-002-771","IIP0000G","1.60","50.0","440.0","0.0","鉄 ﾌﾟﾚｰﾄ","","33","さび止め　2階分","2026/10/13","福山通運　九州発送","2026/10/13","","切断","森山","2026/10/13","製造"
"東芝電材　宮崎★","九州工場","九州工場","2026/10/07","2026/10/07","26-J0151214-001-771","DC0000N","1.60","600.0","300.0","330.0","Sﾀﾞｲﾏ ｶﾊﾞｰ","","1","ﾀﾞｲﾏ2.3t足付(φ8)x4","2026/10/13","福山通運　九州発送","2026/10/13","","曲げ","道上","2026/10/13","製造"
"東芝電材　宮崎★","九州工場","九州工場","2026/10/07","2026/10/07","26-J0151248-001-771","88801","1.50","400.0","400.0","400.0","その他・製","2.5Y9/1 近似色","1","SE4040XC","2026/10/13","福山通運　九州発送","2026/10/13","","未着手","","2026/10/07","製造"
"東芝電材　宮崎★","九州工場","九州工場","2026/10/07","2026/10/07","26-J0151248-002-771","88801","1.50","400.0","400.0","300.0","その他・製","2.5Y9/1 近似色","2","SE4030XC","2026/10/13","福山通運　九州発送","2026/10/13","","未着手","","2026/10/07","製造"
"シンセイ　広島第二★","九州工場","九州工場","2026/10/08","2026/10/08","26-J0151541-001-771","SP0000SN","1.50","500.0","200.0","150.0","SUS PBﾄｸ 平","","2","平蓋ｺﾞﾑﾊﾟｯｷﾝ付　 開口x2","2026/10/13","福山通運　九州発送","2026/10/13","","曲げ","道上","2026/10/13","製造"
"巴電業　広島★","九州工場","九州工場","2026/10/08","2026/10/08","26-J0151573-002-771","SIP0000N","1.50","190.0","110.0","0.0","SUS ﾌﾟﾚｰﾄ","","3","開口100x90 4-φ5","2026/10/13","福山通運　九州発送","2026/10/13","","切断","岩本","2026/10/13","製造"
"巴電業　広島★","九州工場","九州工場","2026/10/08","2026/10/08","26-J0151573-001-771","SP0000SNP","1.50","250.0","150.0","50.0","SUS PBﾄｸ 平","","2","ｺﾞﾑﾊﾟｯｷﾝ付 ﾌﾀ開口100x90 背面開口200x120","2026/10/13","福山通運　九州発送","2026/10/13","","切断","岩本","2026/10/13","製造"
"Q-mast　空調管グル－プ★","九州工場","九州工場","2026/10/08","2026/10/08","26-J0151683-001-771","ZG0000","0.00","200.0","355.0","0.0","ZN 架台","","2","L40x40x3 ﾄﾞﾌﾞﾒｯｷ鋼材  精錬棟 外部 室外機廻り 9","2026/10/09","ヤマックス　ｽﾎﾟｯﾄ便","2026/10/13","","切断","森山","2026/10/09","製造"
"興陽電機　福岡西★","九州工場","九州工場","2026/10/08","2026/10/08","26-J0151927-001-771","BE5020SG","1.60","500.0","500.0","200.0","国土 PB 平","","1","ｱｰｽ さび止め","2026/10/09","ヤマックス福岡","2026/10/13","","溶接","フイ","2026/10/09","製造"
"シンセイ　広島第一★","九州工場","九州工場","2026/10/08","2026/10/08","26-J0152402-001-771","SE0000XN","2.00","1,000.0","400.0","550.0","SUS PBﾄｸ 水切","","1","ｱｰｽ","2026/10/13","福山通運　九州発送","2026/10/13","","曲げ","ラム","2026/10/13","製造"
"宮地電機　今治","九州工場","九州工場","2026/10/08","2026/10/08","26-J0152426-001-771","SP0000SNP","1.50","400.0","150.0","150.0","SUS PBﾄｸ 平","","1","ｺﾞﾑﾊﾟｯｷﾝ付　","2026/10/13","福山通運　九州発送","2026/10/13","","切断","井上(隆)","2026/10/13","製造"
"ヤシマ電材","九州工場","九州工場","2026/10/08","2026/10/08","26-J0152518-001-771","SP5030XN","1.50","500.0","500.0","300.0","SUS PB 水切","","1","","2026/10/13","福山通運　九州発送","2026/10/13","","未着手","","2026/10/13","製造"
"西部産業　佐世保★","九州工場","九州工場","2026/10/08","2026/10/08","26-J0152564-001-771","SP0000WN","2.00","1,000.0","300.0","400.0","SUS PBﾄｸ 被せ","","1","","2026/10/13","佐川急便","2026/10/13","","曲げ","ラム","2026/10/13","製造"
"東芝電材　岡山★","九州工場","九州工場","2026/10/08","2026/10/08","26-J0152621-002-771","SE0000XN","1.50","550.0","270.0","400.0","SUS PBﾄｸ 水切","","1","ｱｰｽ","2026/10/13","福山通運　九州発送","2026/10/13","","未着手","","2026/10/13","製造"
"ナミデン　広島★","九州工場","九州工場","2026/10/08","2026/10/08","26-J0152627-001-771","DE0000WN","1.60","150.0","100.0","150.0","Sﾀﾞｲﾏ PBﾄｸ 被せ","","2","ｱｰｽ","2026/10/13","佐川急便","2026/10/13","","未着手","","2026/10/13","製造"
"ナミデン　広島★","九州工場","九州工場","2026/10/08","2026/10/08","26-J0152718-001-771","IG0000N","0.00","800.0","600.0","235.0","鉄 架台","","1","生地　L50x50x6t","2026/10/13","福山通運　九州発送","2026/10/13","","未着手","","2026/10/13","製造"
"シンセイ　福山★","九州工場","九州工場","2026/10/09","2026/10/09","26-J0152761-001-771","DP0000WN","1.60","500.0","400.0","500.0","Sﾀﾞｲﾏ PBﾄｸ 被せ","","2","","2026/10/13","福山通運　九州発送","2026/10/13","","未着手","","2026/10/13","製造"
"エスエヌデー★","九州工場","九州工場","2026/10/09","2026/10/09","26-J0152828-004-771","SP0000WN","1.50","600.0","300.0","250.0","SUS PBﾄｸ 被せ","","1","","2026/10/13","福山通運　九州発送","2026/10/13","","未着手","","2026/10/13","製造"
"ヤシマ電材 津山","九州工場","九州工場","2026/10/09","2026/10/09","26-J0152890-001-771","SE0000XN","1.50","400.0","200.0","300.0","SUS PBﾄｸ 水切","","1","ｱｰｽ","2026/10/13","福山通運　九州発送","2026/10/13","","未着手","","2026/10/13","製造"
"木村電機　本社★","九州工場","九州工場","2026/10/09","2026/10/09","26-J0152895-001-771","SP0000XN","1.50","600.0","400.0","350.0","SUS PBﾄｸ 水切","","1","","2026/10/13","佐川急便","2026/10/13","","未着手","","2026/10/13","製造"
"宮地電機　松山","九州工場","九州工場","2026/10/09","2026/10/09","26-J0152936-001-771","IP0000WG","1.60","400.0","400.0","150.0","鉄 PBﾄｸ 被せ","","1","さび止め","2026/10/13","福山通運　九州発送","2026/10/13","","未着手","","2026/10/13","製造"
"東芝電材　川内★","九州工場","九州工場","2026/10/09","2026/10/09","26-J0152945-002-771","DE6040WN","1.60","600.0","600.0","400.0","Sﾀﾞｲﾏ PB 被せ","","1","ｱｰｽ","2026/10/13","佐川急便","2026/10/13","","未着手","","2026/10/13","製造"
"東芝電材　川内★","九州工場","九州工場","2026/10/09","2026/10/09","26-J0152945-001-771","DE4030WN","1.60","400.0","400.0","300.0","Sﾀﾞｲﾏ PB 被せ","","1","ｱｰｽ","2026/10/13","佐川急便","2026/10/13","","未着手","","2026/10/13","製造"
"ｹｲ･ｴｽ･ﾃﾞｰ　熊本★","九州工場","九州工場","2026/10/09","2026/10/09","26-J0152989-001-771","SE0000WN","1.50","700.0","700.0","500.0","SUS PBﾄｸ 被せ","","2","ｱｰｽ","2026/10/13","福山通運　九州発送","2026/10/13","","未着手","","2026/10/13","製造"
"タイセイ　徳島","九州工場","九州工場","2026/09/15","2026/09/15","26-J0132654-001-771","IBG0000C","2.30","2,280.0","940.0","450.0","鉄 防球ガード 焼付","2.5Y9/1(近似色)","7","丸棒","2026/10/13","チャーター便","2026/10/14","","曲げ","道上","2026/10/07","製造"
"メイク機材　大分★","九州工場","九州工場","2026/09/17","2026/09/17","26-J0135957-001-771","IBG0000C","0.00","470.0","210.0","150.0","鉄 防球ガード 焼付","2.5Y9/1 近似色","10","","2026/10/14","佐川急便","2026/10/14","","曲げ","道上","2026/10/07","製造"
"ｹｲ･ｴｽ･ﾃﾞｰ　福岡★","九州工場","九州工場","2026/09/25","2026/09/25","26-J0140146-001-771","AD0000N","2.00","500.0","300.0","2,700.0","ｱﾙﾐ ﾀﾞｸﾄ","","1","ｱｰｽ 平蓋 点検扉付 ｹｰﾌﾞﾙ支持・ｾﾊﾟ2列付 塩ﾋﾞ板3.0t","2026/10/14","チャーター便","2026/10/14","","溶接","カイ","2026/10/14","製造"
"東芝電材　小倉★","九州工場","九州工場","2026/09/28","2026/09/28","26-J0140691-001-771","IC0000C","1.60","485.2","257.0","0.0","鉄 ｶﾊﾞｰ 焼付","5Y7/1 近似色","1","重耐塩塗装","2026/10/13","営業配達","2026/10/14","","仕上","三澄","2026/09/30","製造"
"ｹｲ･ｴｽ･ﾃﾞｰ　福岡★","九州工場","九州工場","2026/09/28","2026/09/28","26-J0141018-002-771","ZG0000","0.00","600.0","450.0","0.0","ZN 架台","","1","L-50x50x6t 穴加工","2026/10/14","チャーター便","2026/10/14","","溶接","ゴック","2026/10/05","製造"
"ｹｲ･ｴｽ･ﾃﾞｰ　福岡★","九州工場","九州工場","2026/09/28","2026/09/28","26-J0141018-004-771","ZG0000","0.00","4,030.0","550.0","0.0","ZN 架台","","1","[150x75x6.5tx10","2026/10/14","チャーター便","2026/10/14","","溶接","ズオン","2026/10/05","製造"
"ｹｲ･ｴｽ･ﾃﾞｰ　福岡★","九州工場","九州工場","2026/09/28","2026/09/28","26-J0141018-003-771","ZG0000","0.00","600.0","0.0","0.0","ZN 架台","","1","L-50x50x6t 穴加工　4-C10","2026/10/14","チャーター便","2026/10/14","","外注","奈木野","2026/10/05","製造"
"ｹｲ･ｴｽ･ﾃﾞｰ　福岡★","九州工場","九州工場","2026/09/28","2026/09/28","26-J0141018-005-771","ZCPL0000","4.50","572.0","396.0","0.0","ZN 縞鋼板","","1","落とし込み取手2ヵ所","2026/10/14","チャーター便","2026/10/14","","外注","恒川","2026/10/05","製造"
"ノーベル★","九州工場","九州工場","2026/09/28","2026/09/28","26-J0141894-003-771","BE0000SC","1.60","250.0","250.0","200.0","国土 PBﾄｸ 平 焼付","2.5Y9/1(近似色)","14","ｱｰｽ　封印ﾋﾞｽ付","2026/10/14","福山通運　九州発送","2026/10/14","","仕上","三澄","2026/10/08","製造"
"ノーベル★","九州工場","九州工場","2026/09/28","2026/09/28","26-J0141894-001-771","BE0000SC","1.60","400.0","400.0","200.0","国土 PBﾄｸ 平 焼付","2.5Y9/1(近似色)","4","ｱｰｽ 封印ﾋﾞｽ付","2026/10/13","福山通運　九州発送","2026/10/14","","塗装","山口","2026/10/07","製造"
"ノーベル★","九州工場","九州工場","2026/09/28","2026/09/28","26-J0141894-002-771","BE0000SC","1.60","300.0","300.0","200.0","国土 PBﾄｸ 平 焼付","2.5Y9/1(近似色)","8","ｱｰｽ 封印ﾋﾞｽ付","2026/10/13","福山通運　九州発送","2026/10/14","","塗装","山口","2026/10/07","製造"
"佐野電機工業","九州工場","九州工場","2026/09/29","2026/09/29","26-J0142373-013-771","ZE3030X2","2.30","300.0","300.0","300.0","ZN PB 水切","","4","HDT56 ｱｰｽ","2026/10/13","福山通運　九州発送","2026/10/14","","組立","金光","2026/10/05","製造"
"佐野電機工業","九州工場","九州工場","2026/09/29","2026/09/29","26-J0142373-008-771","ZE4030X2","2.30","400.0","400.0","300.0","ZN PB 水切","","1","HDZT56 ｱｰｽ","2026/10/14","福山通運　九州発送","2026/10/14","","外注","フイ","2026/10/06","製造"
"佐野電機工業","九州工場","九州工場","2026/09/29","2026/09/29","26-J0142373-009-771","ZE4040X2","2.30","400.0","400.0","400.0","ZN PB 水切","","1","HDZT56 ｱｰｽ","2026/10/14","福山通運　九州発送","2026/10/14","","外注","フイ","2026/10/06","製造"
"佐野電機工業","九州工場","九州工場","2026/09/29","2026/09/29","26-J0142373-007-771","ZE4040X2","2.30","400.0","400.0","400.0","ZN PB 水切","","1","HDZT56 ｱｰｽ","2026/10/14","福山通運　九州発送","2026/10/14","","外注","フイ","2026/10/06","製造"
"佐野電機工業","九州工場","九州工場","2026/09/29","2026/09/29","26-J0142373-012-771","ZE3030X2","2.30","300.0","300.0","300.0","ZN PB 水切","","5","HDZT56 ｱｰｽ","2026/10/13","福山通運　九州発送","2026/10/14","","組立","金光","2026/10/05","製造"
"ナミデン　広島★","九州工場","九州工場","2026/09/29","2026/09/29","26-J0142798-001-771","ZG0000","0.00","100.0","100.0","320.0","ZN 架台","","1","穴加工 H100x100x6x8","2026/10/14","佐川急便","2026/10/14","","外注","バン","2026/10/06","製造"
"ナミデン　広島★","九州工場","九州工場","2026/09/29","2026/09/29","26-J0142798-002-771","ZG0000","0.00","100.0","100.0","320.0","ZN 架台","","1","穴加工 H100x100x6x8","2026/10/14","佐川急便","2026/10/14","","外注","バン","2026/10/06","製造"
"ナミデン　広島★","九州工場","九州工場","2026/09/29","2026/09/29","26-J0142798-003-771","ZG0000","0.00","100.0","100.0","320.0","ZN 架台","","1","穴加工 H100x100x6x8","2026/10/14","佐川急便","2026/10/14","","外注","バン","2026/10/06","製造"
"ナミデン　広島★","九州工場","九州工場","2026/09/29","2026/09/29","26-J0142798-004-771","ZG0000","0.00","100.0","100.0","320.0","ZN 架台","","1","穴加工 H100x100x6x8","2026/10/14","佐川急便","2026/10/14","","外注","バン","2026/10/06","製造"
"ナミデン　広島★","九州工場","九州工場","2026/09/29","2026/09/29","26-J0142798-005-771","ZG0000","0.00","100.0","100.0","250.0","ZN 架台","","2","穴加工 H100x100x6x8","2026/10/14","佐川急便","2026/10/14","","外注","バン","2026/10/06","製造"
"ナミデン　広島★","九州工場","九州工場","2026/09/29","2026/09/29","26-J0142798-006-771","ZG0000","0.00","100.0","100.0","250.0","ZN 架台","","2","穴加工 H100x100x6x8","2026/10/14","佐川急便","2026/10/14","","外注","バン","2026/10/06","製造"
"丸井産業　沖縄★","九州工場","九州工場","2026/09/29","2026/09/29","26-J0142914-006-771","ZAI0000","4.00","950.0","50.0","50.0","ZN ｱﾝｸﾞﾙ","","1","L-50x50x4t 取付穴","2026/10/13","沖縄直送","2026/10/14","","外注","奈木野","2026/10/06","製造"
"丸井産業　沖縄★","九州工場","九州工場","2026/09/29","2026/09/29","26-J0142914-004-771","ZAI0000","4.00","850.0","50.0","50.0","ZN ｱﾝｸﾞﾙ","","3","L-50x50x4t 取付穴","2026/10/13","沖縄直送","2026/10/14","","外注","奈木野","2026/10/06","製造"
"丸井産業　沖縄★","九州工場","九州工場","2026/09/29","2026/09/29","26-J0142914-003-771","ZKW0000","2.30","700.0","200.0","240.0","ZN 貫通枠","","3","平蓋 C150x75x6t L-20x20x3t 取付穴","2026/10/13","沖縄直送","2026/10/14","","外注","バン","2026/10/06","製造"
"丸井産業　沖縄★","九州工場","九州工場","2026/09/29","2026/09/29","26-J0142914-002-771","ZAI0000","4.00","650.0","50.0","50.0","ZN ｱﾝｸﾞﾙ","","1","L-50x50x4t 取付穴","2026/10/13","沖縄直送","2026/10/14","","外注","奈木野","2026/10/06","製造"
"丸井産業　沖縄★","九州工場","九州工場","2026/09/29","2026/09/29","26-J0142914-001-771","ZKW0000","2.30","500.0","200.0","240.0","ZN 貫通枠","","1","平蓋 C150x75x6t L-20x20x3t 取付穴","2026/10/13","沖縄直送","2026/10/14","","外注","バン","2026/10/06","製造"
"丸井産業　沖縄★","九州工場","九州工場","2026/09/29","2026/09/29","26-J0142914-005-771","ZKW0000","2.30","800.0","200.0","240.0","ZN 貫通枠","","1","平蓋 C150x75x6t L-20x20x3t 取付穴","2026/10/13","沖縄直送","2026/10/14","","外注","バン","2026/10/06","製造"
"三共電気　朝倉★","九州工場","九州工場","2026/09/30","2026/09/30","26-J0144550-002-771","IG0000C","0.00","900.0","285.0","920.0","鉄 架台 焼付","2.5Y9/1 近似色","1","L50x50x6t 上部4-φ12　下部4-φ12","2026/10/14","佐川急便","2026/10/14","","溶接","クイ","2026/10/08","製造"
"カンサイ　福岡西★","九州工場","九州工場","2026/10/01","2026/10/01","26-J0145630-002-771","IC0000C","1.60","230.0","230.0","10.0","鉄 ｶﾊﾞｰ 焼付","N9.5 近似色","11","SPHC-1.6t　φ110","2026/10/13","ヤマックス福岡","2026/10/14","","塗装","柴﨑","2026/10/07","製造"
"カンサイ　福岡西★","九州工場","九州工場","2026/10/01","2026/10/01","26-J0145630-001-771","IC0000C","1.60","230.0","230.0","10.0","鉄 ｶﾊﾞｰ 焼付","N9.5 近似色","2","SPHC-1.6t　","2026/10/13","ヤマックス福岡","2026/10/14","","塗装","柴﨑","2026/10/07","製造"
"カンサイ　福岡西★","九州工場","九州工場","2026/10/01","2026/10/01","26-J0145630-003-771","IC0000C","1.60","230.0","230.0","10.0","鉄 ｶﾊﾞｰ 焼付","N9.5 近似色","4","SPHC-1.6t　放音用穴加工　4-金物溶接","2026/10/13","ヤマックス福岡","2026/10/14","","塗装","柴﨑","2026/10/07","製造"
"興陽電機　下関★","九州工場","九州工場","2026/10/02","2026/10/02","26-J0146419-001-771","ZE0000X","2.30","200.0","200.0","150.0","ZN PBﾄｸ 水切","","2","ｱｰｽ  脱落防止化粧ﾋﾞｽ","2026/10/14","福山通運　九州発送","2026/10/14","","溶接","フイ","2026/10/06","製造"
"興陽電機　下関★","九州工場","九州工場","2026/10/02","2026/10/02","26-J0146419-002-771","ZE0000X","2.30","200.0","200.0","200.0","ZN PBﾄｸ 水切","","1","ｱｰｽ  脱落防止化粧ﾋﾞｽ","2026/10/14","福山通運　九州発送","2026/10/14","","溶接","フイ","2026/10/06","製造"
"正二電気　岡山本社","九州工場","九州工場","2026/10/02","2026/10/02","26-J0147110-001-771","ICPL0000G","3.20","1,200.0","514.4","15.0","鉄 縞鋼板","","13","さび止め ｺﾞﾑﾊﾟｯｷﾝ付","2026/10/14","福山通運　九州発送","2026/10/14","","切断","林(浩)","2026/10/13","製造"
"宮地電機　西讃","九州工場","九州工場","2026/10/05","2026/10/05","26-J0147174-001-771","IG0000C","3.20","1,009.0","300.0","200.0","鉄 架台 焼付","N-87(近似色)","1","ﾍﾞｰｽt9.0 金物･平蓋付","2026/10/14","福山通運　九州発送","2026/10/14","","溶接","恒川","2026/10/08","製造"
"東芝電材　熊本★","九州工場","九州工場","2026/10/05","2026/10/05","26-J0147251-002-771","ZE1515X2","2.30","150.0","150.0","150.0","ZN PB 水切","","1","ｱｰｽ","2026/10/14","佐川急便","2026/10/14","","外注","フイ","2026/10/06","製造"
"東芝電材　熊本★","九州工場","九州工場","2026/10/05","2026/10/05","26-J0147251-001-771","ZE2515X2","2.30","250.0","250.0","150.0","ZN PB 水切","","3","ｱｰｽ","2026/10/14","佐川急便","2026/10/14","","溶接","フイ","2026/10/06","製造"
"平和テクノ　周南★","九州工場","九州工場","2026/10/05","2026/10/05","26-J0147759-002-771","ZP1510X2","2.30","150.0","150.0","100.0","ZN PB 水切","","1","座無しｼｰﾙ付","2026/10/14","佐川急便","2026/10/14","","外注","フイ","2026/10/06","製造"
"平和テクノ　周南★","九州工場","九州工場","2026/10/05","2026/10/05","26-J0147759-001-771","ZP1515X2","2.30","150.0","150.0","150.0","ZN PB 水切","","1","座無しｼｰﾙ付","2026/10/14","佐川急便","2026/10/14","","外注","フイ","2026/10/06","製造"
"カンサイ　小倉★","九州工場","九州工場","2026/10/05","2026/10/05","26-J0148179-001-771","SE0000XN","2.00","1,000.0","600.0","1,000.0","SUS PBﾄｸ 水切","","1","ｱｰｽ  3-ｹｰﾌﾞﾙ支持材付き　","2026/10/13","北九州配達","2026/10/14","","曲げ","ラム","2026/10/13","製造"
"カンサイ　小倉★","九州工場","九州工場","2026/10/05","2026/10/05","26-J0148179-002-771","SE0000XN","2.00","1,000.0","1,000.0","1,000.0","SUS PBﾄｸ 水切","","1","ｱｰｽ  2-ｹｰﾌﾞﾙ支持材付き　","2026/10/13","北九州配達","2026/10/14","","曲げ","ラム","2026/10/13","製造"
"正和電材　佐世保★","九州工場","九州工場","2026/10/05","2026/10/05","26-J0148370-001-771","BE0000SG","2.30","1,000.0","800.0","400.0","国土 PBﾄｸ 平","","1","ｱｰｽ さび止め　蓋分割　口元アングル補強L-30X30X3t","2026/10/13","福山通運　九州発送","2026/10/14","","曲げ","道上","2026/10/13","製造"
"大洋電材　本社★","九州工場","九州工場","2026/10/06","2026/10/06","26-J0148667-001-771","SE1515XC","1.50","150.0","150.0","150.0","SUS PB 水切 焼付","2.5Y9/1 近似色","1","ｱｰｽ","2026/10/13","北九州配達","2026/10/14","","塗装","山口","2026/10/07","製造"
"興陽電機　福岡★","九州工場","九州工場","2026/10/06","2026/10/06","26-J0148674-001-771","SE5040XC","1.50","500.0","500.0","400.0","SUS PB 水切 焼付","2.5Y9/1 近似色","1","ｱｰｽ","2026/10/13","ヤマックス福岡","2026/10/14","","塗装","山口","2026/10/07","製造"
"シンセイ　福山★","九州工場","九州工場","2026/10/06","2026/10/06","26-J0148721-001-771","BE0000SC","1.60","250.0","250.0","150.0","国土 PBﾄｸ 平 焼付","2.5Y9/1 近似色","10","ｱｰｽ 封印ビス付(対角２箇所)","2026/10/14","福山通運　九州発送","2026/10/14","","仕上","山口","2026/10/08","製造"
"かごしま電工　奄美★","九州工場","九州工場","2026/10/06","2026/10/06","26-J0148816-001-771","SE1515XCW","1.50","150.0","150.0","150.0","SUS PB 水切 焼付","5Y7/1 近似色","4","ｱｰｽ 内ﾜﾆｽ","2026/10/14","佐川急便","2026/10/14","","仕上","三澄","2026/10/07","製造"
"興陽電機　岩国★","九州工場","九州工場","2026/10/06","2026/10/06","26-J0148840-001-771","II0000C","1.60","160.0","160.0","0.0","鉄 切板 焼付","N-93 近似色","19","吊穴不可","2026/10/14","福山通運　九州発送","2026/10/14","","塗装","柴﨑","2026/10/07","製造"
"かごしま電工　南★","九州工場","九州工場","2026/10/06","2026/10/06","26-J0148998-001-771","SE1510XCW","1.50","150.0","150.0","100.0","SUS PB 水切 焼付","2.5Y9/1 近似色","1","ｱｰｽ 内ﾜﾆｽ","2026/10/14","佐川急便","2026/10/14","","塗装","林(秀)","2026/10/07","製造"
"三親電材　水島★","九州工場","九州工場","2026/10/06","2026/10/06","26-J0149030-001-771","IIP0000C","6.00","360.0","40.0","0.0","鉄 ﾌﾟﾚｰﾄ 焼付","5Y7/1(近似色)","2","穴加工ｱﾘ","2026/10/14","福山通運　九州発送","2026/10/14","","切断","森山","2026/10/08","製造"
"三親電材　水島★","九州工場","九州工場","2026/10/06","2026/10/06","26-J0149030-002-771","IIP0000C","6.00","885.0","50.0","0.0","鉄 ﾌﾟﾚｰﾄ 焼付","5Y7/1(近似色)","1","穴加工ｱﾘ","2026/10/14","福山通運　九州発送","2026/10/14","","切断","森山","2026/10/08","製造"
"東芝電材　熊本★","九州工場","九州工場","2026/10/06","2026/10/06","26-J0149627-002-771","SE1515XC","1.50","150.0","150.0","150.0","SUS PB 水切 焼付","2.5Y9/1 近似色","2","ｱｰｽ","2026/10/14","佐川急便","2026/10/14","","仕上","山口","2026/10/08","製造"
"東芝電材　熊本★","九州工場","九州工場","2026/10/06","2026/10/06","26-J0149627-001-771","SE5030XC","1.50","500.0","500.0","300.0","SUS PB 水切 焼付","2.5Y9/1 近似色","2","ｱｰｽ","2026/10/14","佐川急便","2026/10/14","","仕上","山口","2026/10/08","製造"
"宮地電機　松山","九州工場","九州工場","2026/10/06","2026/10/06","26-J0149653-001-771","IP0000SC","1.60","600.0","600.0","540.0","鉄 PBﾄｸ 平 焼付","日東5Y7/1(近似色)","1","","2026/10/14","福山通運　九州発送","2026/10/14","","仕上","山口","2026/10/08","製造"
"山陰ﾊﾟﾅｿﾆｯｸ　浜田★","九州工場","九州工場","2026/10/06","2026/10/06","26-J0149894-001-771","IKM0000G","0.00","150.0","50.0","0.0","鉄 金物","","1","さび止め SGP90A PLt3.2","2026/10/14","福山通運　九州発送","2026/10/14","","切断","森山","2026/10/13","製造"
"ナミデン　福岡★","九州工場","九州工場","2026/10/06","2026/10/06","26-J0150081-001-771","IKM0000G","0.00","1,130.0","1,320.0","300.0","鉄 金物","","1","L65x65x6 さび止め  2Fﾃﾞｨｽﾌﾟﾚｲ NE-A","2026/10/13","ヤマックス　ｽﾎﾟｯﾄ便","2026/10/14","","溶接","ズオン","2026/10/13","製造"
"ナミデン　福岡★","九州工場","九州工場","2026/10/06","2026/10/06","26-J0150081-002-771","IKM0000G","0.00","2,330.0","1,320.0","300.0","鉄 金物","","2","L65x65x6 さび止め  2Fﾃﾞｨｽﾌﾟﾚｲ NE-C","2026/10/13","ヤマックス　ｽﾎﾟｯﾄ便","2026/10/14","","溶接","ズオン","2026/10/13","製造"
"ナミデン　福岡★","九州工場","九州工場","2026/10/06","2026/10/06","26-J0150081-003-771","IKM0000G","0.00","2,630.0","1,320.0","300.0","鉄 金物","","1","L65x65x6 さび止め  2Fﾃﾞｨｽﾌﾟﾚｲ NE-B","2026/10/13","ヤマックス　ｽﾎﾟｯﾄ便","2026/10/14","","溶接","ズオン","2026/10/13","製造"
"ナミデン　福岡★","九州工場","九州工場","2026/10/06","2026/10/06","26-J0150081-004-771","ITG0000G","0.00","400.0","1,860.0","0.0","鉄 耐震架台","","1","L90x90x7 さび止め 縦材R.L ｶﾞｾｯﾄ ｹｰﾌﾞﾙﾗｯｸ耐震架台","2026/10/13","ヤマックス　ｽﾎﾟｯﾄ便","2026/10/14","","切断","森山","2026/10/13","製造"
"富士商会　佐賀★","九州工場","九州工場","2026/10/06","2026/10/06","26-J0150097-001-771","IMK0000C","1.60","35.0","50.0","2,695.0","鉄 曲金物 焼付","2.5Y9/1 近似色","1","コ型 塗装用吊穴","2026/10/14","福山通運　九州発送","2026/10/14","","曲げ","道上","2026/10/08","製造"
"木村電機　本社★","九州工場","九州工場","2026/10/07","2026/10/07","26-J0150575-001-771","SE2010XC","1.50","200.0","200.0","100.0","SUS PB 水切 焼付","N9.5 近似色","1","ｱｰｽ","2026/10/14","佐川急便","2026/10/14","","塗装","柴﨑","","加工"
"かごしま電工　南★","九州工場","九州工場","2026/10/07","2026/10/07","26-J0150620-001-771","SP1510XC","1.50","150.0","150.0","100.0","SUS PB 水切 焼付","2.5Y9/1 近似色","4","","2026/10/14","佐川急便","2026/10/14","","仕上","三澄","2026/10/08","製造"
"かごしま電工　南★","九州工場","九州工場","2026/10/07","2026/10/07","26-J0150620-003-771","SE3025XC","1.50","300.0","300.0","250.0","SUS PB 水切 焼付","2.5Y9/1 近似色","1","ｱｰｽ","2026/10/14","佐川急便","2026/10/14","","仕上","三澄","2026/10/08","製造"
"かごしま電工　南★","九州工場","九州工場","2026/10/07","2026/10/07","26-J0150620-002-771","SP2010XC","1.50","200.0","200.0","100.0","SUS PB 水切 焼付","2.5Y9/1 近似色","1","","2026/10/14","佐川急便","2026/10/14","","仕上","三澄","2026/10/08","製造"
"日新電気興業★","九州工場","九州工場","2026/10/07","2026/10/07","26-J0151011-001-771","SE0000XC","1.50","400.0","300.0","300.0","SUS PBﾄｸ 水切 焼付","5Y7/1(近似色)","1","側面ｱｰｽ 蓋2分割･ｾﾊﾟﾚｰﾀ･穴加工ｱﾘ","2026/10/14","福山通運　九州発送","2026/10/14","","溶接","ロン","2026/10/09","製造"
"日新電気興業★","九州工場","九州工場","2026/10/07","2026/10/07","26-J0151011-002-771","SE3020XC","1.50","300.0","300.0","200.0","SUS PB 水切 焼付","5Y7/1(近似色)","1","ｱｰｽ","2026/10/14","福山通運　九州発送","2026/10/14","","塗装","林(秀)","2026/10/09","製造"
"中国機材設備　本社★","九州工場","九州工場","2026/10/07","2026/10/07","26-J0151088-001-771","SE1515XC","1.50","150.0","150.0","150.0","SUS PB 水切 焼付","2.5Y9/1 近似色","2","ｱｰｽ","2026/10/14","佐川急便","2026/10/14","","仕上","山口","2026/10/08","製造"
"かごしま電工　鹿屋★","九州工場","九州工場","2026/10/07","2026/10/07","26-J0151092-001-771","DIP0000N","1.60","620.0","400.0","0.0","Sﾀﾞｲﾏ ﾌﾟﾚｰﾄ","","1","2分割　穴加工","2026/10/14","佐川急便","2026/10/14","","切断","岩本","2026/10/14","製造"
"かごしま電工　鹿屋★","九州工場","九州工場","2026/10/07","2026/10/07","26-J0151092-002-771","DIP0000N","1.60","670.0","340.0","0.0","Sﾀﾞｲﾏ ﾌﾟﾚｰﾄ","","1","2分割　穴加工","2026/10/14","佐川急便","2026/10/14","","切断","岩本","2026/10/14","製造"
"かごしま電工　南★","九州工場","九州工場","2026/10/07","2026/10/07","26-J0151258-001-771","BE3020SGW","1.60","300.0","300.0","200.0","国土 PB 平","","3","ｱｰｽ さび止め 内ﾜﾆｽ","2026/10/14","佐川急便","2026/10/14","","溶接","フイ","2026/10/09","製造"
"かごしま電工　南★","九州工場","九州工場","2026/10/07","2026/10/07","26-J0151258-003-771","BE2020SGW","1.60","200.0","200.0","200.0","国土 PB 平","","1","ｱｰｽ さび止め 内ﾜﾆｽ","2026/10/14","佐川急便","2026/10/14","","溶接","フイ","2026/10/09","製造"
"かごしま電工　南★","九州工場","九州工場","2026/10/07","2026/10/07","26-J0151258-002-771","BE0000SGW","1.60","400.0","400.0","250.0","国土 PBﾄｸ 平","","2","ｱｰｽ さび止め 内ﾜﾆｽ","2026/10/14","佐川急便","2026/10/14","","溶接","フイ","2026/10/09","製造"
"ナミデン　福岡★","九州工場","九州工場","2026/10/07","2026/10/07","26-J0151374-002-771","DC0000N","1.60","300.0","363.0","940.0","Sﾀﾞｲﾏ ｶﾊﾞｰ","","1","ﾌｰﾄﾞｶﾊﾞｰ","2026/10/13","ヤマックス　ｽﾎﾟｯﾄ便","2026/10/14","","曲げ","道上","2026/10/13","製造"
"ナミデン　福岡★","九州工場","九州工場","2026/10/07","2026/10/07","26-J0151374-001-771","DC0000N","1.60","380.0","363.0","940.0","Sﾀﾞｲﾏ ｶﾊﾞｰ","","1","ﾌｰﾄﾞｶﾊﾞｰ","2026/10/13","ヤマックス　ｽﾎﾟｯﾄ便","2026/10/14","","曲げ","道上","2026/10/13","製造"
"ナミデン　福岡★","九州工場","九州工場","2026/10/07","2026/10/07","26-J0151374-003-771","DC0000N","1.60","380.0","363.0","940.0","Sﾀﾞｲﾏ ｶﾊﾞｰ","","1","ﾌｰﾄﾞｶﾊﾞｰ","2026/10/13","ヤマックス　ｽﾎﾟｯﾄ便","2026/10/14","","曲げ","道上","2026/10/13","製造"
"かごしま電工　鹿屋★","九州工場","九州工場","2026/10/08","2026/10/08","26-J0151708-001-771","DMK0000N","1.60","120.0","65.0","1,030.0","Sﾀﾞｲﾏ 曲金物","","1","5-φ7","2026/10/14","佐川急便","2026/10/14","","切断","岩本","2026/10/14","製造"
"かごしま電工　鹿屋★","九州工場","九州工場","2026/10/08","2026/10/08","26-J0151708-003-771","DMK0000N","1.60","140.0","65.0","1,030.0","Sﾀﾞｲﾏ 曲金物","","1","5-φ7","2026/10/14","佐川急便","2026/10/14","","切断","岩本","2026/10/14","製造"
"かごしま電工　鹿屋★","九州工場","九州工場","2026/10/08","2026/10/08","26-J0151708-002-771","DMK0000N","1.60","120.0","65.0","1,540.0","Sﾀﾞｲﾏ 曲金物","","1","6-φ7","2026/10/14","佐川急便","2026/10/14","","CAD/CAM","熊谷","2026/10/14","製造"
"かごしま電工　鹿屋★","九州工場","九州工場","2026/10/08","2026/10/08","26-J0151708-004-771","DMK0000N","1.60","140.0","65.0","1,540.0","Sﾀﾞｲﾏ 曲金物","","1","6-φ7","2026/10/14","佐川急便","2026/10/14","","切断","岩本","2026/10/14","製造"
"三親電材　水島★","九州工場","九州工場","2026/10/08","2026/10/08","26-J0152086-001-771","II0000C","1.60","480.0","245.0","0.0","鉄 切板 焼付","5Y7/1(近似色)","1","吊穴ナシ","2026/10/14","福山通運　九州発送","2026/10/14","","切断","森山","2026/10/09","製造"
"三和電気商会★","九州工場","九州工場","2026/10/08","2026/10/08","26-J0152189-001-771","IP0000SG","2.30","1,100.0","400.0","150.0","鉄 PBﾄｸ 平","","1","さび止め 14点ﾋﾞｽ指定","2026/10/14","福山通運　九州発送","2026/10/14","","曲げ","道上","2026/10/13","製造"
"ナミデン　福岡★","九州工場","九州工場","2026/10/08","2026/10/08","26-J0152246-001-771","DP4040WN","1.60","400.0","400.0","400.0","Sﾀﾞｲﾏ PB 被せ","","1","","2026/10/13","ヤマックス福岡","2026/10/14","","曲げ","ラム","2026/10/13","製造"
"シンセイ　広島第一★","九州工場","九州工場","2026/10/08","2026/10/08","26-J0152404-001-771","SE0000XN","2.00","800.0","700.0","550.0","SUS PBﾄｸ 水切","","1","ｱｰｽ","2026/10/14","福山通運　九州発送","2026/10/14","","切断","岩本","2026/10/14","製造"
"三和電気商会★","九州工場","九州工場","2026/10/08","2026/10/08","26-J0152634-001-771","SE0000XN","1.50","400.0","350.0","250.0","SUS PBﾄｸ 水切","","1","ｱｰｽ 開口･穴加工ｱﾘ","2026/10/14","福山通運　九州発送","2026/10/14","","切断","岩本","2026/10/14","製造"
"かごしま電工　南★","九州工場","九州工場","2026/10/09","2026/10/09","26-J0152974-001-771","BP2010SGW","1.60","200.0","200.0","100.0","国土 PB 平","","3","ｱｰｽ無 さび止め 内ﾜﾆｽ","2026/10/14","佐川急便","2026/10/14","","未着手","","2026/10/13","製造"
"かごしま電工　南★","九州工場","九州工場","2026/10/09","2026/10/09","26-J0152974-002-771","BP3030SGW","1.60","300.0","300.0","300.0","国土 PB 平","","1","ｱｰｽ無 さび止め 内ﾜﾆｽ","2026/10/14","佐川急便","2026/10/14","","未着手","","2026/10/13","製造"
"かごしま電工　南★","九州工場","九州工場","2026/10/09","2026/10/09","26-J0152974-003-771","BP5020SGW","1.60","500.0","500.0","200.0","国土 PB 平","","1","ｱｰｽ無 さび止め 内ﾜﾆｽ","2026/10/14","佐川急便","2026/10/14","","未着手","","2026/10/13","製造"
"日本電設資材　福岡★","九州工場","九州工場","2026/08/06","2026/08/06","26-J0104501-001-771","ZIP0000","6.00","180.0","40.0","0.0","ZN ﾌﾟﾚｰﾄ","","222","穴加工  西側 A","2026/10/14","ヤマックス　ｽﾎﾟｯﾄ便","2026/10/15","","未着手","","2026/08/17","製造"
"日本電設資材　福岡★","九州工場","九州工場","2026/08/06","2026/08/06","26-J0104501-002-771","ZIP0000","6.00","220.0","240.0","0.0","ZN ﾌﾟﾚｰﾄ","","18","穴加工　西側 B","2026/10/14","ヤマックス　ｽﾎﾟｯﾄ便","2026/10/15","","未着手","","2026/08/17","製造"
"日本電設資材　福岡★","九州工場","九州工場","2026/09/24","2026/09/24","26-J0139142-002-771","IG0000G","0.00","215.0","210.0","1,100.0","鉄 架台","","1","さび止め [150×75×6.5t　L65×65×6t QR70用(EPS3)","2026/10/14","ヤマックス福岡","2026/10/15","","切断","奈木野","2026/10/08","製造"
"日本電設資材　福岡★","九州工場","九州工場","2026/09/24","2026/09/24","26-J0139142-004-771","IG0000G","0.00","215.0","210.0","900.0","鉄 架台","","1","さび止め [150x75x6.5t L65x65x6t QR50用(EPS4)","2026/10/14","ヤマックス福岡","2026/10/15","","切断","奈木野","2026/10/08","製造"
"日本電設資材　福岡★","九州工場","九州工場","2026/09/24","2026/09/24","26-J0139142-001-771","IG0000G","0.00","215.0","210.0","1,100.0","鉄 架台","","1","さび止め [150×75×6.5t　L65×65×6t QR70用(EPS1)","2026/10/14","ヤマックス福岡","2026/10/15","","切断","奈木野","2026/10/08","製造"
"日本電設資材　福岡★","九州工場","九州工場","2026/09/24","2026/09/24","26-J0139142-003-771","IG0000G","0.00","215.0","210.0","900.0","鉄 架台","","1","さび止め [150x75x6.5t L65x65x6t QR50用(EPS2)","2026/10/14","ヤマックス福岡","2026/10/15","","切断","奈木野","2026/10/08","製造"
"日本電設資材　福岡★","九州工場","九州工場","2026/09/24","2026/09/24","26-J0139144-004-771","IMK0000G","4.50","900.0","100.0","40.0","鉄 曲金物","","1","さび止め　穴加工　EPS4","2026/10/14","ヤマックス福岡","2026/10/15","","曲げ","道上","2026/10/08","製造"
"日本電設資材　福岡★","九州工場","九州工場","2026/09/24","2026/09/24","26-J0139144-002-771","IMK0000G","4.50","900.0","100.0","40.0","鉄 曲金物","","1","さび止め　穴加工　EPS2","2026/10/14","ヤマックス福岡","2026/10/15","","曲げ","道上","2026/10/08","製造"
"日本電設資材　福岡★","九州工場","九州工場","2026/09/24","2026/09/24","26-J0139144-003-771","IMK0000G","4.50","1,100.0","100.0","40.0","鉄 曲金物","","1","さび止め　穴加工　EPS3","2026/10/14","ヤマックス福岡","2026/10/15","","曲げ","道上","2026/10/08","製造"
"日本電設資材　福岡★","九州工場","九州工場","2026/09/24","2026/09/24","26-J0139144-001-771","IMK0000G","4.50","1,100.0","100.0","40.0","鉄 曲金物","","1","さび止め　穴加工　EPS1","2026/10/14","ヤマックス福岡","2026/10/15","","曲げ","道上","2026/10/08","製造"
"佐野電機工業","九州工場","九州工場","2026/09/29","2026/09/29","26-J0142394-010-771","ZE5030X2","2.30","500.0","500.0","300.0","ZN PB 水切","","2","HDZT56 ｱｰｽ","2026/10/14","福山通運　九州発送","2026/10/15","","溶接","フイ","2026/10/06","製造"
"佐野電機工業","九州工場","九州工場","2026/09/29","2026/09/29","26-J0142394-003-771","ZE6040X3","3.20","600.0","600.0","400.0","ZN PB 水切","","1","◆空冷 HDZT63 ｱｰｽ","2026/10/15","福山通運　九州発送","2026/10/15","","溶接","フイ","2026/10/06","製造"
"平和テクノ　下関★","九州工場","九州工場","2026/09/29","2026/09/29","26-J0143005-001-771","ZG0000","0.00","900.0","1,100.0","650.0","ZN 架台","","3","トラスコキャスター付","2026/10/14","店頭渡し","2026/10/15","","外注","平澤","2026/10/02","製造"
"正和電材　佐世保★","九州工場","九州工場","2026/09/30","2026/09/30","26-J0143924-005-771","BE1510SC","1.60","150.0","150.0","100.0","国土 PB 平 焼付","5Y9/1.5近似色","2","ｱｰｽ","2026/10/14","佐川急便","2026/10/15","","未着手","","","加工"
"正和電材　佐世保★","九州工場","九州工場","2026/09/30","2026/09/30","26-J0143924-001-771","ZE0000XC","2.30","150.0","150.0","100.0","ZN PBﾄｸ 水切 焼付","N8.5 近似色","1","HDZT-56 ｱｰｽ 足L30x3t 取付穴 水抜穴 G22溶接","2026/10/15","佐川急便","2026/10/15","","組立","金光","2026/10/02","製造"
"東芝電材　唐津★","九州工場","九州工場","2026/10/01","2026/10/01","26-J0144568-001-771","DD0000N","2.30","860.0","660.0","2,550.0","Sﾀﾞｲﾏ ﾀﾞｸﾄ","","1","開口穴　平蓋2分割　ケーブル支持","2026/10/14","ヤマックス　ｽﾎﾟｯﾄ便","2026/10/15","","切断","バック","2026/10/13","製造"
"アサヒ　南部","九州工場","九州工場","2026/10/01","2026/10/01","26-J0144575-001-771","SDC0000C","1.50","600.0","160.0","945.0","SUS ﾀﾞｸﾄｶﾊﾞｰ 焼付","25-70B (5Y7/1)","1","平蓋ｺﾞﾑP 取付穴 ﾌﾞﾗﾝｸ","2026/10/09","イトカツ","2026/10/15","2026/10/09","塗装","柴﨑","2026/10/06","製造"
"アサヒ　南部","九州工場","九州工場","2026/10/01","2026/10/01","26-J0144575-002-771","SDC0000C","1.50","1,000.0","250.0","755.0","SUS ﾀﾞｸﾄｶﾊﾞｰ 焼付","25-70B (5Y7/1)","1","平蓋ｺﾞﾑP 取付穴 ﾌﾞﾗﾝｸ","2026/10/09","イトカツ","2026/10/15","2026/10/09","塗装","柴﨑","2026/10/06","製造"
"Q-mast　南九州★","九州工場","九州工場","2026/10/01","2026/10/01","26-J0144925-001-771","ZDC0000","3.20","550.0","550.0","4,435.0","ZN ﾀﾞｸﾄｶﾊﾞｰ","","1","/250","2026/10/14","福山通運　九州発送","2026/10/15","","外注","カイ","2026/10/06","製造"
"Q-mast　南九州★","九州工場","九州工場","2026/10/01","2026/10/01","26-J0144925-002-771","ZDC0000","3.20","500.0","550.0","3,430.0","ZN ﾀﾞｸﾄｶﾊﾞｰ","","1","/250","2026/10/15","福山通運　九州発送","2026/10/15","","外注","カイ","2026/10/07","製造"
"小林電工　広島★","九州工場","九州工場","2026/10/01","2026/10/01","26-J0145061-001-771","ZST0000","0.00","1,300.0","0.0","0.0","ZN ｽﾀﾝｼｮﾝ","","3","SGP-50A ベース6.0t 250X250　リブ4.5t","2026/10/15","福山通運　九州発送","2026/10/15","","溶接","クイ","2026/10/07","製造"
"三親電材　米子★","九州工場","九州工場","2026/10/02","2026/10/02","26-J0145961-001-771","ZE0000XA","2.30","300.0","300.0","200.0","ZN PBﾄｸ 水切","","2","HDZT56 ｱｰｽ 足付L5x40Φ12 ｶｯﾌﾟﾘﾝｸﾞ付 穴加工ｱﾘ","2026/10/15","福山通運　九州発送","2026/10/15","","外注","フイ","2026/10/06","製造"
"佐野電機工業","九州工場","九州工場","2026/10/02","2026/10/02","26-J0146548-001-771","ZE0000X","2.30","400.0","300.0","200.0","ZN PBﾄｸ 水切","","1","HDZT56 ｱｰｽ","2026/10/15","福山通運　九州発送","2026/10/15","","外注","バン","2026/10/07","製造"
"佐野電機工業","九州工場","九州工場","2026/10/02","2026/10/02","26-J0146548-002-771","ZE3030X2","2.30","300.0","300.0","300.0","ZN PB 水切","","1","HDZT56 ｱｰｽ","2026/10/15","福山通運　九州発送","2026/10/15","","外注","バン","2026/10/07","製造"
"富士電機E＆C★","九州工場","九州工場","2026/10/05","2026/10/05","26-J0147307-001-771","ZE3020X2","2.30","300.0","300.0","200.0","ZN PB 水切","","1","ｱｰｽ","2026/10/15","福山通運　九州発送","2026/10/15","","溶接","フイ","2026/10/06","製造"
"興陽電機　小倉★","九州工場","九州工場","2026/10/05","2026/10/05","26-J0147581-003-771","SD0000C","2.00","950.0","600.0","400.0","SUS ﾀﾞｸﾄ 焼付","N-75 近似色","1","ｱｰｽ　水切り　","2026/10/14","北九州配達","2026/10/15","","溶接","恒川","2026/10/08","製造"
"梶電機工業★","九州工場","九州工場","2026/10/05","2026/10/05","26-J0147939-001-771","ZE2015X2","2.30","200.0","200.0","150.0","ZN PB 水切","","1","ｱｰｽ　HDZT56","2026/10/15","福山通運　九州発送","2026/10/15","","外注","バン","2026/10/08","製造"
"タツミ電材　佐賀本社★","九州工場","九州工場","2026/10/05","2026/10/05","26-J0148098-002-771","ZG0000","5.00","545.0","200.0","475.0","ZN 架台","","1","HDZT-63  L5x40 φ15x8","2026/10/15","佐川急便","2026/10/15","","溶接","ゴック","2026/10/07","製造"
"宮地電機　徳島","九州工場","九州工場","2026/10/05","2026/10/05","26-J0148123-002-771","ZE3030X2","2.30","300.0","300.0","300.0","ZN PB 水切","","1","HDZT56 ｱｰｽ","2026/10/15","福山通運　九州発送","2026/10/15","","外注","バン","2026/10/07","製造"
"宮地電機　徳島","九州工場","九州工場","2026/10/05","2026/10/05","26-J0148123-001-771","ZE5050X2","2.30","500.0","500.0","500.0","ZN PB 水切","","1","HDZT56 ｱｰｽ","2026/10/15","福山通運　九州発送","2026/10/15","","外注","バン","2026/10/07","製造"
"正和電材　佐世保★","九州工場","九州工場","2026/10/05","2026/10/05","26-J0148279-003-771","ZE2010X2","2.30","200.0","200.0","100.0","ZN PB 水切","","2","HDZT49 ｱｰｽ","2026/10/15","佐川急便","2026/10/15","","外注","テイン","2026/10/07","製造"
"正和電材　佐世保★","九州工場","九州工場","2026/10/05","2026/10/05","26-J0148279-002-771","ZE3020X2","2.30","300.0","300.0","200.0","ZN PB 水切","","2","HDZT49 ｱｰｽ","2026/10/15","佐川急便","2026/10/15","","外注","テイン","2026/10/07","製造"
"正和電材　佐世保★","九州工場","九州工場","2026/10/05","2026/10/05","26-J0148279-001-771","ZE5020X2","2.30","500.0","500.0","200.0","ZN PB 水切","","2","HDZT49 ｱｰｽ","2026/10/15","佐川急便","2026/10/15","","外注","バン","2026/10/07","製造"
"正和電材　佐世保★","九州工場","九州工場","2026/10/05","2026/10/05","26-J0148429-001-771","IIP0000C","2.30","650.0","450.0","0.0","鉄 ﾌﾟﾚｰﾄ 焼付","5Y7/1 近似色","1","φ5x10 ｺｰﾅｰR加工","2026/10/14","佐川急便","2026/10/15","","切断","林(浩)","2026/10/08","製造"
"徳島電材★","九州工場","九州工場","2026/10/05","2026/10/05","26-J0148459-001-771","ZIP0000","3.20","450.0","300.0","0.0","ZN ﾌﾟﾚｰﾄ","","2","HDZT63 穴加工ｱﾘ","2026/10/15","福山通運　九州発送","2026/10/15","","外注","森山","2026/10/07","製造"
"広島電機器材","九州工場","九州工場","2026/10/05","2026/10/05","26-J0148543-001-771","ZE1515X2","2.30","150.0","150.0","150.0","ZN PB 水切","","1","ｱｰｽ","2026/10/15","福山通運　九州発送","2026/10/15","","外注","バン","2026/10/07","製造"
"シンセイ　福山★","九州工場","九州工場","2026/10/06","2026/10/06","26-J0148730-001-771","BE0000SC","1.60","250.0","250.0","150.0","国土 PBﾄｸ 平 焼付","2.5Y9/1 近似色","10","ｱｰｽ 封印ビス付(対角２箇所)","2026/10/15","福山通運　九州発送","2026/10/15","","仕上","山口","2026/10/09","製造"
"大成　（沖縄）","九州工場","九州工場","2026/10/06","2026/10/06","26-J0148962-001-771","SDC0000N","1.50","455.0","405.0","1,050.0","SUS ﾀﾞｸﾄｶﾊﾞｰ","","4","平蓋 ﾒｯｼｭ 曲金物","2026/10/09","イトカツ","2026/10/15","2026/10/09","組立","坂元","2026/10/08","製造"
"中国機材設備　呉★","九州工場","九州工場","2026/10/06","2026/10/06","26-J0149727-002-771","SE1515XC","1.50","150.0","150.0","150.0","SUS PB 水切 焼付","2.5Y9/1 近似色","6","ｱｰｽ","2026/10/15","佐川急便","2026/10/15","","溶接","ロン","2026/10/09","製造"
"中国機材設備　呉★","九州工場","九州工場","2026/10/06","2026/10/06","26-J0149727-001-771","SE1515XC","1.50","150.0","150.0","150.0","SUS PB 水切 焼付","2.5Y9/1 近似色","6","ｱｰｽ","2026/10/14","佐川急便","2026/10/15","","仕上","三澄","2026/10/08","製造"
"東芝電材　広島★","九州工場","九州工場","2026/10/06","2026/10/06","26-J0149875-001-771","BIP0000C","1.60","180.0","0.0","0.0","処理鋼板 ﾌﾟﾚｰﾄ 焼付","N9.5 近似色","1","φ180丸形 開口 M4ﾀｯﾌﾟx2 M4小頭皿ﾋﾞｽ用穴加工","2026/10/15","福山通運　九州発送","2026/10/15","","塗装","柴﨑","2026/10/09","製造"
"カンサイ　日進商会★","九州工場","九州工場","2026/10/06","2026/10/06","26-J0149890-001-771","SE2510XC","1.50","250.0","250.0","100.0","SUS PB 水切 焼付","N7.5 近似色","1","ｱｰｽ","2026/10/14","北九州配達","2026/10/15","","仕上","三澄","2026/10/08","製造"
"平岡電気　福岡東★","九州工場","九州工場","2026/10/06","2026/10/06","26-J0150028-001-771","SE2010XC","1.50","200.0","200.0","100.0","SUS PB 水切 焼付","5Y9/1 近似色","5","ｱｰｽ","2026/10/14","ヤマックス福岡","2026/10/15","","未着手","","","加工"
"ヤシマ電材 津山","九州工場","九州工場","2026/10/07","2026/10/07","26-J0150136-003-771","IMK0000C","6.00","688.0","64.0","70.0","鉄 曲金物 焼付","5Y7/1(近似色)","1","L型 穴加工ｱﾘ","2026/10/15","福山通運　九州発送","2026/10/15","","曲げ","道上","2026/10/14","製造"
"ヤシマ電材 津山","九州工場","九州工場","2026/10/07","2026/10/07","26-J0150136-001-771","IMK0000C","6.00","688.0","64.0","60.0","鉄 曲金物 焼付","5Y7/1(近似色)","1","L型 穴加工ｱﾘ","2026/10/15","福山通運　九州発送","2026/10/15","","曲げ","道上","2026/10/09","製造"
"ヤシマ電材 津山","九州工場","九州工場","2026/10/07","2026/10/07","26-J0150136-002-771","IMK0000C","6.00","688.0","64.0","64.0","鉄 曲金物 焼付","5Y7/1(近似色)","2","L型 穴加工ｱﾘ","2026/10/15","福山通運　九州発送","2026/10/15","","曲げ","道上","2026/10/09","製造"
"カンサイ　八幡★","九州工場","九州工場","2026/10/07","2026/10/07","26-J0150921-001-771","BIP0000C","1.60","550.0","550.0","0.0","処理鋼板 ﾌﾟﾚｰﾄ 焼付","2.5Y9/1 近似色","2","φ6x4","2026/10/14","北九州配達","2026/10/15","","切断","森山","2026/10/08","製造"
"平岡電気　福岡南★","九州工場","九州工場","2026/10/07","2026/10/07","26-J0151033-001-771","B02000SC","1.60","350.0","300.0","0.0","国土 ふたﾄｸ 焼付","5Y7/1 近似色","1","平ふた","2026/10/14","ヤマックス福岡","2026/10/15","","切断","林(浩)","2026/10/08","製造"
"三親電材　山口★","九州工場","九州工場","2026/10/07","2026/10/07","26-J0151073-001-771","BDC0000C","2.30","700.0","250.0","390.0","国土 ﾀﾞｸﾄｶﾊﾞｰ 焼付","2.5Y9/1 近似色","1","平蓋1.6t 本体2.3t ｱｰｽ φ16x4 φ14x4","2026/10/15","福山通運　九州発送","2026/10/15","","仕上","三澄","2026/10/09","製造"
"岡本電機　広島★","九州工場","九州工場","2026/10/07","2026/10/07","26-J0151083-001-771","IDC0000C","1.60","600.0","350.0","400.0","鉄 ﾀﾞｸﾄｶﾊﾞｰ 焼付","色見本ｱﾘ","1","平蓋 φ8x6 色見本(ｴｽｹｰ化研F1707B4326)","2026/10/15","佐川急便","2026/10/15","","仕上","三澄","2026/10/09","製造"
"岡本電機　広島★","九州工場","九州工場","2026/10/07","2026/10/07","26-J0151083-003-771","30PLA","0.00","0.0","0.0","0.0","補修塗料 筆付","色見本ｱﾘ","1","ﾌﾟﾗ30ml 色見本(ｴｽｹｰ化研F1707B4326)","2026/10/15","佐川急便","2026/10/15","","未着手","","","製造"
"岡本電機　広島★","九州工場","九州工場","2026/10/07","2026/10/07","26-J0151083-002-771","IDC0000C","1.60","1,000.0","350.0","400.0","鉄 ﾀﾞｸﾄｶﾊﾞｰ 焼付","色見本ｱﾘ","2","平蓋 φ8x6 色見本(ｴｽｹｰ化研F1707B4326)","2026/10/15","佐川急便","2026/10/15","","仕上","三澄","2026/10/09","製造"
"ムトウ電材　富士見★","九州工場","九州工場","2026/10/07","2026/10/07","26-J0151154-001-771","IP5030SC","1.60","500.0","500.0","300.0","鉄 PB 平 焼付","2.5Y9/1 近似色","1","","2026/10/15","佐川急便","2026/10/15","","溶接","フイ","2026/10/09","製造"
"ムトウ電材　富士見★","九州工場","九州工場","2026/10/08","2026/10/08","26-J0151649-001-771","IIP0000C","1.60","1,300.0","260.0","0.0","鉄 ﾌﾟﾚｰﾄ 焼付","N9.5 近似色","4","2-φ12","2026/10/15","佐川急便","2026/10/15","","切断","森山","2026/10/09","製造"
"木村電機　本社★","九州工場","九州工場","2026/10/08","2026/10/08","26-J0151674-001-771","SE0000XC","1.50","500.0","300.0","300.0","SUS PBﾄｸ 水切 焼付","5Y7/1 近似色","3","ｱｰｽ","2026/10/15","佐川急便","2026/10/15","","曲げ","ラム","2026/10/09","製造"
"三親電材　鳥取★","九州工場","九州工場","2026/10/08","2026/10/08","26-J0151675-001-771","IIP0000C","1.60","700.0","430.0","0.0","鉄 ﾌﾟﾚｰﾄ 焼付","2.5Y9/1(近似色)","1","穴加工ｱﾘ","2026/10/15","福山通運　九州発送","2026/10/15","","切断","森山","2026/10/09","製造"
"日本電設資材　福岡★","九州工場","九州工場","2026/10/08","2026/10/08","26-J0151740-009-771","DP2020WN","1.60","200.0","200.0","200.0","Sﾀﾞｲﾏ PB 被せ","","2","   B工区1階","2026/10/14","ヤマックス　ｽﾎﾟｯﾄ便","2026/10/15","","未着手","","2026/10/14","製造"
"日本電設資材　福岡★","九州工場","九州工場","2026/10/08","2026/10/08","26-J0151740-010-771","DP4030WN","1.60","400.0","400.0","300.0","Sﾀﾞｲﾏ PB 被せ","","2","   B工区1階","2026/10/14","ヤマックス　ｽﾎﾟｯﾄ便","2026/10/15","","未着手","","2026/10/14","製造"
"日本電設資材　福岡★","九州工場","九州工場","2026/10/08","2026/10/08","26-J0151740-004-771","DP2020WN","1.60","200.0","200.0","200.0","Sﾀﾞｲﾏ PB 被せ","","2","   B工区2階","2026/10/14","ヤマックス　ｽﾎﾟｯﾄ便","2026/10/15","","未着手","","2026/10/14","製造"
"日本電設資材　福岡★","九州工場","九州工場","2026/10/08","2026/10/08","26-J0151740-005-771","DP3030WN","1.60","300.0","300.0","300.0","Sﾀﾞｲﾏ PB 被せ","","1","   B工区2階","2026/10/14","ヤマックス　ｽﾎﾟｯﾄ便","2026/10/15","","未着手","","2026/10/14","製造"
"日本電設資材　福岡★","九州工場","九州工場","2026/10/08","2026/10/08","26-J0151740-002-771","DP2010WN","1.60","200.0","200.0","100.0","Sﾀﾞｲﾏ PB 被せ","","1","   B工区2階","2026/10/13","ヤマックス　ｽﾎﾟｯﾄ便","2026/10/15","","曲げ","志田","2026/10/13","製造"
"日本電設資材　福岡★","九州工場","九州工場","2026/10/08","2026/10/08","26-J0151740-003-771","DP1515WN","1.60","150.0","150.0","150.0","Sﾀﾞｲﾏ PB 被せ","","4","   B工区2階","2026/10/13","ヤマックス　ｽﾎﾟｯﾄ便","2026/10/15","","曲げ","ラム","2026/10/13","製造"
"日本電設資材　福岡★","九州工場","九州工場","2026/10/08","2026/10/08","26-J0151740-001-771","DP1510WN","1.60","150.0","150.0","100.0","Sﾀﾞｲﾏ PB 被せ","","2","   B工区2階","2026/10/13","ヤマックス　ｽﾎﾟｯﾄ便","2026/10/15","","曲げ","志田","2026/10/13","製造"
"日本電設資材　福岡★","九州工場","九州工場","2026/10/08","2026/10/08","26-J0151740-006-771","DP4030WN","1.60","400.0","400.0","300.0","Sﾀﾞｲﾏ PB 被せ","","1","   B工区2階","2026/10/14","ヤマックス　ｽﾎﾟｯﾄ便","2026/10/15","","未着手","","2026/10/14","製造"
"日本電設資材　福岡★","九州工場","九州工場","2026/10/08","2026/10/08","26-J0151740-007-771","DP5050WN","1.60","500.0","500.0","500.0","Sﾀﾞｲﾏ PB 被せ","","1","   B工区2階","2026/10/14","ヤマックス　ｽﾎﾟｯﾄ便","2026/10/15","","未着手","","2026/10/14","製造"
"日本電設資材　福岡★","九州工場","九州工場","2026/10/08","2026/10/08","26-J0151740-008-771","DP1515WN","1.60","150.0","150.0","150.0","Sﾀﾞｲﾏ PB 被せ","","5","   B工区1階","2026/10/13","ヤマックス　ｽﾎﾟｯﾄ便","2026/10/15","","曲げ","ラム","2026/10/13","製造"
"岡本電機　呉★","九州工場","九州工場","2026/10/08","2026/10/08","26-J0152069-001-771","BE2020SC","1.60","200.0","200.0","200.0","国土 PB 平 焼付","2.5Y9/1 近似色","8","ｱｰｽ","2026/10/15","佐川急便","2026/10/15","","未着手","","","加工"
"かごしま電工　南★","九州工場","九州工場","2026/10/08","2026/10/08","26-J0152315-001-771","SE0000XC","1.50","400.0","400.0","150.0","SUS PBﾄｸ 水切 焼付","2.5Y9/1 近似色","2","ｱｰｽ","2026/10/15","佐川急便","2026/10/15","","溶接","テイン","2026/10/09","製造"
"かごしま電工　南★","九州工場","九州工場","2026/10/08","2026/10/08","26-J0152315-002-771","SE3015XC","1.50","300.0","300.0","150.0","SUS PB 水切 焼付","2.5Y9/1 近似色","2","ｱｰｽ","2026/10/15","佐川急便","2026/10/15","","未着手","","2026/10/09","製造"
"三和電気商会★","九州工場","九州工場","2026/10/08","2026/10/08","26-J0152535-001-771","IIP0000C","1.60","300.0","300.0","0.0","鉄 ﾌﾟﾚｰﾄ 焼付","5Y7/1(近似色)","1","開口･穴加工ｱﾘ R5x4","2026/10/15","福山通運　九州発送","2026/10/15","","切断","林(浩)","2026/10/14","製造"
"平岡電気　大牟田★","九州工場","九州工場","2026/09/25","2026/09/25","26-J0140372-001-771","BP0000XN","2.30","1,000.0","500.0","400.0","国土 PBﾄｸ 水切","5Y7/1全艶 近似色","1","ｱｰｽ無 開口 穴加工 塩ﾋﾞ板 耐塩塗装 化粧ﾋﾞｽ止め","2026/10/14","福山通運　九州発送","2026/10/16","","溶接","恒川","2026/09/29","製造"
"平岡電気　城南★","九州工場","九州工場","2026/09/28","2026/09/28","26-J0141727-001-771","ZG0000C","4.00","600.0","250.0","150.0","ZN 架台 焼付","10YR 3/0.5近似色","1","L-50x50x4.0t 4-M8ﾀｯﾌﾟ 4-φ14 補強 側面背面PL溶接","2026/10/15","ヤマックス福岡","2026/10/16","","切断","林(浩)","2026/10/02","製造"
"Q-mast　電気グル－プ★","九州工場","九州工場","2026/09/29","2026/09/29","26-J0142973-003-771","ZG0000","0.00","1,100.0","300.0","700.0","ZN 架台","","1","タップ加工　L50x50x6t　プレートSダイマ1.6t","2026/10/15","ヤマックス　ｽﾎﾟｯﾄ便","2026/10/16","","溶接","ゴック","2026/10/06","製造"
"Q-mast　電気グル－プ★","九州工場","九州工場","2026/09/29","2026/09/29","26-J0142973-001-771","ZG0000","0.00","1,320.0","420.0","650.0","ZN 架台","","1","タップ加工　L50x50x6t　プレートSダイマ1.6t","2026/10/15","ヤマックス　ｽﾎﾟｯﾄ便","2026/10/16","","溶接","ゴック","2026/10/06","製造"
"Q-mast　電気グル－プ★","九州工場","九州工場","2026/09/29","2026/09/29","26-J0142973-004-771","ZG0000","0.00","950.0","600.0","700.0","ZN 架台","","1","タップ加工　L50x50x6t　プレートSダイマ1.6t","2026/10/15","ヤマックス　ｽﾎﾟｯﾄ便","2026/10/16","","溶接","石松","2026/10/06","製造"
"Q-mast　電気グル－プ★","九州工場","九州工場","2026/09/29","2026/09/29","26-J0142973-002-771","ZG0000","0.00","2,350.0","300.0","700.0","ZN 架台","","1","タップ加工　L50x50x6t　プレートSダイマ1.6t","2026/10/15","ヤマックス　ｽﾎﾟｯﾄ便","2026/10/16","","溶接","ゴック","2026/10/06","製造"
"Q-mast　電気グル－プ★","九州工場","九州工場","2026/09/29","2026/09/29","26-J0142994-006-771","DC0000N","2.30","1,430.0","600.0","550.0","Sﾀﾞｲﾏ ｶﾊﾞｰ","","1","穴加工","2026/10/15","ヤマックス　ｽﾎﾟｯﾄ便","2026/10/16","","CAD/CAM","熊谷","2026/10/14","製造"
"Q-mast　電気グル－プ★","九州工場","九州工場","2026/09/29","2026/09/29","26-J0142994-005-771","DC0000N","2.30","1,430.0","400.0","550.0","Sﾀﾞｲﾏ ｶﾊﾞｰ","","1","穴加工","2026/10/15","ヤマックス　ｽﾎﾟｯﾄ便","2026/10/16","","CAD/CAM","熊谷","2026/10/14","製造"
"アサヒ　中部","九州工場","九州工場","2026/09/30","2026/09/30","26-J0144501-001-771","IE0000SC","1.60","150.0","100.0","150.0","鉄 PBﾄｸ 平 焼付","N5.5","20","ｱｰｽ ﾊﾟｯｷﾝ付","2026/10/09","イトカツ","2026/10/16","2026/10/09","塗装","樫原","2026/10/06","製造"
"三共電気　本社★","九州工場","九州工場","2026/10/01","2026/10/01","26-J0145041-004-771","ZG0000","0.00","300.0","0.0","0.0","ZN 架台","","10","L-50x50x6t 穴加工","2026/10/16","福山通運　九州発送","2026/10/16","","外注","田中","2026/10/08","製造"
"三共電気　本社★","九州工場","九州工場","2026/10/01","2026/10/01","26-J0145041-002-771","ZG0000","0.00","500.0","500.0","0.0","ZN 架台","","1","L-50x50x6t 穴加工　φ12　三角支え付ﾀｲﾌﾟ（左）B中","2026/10/16","福山通運　九州発送","2026/10/16","","溶接","ズオン","2026/10/08","製造"
"三共電気　本社★","九州工場","九州工場","2026/10/01","2026/10/01","26-J0145041-001-771","ZG0000","0.00","500.0","500.0","0.0","ZN 架台","","3","L-50x50x6t 穴加工　三角ﾀｲﾌﾟ（右）A中","2026/10/16","福山通運　九州発送","2026/10/16","","溶接","石松","2026/10/08","製造"
"三共電気　本社★","九州工場","九州工場","2026/10/01","2026/10/01","26-J0145041-003-771","ZG0000","0.00","500.0","500.0","0.0","ZN 架台","","1","L-50x50x6t 穴加工　φ12　三角支え付ﾀｲﾌﾟ（右）B中","2026/10/16","福山通運　九州発送","2026/10/16","","溶接","ズオン","2026/10/08","製造"
"カンサイ　福岡城南★","九州工場","九州工場","2026/10/01","2026/10/01","26-J0145217-001-771","BD0000C","1.60","600.0","200.0","2,420.0","国土 ﾀﾞｸﾄ 焼付","色見本ｱﾘ","3","平蓋　 ｱｰｽ　 ｹｰﾌﾞﾙ支持","2026/10/14","ヤマックス福岡","2026/10/16","","仕上","山口","2026/10/08","製造"
"カンサイ　福岡城南★","九州工場","九州工場","2026/10/01","2026/10/01","26-J0145217-002-771","BD0000C","1.60","600.0","200.0","2,630.0","国土 ﾀﾞｸﾄ 焼付","色見本ｱﾘ","1","平蓋　 ｱｰｽ　 ｹｰﾌﾞﾙ支持","2026/10/15","ヤマックス福岡","2026/10/16","","仕上","山口","2026/10/09","製造"
"九州管材　福岡★","九州工場","九州工場","2026/10/01","2026/10/01","26-J0145235-002-771","ZG0000","0.00","400.0","400.0","0.0","ZN 架台","","2","L-40x40x3t　長孔穴加工","2026/10/16","チャーター便","2026/10/16","","溶接","石松","2026/10/08","製造"
"九州管材　福岡★","九州工場","九州工場","2026/10/01","2026/10/01","26-J0145235-008-771","ZG0000","0.00","600.0","600.0","0.0","ZN 架台","","24","L-40x40x3t　長孔穴加工","2026/10/16","チャーター便","2026/10/16","","溶接","ゴック","2026/10/07","製造"
"九州管材　福岡★","九州工場","九州工場","2026/10/01","2026/10/01","26-J0145235-004-771","ZG0000","0.00","700.0","700.0","0.0","ZN 架台","","4","L-40x40x3t　長孔穴加工","2026/10/16","チャーター便","2026/10/16","","溶接","クイ","2026/10/08","製造"
"九州管材　福岡★","九州工場","九州工場","2026/10/01","2026/10/01","26-J0145235-003-771","ZG0000","0.00","600.0","600.0","0.0","ZN 架台","","25","L-40x40x3t　長孔穴加工","2026/10/16","チャーター便","2026/10/16","","溶接","石松","2026/10/06","製造"
"九州管材　福岡★","九州工場","九州工場","2026/10/01","2026/10/01","26-J0145235-001-771","ZG0000","0.00","300.0","450.0","0.0","ZN 架台","","9","L-40x40x3t　長孔穴加工","2026/10/16","チャーター便","2026/10/16","","溶接","石松","2026/10/08","製造"
"Q-mast　電気グル－プ★","九州工場","九州工場","2026/10/01","2026/10/01","26-J0145820-001-771","ZG0000","0.00","1,075.0","1,160.0","400.0","ZN 架台","","1","穴加工 C100x50x7x7.5　【2FL】","2026/10/15","ヤマックス　ｽﾎﾟｯﾄ便","2026/10/16","","溶接","横澤","2026/10/08","製造"
"Q-mast　電気グル－プ★","九州工場","九州工場","2026/10/01","2026/10/01","26-J0145820-003-771","ZG0000","0.00","1,160.0","1,300.0","400.0","ZN 架台","","1","穴加工 C100x50x7x7.5　【6FL】","2026/10/15","ヤマックス　ｽﾎﾟｯﾄ便","2026/10/16","","溶接","横澤","2026/10/08","製造"
"Q-mast　電気グル－プ★","九州工場","九州工場","2026/10/01","2026/10/01","26-J0145820-002-771","ZG0000","0.00","1,075.0","1,160.0","400.0","ZN 架台","","1","穴加工 C100x50x7x7.5　【4FL】","2026/10/15","ヤマックス　ｽﾎﾟｯﾄ便","2026/10/16","","溶接","横澤","2026/10/08","製造"
"Q-mast　電気グル－プ★","九州工場","九州工場","2026/10/01","2026/10/01","26-J0145824-003-771","ZG0000","0.00","2,600.0","1,050.0","400.0","ZN 架台","","1","穴加工 C100x50x7x7.5　【ローリー出荷場】","2026/10/15","ヤマックス　ｽﾎﾟｯﾄ便","2026/10/16","","溶接","ゴック","2026/10/07","製造"
"Q-mast　電気グル－プ★","九州工場","九州工場","2026/10/02","2026/10/02","26-J0146006-002-771","ZG0000","0.00","1,215.0","1,385.0","250.0","ZN 架台","","1","穴加工 C100x50x5x7.5","2026/10/15","ヤマックス　ｽﾎﾟｯﾄ便","2026/10/16","","溶接","ゴック","2026/10/08","製造"
"日本電設資材　福岡★","九州工場","九州工場","2026/10/02","2026/10/02","26-J0146176-004-771","ZG0000","6.00","50.0","50.0","300.0","ZN 架台","","1","穴加工　L50x50x6t スペーサーx2","2026/10/15","ヤマックス福岡","2026/10/16","","外注","奈木野","2026/10/07","製造"
"イシグロ　鹿児島★","九州工場","九州工場","2026/10/05","2026/10/05","26-J0147164-001-771","ZG0000","3.00","110.0","260.0","300.0","ZN 架台","","5","SS-L30x30x3t","2026/10/16","福山通運　九州発送","2026/10/16","","溶接","ゴック","2026/10/08","製造"
"佐野電機工業","九州工場","九州工場","2026/10/05","2026/10/05","26-J0147519-008-771","ZE2010X2","2.30","200.0","200.0","100.0","ZN PB 水切","","2","HDZT56 ｱｰｽ","2026/10/15","福山通運　九州発送","2026/10/16","","外注","テイン","2026/10/07","製造"
"佐野電機工業","九州工場","九州工場","2026/10/05","2026/10/05","26-J0147519-011-771","ZE3030X2","2.30","300.0","300.0","300.0","ZN PB 水切","","2","HDZT56 ｱｰｽ","2026/10/15","福山通運　九州発送","2026/10/16","","外注","バン","2026/10/07","製造"
"佐野電機工業","九州工場","九州工場","2026/10/05","2026/10/05","26-J0147519-010-771","ZE3020X2","2.30","300.0","300.0","200.0","ZN PB 水切","","1","HDZT56 ｱｰｽ","2026/10/15","福山通運　九州発送","2026/10/16","","外注","バン","2026/10/07","製造"
"佐野電機工業","九州工場","九州工場","2026/10/05","2026/10/05","26-J0147519-009-771","ZE2020X2","2.30","200.0","200.0","200.0","ZN PB 水切","","2","HDZT56 ｱｰｽ","2026/10/15","福山通運　九州発送","2026/10/16","","外注","テイン","2026/10/07","製造"
"佐野電機工業","九州工場","九州工場","2026/10/05","2026/10/05","26-J0147552-012-771","ZE0000X","2.30","200.0","200.0","100.0","ZN PBﾄｸ 水切","","4","HDZT56 ｱｰｽ ｾﾝﾀｰ直線ｾﾊﾟﾚｰﾄ付き","2026/10/16","福山通運　九州発送","2026/10/16","","外注","バン","2026/10/08","製造"
"佐野電機工業","九州工場","九州工場","2026/10/05","2026/10/05","26-J0147552-014-771","ZE0000X","2.30","300.0","300.0","200.0","ZN PBﾄｸ 水切","","1","HDZT56 ｱｰｽ ｾﾝﾀｰ直線ｾﾊﾟﾚｰﾄ付き","2026/10/16","福山通運　九州発送","2026/10/16","","外注","バン","2026/10/08","製造"
"佐野電機工業","九州工場","九州工場","2026/10/05","2026/10/05","26-J0147552-013-771","ZE0000X","2.30","200.0","200.0","200.0","ZN PBﾄｸ 水切","","1","HDZT56 ｱｰｽ ｾﾝﾀｰ直線ｾﾊﾟﾚｰﾄ付き","2026/10/16","福山通運　九州発送","2026/10/16","","外注","バン","2026/10/08","製造"
"日新電機システム","九州工場","九州工場","2026/10/05","2026/10/05","26-J0148168-002-771","SE0000SC","1.50","300.0","150.0","150.0","SUS PBﾄｸ 平 焼付","5Y7/1","1","ｱｰｽ ﾊﾟｯｷﾝ付","2026/10/09","イトカツ","2026/10/16","2026/10/09","組立","岡","2026/10/06","製造"
"日新電機システム","九州工場","九州工場","2026/10/05","2026/10/05","26-J0148168-003-771","SE2015SC","1.50","200.0","200.0","150.0","SUS PB 平 焼付","5Y7/1","1","ｱｰｽ ﾊﾟｯｷﾝ付","2026/10/09","イトカツ","2026/10/16","2026/10/09","組立","岡","2026/10/06","製造"
"日新電機システム","九州工場","九州工場","2026/10/05","2026/10/05","26-J0148168-001-771","SE0000SC","1.50","300.0","200.0","150.0","SUS PBﾄｸ 平 焼付","5Y7/1","1","ｱｰｽ ﾊﾟｯｷﾝ付","2026/10/09","イトカツ","2026/10/16","2026/10/09","組立","岡","2026/10/06","製造"
"ナミデン　福岡★","九州工場","九州工場","2026/10/06","2026/10/06","26-J0148763-001-771","ZTG0000","0.00","1,200.0","595.0","250.0","ZN 耐震架台","","1","L65x65x6  地下ﾋﾟｯﾄ架台 耐震支持No1","2026/10/15","ヤマックス　ｽﾎﾟｯﾄ便","2026/10/16","","溶接","横澤","2026/10/08","製造"
"ナミデン　福岡★","九州工場","九州工場","2026/10/06","2026/10/06","26-J0148763-002-771","ZTG0000","0.00","1,200.0","1,095.0","250.0","ZN 耐震架台","","1","L65x65x6  地下ﾋﾟｯﾄ架台 耐震支持No2","2026/10/15","ヤマックス　ｽﾎﾟｯﾄ便","2026/10/16","","溶接","横澤","2026/10/08","製造"
"シンセイ　福山★","九州工場","九州工場","2026/10/06","2026/10/06","26-J0148766-002-771","SE0000XC","1.50","300.0","300.0","200.0","SUS PBﾄｸ 水切 焼付","2.5Y9/1 近似色","10","ｱｰｽ 封印ビス(対角２箇所)付","2026/10/16","福山通運　九州発送","2026/10/16","","曲げ","ラム","2026/10/13","製造"
"ナミデン　福岡★","九州工場","九州工場","2026/10/06","2026/10/06","26-J0148792-001-771","ITG0000G","0.00","1,030.0","0.0","0.0","鉄 耐震架台","","1","L65x65x6 横材 4階冷凍機室 さび止め 耐震支持No54","2026/10/15","ヤマックス　ｽﾎﾟｯﾄ便","2026/10/16","","未着手","","2026/10/15","製造"
"ナミデン　福岡★","九州工場","九州工場","2026/10/06","2026/10/06","26-J0148908-001-771","ITG0000G","0.00","2,495.0","1,640.0","0.0","鉄 耐震架台","","1","L65x65x6  さび止め  1階ﾗｯｸ用 1","2026/10/15","ヤマックス　ｽﾎﾟｯﾄ便","2026/10/16","","切断","森山","2026/10/15","製造"
"共和電気","九州工場","九州工場","2026/10/06","2026/10/06","26-J0149303-001-771","SE2515SC","1.50","250.0","250.0","150.0","SUS PB 平 焼付","2.5Y9/1","11","ｱｰｽ ﾊﾟｯｷﾝ付","2026/10/14","沖縄直送","2026/10/16","","仕上","山口","2026/10/08","製造"
"共和電気","九州工場","九州工場","2026/10/06","2026/10/06","26-J0149303-003-771","SE0000SC","1.50","600.0","500.0","350.0","SUS PBﾄｸ 平 焼付","2.5Y9/1","1","ｱｰｽ ﾊﾟｯｷﾝ付","2026/10/16","沖縄直送","2026/10/16","","切断","井上(隆)","2026/10/13","製造"
"共和電気","九州工場","九州工場","2026/10/06","2026/10/06","26-J0149303-004-771","SE6040SC","1.50","600.0","600.0","400.0","SUS PB 平 焼付","2.5Y9/1","1","ｱｰｽ ﾊﾟｯｷﾝ付","2026/10/16","沖縄直送","2026/10/16","","切断","井上(隆)","2026/10/13","製造"
"共和電気","九州工場","九州工場","2026/10/06","2026/10/06","26-J0149303-002-771","SE2515SC","1.50","250.0","250.0","150.0","SUS PB 平 焼付","2.5Y9/1","11","ｱｰｽ ﾊﾟｯｷﾝ付","2026/10/15","沖縄直送","2026/10/16","","溶接","テイン","2026/10/09","製造"
"共和電気","九州工場","九州工場","2026/10/06","2026/10/06","26-J0149337-002-771","IE2510SC","1.60","250.0","250.0","100.0","鉄 PB 平 焼付","2.5Y9/1","8","ｱｰｽ ﾊﾟｯｷﾝ付","2026/10/14","沖縄直送","2026/10/16","","仕上","山口","2026/10/08","製造"
"共和電気","九州工場","九州工場","2026/10/06","2026/10/06","26-J0149337-004-771","IE2510SC","1.60","250.0","250.0","100.0","鉄 PB 平 焼付","2.5Y9/1","6","ｱｰｽ ﾊﾟｯｷﾝ付","2026/10/16","沖縄直送","2026/10/16","","溶接","フイ","2026/10/13","製造"
"共和電気","九州工場","九州工場","2026/10/06","2026/10/06","26-J0149337-003-771","IE2510SC","1.60","250.0","250.0","100.0","鉄 PB 平 焼付","2.5Y9/1","8","ｱｰｽ ﾊﾟｯｷﾝ付","2026/10/15","沖縄直送","2026/10/16","","溶接","フイ","2026/10/09","製造"
"共和電気","九州工場","九州工場","2026/10/06","2026/10/06","26-J0149337-001-771","IE2510SC","1.60","250.0","250.0","100.0","鉄 PB 平 焼付","2.5Y9/1","8","ｱｰｽ ﾊﾟｯｷﾝ付","2026/10/13","沖縄直送","2026/10/16","","塗装","山口","2026/10/07","製造"
"イシグロ　鹿児島★","九州工場","九州工場","2026/10/06","2026/10/06","26-J0149464-001-771","ZG0000","0.00","625.0","450.0","50.0","ZN 架台","","1","ドブ架台 C100x50x5t L50x50x6t","2026/10/16","佐川急便","2026/10/16","","溶接","ゴック","2026/10/08","製造"
"宮地電機　高知","九州工場","九州工場","2026/10/06","2026/10/06","26-J0149675-001-771","ZE3030X2","2.30","300.0","300.0","300.0","ZN PB 水切","","1","HDZT56 ｱｰｽ","2026/10/16","福山通運　九州発送","2026/10/16","","外注","フイ","2026/10/08","製造"
"大成商会　新居浜★","九州工場","九州工場","2026/10/06","2026/10/06","26-J0149749-002-771","ZP4030X2","2.30","400.0","400.0","300.0","ZN PB 水切","","1","","2026/10/16","福山通運　九州発送","2026/10/16","","溶接","フイ","2026/10/08","製造"
"正和電材　佐世保★","九州工場","九州工場","2026/10/06","2026/10/06","26-J0150118-001-771","SDC0000C","1.50","700.0","200.0","100.0","SUS ﾀﾞｸﾄｶﾊﾞｰ 焼付","5Y7/1 近似色","2","平蓋　12-φ12 上下ﾊﾟｯｷﾝ貼付 40x3t","2026/10/16","佐川急便","2026/10/16","","曲げ","道上","2026/10/13","製造"
"東芝電材　川内★","九州工場","九州工場","2026/10/07","2026/10/07","26-J0150311-002-771","SE0000XCW","1.50","300.0","200.0","300.0","SUS PBﾄｸ 水切 焼付","5Y7/1 近似色","2","ｱｰｽ 内ﾜﾆｽ","2026/10/15","佐川急便","2026/10/16","","仕上","三澄","2026/10/08","製造"
"東芝電材　川内★","九州工場","九州工場","2026/10/07","2026/10/07","26-J0150311-001-771","SE2020XCW","1.50","200.0","200.0","200.0","SUS PB 水切 焼付","5Y7/1 近似色","9","ｱｰｽ 内ﾜﾆｽ","2026/10/16","佐川急便","2026/10/16","","曲げ","ラム","2026/10/09","製造"
"メイク機材★","九州工場","九州工場","2026/10/07","2026/10/07","26-J0150430-005-771","IG0000G","0.00","750.0","290.0","300.0","鉄 架台","","1","さび止め L-50x50x6t","2026/10/16","店頭渡し","2026/10/16","","溶接","横澤","2026/10/16","製造"
"メイク機材★","九州工場","九州工場","2026/10/07","2026/10/07","26-J0150430-001-771","IG0000G","0.00","800.0","350.0","0.0","鉄 架台","","1","さび止め [75x40x5x7","2026/10/16","店頭渡し","2026/10/16","","溶接","バン","2026/10/16","製造"
"メイク機材★","九州工場","九州工場","2026/10/07","2026/10/07","26-J0150430-002-771","IG0000G","0.00","800.0","350.0","0.0","鉄 架台","","1","さび止め [75x40x5x7","2026/10/16","店頭渡し","2026/10/16","","溶接","バン","2026/10/16","製造"
"メイク機材★","九州工場","九州工場","2026/10/07","2026/10/07","26-J0150430-003-771","IG0000G","0.00","725.0","653.0","450.0","鉄 架台","","1","さび止め L-50x50x6t","2026/10/16","店頭渡し","2026/10/16","","溶接","横澤","2026/10/16","製造"
"メイク機材★","九州工場","九州工場","2026/10/07","2026/10/07","26-J0150430-004-771","IG0000G","0.00","725.0","588.0","450.0","鉄 架台","","1","さび止め L-50x50x6t","2026/10/16","店頭渡し","2026/10/16","","溶接","横澤","2026/10/16","製造"
"メイク機材★","九州工場","九州工場","2026/10/07","2026/10/07","26-J0150430-006-771","IG0000G","0.00","790.0","845.0","0.0","鉄 架台","","1","さび止め [75x40x5x7","2026/10/16","店頭渡し","2026/10/16","","溶接","石松","2026/10/16","製造"
"岡本電機　安佐★","九州工場","九州工場","2026/10/07","2026/10/07","26-J0150478-001-771","ZP1515X2","2.30","150.0","150.0","150.0","ZN PB 水切","","1","座無ｼｰﾙ付","2026/10/16","佐川急便","2026/10/16","","溶接","フイ","2026/10/08","製造"
"東芝電材　八代★","九州工場","九州工場","2026/10/07","2026/10/07","26-J0150683-001-771","ZE2015X2","2.30","200.0","200.0","150.0","ZN PB 水切","","4","ｱｰｽ","2026/10/16","佐川急便","2026/10/16","","外注","フイ","2026/10/08","製造"
"ナミデン　山口★","九州工場","九州工場","2026/10/07","2026/10/07","26-J0150781-001-771","ZE3030X2A","2.30","300.0","300.0","300.0","ZN PB 水切","","4","ｱｰｽ 足付L3x40 12ﾊﾟｲx4","2026/10/16","福山通運　九州発送","2026/10/16","","溶接","フイ","2026/10/08","製造"
"ミツヤ電機　本社★","九州工場","九州工場","2026/10/07","2026/10/07","26-J0150899-001-771","BE0000SC","1.60","250.0","250.0","100.0","国土 PBﾄｸ 平 焼付","2.5Y9/1 近似色","1","ｱｰｽ 脱落防止化粧ﾋﾞｽ","2026/10/16","福山通運　九州発送","2026/10/16","","溶接","フイ","2026/10/13","製造"
"デンザイ東亜　本社★","九州工場","九州工場","2026/10/07","2026/10/07","26-J0150954-002-771","DP0000SC","1.60","200.0","100.0","100.0","Sﾀﾞｲﾏ PBﾄｸ 平 焼付","N-10 近似色","1","開口","2026/10/16","佐川急便","2026/10/16","","曲げ","道上","2026/10/13","製造"
"平岡電気　電設営業部★","九州工場","九州工場","2026/10/07","2026/10/07","26-J0151143-002-771","BE2020SC","1.60","200.0","200.0","200.0","国土 PB 平 焼付","2.5Y9/1 近似色","3","ｱｰｽ","2026/10/15","ヤマックス福岡","2026/10/16","","仕上","山口","2026/10/09","製造"
"平岡電気　電設営業部★","九州工場","九州工場","2026/10/07","2026/10/07","26-J0151143-001-771","BE2010SC","1.60","200.0","200.0","100.0","国土 PB 平 焼付","2.5Y9/1 近似色","3","ｱｰｽ","2026/10/15","ヤマックス福岡","2026/10/16","","未着手","","","加工"
"シンセイ　岡山★","九州工場","九州工場","2026/10/07","2026/10/07","26-J0151333-001-771","IIP0000C","1.60","450.0","280.0","0.0","鉄 ﾌﾟﾚｰﾄ 焼付","2.5Y9/1(近似色)","1","開口･穴加工ｱﾘ","2026/10/16","福山通運　九州発送","2026/10/16","","切断","森山","2026/10/13","製造"
"シンセイ　岡山★","九州工場","九州工場","2026/10/07","2026/10/07","26-J0151333-002-771","II0000G","1.60","695.0","395.0","0.0","鉄 切板","","1","さび止め","2026/10/16","福山通運　九州発送","2026/10/16","","未着手","","2026/10/15","製造"
"啓電社★","九州工場","九州工場","2026/10/08","2026/10/08","26-J0151549-001-771","ZKM0000","6.00","200.0","200.0","800.0","ZN 金物","","1","L65x65x6","2026/10/16","ヤマックス福岡","2026/10/16","","溶接","ズオン","2026/10/09","製造"
"中国機材設備　本社★","九州工場","九州工場","2026/10/08","2026/10/08","26-J0151629-001-771","IIP0000C","3.20","800.0","200.0","0.0","鉄 ﾌﾟﾚｰﾄ 焼付","2.5Y9/1 近似色","1","吊穴不可","2026/10/16","佐川急便","2026/10/16","","切断","森山","2026/10/09","製造"
"宮地電機　高松","九州工場","九州工場","2026/10/08","2026/10/08","26-J0151642-001-771","DDC0000N","2.30","1,000.0","300.0","450.0","Sﾀﾞｲﾏ ﾀﾞｸﾄｶﾊﾞｰ","","1","2面蓋付","2026/10/16","福山通運　九州発送","2026/10/16","","CAD/CAM","熊谷","2026/10/15","製造"
"ｹｲ･ｴｽ･ﾃﾞｰ　鹿児島★","九州工場","九州工場","2026/10/08","2026/10/08","26-J0151724-002-771","SE0000XCW","1.50","350.0","350.0","250.0","SUS PBﾄｸ 水切 焼付","5Y7/1 近似色","1","ｱｰｽ 内ﾜﾆｽ","2026/10/16","佐川急便","2026/10/16","","溶接","テイン","2026/10/09","製造"
"ｹｲ･ｴｽ･ﾃﾞｰ　鹿児島★","九州工場","九州工場","2026/10/08","2026/10/08","26-J0151724-001-771","SE0000XCW","1.50","400.0","400.0","250.0","SUS PBﾄｸ 水切 焼付","5Y7/1 近似色","1","ｱｰｽ 内ﾜﾆｽ","2026/10/16","佐川急便","2026/10/16","","溶接","ロン","2026/10/09","製造"
"ナカキュウ★","九州工場","九州工場","2026/10/08","2026/10/08","26-J0151769-001-771","IP0000SC","2.30","800.0","400.0","300.0","鉄 PBﾄｸ 平 焼付","2.5Y9/1 近似色","1","","2026/10/16","福山通運　九州発送","2026/10/16","","曲げ","志田","2026/10/13","製造"
"ナミデン　岡山★","九州工場","九州工場","2026/10/08","2026/10/08","26-J0151845-001-771","IF0000C","1.60","200.0","110.0","100.0","鉄 裏BOX 焼付","N9.5(近似色)","6","蓋無 耳付 開口･穴加工ｱﾘ","2026/10/16","福山通運　九州発送","2026/10/16","","切断","バック","2026/10/13","製造"
"ハッピー電気　山鹿★","九州工場","九州工場","2026/10/08","2026/10/08","26-J0151868-001-771","SE1510XC","1.50","150.0","150.0","100.0","SUS PB 水切 焼付","2.5Y9/1 近似色","2","ｱｰｽ","2026/10/15","佐川急便","2026/10/16","","未着手","","","加工"
"ハッピー電気　山鹿★","九州工場","九州工場","2026/10/08","2026/10/08","26-J0151868-005-771","SE5050XC","1.50","500.0","500.0","500.0","SUS PB 水切 焼付","2.5Y9/1 近似色","1","ｱｰｽ","2026/10/16","佐川急便","2026/10/16","","切断","井上(隆)","2026/10/13","製造"
"ハッピー電気　山鹿★","九州工場","九州工場","2026/10/08","2026/10/08","26-J0151868-004-771","SE3020XC","1.50","300.0","300.0","200.0","SUS PB 水切 焼付","2.5Y9/1 近似色","8","ｱｰｽ","2026/10/16","佐川急便","2026/10/16","","未着手","","","加工"
"ハッピー電気　山鹿★","九州工場","九州工場","2026/10/08","2026/10/08","26-J0151868-003-771","SE0000XC","1.50","300.0","200.0","200.0","SUS PBﾄｸ 水切 焼付","2.5Y9/1 近似色","1","ｱｰｽ","2026/10/15","佐川急便","2026/10/16","","曲げ","ラム","2026/10/09","製造"
"ハッピー電気　山鹿★","九州工場","九州工場","2026/10/08","2026/10/08","26-J0151868-002-771","SE2020XC","1.50","200.0","200.0","200.0","SUS PB 水切 焼付","2.5Y9/1 近似色","6","ｱｰｽ","2026/10/15","佐川急便","2026/10/16","","未着手","","","加工"
"シンセイ　福山★","九州工場","九州工場","2026/10/08","2026/10/08","26-J0151879-001-771","IP0000SC","2.30","1,650.0","400.0","200.0","鉄 PBﾄｸ 平 焼付","5Y7/1 近似色","1","平蓋2分割 M4ﾄﾗｽﾋﾞｽ(NW付)止 底開口・穴・L3x30補強","2026/10/16","福山通運　九州発送","2026/10/16","","曲げ","道上","2026/10/13","製造"
"アサヒ　本社","九州工場","九州工場","2026/10/08","2026/10/08","26-J0151891-001-771","SE0000XC","1.50","350.0","350.0","250.0","SUS PBﾄｸ 水切 焼付","2.5Y9/1 全ﾂﾔ","1","ｱｰｽ","2026/10/15","九州航空","2026/10/16","2026/10/15","溶接","テイン","2026/10/09","製造"
"金城電気商会","九州工場","九州工場","2026/10/08","2026/10/08","26-J0151925-001-771","DE5020SNP","1.60","500.0","500.0","200.0","Sﾀﾞｲﾏ PB 平","","1","ｱｰｽ ｺﾞﾑﾊﾟｯｷﾝ付","2026/10/09","イトカツ","2026/10/16","2026/10/09","曲げ","ラム","2026/10/09","製造"
"かごしま電工　城南★","九州工場","九州工場","2026/10/08","2026/10/08","26-J0151963-001-771","SE1510XCW","1.50","150.0","150.0","100.0","SUS PB 水切 焼付","5Y7/1 近似色","1","ｱｰｽ 内ﾜﾆｽ","2026/10/16","佐川急便","2026/10/16","","塗装","林(秀)","2026/10/09","製造"
"かごしま電工　城南★","九州工場","九州工場","2026/10/08","2026/10/08","26-J0151963-002-771","SE2015XCW","1.50","200.0","200.0","150.0","SUS PB 水切 焼付","5Y7/1 近似色","1","ｱｰｽ 内ﾜﾆｽ","2026/10/16","佐川急便","2026/10/16","","塗装","林(秀)","2026/10/09","製造"
"Q-mast　電気グル－プ★","九州工場","九州工場","2026/10/08","2026/10/08","26-J0151968-001-771","IG0000G","0.00","700.0","720.0","3,000.0","鉄 架台","","1","L50x50x6 L65x65x6 さび止め  ﾊﾞｽﾀﾞｸﾄ15F 1 EPS1","2026/10/15","ヤマックス　ｽﾎﾟｯﾄ便","2026/10/16","","未着手","","2026/10/15","製造"
"Q-mast　電気グル－プ★","九州工場","九州工場","2026/10/08","2026/10/08","26-J0151968-007-771","IG0000G","0.00","400.0","0.0","0.0","鉄 架台","","3","C100x50x5x7.5 さび止め　ﾊﾞｽﾀﾞｸﾄ17-19F","2026/10/15","ヤマックス　ｽﾎﾟｯﾄ便","2026/10/16","","未着手","","2026/10/15","製造"
"Q-mast　電気グル－プ★","九州工場","九州工場","2026/10/08","2026/10/08","26-J0151968-006-771","IG0000G","0.00","510.0","0.0","0.0","鉄 架台","","6","C100x50x5x7.5 さび止め　ﾊﾞｽﾀﾞｸﾄ17-19F","2026/10/15","ヤマックス　ｽﾎﾟｯﾄ便","2026/10/16","","未着手","","2026/10/15","製造"
"Q-mast　電気グル－プ★","九州工場","九州工場","2026/10/08","2026/10/08","26-J0151968-005-771","IG0000G","0.00","400.0","0.0","0.0","鉄 架台","","3","C100x50x5x7.5 さび止め　ﾊﾞｽﾀﾞｸﾄ17-19F","2026/10/15","ヤマックス　ｽﾎﾟｯﾄ便","2026/10/16","","未着手","","2026/10/15","製造"
"Q-mast　電気グル－プ★","九州工場","九州工場","2026/10/08","2026/10/08","26-J0151968-004-771","IG0000G","0.00","510.0","0.0","0.0","鉄 架台","","6","C100x50x5x7.5 さび止め　ﾊﾞｽﾀﾞｸﾄ17-19F","2026/10/15","ヤマックス　ｽﾎﾟｯﾄ便","2026/10/16","","未着手","","2026/10/15","製造"
"Q-mast　電気グル－プ★","九州工場","九州工場","2026/10/08","2026/10/08","26-J0151968-003-771","IG0000G","0.00","390.0","510.0","200.0","鉄 架台","","2","[100x50x5x7.5 さび止め  ﾊﾞｽﾀﾞｸﾄ16F","2026/10/15","ヤマックス　ｽﾎﾟｯﾄ便","2026/10/16","","未着手","","2026/10/15","製造"
"Q-mast　電気グル－プ★","九州工場","九州工場","2026/10/08","2026/10/08","26-J0151968-002-771","IG0000G","0.00","700.0","780.0","3,000.0","鉄 架台","","1","L50x50x6 L65x65x6 さび止め  ﾊﾞｽﾀﾞｸﾄ15F 2 EPS2","2026/10/15","ヤマックス　ｽﾎﾟｯﾄ便","2026/10/16","","未着手","","2026/10/15","製造"
"かごしま電工　南★","九州工場","九州工場","2026/10/08","2026/10/08","26-J0152026-001-771","BE1515SCW","1.60","150.0","150.0","150.0","国土 PB 平 焼付","5Y7/1 近似色","1","ｱｰｽ  内ﾜﾆｽ","2026/10/16","佐川急便","2026/10/16","","溶接","フイ","2026/10/09","製造"
"かごしま電工　南★","九州工場","九州工場","2026/10/08","2026/10/08","26-J0152026-002-771","BE2020SCW","1.60","200.0","200.0","200.0","国土 PB 平 焼付","5Y7/1 近似色","1","ｱｰｽ  内ﾜﾆｽ","2026/10/16","佐川急便","2026/10/16","","塗装","林(秀)","2026/10/09","製造"
"イシグロ　鹿児島★","九州工場","九州工場","2026/10/08","2026/10/08","26-J0152035-001-771","IG0000G","0.00","250.0","75.0","1,621.0","鉄 架台","","1","さび止め SS-C-6.5x75x150　PL-6t.9t 左右１ｾｯﾄ","2026/10/16","福山通運　九州発送","2026/10/16","","CAD/CAM","熊谷","2026/10/16","製造"
"誠新産業　長崎★","九州工場","九州工場","2026/10/08","2026/10/08","26-J0152148-001-771","SC0000N","1.50","500.0","300.0","550.0","SUS ｶﾊﾞｰ","","1","平蓋ゴムパッキン　ツバ付き","2026/10/16","福山通運　九州発送","2026/10/16","","未着手","","2026/10/16","製造"
"誠新産業　長崎★","九州工場","九州工場","2026/10/08","2026/10/08","26-J0152159-001-771","ZG0000","0.00","1,275.0","315.0","0.0","ZN 架台","","1","転倒防止架台　L50x50x6t　先メッキ　（L)(R)各1台","2026/10/16","福山通運　九州発送","2026/10/16","","未着手","","2026/10/16","製造"
"誠新産業　長崎★","九州工場","九州工場","2026/10/08","2026/10/08","26-J0152159-002-771","ZG0000","0.00","1,700.0","600.0","0.0","ZN 架台","","2","盤架台　L50x50x6t　先メッキ　（L)(R)各1台","2026/10/16","福山通運　九州発送","2026/10/16","","未着手","","2026/10/16","製造"
"三親電材　岡山★","九州工場","九州工場","2026/10/08","2026/10/08","26-J0152263-002-771","BE0000SG","1.60","800.0","450.0","600.0","国土 PBﾄｸ 平","","1","側面ｱｰｽ さび止め 2面蓋 開口･穴加工ｱﾘ","2026/10/16","福山通運　九州発送","2026/10/16","","未着手","","2026/10/16","製造"
"三親電材　岡山★","九州工場","九州工場","2026/10/08","2026/10/08","26-J0152263-001-771","BE0000SG","1.60","800.0","350.0","600.0","国土 PBﾄｸ 平","","1","側面ｱｰｽ さび止め 開口･穴加工ｱﾘ","2026/10/16","福山通運　九州発送","2026/10/16","","未着手","","2026/10/16","製造"
"中西電機　丸亀★","九州工場","九州工場","2026/10/08","2026/10/08","26-J0152316-001-771","IP0000SC","1.60","350.0","300.0","55.0","鉄 PBﾄｸ 平 焼付","N9.0(近似色)","3","8点ﾋﾞｽ止指定･開口･穴加工ｱﾘ","2026/10/16","福山通運　九州発送","2026/10/16","","曲げ","志田","2026/10/13","製造"
"中西電機　丸亀★","九州工場","九州工場","2026/10/08","2026/10/08","26-J0152316-002-771","30PLA","0.00","0.0","0.0","0.0","補修塗料 筆付","N9.0(近似色)","1","ﾌﾟﾗ30ml","2026/10/16","福山通運　九州発送","2026/10/16","","未着手","","","製造"
"米良電機　延岡★","九州工場","九州工場","2026/10/08","2026/10/08","26-J0152388-001-771","SE0000XC","1.50","400.0","400.0","150.0","SUS PBﾄｸ 水切 焼付","2.5Y9/1 近似色","1","ｱｰｽ","2026/10/16","佐川急便","2026/10/16","","切断","井上(隆)","2026/10/13","製造"
"三親電材　浜田★","九州工場","九州工場","2026/10/08","2026/10/08","26-J0152415-001-771","BE0000SC","1.60","700.0","300.0","300.0","国土 PBﾄｸ 平 焼付","2.5Y9/1(近似色)","1","側面ｱｰｽ 開口･穴加工ｱﾘ","2026/10/16","福山通運　九州発送","2026/10/16","","曲げ","志田","2026/10/13","製造"
"三親電材　浜田★","九州工場","九州工場","2026/10/08","2026/10/08","26-J0152415-003-771","BE3020SC","1.60","300.0","300.0","200.0","国土 PB 平 焼付","2.5Y9/1(近似色)","1","ｱｰｽ","2026/10/16","福山通運　九州発送","2026/10/16","","塗装","林(秀)","2026/10/13","製造"
"三親電材　浜田★","九州工場","九州工場","2026/10/08","2026/10/08","26-J0152415-002-771","BE2010SC","1.60","200.0","200.0","100.0","国土 PB 平 焼付","2.5Y9/1(近似色)","4","ｱｰｽ","2026/10/16","福山通運　九州発送","2026/10/16","","塗装","林(秀)","2026/10/13","製造"
"三親電材　浜田★","九州工場","九州工場","2026/10/08","2026/10/08","26-J0152415-004-771","BE2015SC","1.60","200.0","200.0","150.0","国土 PB 平 焼付","2.5Y9/1(近似色)","1","ｱｰｽ","2026/10/16","福山通運　九州発送","2026/10/16","","塗装","林(秀)","2026/10/13","製造"
"カンサイ　福岡城南★","九州工場","九州工場","2026/10/08","2026/10/08","26-J0152508-001-771","SP0000SC","1.50","600.0","400.0","200.0","SUS PBﾄｸ 平 焼付","5Y7/1 近似色","2","蓋面ﾌﾞﾗﾝｸ有り 開口有り","2026/10/15","ヤマックス福岡","2026/10/16","","曲げ","ラム","2026/10/13","製造"
"正二電気　岡山本社","九州工場","九州工場","2026/10/08","2026/10/08","26-J0152543-001-771","IIP0000C","1.60","480.0","300.0","0.0","鉄 ﾌﾟﾚｰﾄ 焼付","2.5Y9/1(近似色)","1","開口･穴加工ｱﾘ","2026/10/16","福山通運　九州発送","2026/10/16","","切断","森山","2026/10/13","製造"
"宮地ナショナル　尾道★","九州工場","九州工場","2026/10/09","2026/10/09","26-J0152803-002-771","IIP0000C","1.60","200.0","200.0","0.0","鉄 ﾌﾟﾚｰﾄ 焼付","N9.5 近似色","1","開口70x50　2-φ5","2026/10/16","福山通運　九州発送","2026/10/16","","CAD/CAM","熊谷","2026/10/13","製造"
"宮地ナショナル　尾道★","九州工場","九州工場","2026/10/09","2026/10/09","26-J0152803-001-771","IIP0000C","1.60","100.0","100.0","0.0","鉄 ﾌﾟﾚｰﾄ 焼付","N9.5 近似色","1","開口70x50　2-φ5","2026/10/16","福山通運　九州発送","2026/10/16","","CAD/CAM","熊谷","2026/10/13","製造"
"カンサイ南九州社★","九州工場","九州工場","2026/10/09","2026/10/09","26-J0152820-001-771","SE6060WN","1.50","600.0","600.0","600.0","SUS PB 被せ","","1","ｱｰｽ","2026/10/16","佐川急便","2026/10/16","","未着手","","2026/10/16","製造"
"ｹｲ･ｴｽ･ﾃﾞｰ　鹿児島★","九州工場","九州工場","2026/10/09","2026/10/09","26-J0152917-001-771","DE0000WC","1.60","250.0","160.0","50.0","Sﾀﾞｲﾏ PBﾄｸ 被せ 焼付","N1 艶消し 近似色","1","ｱｰｽ  蓋面開口183x93  台座145x50溶接","2026/10/16","佐川急便","2026/10/16","","未着手","","2026/10/13","製造"
"ｹｲ･ｴｽ･ﾃﾞｰ　熊本★","九州工場","九州工場","2026/10/09","2026/10/09","26-J0152984-001-771","IE2015SC","1.60","200.0","200.0","150.0","鉄 PB 平 焼付","5Y7/1 近似色","3","ｱｰｽ","2026/10/16","福山通運　九州発送","2026/10/16","","未着手","","2026/10/13","製造"
"カンサイ西九州社　佐世保★","九州工場","九州工場","2026/08/28","2026/08/28","26-J0119086-005-771","ZE0000XC","3.20","600.0","600.0","300.0","ZN PBﾄｸ 水切 焼付","色後で","1","◆HDZT49 ｱｰｽ 穴加工 側面開口 PB-E","2026/10/16","福山通運　九州発送","2026/10/19","","組立","金光","2026/09/09","製造"
"三親電材　水島★","九州工場","九州工場","2026/09/29","2026/09/29","26-J0142368-001-771","IE0000SC","1.60","190.0","170.0","80.0","鉄 PBﾄｸ 平 焼付","5Y9/1(近似色)","15","ｱｰｽ(位置指定) M4化粧ﾋﾞｽ･ﾍﾞｰｽ付･開口･穴加工ｱﾘ","2026/10/13","福山通運　九州発送","2026/10/19","","塗装","山口","2026/10/07","製造"
"三親電材　水島★","九州工場","九州工場","2026/09/29","2026/09/29","26-J0142368-005-771","IE0000SC","1.60","190.0","170.0","80.0","鉄 PBﾄｸ 平 焼付","5Y9/1(近似色)","15","ｱｰｽ(位置指定) M4化粧ﾋﾞｽ･ﾍﾞｰｽ付･開口･穴加工ｱﾘ","2026/10/19","福山通運　九州発送","2026/10/19","","切断","バック","2026/10/14","製造"
"三親電材　水島★","九州工場","九州工場","2026/09/29","2026/09/29","26-J0142368-004-771","IE0000SC","1.60","190.0","170.0","80.0","鉄 PBﾄｸ 平 焼付","5Y9/1(近似色)","15","ｱｰｽ(位置指定) M4化粧ﾋﾞｽ･ﾍﾞｰｽ付･開口･穴加工ｱﾘ","2026/10/16","福山通運　九州発送","2026/10/19","","曲げ","志田","2026/10/13","製造"
"三親電材　水島★","九州工場","九州工場","2026/09/29","2026/09/29","26-J0142368-003-771","IE0000SC","1.60","190.0","170.0","80.0","鉄 PBﾄｸ 平 焼付","5Y9/1(近似色)","15","ｱｰｽ(位置指定) M4化粧ﾋﾞｽ･ﾍﾞｰｽ付･開口･穴加工ｱﾘ","2026/10/15","福山通運　九州発送","2026/10/19","","溶接","フイ","2026/10/09","製造"
"三親電材　水島★","九州工場","九州工場","2026/09/29","2026/09/29","26-J0142368-002-771","IE0000SC","1.60","190.0","170.0","80.0","鉄 PBﾄｸ 平 焼付","5Y9/1(近似色)","15","ｱｰｽ(位置指定) M4化粧ﾋﾞｽ･ﾍﾞｰｽ付･開口･穴加工ｱﾘ","2026/10/14","福山通運　九州発送","2026/10/19","","仕上","三澄","2026/10/08","製造"
"イシグロ　鹿児島★","九州工場","九州工場","2026/10/01","2026/10/01","26-J0145594-001-771","ZKM0000","6.50","250.0","75.0","150.0","ZN 金物","","5","SS-C-6.5x75x150　穴加工 65A用","2026/10/19","福山通運　九州発送","2026/10/19","","外注","奈木野","2026/10/09","製造"
"イシグロ　鹿児島★","九州工場","九州工場","2026/10/01","2026/10/01","26-J0145594-002-771","ZKM0000","6.50","250.0","75.0","150.0","ZN 金物","","5","SS-C-6.5x75x150　穴加工 100A用","2026/10/19","福山通運　九州発送","2026/10/19","","外注","奈木野","2026/10/09","製造"
"ナミデン　福岡★","九州工場","九州工場","2026/10/02","2026/10/02","26-J0146063-001-771","SDC0000C","2.00","1,500.0","350.0","2,900.0","SUS ﾀﾞｸﾄｶﾊﾞｰ 焼付","N-85 全艶 近似色","1","","2026/10/16","ヤマックス　ｽﾎﾟｯﾄ便","2026/10/19","","溶接","恒川","2026/10/09","製造"
"イシグロ　宮崎★","九州工場","九州工場","2026/10/02","2026/10/02","26-J0146400-003-771","IBG0000C","0.00","250.0","250.0","1,000.0","鉄 防球ガード 焼付","2.5Y9/1 近似色","5","配管ガード","2026/10/16","佐川急便","2026/10/19","","未着手","","2026/10/09","製造"
"佐野電機工業","九州工場","九州工場","2026/10/05","2026/10/05","26-J0147628-003-771","BE3020SC","1.60","300.0","300.0","200.0","国土 PB 平 焼付","2.5Y9/1(近似色)","8","ｱｰｽ","2026/10/16","福山通運　九州発送","2026/10/19","","曲げ","志田","2026/10/13","製造"
"佐野電機工業","九州工場","九州工場","2026/10/05","2026/10/05","26-J0147628-001-771","BE2010SC","1.60","200.0","200.0","100.0","国土 PB 平 焼付","2.5Y9/1(近似色)","6","ｱｰｽ","2026/10/15","福山通運　九州発送","2026/10/19","","未着手","","","加工"
"佐野電機工業","九州工場","九州工場","2026/10/05","2026/10/05","26-J0147628-002-771","BE2020SC","1.60","200.0","200.0","200.0","国土 PB 平 焼付","2.5Y9/1(近似色)","1","ｱｰｽ","2026/10/15","福山通運　九州発送","2026/10/19","","仕上","山口","2026/10/09","製造"
"米良電機　西★","九州工場","九州工場","2026/10/05","2026/10/05","26-J0148337-001-771","ZE0000XA","2.30","300.0","300.0","300.0","ZN PBﾄｸ 水切","","1","◆HDZT-49  ｱｰｽ 足付L4x50(φ12)x4 G22ｶｯﾌﾟﾘﾝｸﾞx2","2026/10/16","佐川急便","2026/10/19","","外注","バン","2026/10/07","製造"
"イシグロ　宮崎★","九州工場","九州工場","2026/10/05","2026/10/05","26-J0148634-002-771","ZG0000","0.00","2,000.0","1,130.0","500.0","ZN 架台","","2","室内機用架台　L50x50x4t","2026/10/16","チャーター便","2026/10/19","","溶接","ゴック","2026/10/09","製造"
"イシグロ　宮崎★","九州工場","九州工場","2026/10/05","2026/10/05","26-J0148634-007-771","ZG0000","0.00","2,000.0","1,130.0","500.0","ZN 架台","","3","室内機用架台 L50x50x4t","2026/10/16","チャーター便","2026/10/19","","溶接","ゴック","2026/10/13","製造"
"シンセイ　福山★","九州工場","九州工場","2026/10/06","2026/10/06","26-J0148876-001-771","SE0000XC","1.50","300.0","300.0","200.0","SUS PBﾄｸ 水切 焼付","2.5Y9/1 近似色","10","ｱｰｽ 封印ビス(対角２箇所)付","2026/10/19","福山通運　九州発送","2026/10/19","","切断","岩本","2026/10/14","製造"
"ナミデン　山口★","九州工場","九州工場","2026/10/06","2026/10/06","26-J0148878-003-771","ZE0000XA","2.30","150.0","150.0","100.0","ZN PBﾄｸ 水切","","4","ｱｰｽ 足付 2-φ21.6　水抜穴2-φ10","2026/10/19","福山通運　九州発送","2026/10/19","","曲げ","志田","2026/10/09","製造"
"ナミデン　山口★","九州工場","九州工場","2026/10/06","2026/10/06","26-J0148878-001-771","ZE0000XA","2.30","150.0","150.0","100.0","ZN PBﾄｸ 水切","","1","ｱｰｽ 足付 2-φ21.6　水抜穴2-φ10","2026/10/19","福山通運　九州発送","2026/10/19","","溶接","フイ","2026/10/09","製造"
"ナミデン　山口★","九州工場","九州工場","2026/10/06","2026/10/06","26-J0148878-002-771","ZE0000XA","2.30","300.0","150.0","100.0","ZN PBﾄｸ 水切","","1","ｱｰｽ 足付 φ21.6　水抜穴2-φ10","2026/10/19","福山通運　九州発送","2026/10/19","","溶接","フイ","2026/10/09","製造"
"ナミデン　山口★","九州工場","九州工場","2026/10/06","2026/10/06","26-J0148878-004-771","ZE0000XA","2.30","150.0","150.0","100.0","ZN PBﾄｸ 水切","","1","ｱｰｽ 足付 φ21.6　水抜穴2-φ10","2026/10/19","福山通運　九州発送","2026/10/19","","曲げ","志田","2026/10/09","製造"
"カンサイ　熊本★","九州工場","九州工場","2026/10/06","2026/10/06","26-J0149283-002-771","SE0000WN","2.00","800.0","600.0","500.0","SUS PBﾄｸ 被せ","","1","ｱｰｽ","2026/10/19","福山通運　九州発送","2026/10/19","","未着手","","2026/10/19","製造"
"カンサイ　熊本★","九州工場","九州工場","2026/10/06","2026/10/06","26-J0149283-001-771","SE6050WN","1.50","600.0","600.0","500.0","SUS PB 被せ","","1","ｱｰｽ","2026/10/19","福山通運　九州発送","2026/10/19","","未着手","","2026/10/19","製造"
"かごしま電工　南★","九州工場","九州工場","2026/10/06","2026/10/06","26-J0149568-003-771","ZE1515X2W","2.30","150.0","150.0","150.0","ZN PB 水切","","1","HDZT49 ｱｰｽ 内ﾜﾆｽ 足付 L3x30(φ12)x4","2026/10/19","佐川急便","2026/10/19","","外注","バン","2026/10/08","製造"
"かごしま電工　南★","九州工場","九州工場","2026/10/06","2026/10/06","26-J0149568-002-771","ZE3020X2W","2.30","300.0","300.0","200.0","ZN PB 水切","","1","HDZT49 ｱｰｽ 内ﾜﾆｽ 足付 L3x40(φ12)x4","2026/10/19","佐川急便","2026/10/19","","外注","バン","2026/10/08","製造"
"かごしま電工　南★","九州工場","九州工場","2026/10/06","2026/10/06","26-J0149568-001-771","ZE4020X2W","2.30","400.0","400.0","200.0","ZN PB 水切","","1","HDZT49 ｱｰｽ 内ﾜﾆｽ 足付 L4x50(φ12)x4","2026/10/19","佐川急便","2026/10/19","","外注","テイン","2026/10/08","製造"
"かごしま電工　南★","九州工場","九州工場","2026/10/06","2026/10/06","26-J0149568-004-771","ZE3535X2W","2.30","350.0","350.0","350.0","ZN PB 水切","","1","HDZT49 ｱｰｽ 内ﾜﾆｽ 足付 L4x50(φ12)x4","2026/10/19","佐川急便","2026/10/19","","外注","テイン","2026/10/08","製造"
"三共電気　本社★","九州工場","九州工場","2026/10/06","2026/10/06","26-J0150040-001-771","SMK0000C","2.00","2,000.0","250.0","215.0","SUS 曲金物 焼付","5Y7/1 近似色","1","L型　8-φ8　切欠60x60","2026/10/16","ヤマックス福岡","2026/10/19","","曲げ","道上","2026/10/13","製造"
"三共電気　本社★","九州工場","九州工場","2026/10/06","2026/10/06","26-J0150040-002-771","SMK0000C","2.00","2,000.0","250.0","195.0","SUS 曲金物 焼付","5Y7/1 近似色","1","L型　8-φ8　切欠40x40","2026/10/16","ヤマックス福岡","2026/10/19","","曲げ","道上","2026/10/13","製造"
"Q-mast　電気グル－プ★","九州工場","九州工場","2026/10/06","2026/10/06","26-J0150066-002-771","ZTG0000","0.00","430.0","200.0","250.0","ZN 耐震架台","","2","L65x65x6  床用架台","2026/10/16","ヤマックス　ｽﾎﾟｯﾄ便","2026/10/19","","溶接","クイ","2026/10/09","製造"
"中電プラント　岩国総合技術C★","九州工場","九州工場","2026/10/07","2026/10/07","26-J0150664-001-771","Z02000S","2.30","848.0","298.0","0.0","ZN ふたﾄｸ","","1","平ふた ﾀﾞﾙﾏ穴 穴加工ｱﾘ","2026/10/19","福山通運　九州発送","2026/10/19","","外注","森山","2026/10/08","製造"
"東芝電材　益田★","九州工場","九州工場","2026/10/07","2026/10/07","26-J0150795-003-771","SI0000N","1.50","300.0","300.0","0.0","SUS 切板","","1","","2026/10/19","福山通運　九州発送","2026/10/19","","未着手","","2026/10/19","製造"
"大洋電材　本社★","九州工場","九州工場","2026/10/07","2026/10/07","26-J0150837-001-771","ZP3015X2","2.30","300.0","300.0","150.0","ZN PB 水切","","1","","2026/10/16","北九州配達","2026/10/19","","溶接","フイ","2026/10/08","製造"
"かごしま電工　南★","九州工場","九州工場","2026/10/07","2026/10/07","26-J0151179-009-771","BE3535SCW","1.60","350.0","350.0","350.0","国土 PB 平 焼付","2.5Y9/1 近似色","6","ｱｰｽ  内ﾜﾆｽ","2026/10/19","福山通運　九州発送","2026/10/19","","曲げ","志田","2026/10/13","製造"
"かごしま電工　南★","九州工場","九州工場","2026/10/07","2026/10/07","26-J0151179-008-771","BE3030SCW","1.60","300.0","300.0","300.0","国土 PB 平 焼付","2.5Y9/1 近似色","2","ｱｰｽ  内ﾜﾆｽ","2026/10/16","福山通運　九州発送","2026/10/19","","溶接","フイ","2026/10/09","製造"
"かごしま電工　南★","九州工場","九州工場","2026/10/07","2026/10/07","26-J0151179-010-771","BE4040SCW","1.60","400.0","400.0","400.0","国土 PB 平 焼付","2.5Y9/1 近似色","4","ｱｰｽ  内ﾜﾆｽ","2026/10/16","福山通運　九州発送","2026/10/19","","溶接","フイ","2026/10/09","製造"
"日本電設資材　福岡★","九州工場","九州工場","2026/10/07","2026/10/07","26-J0151388-003-771","IG0000G","6.00","200.0","50.0","850.0","鉄 架台","","37","さび止め SS-L-50x50x6t","2026/10/16","ヤマックス　ｽﾎﾟｯﾄ便","2026/10/19","","溶接","ズオン","2026/10/13","製造"
"日本電設資材　福岡★","九州工場","九州工場","2026/10/07","2026/10/07","26-J0151388-002-771","IG0000G","6.00","200.0","50.0","850.0","鉄 架台","","8","さび止め SS-L-50x50x6t","2026/10/16","ヤマックス　ｽﾎﾟｯﾄ便","2026/10/19","","溶接","ズオン","2026/10/09","製造"
"日本電設資材　福岡★","九州工場","九州工場","2026/10/07","2026/10/07","26-J0151388-001-771","IG0000G","6.00","200.0","50.0","850.0","鉄 架台","","29","さび止め SS-L-50x50x6t","2026/10/16","ヤマックス　ｽﾎﾟｯﾄ便","2026/10/19","","溶接","ズオン","2026/10/09","製造"
"シンセイ　広島第一★","九州工場","九州工場","2026/10/08","2026/10/08","26-J0151806-001-771","ZE1515X2","2.30","150.0","150.0","150.0","ZN PB 水切","","1","ｱｰｽ","2026/10/19","福山通運　九州発送","2026/10/19","","溶接","フイ","2026/10/09","製造"
"正和電材　佐世保★","九州工場","九州工場","2026/10/08","2026/10/08","26-J0151902-001-771","ZE2525X2","2.30","250.0","250.0","250.0","ZN PB 水切","","1","HDZT49 ｱｰｽ","2026/10/19","佐川急便","2026/10/19","","溶接","フイ","2026/10/09","製造"
"ナミデン　山口★","九州工場","九州工場","2026/10/08","2026/10/08","26-J0151962-001-771","ZKM0000","2.30","180.0","170.0","20.0","ZN 金物","","1","L型ｾﾊﾟﾚｰﾀ金物 200x200x200用","2026/10/19","福山通運　九州発送","2026/10/19","","外注","志田","2026/10/09","製造"
"東芝電材　下関★","九州工場","九州工場","2026/10/08","2026/10/08","26-J0152105-001-771","IIP0000C","1.60","700.0","500.0","0.0","鉄 ﾌﾟﾚｰﾄ 焼付","N9.5 近似色","30","枠形 開口450x450","2026/10/16","福山通運　九州発送","2026/10/19","","切断","バック","2026/10/13","製造"
"東芝電材　下関★","九州工場","九州工場","2026/10/08","2026/10/08","26-J0152105-003-771","IIP0000C","1.60","700.0","500.0","0.0","鉄 ﾌﾟﾚｰﾄ 焼付","N9.5 近似色","35","枠形 開口450x450","2026/10/19","福山通運　九州発送","2026/10/19","","切断","林(浩)","2026/10/14","製造"
"ナミデン　福岡★","九州工場","九州工場","2026/10/08","2026/10/08","26-J0152155-003-771","DI0000C","1.60","500.0","200.0","0.0","Sﾀﾞｲﾏ 切板 焼付","N-90 近似色","1","吊穴不可","2026/10/16","ヤマックス福岡","2026/10/19","","切断","岩本","2026/10/09","製造"
"ナミデン　福岡★","九州工場","九州工場","2026/10/08","2026/10/08","26-J0152155-001-771","DI0000C","1.60","250.0","150.0","0.0","Sﾀﾞｲﾏ 切板 焼付","N-90 近似色","1","吊穴不可","2026/10/16","ヤマックス福岡","2026/10/19","","切断","岩本","2026/10/09","製造"
"ナミデン　福岡★","九州工場","九州工場","2026/10/08","2026/10/08","26-J0152155-004-771","DI0000C","1.60","400.0","200.0","0.0","Sﾀﾞｲﾏ 切板 焼付","N-90 近似色","1","吊穴不可","2026/10/16","ヤマックス福岡","2026/10/19","","切断","森山","2026/10/09","製造"
"ナミデン　福岡★","九州工場","九州工場","2026/10/08","2026/10/08","26-J0152155-002-771","DI0000C","1.60","250.0","170.0","0.0","Sﾀﾞｲﾏ 切板 焼付","N-90 近似色","1","吊穴不可","2026/10/16","ヤマックス福岡","2026/10/19","","切断","岩本","2026/10/09","製造"
"木村電機　本社★","九州工場","九州工場","2026/10/08","2026/10/08","26-J0152359-002-771","SE2020XC","1.50","200.0","200.0","200.0","SUS PB 水切 焼付","LN-75 近似色","1","ｱｰｽ","2026/10/16","佐川急便","2026/10/19","","未着手","","","加工"
"木村電機　本社★","九州工場","九州工場","2026/10/08","2026/10/08","26-J0152359-001-771","SE2020XC","1.50","200.0","200.0","200.0","SUS PB 水切 焼付","L19-90C 近似色","3","ｱｰｽ","2026/10/16","佐川急便","2026/10/19","","未着手","","","加工"
"木村電機　本社★","九州工場","九州工場","2026/10/08","2026/10/08","26-J0152359-003-771","SE3020XC","1.50","300.0","300.0","200.0","SUS PB 水切 焼付","L19-90C 近似色","2","ｱｰｽ","2026/10/16","佐川急便","2026/10/19","","未着手","","","加工"
"木村電機　本社★","九州工場","九州工場","2026/10/08","2026/10/08","26-J0152359-004-771","SE3030XC","1.50","300.0","300.0","300.0","SUS PB 水切 焼付","L19-90C 近似色","3","ｱｰｽ","2026/10/19","佐川急便","2026/10/19","","未着手","","2026/10/14","製造"
"木村電機　本社★","九州工場","九州工場","2026/10/08","2026/10/08","26-J0152359-005-771","SE4020XC","1.50","400.0","400.0","200.0","SUS PB 水切 焼付","L19-90C 近似色","2","ｱｰｽ","2026/10/19","佐川急便","2026/10/19","","未着手","","2026/10/14","製造"
"イシグロ　鹿児島★","九州工場","九州工場","2026/10/08","2026/10/08","26-J0152567-001-771","SG0000N","6.00","50.0","200.0","300.0","SUS 架台","","16","生地　SUS-L-50x50x6　穴加工","2026/10/19","福山通運　九州発送","2026/10/19","","未着手","","2026/10/19","製造"
"ナミデン　山口★","九州工場","九州工場","2026/10/08","2026/10/08","26-J0152687-001-771","IBG0000C","0.00","220.0","170.0","50.0","鉄 防球ガード 焼付","N9.5 近似色","2","コンセント用ガード　ベース2.3ｔ　丸鋼φ6","2026/10/19","福山通運　九州発送","2026/10/19","","CAD/CAM","熊谷","2026/10/14","製造"
"ｹｲ･ｴｽ･ﾃﾞｰ　鹿児島★","九州工場","九州工場","2026/10/09","2026/10/09","26-J0152801-001-771","SE3020XCW","1.50","300.0","300.0","200.0","SUS PB 水切 焼付","5Y7/1 近似色","1","ｱｰｽ 内ﾜﾆｽ","2026/10/19","佐川急便","2026/10/19","","未着手","","2026/10/13","製造"
"大成商会　松山★","九州工場","九州工場","2026/10/09","2026/10/09","26-J0152981-001-771","IPA0000C","0.00","201.0","0.0","0.0","鉄 ﾎﾟｰﾙｱﾀﾞﾌﾟﾀｰ 焼付","05-20B","6","SGP90A PLt4.2","2026/10/19","福山通運　九州発送","2026/10/19","","未着手","","2026/10/14","製造"
"平岡電気　福岡中央★","九州工場","九州工場","2026/10/09","2026/10/09","26-J0153044-001-771","ZKM0000","4.50","200.0","50.0","960.0","ZN 金物","","1","","2026/10/19","ヤマックス福岡","2026/10/19","","未着手","","2026/10/13","製造"
"シンセイ　広島第二★","九州工場","九州工場","2026/07/27","2026/07/27","26-J0094371-001-771","SD0000N","2.00","250.0","150.0","4,000.0","SUS ﾀﾞｸﾄ","","2","ｱｰｽ 平蓋 SUSD15溶接","2026/10/19","福山通運　九州発送","2026/10/20","","未着手","","2026/10/16","製造"
"杉本電機　広島★","九州工場","九州工場","2026/09/16","2026/09/16","26-J0134035-002-771","ZST0000","0.00","3,000.0","0.0","0.0","ZN ｽﾀﾝｼｮﾝ","","1","HDZT63 125A ﾍﾞｰｽt12-600x600 4-φ20 ﾘﾌﾞt4.5 φ14","2026/10/15","チャーター便","2026/10/20","","溶接","クイ","2026/10/05","製造"
"宮地電機　松山","九州工場","九州工場","2026/09/28","2026/09/28","26-J0140948-001-771","ZCPL0000","4.50","500.0","450.0","300.0","ZN 縞鋼板","","1","HDZT49 ｱﾝｸﾞﾙ付","2026/10/20","福山通運　九州発送","2026/10/20","","切断","森山","2026/10/13","製造"
"新光産業　中部","九州工場","九州工場","2026/10/01","2026/10/01","26-J0144890-001-771","ZX0000","3.20","1,200.0","600.0","100.0","ZN その他","","1","□75x3.2t FB3tx50w PL6t 取付穴 固定金具","2026/10/14","イトカツ","2026/10/20","2026/10/14","溶接","ゴック","2026/10/07","製造"
"平岡電気　福岡南★","九州工場","九州工場","2026/10/01","2026/10/01","26-J0145442-001-771","SP0000WN","1.50","600.0","300.0","300.0","SUS PBﾄｸ 被せ","","1","","2026/10/16","ヤマックス福岡","2026/10/20","","未着手","","2026/10/16","製造"
"Q-mast　電気グル－プ★","九州工場","九州工場","2026/10/02","2026/10/02","26-J0146553-001-771","DD0000N","1.60","200.0","300.0","4,250.0","Sﾀﾞｲﾏ ﾀﾞｸﾄ","","1","3分割","2026/10/20","福山通運　九州発送","2026/10/20","","未着手","","2026/10/19","製造"
"Q-mast　電気グル－プ★","九州工場","九州工場","2026/10/02","2026/10/02","26-J0146560-003-771","DD0000N","1.60","200.0","300.0","4,000.0","Sﾀﾞｲﾏ ﾀﾞｸﾄ","","1","/1300 3分割　平蓋【6FL】","2026/10/20","福山通運　九州発送","2026/10/20","","未着手","","2026/10/19","製造"
"東芝電材　鳥取★","九州工場","九州工場","2026/10/05","2026/10/05","26-J0147144-001-771","SE3020XNA","1.50","300.0","300.0","200.0","SUS PB 水切","","1","ｱｰｽ 足付4-L3x40 12Φ","2026/10/20","福山通運　九州発送","2026/10/20","","未着手","","2026/10/20","製造"
"佐野電機工業","九州工場","九州工場","2026/10/05","2026/10/05","26-J0148418-004-771","BE0000SC","1.60","200.0","200.0","200.0","国土 PBﾄｸ 平 焼付","2.5Y9/1(近似色)","1","ｱｰｽ ｾﾝﾀ-直線ｾﾊﾟﾚｰﾄ付き","2026/10/15","福山通運　九州発送","2026/10/20","","溶接","フイ","2026/10/09","製造"
"佐野電機工業","九州工場","九州工場","2026/10/05","2026/10/05","26-J0148418-001-771","BE0000SC","1.60","200.0","200.0","100.0","国土 PBﾄｸ 平 焼付","2.5Y9/1(近似色)","8","ｱｰｽ ｾﾝﾀ-直線ｾﾊﾟﾚｰﾄ付き","2026/10/16","福山通運　九州発送","2026/10/20","","曲げ","志田","2026/10/13","製造"
"佐野電機工業","九州工場","九州工場","2026/10/05","2026/10/05","26-J0148418-006-771","BE0000SC","1.60","200.0","200.0","100.0","国土 PBﾄｸ 平 焼付","2.5Y9/1(近似色)","10","ｱｰｽ ｾﾝﾀ-直線ｾﾊﾟﾚｰﾄ付き","2026/10/19","福山通運　九州発送","2026/10/20","","未着手","","2026/10/14","製造"
"佐野電機工業","九州工場","九州工場","2026/10/05","2026/10/05","26-J0148418-005-771","BE0000SC","1.60","300.0","300.0","200.0","国土 PBﾄｸ 平 焼付","2.5Y9/1(近似色)","3","ｱｰｽ ｾﾝﾀ-直線ｾﾊﾟﾚｰﾄ付き","2026/10/15","福山通運　九州発送","2026/10/20","","溶接","フイ","2026/10/09","製造"
"木村電機　菊陽★","九州工場","九州工場","2026/10/06","2026/10/06","26-J0148664-002-771","ZP3520X2","2.30","350.0","350.0","200.0","ZN PB 水切","","1","","2026/10/19","福山通運　九州発送","2026/10/20","","溶接","フイ","2026/10/09","製造"
"木村電機　菊陽★","九州工場","九州工場","2026/10/06","2026/10/06","26-J0148664-001-771","ZP6030X3","3.20","600.0","600.0","300.0","ZN PB 水切","","1","","2026/10/19","福山通運　九州発送","2026/10/20","","溶接","フイ","2026/10/09","製造"
"シンセイ　福山★","九州工場","九州工場","2026/10/06","2026/10/06","26-J0148892-003-771","SE0000XC","1.50","400.0","400.0","300.0","SUS PBﾄｸ 水切 焼付","2.5Y9/1 近似色","8","ｱｰｽ 封印ビス(対角２箇所)付","2026/10/20","福山通運　九州発送","2026/10/20","","CAD/CAM","熊谷","2026/10/15","製造"
"日本電設資材　福岡★","九州工場","九州工場","2026/10/06","2026/10/06","26-J0149203-001-771","II0000C","1.60","250.0","250.0","0.0","鉄 切板 焼付","N9.5 近似色","45","吊穴不可","2026/10/19","ヤマックス福岡","2026/10/20","","保留","－","2026/10/09","製造"
"クリエイト　長崎★","九州工場","九州工場","2026/10/06","2026/10/06","26-J0149401-013-771","ZG0000","0.00","0.0","0.0","200.0","ZN 架台","","2","HDZT-77  SS400-FB-75x6t 加工 　側点5.6","2026/10/20","福山通運　九州発送","2026/10/20","","曲げ","道上","2026/10/13","製造"
"クリエイト　長崎★","九州工場","九州工場","2026/10/06","2026/10/06","26-J0149401-001-771","ZG0000","0.00","0.0","0.0","200.0","ZN 架台","","2","HDZT-77  SS400-FB-75x6t 加工 　側点1.2","2026/10/20","福山通運　九州発送","2026/10/20","","曲げ","道上","2026/10/13","製造"
"クリエイト　長崎★","九州工場","九州工場","2026/10/06","2026/10/06","26-J0149401-016-771","ZG0000","22.00","0.0","45.0","65.0","ZN 架台","","4","HDZT-77  SS-22t 加工 　側点7.8.9.10","2026/10/20","福山通運　九州発送","2026/10/20","","曲げ","道上","2026/10/13","製造"
"クリエイト　長崎★","九州工場","九州工場","2026/10/06","2026/10/06","26-J0149401-006-771","ZG0000","0.00","200.0","200.0","850.0","ZN 架台","","1","HDZT-77  H100X50X5/7　側点3","2026/10/20","福山通運　九州発送","2026/10/20","","切断","森山","2026/10/13","製造"
"クリエイト　長崎★","九州工場","九州工場","2026/10/06","2026/10/06","26-J0149401-007-771","ZG0000","0.00","200.0","200.0","855.0","ZN 架台","","1","HDZT-77  H100X50X5/7　側点4","2026/10/20","福山通運　九州発送","2026/10/20","","切断","森山","2026/10/13","製造"
"クリエイト　長崎★","九州工場","九州工場","2026/10/06","2026/10/06","26-J0149401-014-771","ZG0000","22.00","0.0","45.0","65.0","ZN 架台","","2","HDZT-77  SS-22t 加工 　側点5.6","2026/10/20","福山通運　九州発送","2026/10/20","","曲げ","道上","2026/10/13","製造"
"クリエイト　長崎★","九州工場","九州工場","2026/10/06","2026/10/06","26-J0149401-002-771","ZG0000","22.00","0.0","45.0","65.0","ZN 架台","","2","HDZT-77  SS-22t 加工 　側点1.2","2026/10/20","福山通運　九州発送","2026/10/20","","曲げ","道上","2026/10/13","製造"
"クリエイト　長崎★","九州工場","九州工場","2026/10/06","2026/10/06","26-J0149401-015-771","ZG0000","0.00","0.0","0.0","200.0","ZN 架台","","4","HDZT-77  SS400-FB-75x6t 加工 　側点7.8.9.10","2026/10/20","福山通運　九州発送","2026/10/20","","曲げ","道上","2026/10/13","製造"
"イシグロ　沖縄★","九州工場","九州工場","2026/10/06","2026/10/06","26-J0149416-001-771","ZG0000","6.00","620.0","700.0","50.0","ZN 架台","","1","L-50x6t 補強ﾘﾌﾞ6t 取付穴　Ｌ","2026/10/14","イトカツ","2026/10/20","2026/10/14","溶接","クイ","2026/10/07","製造"
"イシグロ　沖縄★","九州工場","九州工場","2026/10/06","2026/10/06","26-J0149416-002-771","ZG0000","6.00","620.0","700.0","50.0","ZN 架台","","1","L-50x6t 補強ﾘﾌﾞ6t 取付穴　Ｒ","2026/10/14","イトカツ","2026/10/20","2026/10/14","溶接","クイ","2026/10/07","製造"
"クリエイト　長崎★","九州工場","九州工場","2026/10/06","2026/10/06","26-J0149443-005-771","IG0000N","0.00","500.0","75.0","0.0","鉄 架台","","2","SS400-FB75x6t  ｻﾋﾞ生地　　側点7","2026/10/20","福山通運　九州発送","2026/10/20","","未着手","","2026/10/20","製造"
"クリエイト　長崎★","九州工場","九州工場","2026/10/06","2026/10/06","26-J0149443-009-771","IG0000N","0.00","0.0","0.0","300.0","鉄 架台","","1","連結用　L-75X75X6t　ｻﾋﾞ生地　　側点3.4連結用","2026/10/20","福山通運　九州発送","2026/10/20","","未着手","","2026/10/20","製造"
"カンサイ　福岡西★","九州工場","九州工場","2026/10/06","2026/10/06","26-J0149836-001-771","IG0000G","6.00","300.0","150.0","300.0","鉄 架台","","10","さび止め SS-L-50x50x6t　穴加工 左右ｾｯﾄ　1F-5F","2026/10/19","ヤマックス福岡","2026/10/20","","未着手","","2026/10/14","製造"
"カンサイ　福岡西★","九州工場","九州工場","2026/10/06","2026/10/06","26-J0149836-005-771","IG0000G","6.00","300.0","150.0","1,800.0","鉄 架台","","4","さび止め SS-L-65x65x6t　穴加工 左右ｾｯﾄ　2F","2026/10/19","ヤマックス福岡","2026/10/20","","未着手","","2026/10/15","製造"
"カンサイ　福岡西★","九州工場","九州工場","2026/10/06","2026/10/06","26-J0149836-002-771","IG0000G","6.00","300.0","150.0","300.0","鉄 架台","","6","さび止め SS-L-50x50x6t　穴加工 左右ｾｯﾄ　1F-5F","2026/10/19","ヤマックス福岡","2026/10/20","","未着手","","2026/10/15","製造"
"カワショウ★","九州工場","九州工場","2026/10/06","2026/10/06","26-J0149852-001-771","ZG0000","6.00","500.0","500.0","500.0","ZN 架台","","1","HDZT-77 三角支え付 L-50x50x6t 6-φ15","2026/10/20","佐川急便","2026/10/20","","切断","奈木野","2026/10/13","製造"
"新光産業　北","九州工場","九州工場","2026/10/06","2026/10/06","26-J0149921-001-771","AD0000N","2.00","1,000.0","250.0","350.0","ｱﾙﾐ ﾀﾞｸﾄ","","1","平蓋２分分割 ｱｰｽ 支持棒","2026/10/13","イトカツ","2026/10/20","2026/10/13","溶接","カイ","2026/10/09","製造"
"正二電気　備前★","九州工場","九州工場","2026/10/06","2026/10/06","26-J0150034-002-771","ZBC0000","0.00","500.0","500.0","50.0","ZN ﾌﾞﾗｹｯﾄ","","7","HDZT-77 ｱﾝｸﾞﾙ","2026/10/20","福山通運　九州発送","2026/10/20","","溶接","クイ","2026/10/09","製造"
"正二電気　備前★","九州工場","九州工場","2026/10/06","2026/10/06","26-J0150034-001-771","ZG0000","0.00","500.0","500.0","500.0","ZN 架台","","7","HDZT-77 ｱﾝｸﾞﾙ","2026/10/20","福山通運　九州発送","2026/10/20","","切断","奈木野","2026/10/13","製造"
"因幡電機　熊本(415)","九州工場","九州工場","2026/10/07","2026/10/07","26-J0150446-001-771","IG0000C","0.00","600.0","215.0","200.0","鉄 架台 焼付","","1","L50x50x6t ﾍﾞｰｽ6.0t　穴加工","2026/10/20","福山通運　九州発送","2026/10/20","","未着手","","2026/10/15","製造"
"タツミ電材　佐賀本社★","九州工場","九州工場","2026/10/07","2026/10/07","26-J0150497-001-771","ZG0000","6.00","450.0","0.0","0.0","ZN 架台","","3","HDZT77 溝形鋼125x65x6x8 TW溶接x2 φ13x5 長穴x3","2026/10/20","佐川急便","2026/10/20","","切断","バック","2026/10/13","製造"
"不二電機　藤井寺★","九州工場","九州工場","2026/10/07","2026/10/07","26-J0150563-001-771","ZP0000W","3.20","600.0","600.0","250.0","ZN PBﾄｸ 被せ","","1","開口ｱﾘ","2026/10/20","福山通運　九州発送","2026/10/20","","外注","志田","2026/10/13","製造"
"Q-mast　電気グル－プ★","九州工場","九州工場","2026/10/07","2026/10/07","26-J0150611-002-771","DC0000N","2.30","1,200.0","300.0","800.0","Sﾀﾞｲﾏ ｶﾊﾞｰ","","1","平蓋パッキン付き　脱着式サン","2026/10/20","福山通運　九州発送","2026/10/20","","未着手","","2026/10/20","製造"
"Q-mast　電気グル－プ★","九州工場","九州工場","2026/10/07","2026/10/07","26-J0150611-001-771","DC0000N","2.30","1,200.0","300.0","600.0","Sﾀﾞｲﾏ ｶﾊﾞｰ","","1","平蓋パッキン付き　外ｺｰｷﾝｸﾞ代　脱着式サン","2026/10/20","福山通運　九州発送","2026/10/20","","未着手","","2026/10/20","製造"
"シンセイ　広島第一★","九州工場","九州工場","2026/10/07","2026/10/07","26-J0150666-002-771","IPCP0000C","4.50","560.0","250.0","0.0","鉄 ｼﾏﾋﾟｯﾄ蓋 焼付","N-5 近似色","1","縞鋼板 補強FB9x25　2-φ30","2026/10/20","福山通運　九州発送","2026/10/20","","未着手","","2026/10/14","製造"
"シンセイ　広島第一★","九州工場","九州工場","2026/10/07","2026/10/07","26-J0150666-004-771","ID0000C","1.60","250.0","150.0","730.0","鉄 ﾀﾞｸﾄ 焼付","N2 近似色","1","正面平蓋 ｱｰｽ/支持棒/ｾﾊﾟﾚｰﾀ溶接　ﾌﾗﾝｼﾞ付","2026/10/20","福山通運　九州発送","2026/10/20","","切断","林(浩)","2026/10/14","製造"
"シンセイ　広島第一★","九州工場","九州工場","2026/10/07","2026/10/07","26-J0150666-003-771","IPCP0000C","4.50","530.0","250.0","0.0","鉄 ｼﾏﾋﾟｯﾄ蓋 焼付","N-5 近似色","1","縞鋼板 補強FB9x25　","2026/10/20","福山通運　九州発送","2026/10/20","","未着手","","2026/10/14","製造"
"シンセイ　広島第一★","九州工場","九州工場","2026/10/07","2026/10/07","26-J0150666-001-771","IPCP0000C","4.50","560.0","250.0","0.0","鉄 ｼﾏﾋﾟｯﾄ蓋 焼付","N-5 近似色","2","縞鋼板 補強FB9x25　","2026/10/20","福山通運　九州発送","2026/10/20","","切断","林(浩)","2026/10/14","製造"
"アサヒ　本社","九州工場","九州工場","2026/10/08","2026/10/08","26-J0151644-001-771","SE0000SC","1.50","500.0","400.0","300.0","SUS PBﾄｸ 平 焼付","2.5Y9/1","1","ｱｰｽ ﾊﾟｯｷﾝ付","2026/10/13","イトカツ","2026/10/20","2026/10/13","塗装","山口","2026/10/08","製造"
"Q-mast　電気グル－プ★","九州工場","九州工場","2026/10/08","2026/10/08","26-J0151992-001-771","ZG0000","0.00","430.0","300.0","250.0","ZN 架台","","6","L65x65x6  16階ｹｰﾌﾞﾙﾗｯｸ架台","2026/10/19","ヤマックス　ｽﾎﾟｯﾄ便","2026/10/20","","未着手","","2026/10/13","製造"
"Q-mast　電気グル－プ★","九州工場","九州工場","2026/10/08","2026/10/08","26-J0152008-003-771","IG0000G","0.00","1,130.0","530.0","3,000.0","鉄 架台","","2","L65x65x6 L75x75x6  さび止め 19階ｹｰﾌﾞﾙﾗｯｸ W1000-19F","2026/10/19","ヤマックス　ｽﾎﾟｯﾄ便","2026/10/20","","未着手","","2026/10/19","製造"
"Q-mast　電気グル－プ★","九州工場","九州工場","2026/10/08","2026/10/08","26-J0152008-002-771","IG0000G","0.00","1,030.0","510.0","2,000.0","鉄 架台","","1","L65x65x6 L75x75x6  さび止め 19階ｹｰﾌﾞﾙﾗｯｸ  W900-19F","2026/10/19","ヤマックス　ｽﾎﾟｯﾄ便","2026/10/20","","未着手","","2026/10/19","製造"
"Q-mast　電気グル－プ★","九州工場","九州工場","2026/10/08","2026/10/08","26-J0152008-001-771","IG0000G","0.00","730.0","510.0","2,000.0","鉄 架台","","2","L65x65x6 L75x75x6  さび止め 19階ｹｰﾌﾞﾙﾗｯｸ  W600-19F","2026/10/19","ヤマックス　ｽﾎﾟｯﾄ便","2026/10/20","","未着手","","2026/10/19","製造"
"大興電機★","九州工場","九州工場","2026/10/08","2026/10/08","26-J0152087-001-771","ZP0000W","3.20","600.0","500.0","300.0","ZN PBﾄｸ 被せ","","2","","2026/10/19","北九州配達","2026/10/20","","外注","志田","2026/10/09","製造"
"日本電商　九州★","九州工場","九州工場","2026/10/08","2026/10/08","26-J0152578-001-771","IIP0000C","1.60","600.0","360.0","0.0","鉄 ﾌﾟﾚｰﾄ 焼付","5Y8/0.5 近似色","6","センター開口350x180 4-φ8","2026/10/20","佐川急便","2026/10/20","","切断","林(浩)","2026/10/14","製造"
"興陽電機　福岡西★","九州工場","九州工場","2026/10/09","2026/10/09","26-J0152864-001-771","SC0000N","2.00","2,000.0","500.0","270.0","SUS ｶﾊﾞｰ","","1","蓋なし　傾斜あり　2分割　取付穴φ8","2026/10/19","ヤマックス福岡","2026/10/20","","未着手","","2026/10/19","製造"
"ｹｲ･ｴｽ･ﾃﾞｰ　鹿児島★","九州工場","九州工場","2026/10/09","2026/10/09","26-J0152957-001-771","IG0000C","6.00","590.0","700.0","56.0","鉄 架台 焼付","2.5Y9/1 近似色","2","3-[100x50x5溶接 4-φ16 4-M10ﾀｯﾌﾟ 4-M12裏NT溶接","2026/10/20","佐川急便","2026/10/20","","未着手","","2026/10/15","製造"
"カンサイ西九州社　諫早★","九州工場","九州工場","2026/10/09","2026/10/09","26-J0153048-001-771","ZE1510X2","2.30","150.0","150.0","100.0","ZN PB 水切","","1","HDZT49 ｱｰｽ","2026/10/20","佐川急便","2026/10/20","","未着手","","2026/10/13","製造"
"シンセイ　広島第二★","九州工場","九州工場","2026/07/27","2026/07/27","26-J0094375-001-771","SD0000N","2.00","250.0","150.0","4,000.0","SUS ﾀﾞｸﾄ","","2","ｱｰｽ 平蓋 SUSD15溶接","2026/10/20","福山通運　九州発送","2026/10/21","","未着手","","2026/10/19","製造"
"平岡電気　福岡中央★","九州工場","九州工場","2026/09/24","2026/09/24","26-J0138688-001-771","ZE3020X2","2.30","300.0","300.0","200.0","ZN PB 水切","","5","HDZT49 ｱｰｽ","2026/10/20","ヤマックス福岡","2026/10/21","","外注","志田","2026/10/13","製造"
"Q-mast　電気グル－プ★","九州工場","九州工場","2026/09/30","2026/09/30","26-J0143544-004-771","IE0000SG","1.60","300.0","350.0","250.0","鉄 PBﾄｸ 平","","5","ｱｰｽ さび止め 下面開口240x190 4-φ12","2026/10/21","福山通運　九州発送","2026/10/21","","未着手","","2026/10/20","製造"
"Q-mast　電気グル－プ★","九州工場","九州工場","2026/09/30","2026/09/30","26-J0143544-005-771","IE0000SG","1.60","600.0","350.0","250.0","鉄 PBﾄｸ 平","","1","ｱｰｽ さび止め 下面開口540x190 4-φ12","2026/10/20","福山通運　九州発送","2026/10/21","","未着手","","2026/10/19","製造"
"Q-mast　電気グル－プ★","九州工場","九州工場","2026/09/30","2026/09/30","26-J0143544-001-771","IE0000SG","1.60","500.0","350.0","250.0","鉄 PBﾄｸ 平","","6","ｱｰｽ さび止め 下面開口440x190 4-φ12","2026/10/20","福山通運　九州発送","2026/10/21","","未着手","","2026/10/19","製造"
"Q-mast　電気グル－プ★","九州工場","九州工場","2026/09/30","2026/09/30","26-J0143544-002-771","IE0000SG","1.60","600.0","350.0","300.0","鉄 PBﾄｸ 平","","1","ｱｰｽ さび止め 下面開口540x240 4-φ12","2026/10/20","福山通運　九州発送","2026/10/21","","未着手","","2026/10/19","製造"
"Q-mast　電気グル－プ★","九州工場","九州工場","2026/09/30","2026/09/30","26-J0143544-003-771","IE0000SG","1.60","400.0","350.0","250.0","鉄 PBﾄｸ 平","","3","ｱｰｽ さび止め 下面開口340x190 4-φ12","2026/10/21","福山通運　九州発送","2026/10/21","","未着手","","2026/10/20","製造"
"シンセイ　広島第一★","九州工場","九州工場","2026/09/30","2026/09/30","26-J0144222-001-771","IP1510WC","1.60","150.0","150.0","100.0","鉄 PB 被せ 焼付","5Y7/1 近似色","16","","2026/10/20","福山通運　九州発送","2026/10/21","","溶接","フイ","2026/10/09","製造"
"かごしま電工　城南★","九州工場","九州工場","2026/10/01","2026/10/01","26-J0144675-001-771","BE3030SCW","1.60","300.0","300.0","300.0","国土 PB 平 焼付","2.5Y9/1 近似色","7","ｱｰｽ  内ﾜﾆｽ","2026/10/21","佐川急便","2026/10/21","","未着手","","2026/10/14","製造"
"平岡電気　城南★","九州工場","九州工場","2026/10/02","2026/10/02","26-J0146362-001-771","ZG0000C","4.00","600.0","250.0","150.0","ZN 架台 焼付","10YR 3/0.5近似色","1","L-50x50x4.0t 4-M8ﾀｯﾌﾟ 4-φ14 補強 側面背面PL溶接","2026/10/20","ヤマックス福岡","2026/10/21","","溶接","ズオン","2026/10/08","製造"
"Q-mast　電気グル－プ★","九州工場","九州工場","2026/10/02","2026/10/02","26-J0146567-001-771","DD0000N","1.60","200.0","300.0","5,000.0","Sﾀﾞｲﾏ ﾀﾞｸﾄ","","1","/1160 4分割　平蓋 【2FL】","2026/10/21","福山通運　九州発送","2026/10/21","","未着手","","2026/10/20","製造"
"Q-mast　電気グル－プ★","九州工場","九州工場","2026/10/02","2026/10/02","26-J0146567-002-771","DD0000N","1.60","200.0","300.0","5,000.0","Sﾀﾞｲﾏ ﾀﾞｸﾄ","","1","/1160 4分割　平蓋【4FL】","2026/10/21","福山通運　九州発送","2026/10/21","","未着手","","2026/10/20","製造"
"平岡電気　福岡東★","九州工場","九州工場","2026/10/05","2026/10/05","26-J0147290-001-771","ZG0000","0.00","650.0","650.0","100.0","ZN 架台","","1","L100x100x7  機器固定用ﾍﾞｰｽ","2026/10/21","ヤマックス福岡","2026/10/21","","未着手","","2026/10/14","製造"
"ハッピー電気　清水★","九州工場","九州工場","2026/10/05","2026/10/05","26-J0148136-002-771","ZST0000","0.00","700.0","0.0","0.0","ZN ｽﾀﾝｼｮﾝ","","2","STK100Ax3.5t内径φ107.3 ﾍﾞｰｽ6t ﾘﾌﾞ4.5t","2026/10/21","佐川急便","2026/10/21","","溶接","ズオン","2026/10/09","製造"
"新光産業　本社","九州工場","九州工場","2026/10/05","2026/10/05","26-J0148260-001-771","BE0000SC","1.60","600.0","600.0","200.0","国土 PBﾄｸ 平 焼付","2.5Y9/1","1","ｱｰｽ","2026/10/13","イトカツ","2026/10/21","2026/10/13","塗装","山口","2026/10/07","製造"
"新光産業　本社","九州工場","九州工場","2026/10/05","2026/10/05","26-J0148260-002-771","BE5020SC","1.60","500.0","500.0","200.0","国土 PB 平 焼付","2.5Y9/1","1","ｱｰｽ","2026/10/13","イトカツ","2026/10/21","2026/10/13","塗装","山口","2026/10/07","製造"
"光電商会","九州工場","九州工場","2026/10/05","2026/10/05","26-J0148405-001-771","SE0000XC","2.00","700.0","700.0","300.0","SUS PBﾄｸ 水切 焼付","2.5Y9/1","2","ｱｰｽ","2026/10/13","イトカツ","2026/10/21","2026/10/13","塗装","山口","2026/10/07","製造"
"シンセイ　福山★","九州工場","九州工場","2026/10/06","2026/10/06","26-J0148739-001-771","BE0000SC","1.60","250.0","250.0","150.0","国土 PBﾄｸ 平 焼付","2.5Y9/1 近似色","5","ｱｰｽ 封印ビス付(対角２箇所)","2026/10/21","福山通運　九州発送","2026/10/21","","CAD/CAM","熊谷","2026/10/16","製造"
"シンセイ　福山★","九州工場","九州工場","2026/10/06","2026/10/06","26-J0148901-004-771","SE0000XC","1.50","500.0","500.0","300.0","SUS PBﾄｸ 水切 焼付","2.5Y9/1 近似色","2","ｱｰｽ 封印ビス(対角２箇所)付","2026/10/21","福山通運　九州発送","2026/10/21","","CAD/CAM","熊谷","2026/10/16","製造"
"アサヒ　中部","九州工場","九州工場","2026/10/06","2026/10/06","26-J0148920-001-771","BE0000SC","1.60","400.0","200.0","200.0","国土 PBﾄｸ 平 焼付","2.5Y9/1","1","ｱｰｽ","2026/10/13","イトカツ","2026/10/21","2026/10/13","塗装","山口","2026/10/07","製造"
"イシグロ　福岡★","九州工場","九州工場","2026/10/06","2026/10/06","26-J0148939-001-771","ZG0000","6.00","280.0","250.0","1,350.0","ZN 架台","","1","SS-L-50x50x6t　計装・感震器架台","2026/10/21","福山通運　九州発送","2026/10/21","","未着手","","2026/10/14","製造"
"光電気産業","九州工場","九州工場","2026/10/06","2026/10/06","26-J0149068-002-771","30PLA","0.00","0.0","0.0","0.0","補修塗料 筆付","35-40D(5GY4/2)","1","ﾌﾟﾗ30ml","2026/10/15","イトカツ","2026/10/21","2026/10/15","未着手","","","製造"
"光電気産業","九州工場","九州工場","2026/10/06","2026/10/06","26-J0149068-001-771","SDC0000C","1.50","1,000.0","800.0","1,140.0","SUS ﾀﾞｸﾄｶﾊﾞｰ 焼付","35-40D(5GY4/2)","1","水切 ｱｰｽ 取付穴 水抜穴","2026/10/15","イトカツ","2026/10/21","2026/10/15","溶接","恒川","2026/10/09","製造"
"アサヒ　本社","九州工場","九州工場","2026/10/06","2026/10/06","26-J0149572-001-771","SE0000SC","1.50","900.0","500.0","400.0","SUS PBﾄｸ 平 焼付","2.5Y9/1","1","蓋２分割ﾊﾟｯｷﾝ付 ｱｰｽ","2026/10/14","イトカツ","2026/10/21","2026/10/14","仕上","三澄","2026/10/08","製造"
"東芝電材　唐津★","九州工場","九州工場","2026/10/06","2026/10/06","26-J0149637-001-771","IG0000C","0.00","800.0","360.0","200.0","鉄 架台 焼付","5Y7/1 近似色","1","穴加工　L65x65x6t 【小口監視盤】","2026/10/19","福山通運　九州発送","2026/10/21","","未着手","","2026/10/15","製造"
"東芝電材　唐津★","九州工場","九州工場","2026/10/06","2026/10/06","26-J0149637-002-771","IG0000C","0.00","1,200.0","900.0","200.0","鉄 架台 焼付","5Y7/1 近似色","2","穴加工　L75x75x6t 【操作盤】","2026/10/19","福山通運　九州発送","2026/10/21","","未着手","","2026/10/15","製造"
"カンサイ　電設★","九州工場","九州工場","2026/10/06","2026/10/06","26-J0149707-002-771","DC0000N","1.60","1,240.0","400.0","420.0","Sﾀﾞｲﾏ ｶﾊﾞｰ","","1","平蓋ﾊﾟｯｷﾝ付　内ｺｰｷﾝｸﾞ代 脱着式ｻﾝ　10階CR1000用-2","2026/10/21","福山通運　九州発送","2026/10/21","","未着手","","2026/10/21","製造"
"カンサイ　電設★","九州工場","九州工場","2026/10/06","2026/10/06","26-J0149707-003-771","DC0000N","1.60","1,340.0","500.0","420.0","Sﾀﾞｲﾏ ｶﾊﾞｰ","","1","平蓋ﾊﾟｯｷﾝ付　内ｺｰｷﾝｸﾞ代 脱着式ｻﾝ　10階CR1000用-3","2026/10/21","福山通運　九州発送","2026/10/21","","未着手","","2026/10/21","製造"
"カンサイ　電設★","九州工場","九州工場","2026/10/06","2026/10/06","26-J0149707-001-771","DC0000N","1.60","1,240.0","500.0","420.0","Sﾀﾞｲﾏ ｶﾊﾞｰ","","1","平蓋ﾊﾟｯｷﾝ付　内ｺｰｷﾝｸﾞ代 脱着式ｻﾝ　10階CR1000用-1","2026/10/21","福山通運　九州発送","2026/10/21","","未着手","","2026/10/21","製造"
"平岡電気　福岡南★","九州工場","九州工場","2026/10/06","2026/10/06","26-J0149925-001-771","SD0000C","1.50","800.0","200.0","400.0","SUS ﾀﾞｸﾄ 焼付","内外電機 5Y7/1 近似色","1","平蓋 ｱｰｽ無し 開口 穴加工   岩戸北","2026/10/20","ヤマックス福岡","2026/10/21","","切断","岩本","2026/10/14","製造"
"平岡電気　福岡南★","九州工場","九州工場","2026/10/06","2026/10/06","26-J0149925-002-771","SD0000C","1.50","800.0","200.0","400.0","SUS ﾀﾞｸﾄ 焼付","内外電機 5Y7/1 近似色","1","平蓋 ｱｰｽ無し 開口 穴加工   岩戸北","2026/10/20","ヤマックス福岡","2026/10/21","","切断","岩本","2026/10/14","製造"
"平岡電気　福岡南★","九州工場","九州工場","2026/10/06","2026/10/06","26-J0149934-004-771","SD0000C","2.00","1,300.0","200.0","400.0","SUS ﾀﾞｸﾄ 焼付","内外電機 5Y7/1 近似色","1","平蓋2分割 ｱｰｽ無し 開口 穴加工   片縄","2026/10/20","ヤマックス福岡","2026/10/21","","切断","岩本","2026/10/14","製造"
"ウチダ★","九州工場","九州工場","2026/10/07","2026/10/07","26-J0150966-001-771","SE0000XN","1.50","300.0","300.0","250.0","SUS PBﾄｸ 水切","","15","ｱｰｽ 足付 支持(D15)溶接 1-φ76 脱落ﾋﾞｽ 落下防止ﾜｲﾔ","2026/10/20","福山通運　九州発送","2026/10/21","","未着手","","2026/10/20","製造"
"ウチダ★","九州工場","九州工場","2026/10/07","2026/10/07","26-J0150966-003-771","SE0000XN","1.50","300.0","300.0","250.0","SUS PBﾄｸ 水切","","4","ｱｰｽ 足付 支持(D15)溶接 1-φ76 脱落ﾋﾞｽ 落下防止ﾜｲﾔ","2026/10/21","福山通運　九州発送","2026/10/21","","未着手","","2026/10/21","製造"
"ウチダ★","九州工場","九州工場","2026/10/07","2026/10/07","26-J0150966-002-771","SE0000XN","1.50","200.0","200.0","200.0","SUS PBﾄｸ 水切","","2","ｱｰｽ 足付 支持(D15)溶接 1-φ60 脱落ﾋﾞｽ 落下防止ﾜｲﾔ","2026/10/21","福山通運　九州発送","2026/10/21","","未着手","","2026/10/21","製造"
"沖縄ミツヤマ電気","九州工場","九州工場","2026/10/08","2026/10/08","26-J0151507-001-771","SE0000SC","1.50","400.0","400.0","250.0","SUS PBﾄｸ 平 焼付","2.5Y9/1","2","ｱｰｽ ﾊﾟｯｷﾝ付","2026/10/15","イトカツ","2026/10/21","2026/10/15","溶接","テイン","2026/10/09","製造"
"ウチダ★","九州工場","九州工場","2026/10/08","2026/10/08","26-J0151839-001-771","SE0000XN","1.50","600.0","400.0","200.0","SUS PBﾄｸ 水切","","2","ｱｰｽ","2026/10/21","福山通運　九州発送","2026/10/21","","未着手","","2026/10/21","製造"
"ウチダ★","九州工場","九州工場","2026/10/08","2026/10/08","26-J0151839-002-771","SE0000XN","1.50","450.0","450.0","200.0","SUS PBﾄｸ 水切","","2","ｱｰｽ","2026/10/21","福山通運　九州発送","2026/10/21","","未着手","","2026/10/21","製造"
"沖縄ミツヤマ電気","九州工場","九州工場","2026/10/08","2026/10/08","26-J0151958-001-771","ZE0000X","2.30","300.0","200.0","200.0","ZN PBﾄｸ 水切","","2","ｱｰｽ","2026/10/16","イトカツ","2026/10/21","2026/10/16","溶接","フイ","2026/10/09","製造"
"新光産業　中部","九州工場","九州工場","2026/10/08","2026/10/08","26-J0151972-002-771","IG0000G","3.00","2,286.0","712.0","550.0","鉄 架台","","1","さび止め L-40x40x3t 取付穴12-φ15","2026/10/13","イトカツ","2026/10/21","2026/10/13","切断","奈木野","2026/10/13","製造"
"日新電器産業　中部","九州工場","九州工場","2026/10/08","2026/10/08","26-J0152468-001-771","SE0000SC","1.50","500.0","300.0","200.0","SUS PBﾄｸ 平 焼付","2.5Y9/1","1","ｱｰｽ ﾊﾟｯｷﾝ付","2026/10/15","イトカツ","2026/10/21","2026/10/15","曲げ","ラム","2026/10/09","製造"
"アサヒ　本社","九州工場","九州工場","2026/10/08","2026/10/08","26-J0152624-001-771","SDC0000C","2.00","1,200.0","400.0","900.0","SUS ﾀﾞｸﾄｶﾊﾞｰ 焼付","2.5Y9/1","1","平蓋２分割ﾊﾟｯｷﾝ付","2026/10/16","イトカツ","2026/10/21","2026/10/16","切断","岩本","2026/10/13","製造"
"新光産業　本社","九州工場","九州工場","2026/10/09","2026/10/09","26-J0152766-002-771","BE0000SC","1.60","400.0","300.0","200.0","国土 PBﾄｸ 平 焼付","2.5Y9/1","2","ｱｰｽ　　/2F時刻　1工区","2026/10/16","イトカツ","2026/10/21","2026/10/16","未着手","","2026/10/13","製造"
"新光産業　本社","九州工場","九州工場","2026/10/09","2026/10/09","26-J0152766-005-771","BE0000SC","1.60","400.0","200.0","100.0","国土 PBﾄｸ 平 焼付","2.5Y9/1","1","ｱｰｽ　　/4通信　2工区","2026/10/16","イトカツ","2026/10/21","2026/10/16","未着手","","2026/10/13","製造"
"新光産業　本社","九州工場","九州工場","2026/10/09","2026/10/09","26-J0152766-001-771","IKM0000C","0.00","690.0","0.0","0.0","鉄 金物 焼付","2.5Y9/1","1","支持棒10A","2026/10/16","イトカツ","2026/10/21","2026/10/16","未着手","","2026/10/13","製造"
"新光産業　本社","九州工場","九州工場","2026/10/09","2026/10/09","26-J0152766-003-771","BE0000SC","1.60","400.0","200.0","200.0","国土 PBﾄｸ 平 焼付","2.5Y9/1","2","ｱｰｽ　　/4通信　1工区､2工区","2026/10/16","イトカツ","2026/10/21","2026/10/16","未着手","","2026/10/13","製造"
"新光産業　本社","九州工場","九州工場","2026/10/09","2026/10/09","26-J0152766-004-771","BE0000SC","1.60","500.0","200.0","200.0","国土 PBﾄｸ 平 焼付","2.5Y9/1","1","ｱｰｽ　　/4通信　2工区","2026/10/16","イトカツ","2026/10/21","2026/10/16","未着手","","2026/10/13","製造"
"日本テクロ　広島★","九州工場","九州工場","2026/08/20","2026/08/20","26-J0111924-001-771","ZE0000WA","2.30","250.0","250.0","150.0","ZN PBﾄｸ 被せ","","1","ｱｰｽ 足付","2026/10/22","佐川急便","2026/10/22","","組立","金光","2026/09/15","製造"
"啓電社★","九州工場","九州工場","2026/09/07","2026/09/07","26-J0125225-001-771","IG0000C","0.00","5,700.0","550.0","450.0","鉄 架台 焼付","5Y7/1 近似色","1","引込開閉器盤用架台　ｱｰｽ 4分割 L50x50x6t 平蓋P付","2026/10/19","ヤマックス福岡","2026/10/22","","溶接","ズオン","2026/10/09","製造"
"啓電社★","九州工場","九州工場","2026/09/07","2026/09/07","26-J0125225-002-771","IG0000C","0.00","2,350.0","235.0","0.0","鉄 架台 焼付","5Y7/1 近似色","1","盤架台上部用転倒防止架台　L50x50x6t  R.L","2026/10/19","ヤマックス福岡","2026/10/22","","溶接","石松","2026/10/09","製造"
"日本テクロ　広島★","九州工場","九州工場","2026/09/17","2026/09/17","26-J0136081-002-771","SE3020WNA","1.50","300.0","300.0","200.0","SUS PB 被せ","","1","ｱｰｽ 足付 L3x40(φ12)x4","2026/10/22","佐川急便","2026/10/22","","未着手","","2026/10/22","製造"
"カンサイ　電設★","九州工場","九州工場","2026/09/29","2026/09/29","26-J0142741-003-771","ZG0000","6.00","1,400.0","248.0","1,295.0","ZN 架台","","1","SS-L-65x65x6t　SPHC-6t　3","2026/10/21","ヤマックス福岡","2026/10/22","","溶接","ズオン","2026/10/09","製造"
"カンサイ　電設★","九州工場","九州工場","2026/09/29","2026/09/29","26-J0142741-004-771","ZG0000","6.00","1,400.0","248.0","1,360.0","ZN 架台","","2","SS-L-65x65x6t　SPHC-6t　4","2026/10/21","ヤマックス福岡","2026/10/22","","溶接","ズオン","2026/10/09","製造"
"カンサイ　電設★","九州工場","九州工場","2026/09/29","2026/09/29","26-J0142741-001-771","ZG0000","6.00","2,730.0","65.0","795.0","ZN 架台","","1","SS-L-65x65x6t　SPHC-6t　1","2026/10/21","ヤマックス福岡","2026/10/22","","溶接","ズオン","2026/10/09","製造"
"カンサイ　電設★","九州工場","九州工場","2026/09/29","2026/09/29","26-J0142741-002-771","ZG0000","6.00","2,290.0","65.0","1,345.0","ZN 架台","","1","SS-L-65x65x6t　SPHC-6t　2","2026/10/21","ヤマックス福岡","2026/10/22","","溶接","ズオン","2026/10/09","製造"
"Q-mast　電気グル－プ★","九州工場","九州工場","2026/10/02","2026/10/02","26-J0146558-002-771","DD0000N","1.60","150.0","300.0","945.0","Sﾀﾞｲﾏ ﾀﾞｸﾄ","","1","/4350 開口穴平蓋5分割","2026/10/22","福山通運　九州発送","2026/10/22","","未着手","","2026/10/21","製造"
"ナミデン　福岡★","九州工場","九州工場","2026/10/06","2026/10/06","26-J0149003-001-771","ZG0000","0.00","1,000.0","300.0","0.0","ZN 架台","","32","L40x40x5 最上床ﾗｯｸ架台","2026/10/21","ヤマックス　ｽﾎﾟｯﾄ便","2026/10/22","","切断","森山","2026/10/13","製造"
"ナミデン　福岡★","九州工場","九州工場","2026/10/06","2026/10/06","26-J0149003-002-771","ZG0000","0.00","1,000.0","900.0","0.0","ZN 架台","","4","L40x40x5 最上床ﾗｯｸ架台","2026/10/21","ヤマックス　ｽﾎﾟｯﾄ便","2026/10/22","","切断","林(浩)","2026/10/14","製造"
"カンサイ　電設★","九州工場","九州工場","2026/10/06","2026/10/06","26-J0150099-001-771","IP0000SC","1.60","400.0","350.0","150.0","鉄 PBﾄｸ 平 焼付","N9.5 近似色","1","3面蓋  脱着ｻﾝ付  開口  6-φ6  勾配付","2026/10/21","ヤマックス福岡","2026/10/22","","未着手","","2026/10/16","製造"
"イシグロ　宮崎★","九州工場","九州工場","2026/10/07","2026/10/07","26-J0150540-002-771","IBG0000C","0.00","250.0","250.0","1,000.0","鉄 防球ガード 焼付","2.5Y9/1 近似色","5","配管ガード（片側閉じ）","2026/10/21","チャーター便","2026/10/22","","未着手","","2026/10/19","製造"
"イシグロ　宮崎★","九州工場","九州工場","2026/10/07","2026/10/07","26-J0150540-001-771","IBG0000C","0.00","250.0","250.0","1,000.0","鉄 防球ガード 焼付","2.5Y9/1 近似色","5","配管ガード","2026/10/20","チャーター便","2026/10/22","","未着手","","2026/10/16","製造"
"ユゲデンキ　電材部★","九州工場","九州工場","2026/10/08","2026/10/08","26-J0151529-001-771","SD0000N","1.50","600.0","200.0","2,600.0","SUS ﾀﾞｸﾄ","","1","ｶﾌﾞｾ蓋　ｱｰｽ  ｹｰﾌﾞﾙ支持材付","2026/10/21","福山通運　九州発送","2026/10/22","","未着手","","2026/10/21","製造"
"イシグロ　福岡★","九州工場","九州工場","2026/10/08","2026/10/08","26-J0152047-003-771","ZG0000","6.00","65.0","65.0","830.0","ZN 架台","","2","SS-L-65x65x6t　PL-6t  0用架台","2026/10/22","福山通運　九州発送","2026/10/22","","切断","森山","2026/10/15","製造"
"イシグロ　福岡★","九州工場","九州工場","2026/10/08","2026/10/08","26-J0152047-001-771","ZG0000","6.00","520.0","65.0","1,445.0","ZN 架台","","2","SS-L-65x65x6t　PL-6t  0用架台","2026/10/22","福山通運　九州発送","2026/10/22","","切断","森山","2026/10/15","製造"
"イシグロ　福岡★","九州工場","九州工場","2026/10/08","2026/10/08","26-J0152047-002-771","ZG0000","6.00","150.0","50.0","50.0","ZN 架台","","1","SS-L-50x50x6t　 タンク架台取付架台QR20A用","2026/10/22","福山通運　九州発送","2026/10/22","","切断","森山","2026/10/15","製造"
"南国殖産","九州工場","九州工場","2026/10/08","2026/10/08","26-J0152314-008-771","ZG0000","6.00","600.0","65.0","800.0","ZN 架台","","8","SS-L-65x65x6t  NO.3　3階冷温水配管用架台-2","2026/10/21","チャーター便","2026/10/22","","未着手","","2026/10/14","製造"
"南国殖産","九州工場","九州工場","2026/10/08","2026/10/08","26-J0152314-009-771","ZG0000","6.00","800.0","65.0","800.0","ZN 架台","","4","SS-L-65x65x6t  NO.3　3階冷温水配管用架台-3","2026/10/21","チャーター便","2026/10/22","","未着手","","2026/10/14","製造"
"南国殖産","九州工場","九州工場","2026/10/08","2026/10/08","26-J0152314-007-771","ZG0000","6.00","650.0","65.0","800.0","ZN 架台","","2","SS-L-65x65x6t  NO.3　3階冷温水配管用架台-1","2026/10/21","チャーター便","2026/10/22","","未着手","","2026/10/14","製造"
"南国殖産","九州工場","九州工場","2026/10/08","2026/10/08","26-J0152314-001-771","ZG0000","5.00","1,300.0","1,329.0","1,300.0","ZN 架台","","1","SS-C-5x50x100　PL-9t  NO.1　AHU-3系統","2026/10/21","チャーター便","2026/10/22","","CAD/CAM","熊谷","2026/10/14","製造"
"南国殖産","九州工場","九州工場","2026/10/08","2026/10/08","26-J0152314-002-771","ZG0000","5.00","1,300.0","969.0","1,300.0","ZN 架台","","2","SS-C-5x50x100　PL-9t  NO.2　AHU-4系統","2026/10/21","チャーター便","2026/10/22","","CAD/CAM","熊谷","2026/10/14","製造"
"南国殖産","九州工場","九州工場","2026/10/08","2026/10/08","26-J0152314-003-771","ZG0000","6.00","650.0","65.0","700.0","ZN 架台","","1","SS-L-65x65x6t  NO.3　2階冷温水配管用架台-1","2026/10/21","チャーター便","2026/10/22","","未着手","","2026/10/14","製造"
"南国殖産","九州工場","九州工場","2026/10/08","2026/10/08","26-J0152314-004-771","ZG0000","6.00","740.0","65.0","800.0","ZN 架台","","1","SS-L-65x65x6t  NO.3　2階冷温水配管用架台-2","2026/10/21","チャーター便","2026/10/22","","未着手","","2026/10/14","製造"
"南国殖産","九州工場","九州工場","2026/10/08","2026/10/08","26-J0152314-005-771","ZG0000","6.00","1,150.0","65.0","500.0","ZN 架台","","1","SS-L-65x65x6t  NO.3　2階冷温水配管用架台-3","2026/10/21","チャーター便","2026/10/22","","未着手","","2026/10/14","製造"
"南国殖産","九州工場","九州工場","2026/10/08","2026/10/08","26-J0152314-006-771","ZG0000","6.00","1,050.0","65.0","500.0","ZN 架台","","1","SS-L-65x65x6t  NO.3　2階冷温水配管用架台-4","2026/10/21","チャーター便","2026/10/22","","未着手","","2026/10/14","製造"
"南国殖産","九州工場","九州工場","2026/10/08","2026/10/08","26-J0152314-010-771","ZG0000","6.00","1,150.0","65.0","1,250.0","ZN 架台","","1","SS-L-65x65x6t  NO.4-1","2026/10/21","チャーター便","2026/10/22","","未着手","","2026/10/14","製造"
"南国殖産","九州工場","九州工場","2026/10/08","2026/10/08","26-J0152314-011-771","ZKM0000","6.00","1,150.0","65.0","65.0","ZN 金物","","1","先メッキ-L-65x65x6t  NO.4-2","2026/10/21","チャーター便","2026/10/22","","未着手","","2026/10/21","製造"
"南国殖産","九州工場","九州工場","2026/10/08","2026/10/08","26-J0152314-012-771","ZKM0000","6.00","5,500.0","50.0","50.0","ZN 金物","","4","先メッキ-L-50x50x6t  NO.4-3","2026/10/21","チャーター便","2026/10/22","","未着手","","2026/10/21","製造"
"イシグロ　鹿児島★","九州工場","九州工場","2026/10/09","2026/10/09","26-J0152860-002-771","ZG0000","6.00","620.0","240.0","925.0","ZN 架台","","1","SS-L-50x50x6t 　G-2","2026/10/22","福山通運　九州発送","2026/10/22","","未着手","","2026/10/15","製造"
"イシグロ　鹿児島★","九州工場","九州工場","2026/10/09","2026/10/09","26-J0152860-003-771","ZG0000","6.00","620.0","240.0","790.0","ZN 架台","","2","SS-L-50x50x6t 　G-3","2026/10/22","福山通運　九州発送","2026/10/22","","未着手","","2026/10/15","製造"
"イシグロ　鹿児島★","九州工場","九州工場","2026/10/09","2026/10/09","26-J0152860-001-771","ZG0000","6.00","620.0","250.0","1,775.0","ZN 架台","","2","SS-L-50x50x6t 　G-1","2026/10/22","福山通運　九州発送","2026/10/22","","未着手","","2026/10/15","製造"
"宮地電機　南予","九州工場","九州工場","2026/09/24","2026/09/24","26-J0138058-002-771","SMK0000N","1.50","359.0","60.0","21.5","SUS 曲金物","","5","蓋帯","2026/10/23","福山通運　九州発送","2026/10/23","","未着手","","2026/10/23","製造"
"宮地電機　南予","九州工場","九州工場","2026/09/24","2026/09/24","26-J0138058-001-771","SD0000N","1.50","350.0","200.0","6,050.0","SUS ﾀﾞｸﾄ","","1","/4100 6分割 WP ﾊﾟｯﾁﾝ錠･支持棒付","2026/10/22","福山通運　九州発送","2026/10/23","","未着手","","2026/10/21","製造"
"カンサイ　筑豊★","九州工場","九州工場","2026/09/29","2026/09/29","26-J0143275-002-771","ZG0000","0.00","800.0","500.0","250.0","ZN 架台","","1","L6x50x50 穴加工　取付穴φ12","2026/10/23","佐川急便","2026/10/23","","未着手","","2026/10/16","製造"
"カンサイ　筑豊★","九州工場","九州工場","2026/09/29","2026/09/29","26-J0143276-001-771","AD0000N","2.00","800.0","500.0","1,500.0","ｱﾙﾐ ﾀﾞｸﾄ","","1","/1020　平蓋 ｱｰｽ/支持棒溶接　ｾﾊﾟﾚｰﾀ1列 ｱﾝｸﾞﾙ補強","2026/10/23","佐川急便","2026/10/23","","未着手","","2026/10/23","製造"
"新興計器製作所","九州工場","九州工場","2026/10/01","2026/10/01","26-J0144946-002-771","ZIR0000","9.00","100.0","100.0","0.0","ZN ﾗｲﾅｰ","","8","","2026/10/22","チャーター便","2026/10/23","","未着手","","2026/10/14","製造"
"新興計器製作所","九州工場","九州工場","2026/10/01","2026/10/01","26-J0144946-001-771","ZG0000","0.00","0.0","1,240.0","1,600.0","ZN 架台","","1","既設スタンション部用門型架台　[100X50X5t　","2026/10/22","チャーター便","2026/10/23","","CAD/CAM","熊谷","2026/10/14","製造"
"新興計器製作所","九州工場","九州工場","2026/10/01","2026/10/01","26-J0144946-003-771","ZIR0000","4.50","100.0","100.0","0.0","ZN ﾗｲﾅｰ","","8","","2026/10/22","チャーター便","2026/10/23","","外注","森山","2026/10/14","製造"
"新興計器製作所","九州工場","九州工場","2026/10/01","2026/10/01","26-J0144946-004-771","ZATR350","0.00","350.0","350.0","350.0","ZN ｱﾝｸﾞﾙ引き込み架台","","1","三角支え付ﾀｲﾌﾟ　L-50X50X6t","2026/10/22","チャーター便","2026/10/23","","切断","奈木野","2026/10/13","製造"
"新興計器製作所","九州工場","九州工場","2026/10/01","2026/10/01","26-J0145025-005-771","IG0000G","0.00","0.0","0.0","2,900.0","鉄 架台","","2","既設H鋼渡し材　[100X50X5t　さび止め","2026/10/22","チャーター便","2026/10/23","","未着手","","2026/10/21","製造"
"日本電設資材　福岡★","九州工場","九州工場","2026/10/05","2026/10/05","26-J0147725-001-771","ZATR700","0.00","700.0","700.0","700.0","ZN ｱﾝｸﾞﾙ引き込み架台","","1","L50x50x6t  三角支え付ﾀｲﾌﾟ　右勝手用","2026/10/22","ヤマックス福岡","2026/10/23","","未着手","","2026/10/15","製造"
"三親電材　浜田★","九州工場","九州工場","2026/10/06","2026/10/06","26-J0149731-001-771","SE2525WC","1.50","250.0","250.0","250.0","SUS PB 被せ 焼付","5YR2/1.5全艶(近似色)","8","ｱｰｽ","2026/10/23","福山通運　九州発送","2026/10/23","","未着手","","2026/10/19","製造"
"三親電材　浜田★","九州工場","九州工場","2026/10/06","2026/10/06","26-J0149731-002-771","SE2020WC","1.50","200.0","200.0","200.0","SUS PB 被せ 焼付","5YR2/1.5全艶(近似色)","4","ｱｰｽ","2026/10/23","福山通運　九州発送","2026/10/23","","未着手","","2026/10/19","製造"
"Q-mast　電気グル－プ★","九州工場","九州工場","2026/10/07","2026/10/07","26-J0150441-001-771","DD0000N","1.60","200.0","300.0","900.0","Sﾀﾞｲﾏ ﾀﾞｸﾄ","","1","/1300 2分割","2026/10/22","福山通運　九州発送","2026/10/23","","未着手","","2026/10/22","製造"
"Q-mast　電気グル－プ★","九州工場","九州工場","2026/10/07","2026/10/07","26-J0150474-002-771","ZG0000","0.00","1,160.0","1,300.0","400.0","ZN 架台","","1","穴加工 C100x50x5x7.5 ベース6t","2026/10/22","福山通運　九州発送","2026/10/23","","未着手","","2026/10/15","製造"
"日本電設資材　福岡★","九州工場","九州工場","2026/10/07","2026/10/07","26-J0151061-001-771","SE0000XC","1.50","600.0","500.0","300.0","SUS PBﾄｸ 水切 焼付","10YR9/0.5 近似色","1","ｱｰｽ 穴加工 背面開口","2026/10/22","ヤマックス福岡","2026/10/23","","未着手","","2026/10/19","製造"
"カンサイ　小倉★","九州工場","九州工場","2026/10/08","2026/10/08","26-J0151835-002-771","SMK0000N","1.50","209.0","50.0","45.0","SUS 曲金物","","2","照明器具取付金物　1","2026/10/22","北九州配達","2026/10/23","","未着手","","2026/10/22","製造"
"カンサイ　小倉★","九州工場","九州工場","2026/10/08","2026/10/08","26-J0151835-001-771","SMK0000N","1.50","186.0","50.0","45.0","SUS 曲金物","","1","照明器具取付金物　1","2026/10/22","北九州配達","2026/10/23","","未着手","","2026/10/22","製造"
"三親電材　広島★","九州工場","九州工場","2026/10/08","2026/10/08","26-J0152529-002-771","SE4030SN","1.50","400.0","400.0","300.0","SUS PB 平","","2","ｱｰｽ","2026/10/23","福山通運　九州発送","2026/10/23","","未着手","","2026/10/23","製造"
"三親電材　広島★","九州工場","九州工場","2026/10/08","2026/10/08","26-J0152529-001-771","SE4040SN","1.50","400.0","400.0","400.0","SUS PB 平","","1","ｱｰｽ","2026/10/23","福山通運　九州発送","2026/10/23","","未着手","","2026/10/23","製造"
"三親電材　山口★","九州工場","九州工場","2026/10/09","2026/10/09","26-J0152781-001-771","ZP0000S","3.20","1,000.0","800.0","500.0","ZN PBﾄｸ 平","","1","◆ 平蓋ｺﾞﾑﾊﾟｯｷﾝ付  開口  φ16x4","2026/10/22","福山通運　九州発送","2026/10/23","","CAD/CAM","熊谷","2026/10/14","製造"
"九州三菱電機販売　中津","九州工場","九州工場","2026/08/03","2026/08/03","26-J0101190-001-771","IBGE1800C","2.30","1,800.0","800.0","350.0","鉄 防球ガード 焼付","","10","天吊形空調機用　フルオープン","2026/10/13","自社便","2026/10/26","2026/10/23","塗装","ナム","2026/10/05","製造"
"木村電機　熊本東★","九州工場","九州工場","2026/08/27","2026/08/27","26-J0117367-001-771","BE5040WC","1.60","500.0","500.0","400.0","国土 PB 被せ 焼付","2.5Y9/1 近似色","1","ｱｰｽ","2026/10/26","佐川急便","2026/10/26","","未着手","","2026/10/20","製造"
"宮地電機　南予","九州工場","九州工場","2026/09/24","2026/09/24","26-J0138180-003-771","SMK0000N","1.50","309.0","60.0","21.5","SUS 曲金物","","1","蓋帯","2026/10/26","福山通運　九州発送","2026/10/26","","未着手","","2026/10/26","製造"
"宮地電機　南予","九州工場","九州工場","2026/09/24","2026/09/24","26-J0138180-001-771","SD0000N","1.50","300.0","200.0","3,500.0","SUS ﾀﾞｸﾄ","","1","3分割 WP･ﾊﾟｯﾁﾝ錠･支持棒付","2026/10/23","福山通運　九州発送","2026/10/26","","未着手","","2026/10/22","製造"
"宮地電機　南予","九州工場","九州工場","2026/09/24","2026/09/24","26-J0138180-002-771","SMK0000N","1.50","309.0","60.0","21.5","SUS 曲金物","","1","蓋帯","2026/10/26","福山通運　九州発送","2026/10/26","","未着手","","2026/10/26","製造"
"イシグロ　福岡★","九州工場","九州工場","2026/09/29","2026/09/29","26-J0142562-010-771","ZG0000","6.00","400.0","50.0","235.0","ZN 架台","","2","SS-L-50x50x6t　ドブ吊り穴位置任意","2026/10/23","ヤマックス　ｽﾎﾟｯﾄ便","2026/10/26","","組立","金光","2026/10/02","製造"
"イシグロ　福岡★","九州工場","九州工場","2026/09/29","2026/09/29","26-J0142562-016-771","ZIP0000","6.00","50.0","200.0","0.0","ZN ﾌﾟﾚｰﾄ","","280","SPHC-6t　穴加工","2026/10/23","ヤマックス　ｽﾎﾟｯﾄ便","2026/10/26","","外注","森山","2026/10/01","製造"
"イシグロ　福岡★","九州工場","九州工場","2026/09/29","2026/09/29","26-J0142562-009-771","ZG0000","6.00","400.0","50.0","402.0","ZN 架台","","3","SS-L-50x50x6t　ドブ吊り穴位置任意","2026/10/23","ヤマックス　ｽﾎﾟｯﾄ便","2026/10/26","","組立","金光","2026/10/02","製造"
"イシグロ　福岡★","九州工場","九州工場","2026/09/29","2026/09/29","26-J0142562-005-771","ZG0000","6.00","750.0","50.0","870.0","ZN 架台","","3","SS-L-50x50x6t　ドブ吊り穴位置任意","2026/10/23","ヤマックス　ｽﾎﾟｯﾄ便","2026/10/26","","組立","金光","2026/10/02","製造"
"イシグロ　福岡★","九州工場","九州工場","2026/09/29","2026/09/29","26-J0142562-004-771","ZG0000","6.00","750.0","50.0","645.0","ZN 架台","","20","SS-L-50x50x6t　ドブ吊り穴位置任意","2026/10/23","ヤマックス　ｽﾎﾟｯﾄ便","2026/10/26","","溶接","石松","2026/10/05","製造"
"イシグロ　福岡★","九州工場","九州工場","2026/09/29","2026/09/29","26-J0142562-003-771","ZG0000","6.00","750.0","50.0","883.0","ZN 架台","","8","SS-L-50x50x6t　ドブ吊り穴位置任意","2026/10/23","ヤマックス　ｽﾎﾟｯﾄ便","2026/10/26","","溶接","ゴック","2026/10/05","製造"
"イシグロ　福岡★","九州工場","九州工場","2026/09/29","2026/09/29","26-J0142562-014-771","ZG0000","6.00","200.0","50.0","446.0","ZN 架台","","1","SS-L-50x50x6t　ドブ吊り穴位置任意","2026/10/23","ヤマックス　ｽﾎﾟｯﾄ便","2026/10/26","","組立","金光","2026/10/02","製造"
"イシグロ　福岡★","九州工場","九州工場","2026/09/29","2026/09/29","26-J0142562-013-771","ZG0000","6.00","200.0","50.0","510.0","ZN 架台","","2","SS-L-50x50x6t　ドブ吊り穴位置任意","2026/10/23","ヤマックス　ｽﾎﾟｯﾄ便","2026/10/26","","組立","金光","2026/10/02","製造"
"イシグロ　福岡★","九州工場","九州工場","2026/09/29","2026/09/29","26-J0142562-002-771","ZG0000","6.00","1,330.0","50.0","1,083.0","ZN 架台","","1","SS-L-50x50x6t　ドブ吊り穴位置任意","2026/10/23","ヤマックス　ｽﾎﾟｯﾄ便","2026/10/26","","組立","金光","2026/10/02","製造"
"イシグロ　福岡★","九州工場","九州工場","2026/09/29","2026/09/29","26-J0142562-001-771","ZG0000","6.00","1,330.0","50.0","827.0","ZN 架台","","1","SS-L-50x50x6t　ドブ吊り穴位置任意","2026/10/23","ヤマックス　ｽﾎﾟｯﾄ便","2026/10/26","","組立","金光","2026/10/02","製造"
"イシグロ　福岡★","九州工場","九州工場","2026/09/29","2026/09/29","26-J0142562-012-771","ZG0000","6.00","200.0","50.0","235.0","ZN 架台","","1","SS-L-50x50x6t　ドブ吊り穴位置任意","2026/10/23","ヤマックス　ｽﾎﾟｯﾄ便","2026/10/26","","組立","金光","2026/10/02","製造"
"イシグロ　福岡★","九州工場","九州工場","2026/09/29","2026/09/29","26-J0142562-011-771","ZG0000","6.00","300.0","50.0","2,189.0","ZN 架台","","3","SS-L-50x50x6t　ドブ吊り穴位置任意","2026/10/23","ヤマックス　ｽﾎﾟｯﾄ便","2026/10/26","","組立","金光","2026/10/02","製造"
"イシグロ　福岡★","九州工場","九州工場","2026/09/29","2026/09/29","26-J0142562-015-771","ZG0000","6.00","350.0","50.0","223.0","ZN 架台","","1","SS-L-50x50x6t　ドブ吊り穴位置任意","2026/10/23","ヤマックス　ｽﾎﾟｯﾄ便","2026/10/26","","組立","金光","2026/10/02","製造"
"イシグロ　福岡★","九州工場","九州工場","2026/09/29","2026/09/29","26-J0142562-008-771","ZG0000","6.00","600.0","50.0","235.0","ZN 架台","","7","SS-L-50x50x6t　ドブ吊り穴位置任意","2026/10/23","ヤマックス　ｽﾎﾟｯﾄ便","2026/10/26","","組立","金光","2026/10/02","製造"
"イシグロ　福岡★","九州工場","九州工場","2026/09/29","2026/09/29","26-J0142562-007-771","ZG0000","6.00","450.0","50.0","340.0","ZN 架台","","3","SS-L-50x50x6t　ドブ吊り穴位置任意","2026/10/23","ヤマックス　ｽﾎﾟｯﾄ便","2026/10/26","","組立","金光","2026/10/02","製造"
"イシグロ　福岡★","九州工場","九州工場","2026/09/29","2026/09/29","26-J0142562-006-771","ZG0000","6.00","750.0","50.0","310.0","ZN 架台","","3","SS-L-50x50x6t　ドブ吊り穴位置任意","2026/10/23","ヤマックス　ｽﾎﾟｯﾄ便","2026/10/26","","組立","金光","2026/10/02","製造"
"アサヒ　中部","九州工場","九州工場","2026/10/08","2026/10/08","26-J0152729-002-771","IE0000SC","1.60","600.0","300.0","250.0","鉄 PBﾄｸ 平 焼付","2.5Y9/1","1","ｱｰｽ","2026/10/16","イトカツ","2026/10/26","2026/10/16","切断","林(浩)","2026/10/13","製造"
"アサヒ　中部","九州工場","九州工場","2026/10/08","2026/10/08","26-J0152729-001-771","IE3010SC","1.60","300.0","300.0","100.0","鉄 PB 平 焼付","2.5Y9/1","2","ｱｰｽ","2026/10/16","イトカツ","2026/10/26","2026/10/16","切断","井上(隆)","2026/10/13","製造"
"アサヒ　中部","九州工場","九州工場","2026/10/08","2026/10/08","26-J0152729-005-771","IE4020SC","1.60","400.0","400.0","200.0","鉄 PB 平 焼付","N5.5","1","ｱｰｽ","2026/10/16","イトカツ","2026/10/26","2026/10/16","切断","井上(隆)","2026/10/13","製造"
"アサヒ　中部","九州工場","九州工場","2026/10/08","2026/10/08","26-J0152729-004-771","IE3030SC","1.60","300.0","300.0","300.0","鉄 PB 平 焼付","N5.5","2","ｱｰｽ","2026/10/16","イトカツ","2026/10/26","2026/10/16","切断","井上(隆)","2026/10/13","製造"
"アサヒ　中部","九州工場","九州工場","2026/10/08","2026/10/08","26-J0152729-003-771","IE3020SC","1.60","300.0","300.0","200.0","鉄 PB 平 焼付","N5.5","3","ｱｰｽ","2026/10/16","イトカツ","2026/10/26","2026/10/16","切断","井上(隆)","2026/10/13","製造"
"アサヒ　中部","九州工場","九州工場","2026/10/08","2026/10/08","26-J0152735-002-771","IE2010SC","1.60","200.0","200.0","100.0","鉄 PB 平 焼付","N5.5","5","ｱｰｽ","2026/10/19","イトカツ","2026/10/26","2026/10/19","未着手","","2026/10/14","製造"
"アサヒ　中部","九州工場","九州工場","2026/10/08","2026/10/08","26-J0152735-001-771","IE1510SC","1.60","150.0","150.0","100.0","鉄 PB 平 焼付","N5.5","10","ｱｰｽ","2026/10/19","イトカツ","2026/10/26","2026/10/19","未着手","","2026/10/14","製造"
"沖縄ミツヤマ電気","九州工場","九州工場","2026/10/09","2026/10/09","26-J0152797-002-771","SE0000XC","1.50","400.0","400.0","200.0","SUS PBﾄｸ 水切 焼付","2.5Y9/1","2","ｱｰｽ ｺﾝ柱金具x2","2026/10/16","イトカツ","2026/10/26","2026/10/16","未着手","","2026/10/13","製造"
"沖縄ミツヤマ電気","九州工場","九州工場","2026/10/09","2026/10/09","26-J0152797-001-771","SE0000XC","1.50","300.0","300.0","200.0","SUS PBﾄｸ 水切 焼付","2.5Y9/1","2","ｱｰｽ ｺﾝ柱金具","2026/10/16","イトカツ","2026/10/26","2026/10/16","未着手","","2026/10/13","製造"
"沖縄ミツヤマ電気","九州工場","九州工場","2026/10/09","2026/10/09","26-J0152814-001-771","SE0000XC","1.50","300.0","300.0","200.0","SUS PBﾄｸ 水切 焼付","2.5Y9/1","4","ｱｰｽ ｺﾝ柱金具","2026/10/19","イトカツ","2026/10/26","2026/10/19","未着手","","2026/10/14","製造"
"沖縄ミツヤマ電気","九州工場","九州工場","2026/10/09","2026/10/09","26-J0152814-002-771","SE0000XC","1.50","400.0","400.0","200.0","SUS PBﾄｸ 水切 焼付","2.5Y9/1","4","ｱｰｽ ｺﾝ柱金具x2","2026/10/19","イトカツ","2026/10/26","2026/10/19","未着手","","2026/10/14","製造"
"イシグロ　福岡★","九州工場","九州工場","2026/10/09","2026/10/09","26-J0153035-002-771","ZKM0000","5.00","2,690.0","40.0","75.0","ZN 金物","","2","SS-C-5x40x75 　防止架台1-2","2026/10/26","店頭渡し","2026/10/26","","未着手","","2026/10/19","製造"
"イシグロ　福岡★","九州工場","九州工場","2026/10/09","2026/10/09","26-J0153035-004-771","ZKM0000","6.00","735.0","65.0","1,500.0","ZN 金物","","6","SS-L-65x65x6t　PL-6t　 B-004","2026/10/26","店頭渡し","2026/10/26","","未着手","","2026/10/19","製造"
"イシグロ　福岡★","九州工場","九州工場","2026/10/09","2026/10/09","26-J0153035-003-771","ZKM0000","6.00","575.0","65.0","1,500.0","ZN 金物","","6","SS-L-65x65x6t　PL-6t　 B-003","2026/10/26","店頭渡し","2026/10/26","","未着手","","2026/10/19","製造"
"イシグロ　福岡★","九州工場","九州工場","2026/10/09","2026/10/09","26-J0153035-001-771","ZKM0000","5.00","2,690.0","40.0","75.0","ZN 金物","","2","SS-C-5x40x75 　転倒防止架台-1-1","2026/10/26","店頭渡し","2026/10/26","","未着手","","2026/10/19","製造"
"アサヒ　宜野湾","九州工場","九州工場","2026/09/29","2026/09/29","26-J0142779-001-771","SE0000XC","2.00","1,000.0","300.0","300.0","SUS PBﾄｸ 水切 焼付","2.5Y9/1","1","ｱｰｽ","2026/10/27","沖縄直送","2026/10/27","","未着手","","2026/10/22","製造"
"アサヒ　宜野湾","九州工場","九州工場","2026/09/29","2026/09/29","26-J0142822-001-771","BE3020SC","1.60","300.0","300.0","200.0","国土 PB 平 焼付","2.5Y9/1","2","ｱｰｽ","2026/10/27","沖縄直送","2026/10/27","","未着手","","2026/10/22","製造"
"アサヒ　宜野湾","九州工場","九州工場","2026/09/29","2026/09/29","26-J0142822-002-771","BE5030SC","1.60","500.0","500.0","300.0","国土 PB 平 焼付","2.5Y9/1","3","ｱｰｽ","2026/10/27","沖縄直送","2026/10/27","","未着手","","2026/10/22","製造"
"シンセイ　広島第一★","九州工場","九州工場","2026/10/02","2026/10/02","26-J0146918-001-771","ZIP0000","3.20","40.0","495.0","0.0","ZN ﾌﾟﾚｰﾄ","","50","HDZT49 穴加工","2026/10/27","福山通運　九州発送","2026/10/27","","外注","森山","2026/10/07","製造"
"ハッピー電気　人吉★","九州工場","九州工場","2026/10/07","2026/10/07","26-J0151224-001-771","SE0000XN","1.50","300.0","150.0","100.0","SUS PBﾄｸ 水切","","1","ｱｰｽ","2026/10/27","佐川急便","2026/10/27","","未着手","","2026/10/27","製造"
"ｹｲ･ｴｽ･ﾃﾞｰ　大分★","九州工場","九州工場","2026/10/07","2026/10/07","26-J0151440-003-771","BDC0000C","1.60","700.0","160.0","1,230.0","国土 ﾀﾞｸﾄｶﾊﾞｰ 焼付","日東工業2.5Y9/1近似色","1","SL4-4 平蓋 ET無 蓋に金物溶接 10A脱着式","2026/10/26","佐川急便","2026/10/27","","未着手","","2026/10/19","製造"
"ｹｲ･ｴｽ･ﾃﾞｰ　大分★","九州工場","九州工場","2026/10/07","2026/10/07","26-J0151440-001-771","BDC0000C","1.60","700.0","160.0","946.0","国土 ﾀﾞｸﾄｶﾊﾞｰ 焼付","日東工業2.5Y9/1近似色","1","SL2-3 平蓋 ET無 蓋に金物溶接 10A脱着式","2026/10/26","佐川急便","2026/10/27","","未着手","","2026/10/19","製造"
"ｹｲ･ｴｽ･ﾃﾞｰ　大分★","九州工場","九州工場","2026/10/07","2026/10/07","26-J0151440-002-771","BDC0000C","1.60","700.0","160.0","1,116.0","国土 ﾀﾞｸﾄｶﾊﾞｰ 焼付","日東工業2.5Y9/1近似色","1","SL3-3 平蓋 ET無 蓋に金物溶接 10A脱着式","2026/10/26","佐川急便","2026/10/27","","未着手","","2026/10/19","製造"
"松堂電材","九州工場","九州工場","2026/10/09","2026/10/09","26-J0152966-001-771","SE0000XC","1.50","400.0","400.0","200.0","SUS PBﾄｸ 水切 焼付","2.5Y9/1","1","ｱｰｽ 平面ﾊﾝﾄﾞﾙ 外蝶番","2026/10/19","イトカツ","2026/10/27","2026/10/19","未着手","","2026/10/14","製造"
"日本電設資材　福岡★","九州工場","九州工場","2026/09/24","2026/09/24","26-J0139143-004-771","IG0000G","0.00","215.0","210.0","900.0","鉄 架台","","1","さび止め [150x75x6.5t L65x65x6t QR50用(EPS4)","2026/10/27","ヤマックス福岡","2026/10/28","","未着手","","2026/10/22","製造"
"日本電設資材　福岡★","九州工場","九州工場","2026/09/24","2026/09/24","26-J0139143-003-771","IG0000G","0.00","215.0","210.0","900.0","鉄 架台","","1","さび止め [150x75x6.5t L65x65x6t QR50用(EPS2)","2026/10/27","ヤマックス福岡","2026/10/28","","未着手","","2026/10/22","製造"
"日本電設資材　福岡★","九州工場","九州工場","2026/09/24","2026/09/24","26-J0139143-001-771","IG0000G","0.00","215.0","210.0","1,100.0","鉄 架台","","1","さび止め [150×75×6.5t　L65×65×6t QR70用(EPS1)","2026/10/27","ヤマックス福岡","2026/10/28","","未着手","","2026/10/22","製造"
"日本電設資材　福岡★","九州工場","九州工場","2026/09/24","2026/09/24","26-J0139143-002-771","IG0000G","0.00","215.0","210.0","1,100.0","鉄 架台","","1","さび止め [150×75×6.5t　L65×65×6t QR70用(EPS3)","2026/10/27","ヤマックス福岡","2026/10/28","","未着手","","2026/10/22","製造"
"日本電設資材　福岡★","九州工場","九州工場","2026/09/24","2026/09/24","26-J0139145-002-771","IMK0000G","4.50","900.0","100.0","40.0","鉄 曲金物","","1","さび止め　穴加工　EPS2","2026/10/27","ヤマックス福岡","2026/10/28","","未着手","","2026/10/22","製造"
"日本電設資材　福岡★","九州工場","九州工場","2026/09/24","2026/09/24","26-J0139145-003-771","IMK0000G","4.50","1,100.0","100.0","40.0","鉄 曲金物","","1","さび止め　穴加工　EPS3","2026/10/27","ヤマックス福岡","2026/10/28","","未着手","","2026/10/22","製造"
"日本電設資材　福岡★","九州工場","九州工場","2026/09/24","2026/09/24","26-J0139145-004-771","IMK0000G","4.50","900.0","100.0","40.0","鉄 曲金物","","1","さび止め　穴加工　EPS4","2026/10/27","ヤマックス福岡","2026/10/28","","未着手","","2026/10/22","製造"
"日本電設資材　福岡★","九州工場","九州工場","2026/09/24","2026/09/24","26-J0139145-001-771","IMK0000G","4.50","1,100.0","100.0","40.0","鉄 曲金物","","1","さび止め　穴加工　EPS1","2026/10/27","ヤマックス福岡","2026/10/28","","未着手","","2026/10/22","製造"
"栗田電機　宇和島★","九州工場","九州工場","2026/09/28","2026/09/28","26-J0141759-001-771","IIP0000C","1.60","1,300.0","300.0","0.0","鉄 ﾌﾟﾚｰﾄ 焼付","N9.5(近似色)","17","穴加工ｱﾘ","2026/10/28","福山通運　九州発送","2026/10/28","","未着手","","2026/10/23","製造"
"三親電材　米子★","九州工場","九州工場","2026/09/28","2026/09/28","26-J0141797-001-771","SE0000XN","1.50","600.0","450.0","600.0","SUS PBﾄｸ 水切","","1","ｱｰｽ(位置指定)","2026/10/28","福山通運　九州発送","2026/10/28","","未着手","","2026/10/28","製造"
"平岡電気　大牟田★","九州工場","九州工場","2026/10/02","2026/10/02","26-J0145940-001-771","AD0000N","2.00","800.0","400.0","2,200.0","ｱﾙﾐ ﾀﾞｸﾄ","","1","平蓋 点検窓 支持棒+ｾﾊﾟ3枚 ｱﾝｸﾞﾙ補強有 開口あり","2026/10/28","チャーター便","2026/10/28","","未着手","","2026/10/28","製造"
"平岡電気　大牟田★","九州工場","九州工場","2026/10/02","2026/10/02","26-J0146083-002-771","IG0000C","0.00","1,800.0","740.0","255.0","鉄 架台 焼付","5Y7/1 近似色","1","ﾌﾘｱｸ架台 [100x50x5t L40x40x5t SGP50A","2026/10/28","チャーター便","2026/10/28","","未着手","","2026/10/22","製造"
"宮地電機　徳島","九州工場","九州工場","2026/10/02","2026/10/02","26-J0147011-003-771","ZE3020X2","2.30","300.0","300.0","200.0","ZN PB 水切","","1","HDZT56 ｱｰｽ","2026/10/27","福山通運　九州発送","2026/10/28","","未着手","","2026/10/20","製造"
"カンサイエコプラス　本社★","九州工場","九州工場","2026/10/05","2026/10/05","26-J0147484-007-771","BE3030SC","1.60","300.0","300.0","300.0","国土 PB 平 焼付","N70 近似色","2","ｱｰｽ","2026/10/28","佐川急便","2026/10/28","","保留","－","2026/10/22","製造"
"カンサイエコプラス　本社★","九州工場","九州工場","2026/10/05","2026/10/05","26-J0147484-005-771","SF0000C","1.50","700.0","200.0","50.0","SUS 裏BOX 焼付","N70 近似色","3","ｱｰｽ　開口 穴加工 ﾅｯﾄ溶接","2026/10/28","佐川急便","2026/10/28","","保留","－","2026/10/22","製造"
"カンサイエコプラス　本社★","九州工場","九州工場","2026/10/05","2026/10/05","26-J0147484-002-771","BE4020SC","1.60","400.0","400.0","200.0","国土 PB 平 焼付","N70 近似色","2","ｱｰｽ","2026/10/28","佐川急便","2026/10/28","","保留","－","2026/10/22","製造"
"栗田電機　宇和島★","九州工場","九州工場","2026/09/28","2026/09/28","26-J0141766-001-771","IIP0000C","1.60","1,300.0","300.0","0.0","鉄 ﾌﾟﾚｰﾄ 焼付","N9.5(近似色)","17","穴加工ｱﾘ","2026/10/29","福山通運　九州発送","2026/10/29","","未着手","","2026/10/26","製造"
"栗田電機　宇和島★","九州工場","九州工場","2026/09/29","2026/09/29","26-J0142327-001-771","IIP0000C","1.60","1,276.0","272.0","0.0","鉄 ﾌﾟﾚｰﾄ 焼付","N9.5(近似色)","4","開口ｱﾘ","2026/10/29","福山通運　九州発送","2026/10/29","","未着手","","2026/10/26","製造"
"宮地電機　松山","九州工場","九州工場","2026/08/25","2026/08/25","26-J0115105-001-771","SE0000XN","1.50","300.0","300.0","200.0","SUS PBﾄｸ 水切","","4","ｱｰｽ ｺﾝ柱取付金具t2.0付","2026/10/30","福山通運　九州発送","2026/10/30","","未着手","","2026/10/30","製造"
"宮地電機　今治","九州工場","九州工場","2026/09/02","2026/09/02","26-J0122729-001-771","SMK0000N","1.50","150.0","100.0","100.0","SUS 曲金物","","16","穴加工ｱﾘ","2026/10/30","福山通運　九州発送","2026/10/30","","未着手","","2026/10/30","製造"
"栗田電機　宇和島★","九州工場","九州工場","2026/09/28","2026/09/28","26-J0141771-001-771","IIP0000C","1.60","1,300.0","300.0","0.0","鉄 ﾌﾟﾚｰﾄ 焼付","N9.5(近似色)","17","穴加工ｱﾘ","2026/10/30","福山通運　九州発送","2026/10/30","","未着手","","2026/10/27","製造"
"中国機材設備　中央★","九州工場","九州工場","2026/10/02","2026/10/02","26-J0147037-002-771","IC0000C","1.60","960.0","560.0","130.0","鉄 ｶﾊﾞｰ 焼付","5Y7/1 近似色","1","外耳20　動力盤用","2026/10/30","佐川急便","2026/10/30","","未着手","","2026/10/27","製造"
"中国機材設備　中央★","九州工場","九州工場","2026/10/02","2026/10/02","26-J0147037-001-771","IC0000C","1.60","560.0","415.0","130.0","鉄 ｶﾊﾞｰ 焼付","5Y7/1 近似色","1","外耳20　電灯盤用","2026/10/30","佐川急便","2026/10/30","","未着手","","2026/10/27","製造"
"デンザイ東亜　本社★","九州工場","九州工場","2026/10/06","2026/10/06","26-J0150120-001-771","SE0000XC","1.50","600.0","600.0","600.0","SUS PBﾄｸ 水切 焼付","N9.5 近似色","1","ｱｰｽ 側面1-φ90 1-φ8　底面1-φ200 4-φ12　","2026/10/30","佐川急便","2026/10/30","","未着手","","2026/10/27","製造"
"デンザイ東亜　本社★","九州工場","九州工場","2026/10/07","2026/10/07","26-J0150140-001-771","BE6060SG","1.60","600.0","600.0","600.0","国土 PB 平","","2","ｱｰｽ さび止め","2026/10/30","佐川急便","2026/10/30","","未着手","","2026/10/30","製造"
"日本電商　九州★","九州工場","九州工場","2026/09/10","2026/09/10","26-J0128878-001-771","IMK0000C","1.60","435.0","240.0","10.0","鉄 曲金物 焼付","N9.5 近似色","10","4-M4ﾀｯﾌﾟ　長穴  小頭皿ビスM4ﾀｯﾌﾟ　切欠有","2026/11/04","佐川急便","2026/11/04","","未着手","","2026/10/29","製造"
"ウチダ★","九州工場","九州工場","2026/10/05","2026/10/05","26-J0148475-001-771","SP0000XN","1.50","300.0","300.0","150.0","SUS PBﾄｸ 水切","","2","酸洗い　取付足、端子台ﾍﾞｰｽ、 ﾈｼﾞ付管筒　溶接","2026/11/04","福山通運　九州発送","2026/11/04","","未着手","","2026/11/02","製造"
"宮地電機　西讃","九州工場","九州工場","2026/10/07","2026/10/07","26-J0150627-002-771","BP0000SC","1.60","800.0","400.0","160.0","国土 PBﾄｸ 平 焼付","2.5Y9/1(近似色)","1","ｱｰｽ無 開口・穴加工ｱﾘ ﾍﾞｰｽ･化粧ﾋﾞｽ付 R5x4","2026/11/04","福山通運　九州発送","2026/11/04","","未着手","","2026/10/30","製造"
"三親電材　山口★","九州工場","九州工場","2026/10/07","2026/10/07","26-J0151457-006-771","ITG0000G","0.00","1,690.0","450.0","2,753.0","鉄 耐震架台","","1","さび止め SS-C-5x50x100　PL-9t.6t　図番1535-6","2026/10/16","チャーター便","2026/11/04","","切断","森山","2026/10/13","製造"
"三親電材　山口★","九州工場","九州工場","2026/10/07","2026/10/07","26-J0151457-016-771","ITG0000G","0.00","1,946.0","450.0","3,365.0","鉄 耐震架台","","1","さび止め SS-C-5x50x100　PL-9t.6t　図番1535-16","2026/10/20","チャーター便","2026/11/04","","未着手","","2026/10/16","製造"
"三親電材　山口★","九州工場","九州工場","2026/10/07","2026/10/07","26-J0151457-017-771","ITG0000G","0.00","1,915.0","450.0","3,230.0","鉄 耐震架台","","1","さび止め SS-C-5x50x100　PL-9t.6t　図番1535-17","2026/10/20","チャーター便","2026/11/04","","未着手","","2026/10/16","製造"
"三親電材　山口★","九州工場","九州工場","2026/10/07","2026/10/07","26-J0151457-018-771","ITG0000G","0.00","927.0","324.0","3,356.0","鉄 耐震架台","","1","さび止め SS-C-5x50x100/L6x65　PL-9t.6t図番1535-18","2026/10/20","チャーター便","2026/11/04","","未着手","","2026/10/16","製造"
"三親電材　山口★","九州工場","九州工場","2026/10/07","2026/10/07","26-J0151457-021-771","ITG0000G","0.00","966.5","324.0","2,960.0","鉄 耐震架台","","1","さび止め SS-C-5x50x100/L6x65　PL-9t.6t図番1535-21","2026/10/22","チャーター便","2026/11/04","","未着手","","2026/10/19","製造"
"三親電材　山口★","九州工場","九州工場","2026/10/07","2026/10/07","26-J0151457-026-771","ITG0000G","0.00","2,178.0","325.0","3,367.0","鉄 耐震架台","","1","さび止め SS-C-5x50x100　PL-9t.6t 図番1535-26","2026/10/22","チャーター便","2026/11/04","","未着手","","2026/10/19","製造"
"三親電材　山口★","九州工場","九州工場","2026/10/07","2026/10/07","26-J0151457-025-771","ITG0000G","0.00","1,895.0","325.0","3,328.0","鉄 耐震架台","","1","さび止め SS-C-5x50x100　PL-9t.6t 図番1535-25","2026/10/22","チャーター便","2026/11/04","","未着手","","2026/10/19","製造"
"三親電材　山口★","九州工場","九州工場","2026/10/07","2026/10/07","26-J0151457-020-771","ITG0000G","0.00","966.0","324.0","2,960.0","鉄 耐震架台","","1","さび止め SS-C-5x50x100/L6x65　PL-9t.6t図番1535-20","2026/10/20","チャーター便","2026/11/04","","未着手","","2026/10/16","製造"
"三親電材　山口★","九州工場","九州工場","2026/10/07","2026/10/07","26-J0151457-024-771","ITG0000G","0.00","1,550.0","325.0","3,408.0","鉄 耐震架台","","1","さび止め SS-C-5x50x100　PL-9t.6t 図番1535-24","2026/10/22","チャーター便","2026/11/04","","未着手","","2026/10/19","製造"
"三親電材　山口★","九州工場","九州工場","2026/10/07","2026/10/07","26-J0151457-019-771","ITG0000G","0.00","927.0","324.0","3,356.0","鉄 耐震架台","","1","さび止め SS-C-5x50x100/L6x65　PL-9t.6t図番1535-19","2026/10/20","チャーター便","2026/11/04","","未着手","","2026/10/16","製造"
"三親電材　山口★","九州工場","九州工場","2026/10/07","2026/10/07","26-J0151457-023-771","ITG0000G","0.00","1,550.0","325.0","3,519.0","鉄 耐震架台","","1","さび止め SS-C-5x50x100　PL-9t.6t 図番1535-23","2026/10/22","チャーター便","2026/11/04","","未着手","","2026/10/19","製造"
"三親電材　山口★","九州工場","九州工場","2026/10/07","2026/10/07","26-J0151457-022-771","ITG0000G","0.00","1,948.0","325.0","3,599.0","鉄 耐震架台","","1","さび止め SS-C-5x50x100　PL-9t.6t 図番1535-22","2026/10/22","チャーター便","2026/11/04","","未着手","","2026/10/19","製造"
"三親電材　山口★","九州工場","九州工場","2026/10/07","2026/10/07","26-J0151457-015-771","ITG0000G","0.00","3,433.0","450.0","3,229.0","鉄 耐震架台","","1","さび止め SS-C-5x50x100　PL-9t.6t　図番1535-15","2026/10/16","チャーター便","2026/11/04","","切断","森山","2026/10/14","製造"
"三親電材　山口★","九州工場","九州工場","2026/10/07","2026/10/07","26-J0151457-007-771","ITG0000G","0.00","2,381.0","325.0","3,428.0","鉄 耐震架台","","1","さび止め SS-C-5x50x100/L6x50　PL-9t.6t　図番1535-7","2026/10/16","チャーター便","2026/11/04","","切断","森山","2026/10/13","製造"
"三親電材　山口★","九州工場","九州工場","2026/10/07","2026/10/07","26-J0151457-008-771","ITG0000G","0.00","690.0","324.0","3,310.0","鉄 耐震架台","","1","さび止め SS-L-75x75x6t　PL-6t　図番1535-8","2026/10/16","チャーター便","2026/11/04","","切断","森山","2026/10/14","製造"
"三親電材　山口★","九州工場","九州工場","2026/10/07","2026/10/07","26-J0151457-009-771","ITG0000G","0.00","550.0","325.0","3,398.0","鉄 耐震架台","","1","さび止め SS-L-75x75x6t　PL-6t　図番1535-9","2026/10/16","チャーター便","2026/11/04","","切断","森山","2026/10/14","製造"
"三親電材　山口★","九州工場","九州工場","2026/10/07","2026/10/07","26-J0151457-010-771","ITG0000G","0.00","690.0","324.0","2,914.0","鉄 耐震架台","","1","さび止め SS-L-75x75x6t　PL-6t　図番1535-10","2026/10/16","チャーター便","2026/11/04","","切断","森山","2026/10/14","製造"
"三親電材　山口★","九州工場","九州工場","2026/10/07","2026/10/07","26-J0151457-011-771","ITG0000G","0.00","700.0","325.0","3,670.0","鉄 耐震架台","","1","さび止め SS-C-5x50x100　PL-9t.6t　図番1535-11","2026/10/16","チャーター便","2026/11/04","","未着手","","2026/10/14","製造"
"三親電材　山口★","九州工場","九州工場","2026/10/07","2026/10/07","26-J0151457-012-771","ITG0000G","0.00","950.0","250.0","3,444.0","鉄 耐震架台","","1","さび止め SS-C-5x50x100　PL-9t.6t　図番1535-12","2026/10/16","チャーター便","2026/11/04","","切断","森山","2026/10/14","製造"
"三親電材　山口★","九州工場","九州工場","2026/10/07","2026/10/07","26-J0151457-013-771","ITG0000G","0.00","700.0","325.0","3,215.0","鉄 耐震架台","","1","さび止め SS-C-5x50x100　PL-9t.6t　図番1535-13","2026/10/16","チャーター便","2026/11/04","","切断","森山","2026/10/14","製造"
"三親電材　山口★","九州工場","九州工場","2026/10/07","2026/10/07","26-J0151457-014-771","ITG0000G","0.00","3,131.0","450.0","3,401.0","鉄 耐震架台","","1","さび止め SS-C-5x50x100　PL-9t.6t　図番1535-14","2026/10/16","チャーター便","2026/11/04","","切断","森山","2026/10/14","製造"
"三親電材　山口★","九州工場","九州工場","2026/10/07","2026/10/07","26-J0151457-001-771","ITG0000G","0.00","3,079.3","313.0","3,529.0","鉄 耐震架台","","1","さび止め SS-C-6x65x125　PL-9t.6t　図番1535-1","2026/10/15","チャーター便","2026/11/04","","切断","森山","2026/10/13","製造"
"三親電材　山口★","九州工場","九州工場","2026/10/07","2026/10/07","26-J0151457-002-771","ITG0000G","0.00","2,108.0","313.0","3,383.0","鉄 耐震架台","","1","さび止め SS-C-6x65x125　PL-9t.6t図番1535-2","2026/10/15","チャーター便","2026/11/04","","切断","森山","2026/10/13","製造"
"三親電材　山口★","九州工場","九州工場","2026/10/07","2026/10/07","26-J0151457-003-771","ITG0000G","0.00","1,500.0","450.0","3,094.0","鉄 耐震架台","","1","さび止め SS-C-5x50x100　PL-9t.6t　図番1535-3","2026/10/16","チャーター便","2026/11/04","","切断","森山","2026/10/13","製造"
"三親電材　山口★","九州工場","九州工場","2026/10/07","2026/10/07","26-J0151457-004-771","ITG0000G","0.00","1,337.5","325.0","3,519.0","鉄 耐震架台","","1","さび止め SS-C-5x50x100　PL-9t.6t　図番1535-4","2026/10/16","チャーター便","2026/11/04","","切断","森山","2026/10/13","製造"
"三親電材　山口★","九州工場","九州工場","2026/10/07","2026/10/07","26-J0151457-005-771","ITG0000G","0.00","1,463.5","325.0","3,408.0","鉄 耐震架台","","1","さび止め SS-C-5x50x100　PL-9t.6t　図番1535-5","2026/10/16","チャーター便","2026/11/04","","切断","森山","2026/10/13","製造"
"福西電機　情報・防災","九州工場","九州工場","2026/10/05","2026/10/05","26-J0147138-001-771","SP0000SN","1.50","300.0","300.0","200.0","SUS PBﾄｸ 平","","2","開口･穴加工ｱﾘ","2026/11/09","福山通運　九州発送","2026/11/09","","未着手","","2026/11/09","製造"
"シンセイ　広島第二★","九州工場","九州工場","2026/09/07","2026/09/07","26-J0125643-001-771","ZG0000","0.00","700.0","175.0","375.0","ZN 架台","","1","HDZT63  盤下架台　L-50X50X4t","2026/11/11","福山通運　九州発送","2026/11/12","","未着手","","2026/11/04","製造"
"シンセイ　広島第二★","九州工場","九州工場","2026/09/07","2026/09/07","26-J0125643-002-771","ZG0000","0.00","700.0","200.0","1,200.0","ZN 架台","","1","HDZT63  背面架台　L-50X50X4t　","2026/11/11","福山通運　九州発送","2026/11/12","","未着手","","2026/11/04","製造"
"栗田電機　松山★","九州工場","九州工場","2026/09/11","2026/09/11","26-J0130463-001-771","SIP0000N","1.50","200.0","200.0","0.0","SUS ﾌﾟﾚｰﾄ","","23","R3x4 ｺﾞﾑﾊﾟｯｷﾝ付･開口･穴加工ｱﾘ","2026/11/12","福山通運　九州発送","2026/11/12","","未着手","","2026/11/12","製造"
"イシグロ　宮崎★","九州工場","九州工場","2026/10/05","2026/10/05","26-J0148499-001-771","IBG0000C","0.00","500.0","300.0","300.0","鉄 防球ガード 焼付","2.5Y9/1 近似色","5","配管ガード 丸鋼φ6","2026/11/11","チャーター便","2026/11/12","","未着手","","2026/11/05","製造"
"イシグロ　宮崎★","九州工場","九州工場","2026/10/05","2026/10/05","26-J0148499-002-771","IBG0000C","0.00","500.0","250.0","250.0","鉄 防球ガード 焼付","2.5Y9/1 近似色","2","配管ガード 丸鋼φ6","2026/11/11","チャーター便","2026/11/12","","未着手","","2026/11/05","製造"
"宮地電機　西讃","九州工場","九州工場","2026/10/07","2026/10/07","26-J0151036-001-771","IIP0000C","1.60","620.0","520.0","0.0","鉄 ﾌﾟﾚｰﾄ 焼付","2.5Y9/1(近似色)","1","開口ｱﾘ","2026/11/12","福山通運　九州発送","2026/11/12","","未着手","","2026/11/09","製造"
"富士商会★","九州工場","九州工場","2026/08/24","2026/08/24","26-J0113555-001-771","AD0000N","2.00","250.0","200.0","2,000.0","ｱﾙﾐ ﾀﾞｸﾄ","","1","平蓋 ｱｰｽ付 ｾﾊﾟﾚｰﾀ1枚付　補強なし","2026/11/19","福山通運　九州発送","2026/11/19","","未着手","","2026/11/19","製造"
"イシグロ　福岡★","九州工場","九州工場","2026/09/29","2026/09/29","26-J0142317-005-771","IBG0000C","0.00","250.0","960.0","475.0","鉄 防球ガード 焼付","2.5Y9/1 近似色","1","配管ガード　SPB-1　E","2026/11/12","ヤマックス　ｽﾎﾟｯﾄ便","2026/11/19","","未着手","","2026/11/09","製造"
"イシグロ　福岡★","九州工場","九州工場","2026/09/29","2026/09/29","26-J0142317-017-771","IBG0000C","0.00","600.0","830.0","300.0","鉄 防球ガード 焼付","2.5Y9/1 近似色","1","配管ガード　SPB-4 D","2026/11/17","ヤマックス　ｽﾎﾟｯﾄ便","2026/11/19","","未着手","","2026/11/12","製造"
"イシグロ　福岡★","九州工場","九州工場","2026/09/29","2026/09/29","26-J0142317-016-771","IBG0000C","0.00","1,000.0","450.0","450.0","鉄 防球ガード 焼付","2.5Y9/1 近似色","1","配管ガード　SPB-4 C","2026/11/17","ヤマックス　ｽﾎﾟｯﾄ便","2026/11/19","","未着手","","2026/11/12","製造"
"イシグロ　福岡★","九州工場","九州工場","2026/09/29","2026/09/29","26-J0142317-015-771","IBG0000C","0.00","1,200.0","250.0","250.0","鉄 防球ガード 焼付","2.5Y9/1 近似色","1","配管ガード　SPB-4 B","2026/11/17","ヤマックス　ｽﾎﾟｯﾄ便","2026/11/19","","未着手","","2026/11/12","製造"
"イシグロ　福岡★","九州工場","九州工場","2026/09/29","2026/09/29","26-J0142317-014-771","IBG0000C","0.00","250.0","940.0","490.0","鉄 防球ガード 焼付","2.5Y9/1 近似色","1","配管ガード　SPB-4 A","2026/11/16","ヤマックス　ｽﾎﾟｯﾄ便","2026/11/19","","未着手","","2026/11/11","製造"
"イシグロ　福岡★","九州工場","九州工場","2026/09/29","2026/09/29","26-J0142317-013-771","IBG0000C","0.00","250.0","780.0","490.0","鉄 防球ガード 焼付","2.5Y9/1 近似色","1","配管ガード　SPB-3 D","2026/11/16","ヤマックス　ｽﾎﾟｯﾄ便","2026/11/19","","未着手","","2026/11/11","製造"
"イシグロ　福岡★","九州工場","九州工場","2026/09/29","2026/09/29","26-J0142317-012-771","IBG0000C","0.00","510.0","330.0","490.0","鉄 防球ガード 焼付","2.5Y9/1 近似色","1","配管ガード　SPB-3 C 塞ぎプレートx1","2026/11/16","ヤマックス　ｽﾎﾟｯﾄ便","2026/11/19","","未着手","","2026/11/11","製造"
"イシグロ　福岡★","九州工場","九州工場","2026/09/29","2026/09/29","26-J0142317-011-771","IBG0000C","0.00","450.0","450.0","495.0","鉄 防球ガード 焼付","2.5Y9/1 近似色","1","配管ガード　SPB-3 B 塞ぎプレートx1 受け金具x2","2026/11/13","ヤマックス　ｽﾎﾟｯﾄ便","2026/11/19","","未着手","","2026/11/10","製造"
"イシグロ　福岡★","九州工場","九州工場","2026/09/29","2026/09/29","26-J0142317-010-771","IBG0000C","0.00","650.0","450.0","450.0","鉄 防球ガード 焼付","2.5Y9/1 近似色","1","配管ガード　SPB-3 A 塞ぎプレートx1","2026/11/13","ヤマックス　ｽﾎﾟｯﾄ便","2026/11/19","","未着手","","2026/11/10","製造"
"イシグロ　福岡★","九州工場","九州工場","2026/09/29","2026/09/29","26-J0142317-009-771","IBG0000C","0.00","600.0","830.0","300.0","鉄 防球ガード 焼付","2.5Y9/1 近似色","1","配管ガード　SPB-2 D 塞ぎプレートx1","2026/11/13","ヤマックス　ｽﾎﾟｯﾄ便","2026/11/19","","未着手","","2026/11/10","製造"
"イシグロ　福岡★","九州工場","九州工場","2026/09/29","2026/09/29","26-J0142317-008-771","IBG0000C","0.00","1,000.0","450.0","450.0","鉄 防球ガード 焼付","2.5Y9/1 近似色","1","配管ガード　SPB-2 C 塞ぎプレートx1","2026/11/12","ヤマックス　ｽﾎﾟｯﾄ便","2026/11/19","","未着手","","2026/11/09","製造"
"イシグロ　福岡★","九州工場","九州工場","2026/09/29","2026/09/29","26-J0142317-007-771","IBG0000C","0.00","90.0","250.0","250.0","鉄 防球ガード 焼付","2.5Y9/1 近似色","1","配管ガード　SPB-2 B","2026/11/12","ヤマックス　ｽﾎﾟｯﾄ便","2026/11/19","","未着手","","2026/11/09","製造"
"イシグロ　福岡★","九州工場","九州工場","2026/09/29","2026/09/29","26-J0142317-006-771","IBG0000C","0.00","250.0","1,010.0","490.0","鉄 防球ガード 焼付","2.5Y9/1 近似色","1","配管ガード　SPB-2 A","2026/11/12","ヤマックス　ｽﾎﾟｯﾄ便","2026/11/19","","未着手","","2026/11/09","製造"
"イシグロ　福岡★","九州工場","九州工場","2026/09/29","2026/09/29","26-J0142317-004-771","IBG0000C","0.00","300.0","260.0","0.0","鉄 防球ガード 焼付","2.5Y9/1 近似色","1","配管ガード　SPB-1　D","2026/11/11","ヤマックス　ｽﾎﾟｯﾄ便","2026/11/19","","未着手","","2026/11/06","製造"
"イシグロ　福岡★","九州工場","九州工場","2026/09/29","2026/09/29","26-J0142317-003-771","IBG0000C","0.00","940.0","250.0","250.0","鉄 防球ガード 焼付","2.5Y9/1 近似色","1","配管ガード　SPB-1　C","2026/11/11","ヤマックス　ｽﾎﾟｯﾄ便","2026/11/19","","未着手","","2026/11/06","製造"
"イシグロ　福岡★","九州工場","九州工場","2026/09/29","2026/09/29","26-J0142317-002-771","IBG0000C","0.00","400.0","770.0","300.0","鉄 防球ガード 焼付","2.5Y9/1 近似色","1","配管ガード　SPB-1　B　プレートx1","2026/11/11","ヤマックス　ｽﾎﾟｯﾄ便","2026/11/19","","未着手","","2026/11/06","製造"
"イシグロ　福岡★","九州工場","九州工場","2026/09/29","2026/09/29","26-J0142317-001-771","IBG0000C","0.00","650.0","450.0","450.0","鉄 防球ガード 焼付","2.5Y9/1 近似色","1","配管ガード　SPB-1　A　プレートx1","2026/11/11","ヤマックス　ｽﾎﾟｯﾄ便","2026/11/19","","未着手","","2026/11/06","製造"
"栗田電機　松山★","九州工場","九州工場","2026/09/07","2026/09/07","26-J0126177-001-771","SE0000XNA","1.50","200.0","200.0","100.0","SUS PBﾄｸ 水切","","43","ｱｰｽ 足付L3x30Φ12 酸洗い･穴加工ｱﾘ","2026/11/24","福山通運　九州発送","2026/11/24","","未着手","","2026/11/17","製造"
"栗田電機　松山★","九州工場","九州工場","2026/09/07","2026/09/07","26-J0126177-002-771","SE0000XNA","1.50","200.0","200.0","100.0","SUS PBﾄｸ 水切","","2","ｱｰｽ 足付L3x30Φ12 酸洗い･穴加工ｱﾘ","2026/11/24","福山通運　九州発送","2026/11/24","","未着手","","2026/11/17","製造"
"金城電気商会","九州工場","九州工場","2026/10/02","2026/10/02","26-J0147112-001-771","SE0000XC","1.50","450.0","450.0","200.0","SUS PBﾄｸ 水切 焼付","19-75B","4","ｱｰｽ ｾﾊﾟ付(脱着式) 開口 取付穴","2026/10/15","イトカツ","2026/11/30","2026/10/23","溶接","恒川","2026/10/09","製造"
"金城電気商会","九州工場","九州工場","2026/10/02","2026/10/02","26-J0147113-001-771","SE0000XC","1.50","450.0","450.0","200.0","SUS PBﾄｸ 水切 焼付","19-75B","4","ｱｰｽ ｾﾊﾟ付(脱着式) 開口 取付穴","2026/10/19","イトカツ","2026/11/30","2026/10/23","切断","岩本","2026/10/14","製造"
"金城電気商会","九州工場","九州工場","2026/10/02","2026/10/02","26-J0147114-001-771","SE0000XC","1.50","450.0","450.0","200.0","SUS PBﾄｸ 水切 焼付","19-75B","3","ｱｰｽ ｾﾊﾟ付(脱着式) 開口 取付穴","2026/10/29","イトカツ","2026/11/30","2026/10/30","未着手","","2026/10/26","製造"
"金城電気商会","九州工場","九州工場","2026/10/02","2026/10/02","26-J0147115-001-771","SE0000XC","1.50","450.0","450.0","200.0","SUS PBﾄｸ 水切 焼付","2.5Y9/1","4","ｱｰｽ ｾﾊﾟ付(脱着式) 開口 取付穴","2026/10/23","イトカツ","2026/11/30","2026/10/23","未着手","","2026/10/20","製造"
"金城電気商会","九州工場","九州工場","2026/10/05","2026/10/05","26-J0147122-001-771","SE0000XC","1.50","450.0","450.0","200.0","SUS PBﾄｸ 水切 焼付","2.5Y9/1","3","ｱｰｽ ｾﾊﾟ付(脱着式) 開口 取付穴","2026/10/21","イトカツ","2026/11/30","2026/10/23","未着手","","2026/10/16","製造"
"金城電気商会","九州工場","九州工場","2026/10/05","2026/10/05","26-J0147122-002-771","SE0000XC","1.50","600.0","600.0","300.0","SUS PBﾄｸ 水切 焼付","19-75B","1","ｱｰｽ ｾﾊﾟ付(脱着式) PL溶接 開口 取付穴","2026/10/21","イトカツ","2026/11/30","2026/10/23","未着手","","2026/10/16","製造"
"金城電気商会","九州工場","九州工場","2026/10/05","2026/10/05","26-J0147128-002-771","SE0000XC","1.50","300.0","300.0","150.0","SUS PBﾄｸ 水切 焼付","19-75B","2","ｱｰｽ PL溶接 開口 取付穴","2026/10/23","イトカツ","2026/11/30","2026/10/23","未着手","","2026/10/19","製造"
"金城電気商会","九州工場","九州工場","2026/10/05","2026/10/05","26-J0147128-001-771","SE0000XC","1.50","600.0","600.0","300.0","SUS PBﾄｸ 水切 焼付","19-75B","2","ｱｰｽ ｾﾊﾟ付(脱着式) PL溶接 開口 取付穴","2026/10/23","イトカツ","2026/11/30","2026/10/23","未着手","","2026/10/19","製造"
"金城電気商会","九州工場","九州工場","2026/10/05","2026/10/05","26-J0147134-001-771","SE0000XC","1.50","600.0","600.0","300.0","SUS PBﾄｸ 水切 焼付","19-75B","2","ｱｰｽ ｾﾊﾟ付(脱着式) PL溶接 開口 取付穴","2026/10/27","イトカツ","2026/11/30","2026/10/30","未着手","","2026/10/22","製造"
"カンサイ　筑豊★","九州工場","九州工場","2026/08/28","2026/08/28","26-J0118519-008-771","SKM0000N","10.00","980.0","0.0","0.0","SUS 金物","","1","FB","2026/11/02","佐川急便","2026/12/01","","未着手","","2026/11/02","製造"
"カンサイ　筑豊★","九州工場","九州工場","2026/08/28","2026/08/28","26-J0118519-007-771","SG0000N","4.00","500.0","300.0","0.0","SUS 架台","","1","L50x504t 穴加工","2026/11/02","佐川急便","2026/12/01","","未着手","","2026/11/02","製造"
"カンサイ　筑豊★","九州工場","九州工場","2026/08/28","2026/08/28","26-J0118519-006-771","SG0000N","4.00","400.0","100.0","0.0","SUS 架台","","1","L50x50x4t 穴加工","2026/11/02","佐川急便","2026/12/01","","未着手","","2026/11/02","製造"
"カンサイ　筑豊★","九州工場","九州工場","2026/08/28","2026/08/28","26-J0118519-017-771","SE0000XN","1.50","200.0","200.0","200.0","SUS PBﾄｸ 水切","","1","ｱｰｽ　穴1-φ65 4-φ10","2026/11/02","佐川急便","2026/12/01","","未着手","","2026/11/02","製造"
"カンサイ　筑豊★","九州工場","九州工場","2026/08/28","2026/08/28","26-J0118519-004-771","SKM0000N","6.00","100.0","390.0","0.0","SUS 金物","","2","穴加工","2026/11/02","佐川急便","2026/12/01","","未着手","","2026/11/02","製造"
"カンサイ　筑豊★","九州工場","九州工場","2026/08/28","2026/08/28","26-J0118519-003-771","SG0000N","5.00","500.0","5,500.0","0.0","SUS 架台","","1","[5x50x100　穴加工","2026/11/02","佐川急便","2026/12/01","","未着手","","2026/11/02","製造"
"カンサイ　筑豊★","九州工場","九州工場","2026/08/28","2026/08/28","26-J0118519-002-771","SG0000N","5.00","500.0","1,750.0","0.0","SUS 架台","","2","[5x50x100 ﾍﾞｰｽ200x200x6t　穴加工","2026/11/02","佐川急便","2026/12/01","","未着手","","2026/11/02","製造"
"カンサイ　筑豊★","九州工場","九州工場","2026/08/28","2026/08/28","26-J0118519-001-771","SG0000N","5.00","500.0","400.0","1,950.0","SUS 架台","","10","[5x50x100 FB補強　穴加工","2026/11/02","佐川急便","2026/12/01","","未着手","","2026/11/02","製造"
"カンサイ　筑豊★","九州工場","九州工場","2026/08/28","2026/08/28","26-J0118519-005-771","SG0000N","6.00","980.0","0.0","0.0","SUS 架台","","3","L50x50x6t 穴加工","2026/11/02","佐川急便","2026/12/01","","未着手","","2026/11/02","製造"
"カンサイ　筑豊★","九州工場","九州工場","2026/08/28","2026/08/28","26-J0118519-016-771","SE0000XN","1.50","200.0","200.0","200.0","SUS PBﾄｸ 水切","","1","ｱｰｽ　穴1-φ65 4-φ10","2026/11/02","佐川急便","2026/12/01","","未着手","","2026/11/02","製造"
"カンサイ　筑豊★","九州工場","九州工場","2026/08/28","2026/08/28","26-J0118519-015-771","SE0000XN","1.50","300.0","300.0","200.0","SUS PBﾄｸ 水切","","1","ｱｰｽ 端子台ﾍﾞｰｽ穴加工付","2026/11/02","佐川急便","2026/12/01","","未着手","","2026/11/02","製造"
"カンサイ　筑豊★","九州工場","九州工場","2026/08/28","2026/08/28","26-J0118519-014-771","SE0000XN","1.50","400.0","400.0","200.0","SUS PBﾄｸ 水切","","1","ｱｰｽ 端子台ﾍﾞｰｽ穴加工付","2026/11/02","佐川急便","2026/12/01","","未着手","","2026/11/02","製造"
"カンサイ　筑豊★","九州工場","九州工場","2026/08/28","2026/08/28","26-J0118519-012-771","SE0000XN","1.50","400.0","400.0","200.0","SUS PBﾄｸ 水切","","1","ｱｰｽ 端子台ﾍﾞｰｽ付","2026/11/02","佐川急便","2026/12/01","","CAD/CAM","荻原","2026/11/02","製造"
"カンサイ　筑豊★","九州工場","九州工場","2026/08/28","2026/08/28","26-J0118519-011-771","SE0000XN","1.50","200.0","200.0","200.0","SUS PBﾄｸ 水切","","2","ｱｰｽ　穴1-φ65 4-φ10","2026/11/02","佐川急便","2026/12/01","","未着手","","2026/11/02","製造"
"カンサイ　筑豊★","九州工場","九州工場","2026/08/28","2026/08/28","26-J0118519-010-771","SE0000XNA","1.50","300.0","300.0","200.0","SUS PBﾄｸ 水切","","1","ｱｰｽ 足付 穴1-φ50","2026/11/02","佐川急便","2026/12/01","","未着手","","2026/11/02","製造"
"カンサイ　筑豊★","九州工場","九州工場","2026/08/28","2026/08/28","26-J0118519-009-771","SG0000N","5.00","500.0","400.0","1,950.0","SUS 架台","","2","[5x50x100 FB補強　穴加工","2026/11/02","佐川急便","2026/12/01","","未着手","","2026/11/02","製造"
"九州三菱電機販売　中津","九州工場","九州工場","2026/10/08","2026/10/08","26-J0152288-001-771","IBG0000C","2.30","1,800.0","800.0","350.0","鉄 防球ガード 焼付","2.5Y9/1 近似色","16","天吊型空調機用 フルオープン","2026/12/14","チャーター便","2026/12/15","","未着手","","2026/12/01","製造"
"","九州工場","九州工場","","2026/09/28","26-R0002969-001-771","ZE2010X2","2.30","200.0","200.0","100.0","ZN PB 水切","","12","***沖縄ｱｰｽ","2026/10/09","イトカツ","","2026/10/09","組立","金光","2026/10/05","製造"
"","九州工場","九州工場","","2026/09/28","26-R0002970-001-771","ZE2015X2","2.30","200.0","200.0","150.0","ZN PB 水切","","4","***沖縄ｱｰｽ","2026/10/09","イトカツ","","2026/10/09","組立","金光","2026/10/05","製造"
"","九州工場","九州工場","","2026/09/28","26-R0002971-001-771","SE1515SC2","1.50","150.0","150.0","150.0","SUS PB 平 焼付","2.5Y9/1","6","***沖縄ｱｰｽ 2.5Y9/1 ﾊﾟｯｷﾝ付","2026/10/09","イトカツ","","2026/10/09","塗装","柴﨑","2026/10/06","製造"
"","九州工場","九州工場","","2026/09/28","26-R0002972-001-771","SE1515SC2","1.50","150.0","150.0","150.0","SUS PB 平 焼付","2.5Y9/1","12","***沖縄ｱｰｽ 2.5Y9/1 ﾊﾟｯｷﾝ付","2026/10/13","イトカツ","","2026/10/13","塗装","山口","2026/10/07","製造"
"","九州工場","九州工場","","2026/09/28","26-R0002973-001-771","IE3020SC2","1.60","300.0","300.0","200.0","鉄 PB 平 焼付","2.5Y9/1","4","***沖縄ｱｰｽ 2.5Y9/1","2026/10/14","イトカツ","","2026/10/14","仕上","山口","2026/10/08","製造"
"","九州工場","九州工場","","2026/09/28","26-R0002974-001-771","BE4030SC2","1.60","400.0","400.0","300.0","国土 PB 平 焼付","2.5Y9/1","3","***沖縄ｱｰｽ 2.5Y9/1","2026/10/15","イトカツ","","2026/10/15","溶接","フイ","2026/10/09","製造"
"","九州工場","九州工場","","2026/09/28","26-R0002976-001-771","ZE3020X2","2.30","300.0","300.0","200.0","ZN PB 水切","","3","***沖縄ｱｰｽ","2026/10/13","イトカツ","","2026/10/13","組立","金光","2026/10/05","製造"
"","九州工場","九州工場","","2026/09/28","26-R0002977-001-771","BE2020SC2","1.60","200.0","200.0","200.0","国土 PB 平 焼付","2.5Y9/1","12","***沖縄ｱｰｽ 2.5Y9/1","2026/10/14","自社便","","2026/10/15","仕上","三澄","2026/10/08","製造"
"","九州工場","九州工場","","2026/09/28","26-R0002978-001-771","BE2020SC2","1.60","200.0","200.0","200.0","国土 PB 平 焼付","2.5Y9/1","12","***沖縄ｱｰｽ 2.5Y9/1","2026/10/15","自社便","","2026/10/16","溶接","フイ","2026/10/09","製造"
"","九州工場","九州工場","","2026/09/28","26-R0002979-001-771","SE4020XC2","1.50","400.0","400.0","200.0","SUS PB 水切 焼付","2.5Y9/1","3","***沖縄ｱｰｽ 2.5Y9/1","2026/10/15","自社便","","2026/10/16","溶接","ロン","2026/10/09","製造"
"","九州工場","九州工場","","2026/09/28","26-R0002981-001-771","IE4020SC2","1.60","400.0","400.0","200.0","鉄 PB 平 焼付","2.5Y9/1","4","***沖縄ｱｰｽ 2.5Y9/1","2026/10/13","自社便","","2026/10/14","塗装","山口","2026/10/07","製造"
"","九州工場","九州工場","","2026/09/28","26-R0002982-001-771","SE2520XC2","1.50","250.0","250.0","200.0","SUS PB 水切 焼付","2.5Y9/1","4","***沖縄ｱｰｽ 2.5Y9/1","2026/10/14","イトカツ","","2026/10/14","仕上","三澄","2026/10/08","製造"
"","九州工場","九州工場","","2026/09/28","26-R0002983-001-771","SE3010XC2","1.50","300.0","300.0","100.0","SUS PB 水切 焼付","2.5Y9/1","4","***沖縄ｱｰｽ 2.5Y9/1","2026/10/14","イトカツ","","2026/10/14","仕上","三澄","2026/10/08","製造"
"","九州工場","九州工場","","2026/09/28","26-R0002984-001-771","ZE2020X2","2.30","200.0","200.0","200.0","ZN PB 水切","","6","***沖縄ｱｰｽ","2026/10/19","イトカツ","","2026/10/19","溶接","フイ","2026/10/09","製造"
"","九州工場","九州工場","","2026/09/28","26-R0002985-001-771","BE1510SC2","1.60","150.0","150.0","100.0","国土 PB 平 焼付","2.5Y9/1","10","***沖縄ｱｰｽ 2.5Y9/1","2026/10/15","自社便","","2026/10/16","溶接","フイ","2026/10/09","製造"
"","九州工場","九州工場","","2026/09/28","26-R0002989-001-771","BE2015SC2","1.60","200.0","200.0","150.0","国土 PB 平 焼付","2.5Y9/1","12","***沖縄ｱｰｽ 2.5Y9/1","2026/10/09","イトカツ","","2026/10/09","塗装","柴﨑","2026/10/06","製造"
"","九州工場","九州工場","","2026/09/28","26-R0002990-001-771","SE4030XC2","1.50","400.0","400.0","300.0","SUS PB 水切 焼付","2.5Y9/1","3","***沖縄ｱｰｽ 2.5Y9/1","2026/10/09","自社便","","2026/10/13","塗装","ナム","2026/10/06","製造"
"","九州工場","九州工場","","2026/09/28","26-R0002991-001-771","SE4040XC2","1.50","400.0","400.0","400.0","SUS PB 水切 焼付","2.5Y9/1","2","***沖縄ｱｰｽ 2.5Y9/1","2026/10/09","自社便","","2026/10/13","塗装","ナム","2026/10/06","製造"
"","九州工場","九州工場","","2026/09/28","26-R0002992-001-771","SE4030XC2","1.50","400.0","400.0","300.0","SUS PB 水切 焼付","2.5Y9/1","3","***沖縄ｱｰｽ 2.5Y9/1","2026/10/13","自社便","","2026/10/14","塗装","山口","2026/10/07","製造"
"","九州工場","九州工場","","2026/09/28","26-R0002993-001-771","SE3020XC2","1.50","300.0","300.0","200.0","SUS PB 水切 焼付","2.5Y9/1","6","***沖縄ｱｰｽ 2.5Y9/1","2026/10/13","自社便","","2026/10/14","塗装","山口","2026/10/07","製造"
"","九州工場","九州工場","","2026/09/29","26-R0002994-001-771","SE4030XC2","1.50","400.0","400.0","300.0","SUS PB 水切 焼付","2.5Y9/1","3","***沖縄ｱｰｽ 2.5Y9/1","2026/10/14","自社便","","2026/10/15","仕上","三澄","2026/10/08","製造"
"","九州工場","九州工場","","2026/09/29","26-R0002995-001-771","SE4030XC2","1.50","400.0","400.0","300.0","SUS PB 水切 焼付","2.5Y9/1","3","***沖縄ｱｰｽ 2.5Y9/1","2026/10/15","自社便","","2026/10/16","溶接","ロン","2026/10/09","製造"
"","九州工場","九州工場","","2026/09/29","26-R0002998-001-771","SE5050XN","1.50","500.0","500.0","500.0","SUS PB 水切","","4","***北ｱｰｽ","2026/10/13","自社便","","2026/10/14","溶接","テイン","2026/10/09","製造"
"","九州工場","九州工場","","2026/09/29","26-R0003002-001-771","SE2020XNN","1.50","200.0","200.0","200.0","SUS PB 水切","","10","***北ｱｰｽ生地(焼付用)","2026/10/13","","","","曲げ","ラム","2026/10/09","製造"
"","九州工場","九州工場","","2026/09/29","26-R0003006-001-771","BE3020SNN","1.60","300.0","300.0","200.0","国土 PB 平","","10","***北ｱｰｽ 生地(焼付用)","2026/10/13","","","","溶接","フイ","2026/10/09","製造"
"","九州工場","九州工専用","","2026/09/30","26-R0003021-001-7715","SE4030XN","1.50","400.0","400.0","300.0","SUS PB 水切","","10","***北ｱｰｽ","2026/10/15","","","","未着手","","2026/10/14","製造"
"","九州工場","九州工専用","","2026/09/30","26-R0003022-001-7715","SE4030XN","1.50","400.0","400.0","300.0","SUS PB 水切","","10","***北ｱｰｽ","2026/10/16","","","","未着手","","2026/10/15","製造"
"","九州工場","九州工専用","","2026/09/30","26-R0003024-001-7715","SE4030XN","1.50","400.0","400.0","300.0","SUS PB 水切","","10","***北ｱｰｽ","2026/10/09","","","","溶接","テイン","2026/10/08","製造"
"","九州工場","九州工専用","","2026/09/30","26-R0003025-001-7715","SE4030XN","1.50","400.0","400.0","300.0","SUS PB 水切","","10","***北ｱｰｽ","2026/10/13","","","","溶接","テイン","2026/10/09","製造"
"","九州工場","九州工専用","","2026/09/30","26-R0003026-001-7715","SE4030XN","1.50","400.0","400.0","300.0","SUS PB 水切","","10","***北ｱｰｽ","2026/10/14","","","","曲げ","ラム","2026/10/13","製造"
"","九州工場","九州工場","","2026/10/01","26-R0003035-001-771","SE4030XN","1.50","400.0","400.0","300.0","SUS PB 水切","","6","***北ｱｰｽ","2026/10/09","自社便","","2026/10/13","溶接","テイン","2026/10/08","製造"
"","九州工場","九州工場","","2026/10/01","26-R0003036-001-771","SE5040XN","1.50","500.0","500.0","400.0","SUS PB 水切","","4","***北ｱｰｽ","2026/10/09","自社便","","2026/10/13","溶接","テイン","2026/10/08","製造"
"","九州工場","九州工場","","2026/10/01","26-R0003037-001-771","SP4030WN","1.50","400.0","400.0","300.0","SUS PB 被せ","","8","***北","2026/10/09","自社便","","2026/10/13","溶接","テイン","2026/10/08","製造"
"","九州工場","九州工場","","2026/10/01","26-R0003038-001-771","SE5030XN","1.50","500.0","500.0","300.0","SUS PB 水切","","6","***北ｱｰｽ","2026/10/13","自社便","","2026/10/14","溶接","テイン","2026/10/09","製造"
"","九州工場","九州工場","","2026/10/01","26-R0003039-001-771","SP4040WN","1.50","400.0","400.0","400.0","SUS PB 被せ","","6","***北","2026/10/13","自社便","","2026/10/14","溶接","テイン","2026/10/09","製造"
"","九州工場","九州工場","","2026/10/01","26-R0003040-001-771","SE4040XN","1.50","400.0","400.0","400.0","SUS PB 水切","","6","***北ｱｰｽ","2026/10/14","自社便","","2026/10/15","曲げ","ラム","2026/10/13","製造"
"","九州工場","九州工場","","2026/10/01","26-R0003041-001-771","SE5040XN","1.50","500.0","500.0","400.0","SUS PB 水切","","4","***北ｱｰｽ","2026/10/14","自社便","","2026/10/15","曲げ","ラム","2026/10/13","製造"
"","九州工場","九州工場","","2026/10/01","26-R0003042-001-771","SP4040WN","1.50","400.0","400.0","400.0","SUS PB 被せ","","6","***北","2026/10/14","自社便","","2026/10/15","切断","井上(隆)","2026/10/13","製造"
"","九州工場","九州工場","","2026/10/01","26-R0003043-001-771","SE4020XN","1.50","400.0","400.0","200.0","SUS PB 水切","","6","***北ｱｰｽ","2026/10/15","自社便","","2026/10/16","未着手","","2026/10/14","製造"
"","九州工場","九州工場","","2026/10/01","26-R0003044-001-771","SE4040XN","1.50","400.0","400.0","400.0","SUS PB 水切","","6","***北ｱｰｽ","2026/10/15","自社便","","2026/10/16","未着手","","2026/10/14","製造"
"","九州工場","九州工場","","2026/10/01","26-R0003045-001-771","SP6040WN","1.50","600.0","600.0","400.0","SUS PB 被せ","","4","***北","2026/10/15","自社便","","2026/10/16","未着手","","2026/10/14","製造"
"","九州工場","九州工場","","2026/10/01","26-R0003046-001-771","SE4020XN","1.50","400.0","400.0","200.0","SUS PB 水切","","6","***北ｱｰｽ","2026/10/16","自社便","","2026/10/19","未着手","","2026/10/15","製造"
"","九州工場","九州工場","","2026/10/01","26-R0003047-001-771","SE5040XN","1.50","500.0","500.0","400.0","SUS PB 水切","","4","***北ｱｰｽ","2026/10/16","自社便","","2026/10/19","未着手","","2026/10/15","製造"
"","九州工場","九州工場","","2026/10/01","26-R0003048-001-771","SP5030WN","1.50","500.0","500.0","300.0","SUS PB 被せ","","6","***北","2026/10/16","自社便","","2026/10/19","未着手","","2026/10/15","製造"
"","九州工場","九州工場","","2026/10/01","26-R0003049-001-771","SE4030XN","1.50","400.0","400.0","300.0","SUS PB 水切","","6","***北ｱｰｽ","2026/10/19","自社便","","2026/10/20","未着手","","2026/10/16","製造"
"","九州工場","九州工場","","2026/10/01","26-R0003050-001-771","SE5050XN","1.50","500.0","500.0","500.0","SUS PB 水切","","4","***北ｱｰｽ","2026/10/19","自社便","","2026/10/20","未着手","","2026/10/16","製造"
"","九州工場","九州工場","","2026/10/01","26-R0003051-001-771","SP5030WN","1.50","500.0","500.0","300.0","SUS PB 被せ","","6","***北","2026/10/19","自社便","","2026/10/20","未着手","","2026/10/16","製造"
"","九州工場","九州工場","","2026/10/01","26-R0003052-001-771","IE2510SC2","1.60","250.0","250.0","100.0","鉄 PB 平 焼付","2.5Y9/1","8","***沖縄ｱｰｽ 2.5Y9/1","2026/10/16","イトカツ","","2026/10/16","曲げ","志田","2026/10/13","製造"
"","九州工場","九州工場","","2026/10/01","26-R0003053-001-771","IE2510SC2","1.60","250.0","250.0","100.0","鉄 PB 平 焼付","2.5Y9/1","8","***沖縄ｱｰｽ 2.5Y9/1","2026/10/19","イトカツ","","2026/10/19","切断","林(浩)","2026/10/14","製造"
"","九州工場","九州工場","","2026/10/01","26-R0003054-001-771","SE5040SC2","1.50","500.0","500.0","400.0","SUS PB 平 焼付","2.5Y9/1","1","***沖縄ｱｰｽ 2.5Y9/1 ﾊﾟｯｷﾝ付","2026/10/19","イトカツ","","2026/10/19","未着手","","2026/10/14","製造"
"","九州工場","九州工場","","2026/10/01","26-R0003055-001-771","IE2510SC2","1.60","250.0","250.0","100.0","鉄 PB 平 焼付","2.5Y9/1","8","***沖縄ｱｰｽ 2.5Y9/1","2026/10/20","イトカツ","","2026/10/20","未着手","","2026/10/15","製造"
"","九州工場","九州工場","","2026/10/01","26-R0003056-001-771","SE5050SC2","1.50","500.0","500.0","500.0","SUS PB 平 焼付","2.5Y9/1","2","***沖縄ｱｰｽ 2.5Y9/1 ﾊﾟｯｷﾝ付","2026/10/20","イトカツ","","2026/10/20","未着手","","2026/10/15","製造"
"","九州工場","九州工場","","2026/10/01","26-R0003057-001-771","SE4020XC2","1.50","400.0","400.0","200.0","SUS PB 水切 焼付","2.5Y9/1","4","***沖縄ｱｰｽ 2.5Y9/1","2026/10/20","イトカツ","","2026/10/20","未着手","","2026/10/15","製造"
"","九州工場","九州工場","","2026/10/01","26-R0003058-001-771","SE4030XC2","1.50","400.0","400.0","300.0","SUS PB 水切 焼付","2.5Y9/1","3","***沖縄ｱｰｽ 2.5Y9/1","2026/10/21","イトカツ","","2026/10/21","未着手","","2026/10/16","製造"
"","九州工場","九州工場","","2026/10/01","26-R0003059-001-771","BE2020SC2","1.60","200.0","200.0","200.0","国土 PB 平 焼付","2.5Y9/1","12","***沖縄ｱｰｽ 2.5Y9/1","2026/10/16","自社便","","2026/10/19","曲げ","志田","2026/10/13","製造"
"","九州工場","九州工場","","2026/10/01","26-R0003060-001-771","BE2020SC2","1.60","200.0","200.0","200.0","国土 PB 平 焼付","2.5Y9/1","12","***沖縄ｱｰｽ 2.5Y9/1","2026/10/19","自社便","","2026/10/20","未着手","","2026/10/14","製造"
"","九州工場","九州工場","","2026/10/01","26-R0003061-001-771","BE2020SC2","1.60","200.0","200.0","200.0","国土 PB 平 焼付","2.5Y9/1","12","***沖縄ｱｰｽ 2.5Y9/1","2026/10/20","自社便","","2026/10/21","未着手","","2026/10/15","製造"
"","九州工場","九州工場","","2026/10/01","26-R0003062-001-771","BE2020SC2","1.60","200.0","200.0","200.0","国土 PB 平 焼付","2.5Y9/1","12","***沖縄ｱｰｽ 2.5Y9/1","2026/10/21","自社便","","2026/10/22","未着手","","2026/10/16","製造"
"","九州工場","九州工場","","2026/10/01","26-R0003063-001-771","BE3020SC2","1.60","300.0","300.0","200.0","国土 PB 平 焼付","2.5Y9/1","8","***沖縄ｱｰｽ 2.5Y9/1","2026/10/16","自社便","","2026/10/19","曲げ","志田","2026/10/13","製造"
"","九州工場","九州工場","","2026/10/01","26-R0003064-001-771","BE4030SC2","1.60","400.0","400.0","300.0","国土 PB 平 焼付","2.5Y9/1","3","***沖縄ｱｰｽ 2.5Y9/1","2026/10/16","自社便","","2026/10/19","曲げ","志田","2026/10/13","製造"
"","九州工場","九州工場","","2026/10/01","26-R0003065-001-771","SE2015XC2","1.50","200.0","200.0","150.0","SUS PB 水切 焼付","2.5Y9/1","12","***沖縄ｱｰｽ 2.5Y9/1","2026/10/19","自社便","","2026/10/20","未着手","","2026/10/14","製造"
"","九州工場","九州工場","","2026/10/01","26-R0003066-001-771","SE4020XC2","1.50","400.0","400.0","200.0","SUS PB 水切 焼付","2.5Y9/1","3","***沖縄ｱｰｽ 2.5Y9/1","2026/10/20","自社便","","2026/10/21","未着手","","2026/10/15","製造"
"","九州工場","九州工場","","2026/10/01","26-R0003067-001-771","BE3020SC2","1.60","300.0","300.0","200.0","国土 PB 平 焼付","2.5Y9/1","8","***沖縄ｱｰｽ 2.5Y9/1","2026/10/21","自社便","","2026/10/22","未着手","","2026/10/16","製造"
"","九州工場","九州工場","","2026/10/01","26-R0003068-001-771","BE4030SC2","1.60","400.0","400.0","300.0","国土 PB 平 焼付","2.5Y9/1","4","***沖縄ｱｰｽ 2.5Y9/1","2026/10/21","自社便","","2026/10/22","未着手","","2026/10/16","製造"
"","九州工場","九州工場","","2026/10/01","26-R0003069-001-771","SE2015XC2","1.50","200.0","200.0","150.0","SUS PB 水切 焼付","2.5Y9/1","12","***沖縄ｱｰｽ 2.5Y9/1","2026/10/21","自社便","","2026/10/22","未着手","","2026/10/16","製造"
"","九州工場","九州工場","","2026/10/01","26-R0003070-001-771","SE5020XC2","1.50","500.0","500.0","200.0","SUS PB 水切 焼付","2.5Y9/1","4","***沖縄ｱｰｽ 2.5Y9/1","2026/10/16","イトカツ","","2026/10/16","切断","岩本","2026/10/13","製造"
"","九州工場","九州工場","","2026/10/01","26-R0003071-001-771","SE5030XC2","1.50","500.0","500.0","300.0","SUS PB 水切 焼付","2.5Y9/1","2","***沖縄ｱｰｽ 2.5Y9/1","2026/10/16","自社便","","2026/10/19","切断","井上(隆)","2026/10/13","製造"
"","九州工場","九州工場","","2026/10/01","26-R0003072-001-771","SE5030XC2","1.50","500.0","500.0","300.0","SUS PB 水切 焼付","2.5Y9/1","2","***沖縄ｱｰｽ 2.5Y9/1","2026/10/19","自社便","","2026/10/20","未着手","","2026/10/14","製造"
"","九州工場","九州工場","","2026/10/01","26-R0003073-001-771","SE4040XC2","1.50","400.0","400.0","400.0","SUS PB 水切 焼付","2.5Y9/1","3","***沖縄ｱｰｽ 2.5Y9/1","2026/10/19","自社便","","2026/10/20","未着手","","2026/10/14","製造"
"","九州工場","九州工場","","2026/10/01","26-R0003074-001-771","BE3030SC2","1.60","300.0","300.0","300.0","国土 PB 平 焼付","2.5Y9/1","4","***沖縄ｱｰｽ 2.5Y9/1","2026/10/19","自社便","","2026/10/20","未着手","","2026/10/14","製造"
"","九州工場","九州工場","","2026/10/01","26-R0003075-001-771","BE3030SC2","1.60","300.0","300.0","300.0","国土 PB 平 焼付","2.5Y9/1","6","***沖縄ｱｰｽ 2.5Y9/1","2026/10/20","自社便","","2026/10/21","未着手","","2026/10/15","製造"
"","九州工場","九州工場","","2026/10/01","26-R0003076-001-771","BE4040SC","1.60","400.0","400.0","400.0","国土 PB 平 焼付","2.5Y9/1","3","***沖縄ｱｰｽ","2026/10/20","自社便","","2026/10/21","未着手","","2026/10/15","製造"
"","九州工場","九州工場","","2026/10/01","26-R0003077-001-771","SE3020XC2","1.50","300.0","300.0","200.0","SUS PB 水切 焼付","2.5Y9/1","6","***沖縄ｱｰｽ 2.5Y9/1","2026/10/21","自社便","","2026/10/22","未着手","","2026/10/16","製造"
"","九州工場","九州工場","","2026/10/02","26-R0003080-001-771","SE5030SC2","1.50","500.0","500.0","300.0","SUS PB 平 焼付","2.5Y9/1","3","***沖縄ｱｰｽ 2.5Y9/1 ﾊﾟｯｷﾝ付","2026/10/09","イトカツ","","2026/10/09","組立","岡","2026/10/06","製造"
"","九州工場","九州工場","","2026/10/08","26-R0003123-001-771","SE1510XNN","1.50","150.0","150.0","100.0","SUS PB 水切","","10","***北ｱｰｽ生地(焼付用)","2026/10/14","","","","未着手","","2026/10/13","製造"
"","九州工場","九州工場","","2026/10/08","26-R0003124-001-771","SE3020XNN","1.50","300.0","300.0","200.0","SUS PB 水切","","10","***北ｱｰｽ生地(焼付用)","2026/10/15","","","","未着手","","2026/10/14","製造"
"","九州工場","九州工場","","2026/10/08","26-R0003125-001-771","SE2015XNN","1.50","200.0","200.0","150.0","SUS PB 水切","","10","***北ｱｰｽ生地(焼付用)","2026/10/16","","","","未着手","","2026/10/15","製造"
"","九州工場","九州工場","","2026/10/08","26-R0003126-001-771","SE1510XNN","1.50","150.0","150.0","100.0","SUS PB 水切","","10","***北ｱｰｽ生地(焼付用)","2026/10/19","","","","未着手","","2026/10/16","製造"
"","九州工場","九州工場","","2026/10/08","26-R0003127-001-771","SE3020XNN","1.50","300.0","300.0","200.0","SUS PB 水切","","10","***北ｱｰｽ生地(焼付用)","2026/10/20","","","","未着手","","2026/10/19","製造"
"","九州工場","九州工場","","2026/10/08","26-R0003128-001-771","BE2020SNN","1.60","200.0","200.0","200.0","国土 PB 平","","10","***北ｱｰｽ 生地(焼付用)","2026/10/14","","","","未着手","","2026/10/13","製造"
"","九州工場","九州工場","","2026/10/08","26-R0003129-001-771","BE2020SNN","1.60","200.0","200.0","200.0","国土 PB 平","","10","***北ｱｰｽ 生地(焼付用)","2026/10/15","","","","未着手","","2026/10/14","製造"
"","九州工場","九州工場","","2026/10/08","26-R0003130-001-771","BE2015SNN","1.60","200.0","200.0","150.0","国土 PB 平","","10","***北ｱｰｽ 生地(焼付用)","2026/10/16","","","","未着手","","2026/10/15","製造"
"","九州工場","九州工場","","2026/10/08","26-R0003131-001-771","BE1510SNN","1.60","150.0","150.0","100.0","国土 PB 平","","10","***北ｱｰｽ 生地(焼付用)","2026/10/19","","","","未着手","","2026/10/16","製造"
"","九州工場","九州工場","","2026/10/08","26-R0003132-001-771","BE2010SNN","1.60","200.0","200.0","100.0","国土 PB 平","","10","***北ｱｰｽ 生地(焼付用)","2026/10/20","","","","未着手","","2026/10/19","製造"
"","九州工場","九州工場","","2026/10/08","26-R0003133-001-771","BE2020SNN","1.60","200.0","200.0","200.0","国土 PB 平","","10","***北ｱｰｽ 生地(焼付用)","2026/10/21","","","","未着手","","2026/10/20","製造"
"","九州工場","九州工場","","2026/10/08","26-R0003134-001-771","SE2015XNN","1.50","200.0","200.0","150.0","SUS PB 水切","","10","***北ｱｰｽ生地(焼付用)","2026/10/21","","","","未着手","","2026/10/20","製造"
"","九州工場","九州工場","","2026/10/08","26-R0003135-001-771","SE2010XNN","1.50","200.0","200.0","100.0","SUS PB 水切","","10","***北ｱｰｽ生地(焼付用)","2026/10/22","","","","未着手","","2026/10/21","製造"
"","九州工場","九州工場","","2026/10/08","26-R0003136-001-771","SE2020XNN","1.50","200.0","200.0","200.0","SUS PB 水切","","10","***北ｱｰｽ生地(焼付用)","2026/10/23","","","","未着手","","2026/10/22","製造"
