"得意先","部門","製造倉庫","受注日","製造指示日","製造指示番号","品番","ｻｲｽﾞ(厚さ)","ｻｲｽﾞ(縦)","ｻｲｽﾞ(横)","ｻｲｽﾞ(高さ)","品名","色","数量","規格","製造期限","配送便","出荷日","出庫日","進捗","担当者","生地日","調達"
"三親電材　水島★","九州工場","九州工場","2026/08/05","2026/08/05","26-J0103803-001-771","IE0000SC","1.60","190.0","170.0","80.0","鉄 PBﾄｸ 平 焼付","5Y9/1(近似色)","20","ｱｰｽ(位置指定) M4化粧ﾋﾞｽ･ﾍﾞｰｽ付･開口･穴加工ｱﾘ","2026/08/21","福山通運　九州発送","2026/08/21","","組立","岡","2026/08/18","製造"
"日本電商　九州★","九州工場","九州工場","2026/08/06","2026/08/06","26-J0104039-003-771","IIP0000C","1.60","800.0","170.0","0.0","鉄 ﾌﾟﾚｰﾄ 焼付","N-95 近似色","2","6-φ4　","2026/08/21","佐川急便","2026/08/21","","塗装","ナム","2026/08/18","製造"
"日本電商　九州★","九州工場","九州工場","2026/08/06","2026/08/06","26-J0104039-002-771","IC0000C","1.60","860.0","190.0","25.0","鉄 ｶﾊﾞｰ 焼付","N-95 近似色","5","6-M3ﾀｯﾌﾟ　2-φ20　開口140x30　","2026/08/21","佐川急便","2026/08/21","","塗装","ナム","2026/08/18","製造"
"三親電材　広島★","九州工場","九州工場","2026/08/06","2026/08/06","26-J0104333-002-771","IP0000SC","1.60","200.0","200.0","250.0","鉄 PBﾄｸ 平 焼付","N-35 近似色","8","","2026/08/21","福山通運　九州発送","2026/08/21","","組立","岡","2026/08/18","製造"
"木村電機　本社★","九州工場","九州工場","2026/08/06","2026/08/06","26-J0104887-001-771","BE1515WC","1.60","150.0","150.0","150.0","国土 PB 被せ 焼付","22-85C 近似色","9","ｱｰｽ","2026/08/21","佐川急便","2026/08/21","","組立","岡","2026/08/18","製造"
"木村電機　本社★","九州工場","九州工場","2026/08/06","2026/08/06","26-J0104887-002-771","BE3015WC","1.60","300.0","300.0","150.0","国土 PB 被せ 焼付","22-85C 近似色","1","ｱｰｽ","2026/08/21","佐川急便","2026/08/21","","組立","岡","2026/08/18","製造"
"米良電機　延岡★","九州工場","九州工場","2026/08/07","2026/08/07","26-J0105155-002-771","SE2015XC","1.50","200.0","200.0","150.0","SUS PB 水切 焼付","2.5Y9/1 近似色","3","ｱｰｽ","2026/08/21","佐川急便","2026/08/21","","組立","岡","","加工"
"東芝電材　川内★","九州工場","九州工場","2026/08/07","2026/08/07","26-J0105427-001-771","SE1510XCW","1.50","150.0","150.0","100.0","SUS PB 水切 焼付","5Y7/1 近似色","1","ｱｰｽ 内ﾜﾆｽ","2026/08/21","佐川急便","2026/08/21","","組立","岡","2026/08/17","製造"
"平和テクノ　周南★","九州工場","九州工場","2026/08/17","2026/08/17","26-J0106443-002-771","BE1510SC","1.60","150.0","150.0","100.0","国土 PB 平 焼付","2.5Y9/1 近似色","2","ｱｰｽ","2026/08/21","佐川急便","2026/08/21","","組立","岡","","加工"
"平和テクノ　周南★","九州工場","九州工場","2026/08/17","2026/08/17","26-J0106443-001-771","BE1515SC","1.60","150.0","150.0","150.0","国土 PB 平 焼付","2.5Y9/1 近似色","3","ｱｰｽ","2026/08/21","佐川急便","2026/08/21","","組立","岡","2026/08/18","製造"
"三共電気　東★","九州工場","九州工場","2026/08/17","2026/08/17","26-J0106782-001-771","IG0000G","0.00","390.0","300.0","0.0","鉄 架台","","20","さび止め L40x40x5","2026/08/21","福山通運　九州発送","2026/08/21","","溶接","ズオン","2026/08/20","製造"
"三共電気　東★","九州工場","九州工場","2026/08/17","2026/08/17","26-J0106782-003-771","IG0000G","0.00","900.0","0.0","0.0","鉄 架台","","10","さび止め L50x50x6","2026/08/21","福山通運　九州発送","2026/08/21","","塗装","樫原","2026/08/20","製造"
"三共電気　東★","九州工場","九州工場","2026/08/17","2026/08/17","26-J0106782-002-771","IKM0000G","0.00","215.0","150.0","156.0","鉄 金物","","10","さび止め LR C150x75x6.5/10","2026/08/21","福山通運　九州発送","2026/08/21","","塗装","樫原","2026/08/20","製造"
"中国機材設備　呉★","九州工場","九州工場","2026/08/17","2026/08/17","26-J0107534-001-771","SE2010XC","1.50","200.0","200.0","100.0","SUS PB 水切 焼付","15-80A 近似色","1","ｱｰｽ","2026/08/21","佐川急便","2026/08/21","","組立","岡","","加工"
"ムトウ電材　富士見★","九州工場","九州工場","2026/08/18","2026/08/18","26-J0108534-001-771","SP0000XN","1.50","300.0","150.0","150.0","SUS PBﾄｸ 水切","","1","1-φ45 1-φ90 2-φ5 ｺﾝ柱金具付","2026/08/21","佐川急便","2026/08/21","","組立","井上","2026/08/21","製造"
"ムトウ電材　富士見★","九州工場","九州工場","2026/08/18","2026/08/18","26-J0108534-002-771","SP0000XN","1.50","300.0","150.0","150.0","SUS PBﾄｸ 水切","","3","1-φ37 1-φ65 2-φ5 ｺﾝ柱金具付","2026/08/21","佐川急便","2026/08/21","","組立","井上","2026/08/21","製造"
"ナンリツ　本社営業部★","九州工場","九州工場","2026/08/18","2026/08/18","26-J0108905-001-771","SE0000XN","2.00","900.0","900.0","600.0","SUS PBﾄｸ 水切","","1","ｱｰｽ","2026/08/21","福山通運　九州発送","2026/08/21","","溶接","ハイ","2026/08/21","製造"
"徳島電材★","九州工場","九州工場","2026/08/18","2026/08/18","26-J0109050-001-771","SE0000XN","1.50","680.0","170.0","100.0","SUS PBﾄｸ 水切","","2","側面ｱｰｽ(位置指定)開口･穴加工ｱﾘ","2026/08/21","福山通運　九州発送","2026/08/21","","組立","服部","2026/08/21","製造"
"木村電機　本社★","九州工場","九州工場","2026/08/19","2026/08/19","26-J0110774-002-771","DE3030WN","1.60","300.0","300.0","300.0","Sﾀﾞｲﾏ PB 被せ","","1","ｱｰｽ","2026/08/21","佐川急便","2026/08/21","","仕上","三澄","2026/08/21","製造"
"木村電機　本社★","九州工場","九州工場","2026/08/19","2026/08/19","26-J0110774-001-771","DE1515WN","1.60","150.0","150.0","150.0","Sﾀﾞｲﾏ PB 被せ","","2","ｱｰｽ","2026/08/21","佐川急便","2026/08/21","","組立","服部","2026/08/21","製造"
"栗田電機　松山★","九州工場","九州工場","2026/08/20","2026/08/20","26-J0111091-001-771","SE5050WN","1.50","500.0","500.0","500.0","SUS PB 被せ","","1","ｱｰｽ","2026/08/21","福山通運　九州発送","2026/08/21","","組立","樋口","2026/08/21","製造"
"木村電機　本社★","九州工場","九州工場","2026/08/20","2026/08/20","26-J0111185-001-771","DE3030WN","1.60","300.0","300.0","300.0","Sﾀﾞｲﾏ PB 被せ","","1","ｱｰｽ","2026/08/21","佐川急便","2026/08/21","","仕上","三澄","2026/08/21","製造"
"木村電機　本社★","九州工場","九州工場","2026/08/20","2026/08/20","26-J0111270-001-771","IP0000SG","1.60","400.0","400.0","150.0","鉄 PBﾄｸ 平","","1","さび止め","2026/08/21","佐川急便","2026/08/21","","塗装","坂元","2026/08/20","製造"
"三永興産★","九州工場","九州工場","2026/08/21","2026/08/21","26-J0112209-001-771","SIP0000N","2.00","500.0","250.0","0.0","SUS ﾌﾟﾚｰﾄ","","1","16-φ5　2-φ88　上下二分割","2026/08/21","福山通運　九州発送","2026/08/21","","切断","岩本","2026/08/21","製造"
"イシグロ　宮崎★","九州工場","九州工場","2026/08/21","2026/08/21","26-J0112375-001-771","MAMEK","0.00","0.0","0.0","0.0","補修塗料 豆缶","2.5Y9/1 近似色","1","","2026/08/21","佐川急便","2026/08/21","","塗装","増井","","製造"
"ムトウ電材　富士見★","九州工場","九州工場","2026/07/08","2026/07/08","26-J0080210-002-771","SD0000C","1.50","900.0","170.0","850.0","SUS ﾀﾞｸﾄ 焼付","2.5Y9/1 近似色","1","平蓋ﾊﾟｯｷﾝ付　ｱｰｽ　ｹｰﾌﾞﾙ支持棒   1F上部ﾀﾞｸﾄ","2026/08/24","福山通運　九州発送","2026/08/24","","塗装","山口","2026/08/19","製造"
"ムトウ電材　富士見★","九州工場","九州工場","2026/07/08","2026/07/08","26-J0080210-001-771","SD0000C","1.50","900.0","170.0","680.0","SUS ﾀﾞｸﾄ 焼付","2.5Y9/1 近似色","1","平蓋ﾊﾟｯｷﾝ付　ｱｰｽ　ｹｰﾌﾞﾙ支持棒   1F下部ﾀﾞｸﾄ","2026/08/24","福山通運　九州発送","2026/08/24","","塗装","山口","2026/08/19","製造"
"ムトウ電材　富士見★","九州工場","九州工場","2026/07/08","2026/07/08","26-J0080210-003-771","SD0000C","1.50","900.0","170.0","800.0","SUS ﾀﾞｸﾄ 焼付","2.5Y9/1 近似色","1","平蓋ﾊﾟｯｷﾝ付　ｱｰｽ　ｹｰﾌﾞﾙ支持棒   2F下部ﾀﾞｸﾄ","2026/08/24","福山通運　九州発送","2026/08/24","","塗装","山口","2026/08/19","製造"
"岡本電機　安佐★","九州工場","九州工場","2026/07/31","2026/07/31","26-J0099524-002-771","ZE0000W","3.20","1,200.0","1,200.0","500.0","ZN PBﾄｸ 被せ","","1","ｱｰｽ 本体2分割 底面・側面開口","2026/08/24","福山通運　九州発送","2026/08/24","","組立","金光","2026/08/07","製造"
"岡本電機　安佐★","九州工場","九州工場","2026/07/31","2026/07/31","26-J0099524-001-771","ZE0000W","3.20","1,200.0","1,200.0","500.0","ZN PBﾄｸ 被せ","","1","ｱｰｽ 本体2分割 底面開口","2026/08/24","福山通運　九州発送","2026/08/24","","組立","金光","2026/08/07","製造"
"東芝電材　中津★","九州工場","九州工場","2026/07/31","2026/07/31","26-J0099566-001-771","ZE0000X","3.20","900.0","700.0","900.0","ZN PBﾄｸ 水切","","2","◆HDZT-49  ｱｰｽ","2026/08/24","福山通運　九州発送","2026/08/24","","組立","金光","2026/08/07","製造"
"平岡電気　福岡東★","九州工場","九州工場","2026/08/03","2026/08/03","26-J0101019-001-771","ZPA0000","9.00","360.0","360.0","80.0","ZN ﾎﾟｰﾙｱﾀﾞﾌﾟﾀｰ","","1","穴加工","2026/08/21","ヤマックス福岡","2026/08/24","","組立","金光","2026/08/06","製造"
"平岡電気　福岡東★","九州工場","九州工場","2026/08/03","2026/08/03","26-J0101019-002-771","ZIP0000","2.30","50.0","50.0","0.0","ZN ﾌﾟﾚｰﾄ","","4","","2026/08/21","ヤマックス福岡","2026/08/24","","組立","金光","2026/08/06","製造"
"三親電材　広島★","九州工場","九州工場","2026/08/04","2026/08/04","26-J0102642-011-771","IKW0000G","1.60","700.0","300.0","170.0","鉄 貫通枠","","2","さび止め SS-C-5x50x100溶接　西EPS　2～4階用","2026/08/24","福山通運　九州発送","2026/08/24","","組立","服部","2026/08/21","製造"
"三親電材　広島★","九州工場","九州工場","2026/08/04","2026/08/04","26-J0102642-014-771","IKW0000G","1.60","700.0","250.0","170.0","鉄 貫通枠","","1","さび止め SS-C-5x50x100溶接　東EPS　3～16階用","2026/08/24","福山通運　九州発送","2026/08/24","","組立","服部","2026/08/21","製造"
"暁電業　津山★","九州工場","九州工場","2026/08/05","2026/08/05","26-J0102944-001-771","ZATR500","0.00","500.0","500.0","500.0","ZN ｱﾝｸﾞﾙ引き込み架台","","2","三角支え付ﾀｲﾌﾟ","2026/08/24","福山通運　九州発送","2026/08/24","","組立","金光","2026/08/07","製造"
"三親電材　松江★","九州工場","九州工場","2026/08/05","2026/08/05","26-J0103651-001-771","SE2010XC","1.50","200.0","200.0","100.0","SUS PB 水切 焼付","10R2/2(近似色)","2","ｱｰｽ","2026/08/24","福山通運　九州発送","2026/08/24","","塗装","増井","","加工"
"正和電材　諫早★","九州工場","九州工場","2026/08/06","2026/08/06","26-J0104191-002-771","DC0000N","1.60","900.0","1,300.0","700.0","Sﾀﾞｲﾏ ｶﾊﾞｰ","","1","ﾌｰﾄﾞｶﾊﾞｰ 平蓋ﾊﾟｯｷﾝ付　3方外ｺｰｷﾝｸﾞ代　8階-2","2026/08/24","福山通運　九州発送","2026/08/24","","曲げ","道上","2026/08/24","製造"
"正和電材　諫早★","九州工場","九州工場","2026/08/06","2026/08/06","26-J0104191-003-771","DC0000N","1.60","500.0","1,000.0","550.0","Sﾀﾞｲﾏ ｶﾊﾞｰ","","1","ﾌｰﾄﾞｶﾊﾞｰ 平蓋ﾊﾟｯｷﾝ付　3方外ｺｰｷﾝｸﾞ代　R階","2026/08/24","福山通運　九州発送","2026/08/24","","曲げ","道上","2026/08/24","製造"
"正和電材　諫早★","九州工場","九州工場","2026/08/06","2026/08/06","26-J0104191-001-771","DC0000N","1.60","600.0","620.0","550.0","Sﾀﾞｲﾏ ｶﾊﾞｰ","","2","ﾌｰﾄﾞｶﾊﾞｰ 平蓋ﾊﾟｯｷﾝ付　3方外ｺｰｷﾝｸﾞ代　8階-1","2026/08/24","福山通運　九州発送","2026/08/24","","組立","服部","2026/08/24","製造"
"栗田電機　今治★","九州工場","九州工場","2026/08/06","2026/08/06","26-J0104491-001-771","ZE0000X","3.20","250.0","250.0","250.0","ZN PBﾄｸ 水切","","3","HDZT63  ｱｰｽ","2026/08/24","福山通運　九州発送","2026/08/24","","組立","金光","2026/08/17","製造"
"カンサイ　電設★","九州工場","九州工場","2026/08/06","2026/08/06","26-J0104905-001-771","ID0000C","1.60","700.0","250.0","280.0","鉄 ﾀﾞｸﾄ 焼付","2.5Y9/1 近似色","1","平蓋","2026/08/21","ヤマックス福岡","2026/08/24","","塗装","ナム","2026/08/18","製造"
"カンサイ　電設★","九州工場","九州工場","2026/08/06","2026/08/06","26-J0104905-002-771","IG0000C","0.00","700.0","250.0","50.0","鉄 架台 焼付","2.5Y9/1 近似色","1","L-50X50X4t  FB50W","2026/08/21","ヤマックス福岡","2026/08/24","","塗装","ナム","2026/08/18","製造"
"宮地電機　高松","九州工場","九州工場","2026/08/06","2026/08/06","26-J0104906-001-771","ZIP0000","3.20","650.0","500.0","0.0","ZN ﾌﾟﾚｰﾄ","","2","穴加工ｱﾘ","2026/08/24","福山通運　九州発送","2026/08/24","","組立","金光","2026/08/17","製造"
"シンセイ　徳山★","九州工場","九州工場","2026/08/06","2026/08/06","26-J0104922-001-771","BIP0000C","1.60","680.0","680.0","0.0","処理鋼板 ﾌﾟﾚｰﾄ 焼付","N9.5 近似色","25","枠形 開口600x600","2026/08/21","佐川急便","2026/08/24","","塗装","ナム","2026/08/18","製造"
"シンセイ　広島第二★","九州工場","九州工場","2026/08/06","2026/08/06","26-J0104926-001-771","IKM0000C","3.20","100.0","50.0","780.0","鉄 金物 焼付","5Y7/1 近似色","2","M10ﾅｯﾄ溶接(下穴有り)x2 φ13x2","2026/08/24","福山通運　九州発送","2026/08/24","","塗装","柴﨑","2026/08/18","製造"
"富士商会　大村★","九州工場","九州工場","2026/08/06","2026/08/06","26-J0104958-001-771","ZE4040X2","2.30","400.0","400.0","400.0","ZN PB 水切","","1","ｱｰｽ","2026/08/24","佐川急便","2026/08/24","","組立","金光","2026/08/17","製造"
"東芝電材　熊本★","九州工場","九州工場","2026/08/07","2026/08/07","26-J0105108-001-771","ZI0000","2.30","1,320.0","230.0","0.0","ZN 切板","","2","吊穴φ6x2箇所","2026/08/24","佐川急便","2026/08/24","","組立","金光","2026/08/17","製造"
"佐川電機★","九州工場","九州工場","2026/08/07","2026/08/07","26-J0105323-001-771","ID0000C","1.60","250.0","200.0","645.0","鉄 ﾀﾞｸﾄ 焼付","5Y7/1(近似色)","1","/425","2026/08/24","福山通運　九州発送","2026/08/24","","塗装","柴﨑","2026/08/20","製造"
"中西電機　丸亀★","九州工場","九州工場","2026/08/07","2026/08/07","26-J0105539-001-771","IMK0000C","2.30","220.0","200.0","30.0","鉄 曲金物 焼付","2.5Y9/1(近似色)","1","L型 穴加工ｱﾘ","2026/08/24","福山通運　九州発送","2026/08/24","","塗装","柴﨑","2026/08/19","製造"
"シンセイ　徳山★","九州工場","九州工場","2026/08/07","2026/08/07","26-J0105611-001-771","BIP0000C","1.60","680.0","680.0","0.0","処理鋼板 ﾌﾟﾚｰﾄ 焼付","N9.5 近似色","4","枠形 開口600x600","2026/08/21","佐川急便","2026/08/24","","塗装","ナム","2026/08/18","製造"
"アサヒ　本社","九州工場","九州工場","2026/08/10","2026/08/10","26-J0106070-001-771","SE0000XC","1.50","600.0","600.0","350.0","SUS PBﾄｸ 水切 焼付","2.5Y9/1","4","ｱｰｽ 側面開口(300x70)","2026/08/24","沖縄直送","2026/08/24","","塗装","柴﨑","2026/08/19","製造"
"日新電機システム","九州工場","九州工場","2026/08/13","2026/08/13","26-J0106131-001-771","IMK0000C","3.20","310.0","50.0","30.0","鉄 曲金物 焼付","色見本(2.5Y9/1)","20","ﾊｯﾄ型 2-M4ﾀｯﾌﾟ､取付穴2-φ6","2026/08/24","九州航空","2026/08/24","","塗装","柴﨑","2026/08/19","製造"
"山電　八幡","九州工場","九州工場","2026/08/17","2026/08/17","26-J0106204-001-771","SE1515XC","1.50","150.0","150.0","150.0","SUS PB 水切 焼付","2.5Y9/1 近似色","1","ｱｰｽ","2026/08/21","北九州配達","2026/08/24","","塗装","柴﨑","2026/08/18","製造"
"さくら電機　鹿児島★","九州工場","九州工場","2026/08/17","2026/08/17","26-J0106289-001-771","SE0000XCW","1.50","400.0","150.0","150.0","SUS PBﾄｸ 水切 焼付","2.5Y9/1 近似色","1","ｱｰｽ 内ﾜﾆｽ","2026/08/24","佐川急便","2026/08/24","","塗装","三澄","2026/08/18","製造"
"ｹｲ･ｴｽ･ﾃﾞｰ　鹿児島★","九州工場","九州工場","2026/08/17","2026/08/17","26-J0106565-001-771","SE2015XCW","1.50","200.0","200.0","150.0","SUS PB 水切 焼付","2.5Y9/1 近似色","1","ｱｰｽ 内ﾜﾆｽ","2026/08/24","佐川急便","2026/08/24","","塗装","山口","2026/08/18","製造"
"ｹｲ･ｴｽ･ﾃﾞｰ　鹿児島★","九州工場","九州工場","2026/08/17","2026/08/17","26-J0106565-002-771","SE3020XCW","1.50","300.0","300.0","200.0","SUS PB 水切 焼付","2.5Y9/1 近似色","1","ｱｰｽ 内ﾜﾆｽ","2026/08/24","佐川急便","2026/08/24","","塗装","三澄","2026/08/18","製造"
"栗田電機　電設営業部★","九州工場","九州工場","2026/08/17","2026/08/17","26-J0106614-001-771","IIP0000C","1.60","1,280.0","267.0","0.0","鉄 ﾌﾟﾚｰﾄ 焼付","N9.5(近似色)","14","開口ｱﾘ","2026/08/24","福山通運　九州発送","2026/08/24","","塗装","ナム","2026/08/19","製造"
"三親電材　広島★","九州工場","九州工場","2026/08/17","2026/08/17","26-J0106826-001-771","DKW0000N","1.60","700.0","200.0","150.0","Sﾀﾞｲﾏ 貫通枠","","1","四方-Sダイマ-曲金物30x30x1.6t","2026/08/24","福山通運　九州発送","2026/08/24","","塗装","白濵","2026/08/24","製造"
"宮地電機　高知","九州工場","九州工場","2026/08/17","2026/08/17","26-J0106836-002-771","DE0000WN","2.30","800.0","600.0","400.0","Sﾀﾞｲﾏ PBﾄｸ 被せ","","1","ｱｰｽ","2026/08/24","福山通運　九州発送","2026/08/24","","溶接","マイン","2026/08/24","製造"
"佐野電機工業","九州工場","九州工場","2026/08/17","2026/08/17","26-J0107126-002-771","SE3020XC","1.50","300.0","300.0","200.0","SUS PB 水切 焼付","2.5Y9/1(近似色)","9","ｱｰｽ","2026/08/24","福山通運　九州発送","2026/08/24","","塗装","三澄","2026/08/19","製造"
"佐野電機工業","九州工場","九州工場","2026/08/17","2026/08/17","26-J0107126-001-771","SE4020XC","1.50","400.0","400.0","200.0","SUS PB 水切 焼付","2.5Y9/1(近似色)","2","ｱｰｽ","2026/08/24","福山通運　九州発送","2026/08/24","","塗装","三澄","2026/08/19","製造"
"かごしま電工　出水★","九州工場","九州工場","2026/08/17","2026/08/17","26-J0107300-001-771","SE2020XCW","1.50","200.0","200.0","200.0","SUS PB 水切 焼付","5Y7/1 近似色","2","ｱｰｽ 内ﾜﾆｽ","2026/08/24","佐川急便","2026/08/24","","塗装","柴﨑","2026/08/18","製造"
"暁電業　岡山本社★","九州工場","九州工場","2026/08/17","2026/08/17","26-J0107376-003-771","SE0000SNP","1.50","650.0","500.0","500.0","SUS PBﾄｸ 平","","1","ｱｰｽ ｺﾞﾑﾊﾟｯｷﾝ付","2026/08/24","福山通運　九州発送","2026/08/24","","溶接","テイン","2026/08/24","製造"
"暁電業　岡山本社★","九州工場","九州工場","2026/08/17","2026/08/17","26-J0107376-006-771","SE5050SNP","1.50","500.0","500.0","500.0","SUS PB 平","","1","ｱｰｽ ｺﾞﾑﾊﾟｯｷﾝ付","2026/08/24","福山通運　九州発送","2026/08/24","","溶接","テイン","2026/08/24","製造"
"暁電業　岡山本社★","九州工場","九州工場","2026/08/17","2026/08/17","26-J0107376-004-771","SE0000SNP","1.50","700.0","500.0","500.0","SUS PBﾄｸ 平","","1","ｱｰｽ ｺﾞﾑﾊﾟｯｷﾝ付","2026/08/24","福山通運　九州発送","2026/08/24","","溶接","テイン","2026/08/24","製造"
"暁電業　岡山本社★","九州工場","九州工場","2026/08/17","2026/08/17","26-J0107376-002-771","SE0000SNP","1.50","300.0","200.0","200.0","SUS PBﾄｸ 平","","2","ｱｰｽ ｺﾞﾑﾊﾟｯｷﾝ付","2026/08/24","福山通運　九州発送","2026/08/24","","溶接","テイン","2026/08/24","製造"
"カンサイ　東★","九州工場","九州工場","2026/08/17","2026/08/17","26-J0107598-001-771","BDC0000C","1.60","200.0","100.0","2,370.0","国土 ﾀﾞｸﾄｶﾊﾞｰ 焼付","2.5Y9/1 近似色","1","平蓋 ｱｰｽ無し 丸鋼φ9取外し式x3 φ8x12","2026/08/21","ヤマックス福岡","2026/08/24","","塗装","柴﨑","2026/08/20","製造"
"カンサイ　東★","九州工場","九州工場","2026/08/17","2026/08/17","26-J0107598-004-771","BMK0000C","1.60","410.0","80.0","20.0","処理鋼板 曲金物 焼付","2.5Y9/1 近似色","1","ﾀﾞｸﾄｶﾊﾞｰ用ｾﾊﾟﾚｰﾀ ｺｰﾅｰC30 φ8x2","2026/08/21","ヤマックス福岡","2026/08/24","","塗装","柴﨑","2026/08/20","製造"
"カンサイ　東★","九州工場","九州工場","2026/08/17","2026/08/17","26-J0107598-003-771","BMK0000C","1.60","635.0","80.0","20.0","処理鋼板 曲金物 焼付","2.5Y9/1 近似色","2","ﾀﾞｸﾄｶﾊﾞｰ用ｾﾊﾟﾚｰﾀ ｺｰﾅｰC30 φ8x3","2026/08/21","ヤマックス福岡","2026/08/24","","塗装","柴﨑","2026/08/20","製造"
"カンサイ　東★","九州工場","九州工場","2026/08/17","2026/08/17","26-J0107598-002-771","BMK0000C","1.60","390.0","80.0","20.0","処理鋼板 曲金物 焼付","2.5Y9/1 近似色","1","ﾀﾞｸﾄｶﾊﾞｰ用ｾﾊﾟﾚｰﾀ ｺｰﾅｰC30 φ8x2","2026/08/21","ヤマックス福岡","2026/08/24","","塗装","柴﨑","2026/08/20","製造"
"カンサイ　東★","九州工場","九州工場","2026/08/17","2026/08/17","26-J0107619-006-771","BDC0000C","1.60","700.0","250.0","270.0","国土 ﾀﾞｸﾄｶﾊﾞｰ 焼付","2.5Y9/1 近似色","1","平蓋 ｱｰｽ無し φ8x4","2026/08/21","ヤマックス福岡","2026/08/24","","塗装","柴﨑","2026/08/19","製造"
"カンサイ　東★","九州工場","九州工場","2026/08/17","2026/08/17","26-J0107619-005-771","BDC0000C","1.60","700.0","200.0","403.0","国土 ﾀﾞｸﾄｶﾊﾞｰ 焼付","2.5Y9/1 近似色","1","平蓋 ｱｰｽ無し φ8x4","2026/08/21","ヤマックス福岡","2026/08/24","","塗装","柴﨑","2026/08/19","製造"
"シンセイ　広島第二★","九州工場","九州工場","2026/08/17","2026/08/17","26-J0107655-001-771","B02000SC","1.60","400.0","400.0","0.0","国土 ふたﾄｸ 焼付","N8.7 近似色","1","平ふた  350□用張出蓋","2026/08/24","福山通運　九州発送","2026/08/24","","塗装","増井","2026/08/19","製造"
"岡本電機　三原★","九州工場","九州工場","2026/08/17","2026/08/17","26-J0107678-001-771","BE0000SC","1.60","350.0","350.0","400.0","国土 PBﾄｸ 平 焼付","2.5Y9/1 近似色","1","ｱｰｽ セパ付き（センター）","2026/08/24","福山通運　九州発送","2026/08/24","","塗装","山口","2026/08/19","製造"
"シンセイ　広島第二★","九州工場","九州工場","2026/08/17","2026/08/17","26-J0107680-001-771","BE1515SC","1.60","150.0","150.0","150.0","国土 PB 平 焼付","N8.7 近似色","1","ｱｰｽ","2026/08/24","福山通運　九州発送","2026/08/24","","塗装","増井","2026/08/19","製造"
"かごしま電工　南★","九州工場","九州工場","2026/08/17","2026/08/17","26-J0107874-001-771","SIP0000C","2.00","680.0","634.0","0.0","SUS ﾌﾟﾚｰﾄ 焼付","10YR9/1.5 近似色","1","6-φ7","2026/08/24","佐川急便","2026/08/24","","塗装","三澄","2026/08/18","製造"
"正二電気　岡山本社","九州工場","九州工場","2026/08/17","2026/08/17","26-J0108124-001-771","IIP0000C","1.60","380.0","280.0","0.0","鉄 ﾌﾟﾚｰﾄ 焼付","N9.5(近似色)","1","開口ｱﾘ","2026/08/24","福山通運　九州発送","2026/08/24","","塗装","ナム","2026/08/19","製造"
"カンサイ　日進商会★","九州工場","九州工場","2026/08/18","2026/08/18","26-J0108154-001-771","IIP0000C","2.30","60.0","60.0","0.0","鉄 ﾌﾟﾚｰﾄ 焼付","5Y7/1 近似色","1","","2026/08/21","北九州配達","2026/08/24","","塗装","柴﨑","2026/08/19","製造"
"東芝電材　南福岡★","九州工場","九州工場","2026/08/18","2026/08/18","26-J0108317-001-771","IIP0000C","1.60","600.0","160.0","0.0","鉄 ﾌﾟﾚｰﾄ 焼付","2.5Y9/1 近似色","3","4-φ5","2026/08/24","佐川急便","2026/08/24","","塗装","三澄","2026/08/19","製造"
"ｹｲ･ｴｽ･ﾃﾞｰ　熊本★","九州工場","九州工場","2026/08/18","2026/08/18","26-J0108532-002-771","SE3020XC","1.50","300.0","300.0","200.0","SUS PB 水切 焼付","2.5Y9/1 近似色","2","ｱｰｽ","2026/08/24","佐川急便","2026/08/24","","塗装","三澄","","加工"
"ｹｲ･ｴｽ･ﾃﾞｰ　熊本★","九州工場","九州工場","2026/08/18","2026/08/18","26-J0108532-001-771","SE2010XC","1.50","200.0","200.0","100.0","SUS PB 水切 焼付","2.5Y9/1 近似色","1","ｱｰｽ","2026/08/24","佐川急便","2026/08/24","","塗装","山口","","加工"
"米良電機　高鍋★","九州工場","九州工場","2026/08/18","2026/08/18","26-J0108549-001-771","SE0000XN","1.50","200.0","200.0","200.0","SUS PBﾄｸ 水切","","1","ｱｰｽ　落下防止ﾁｪｰﾝ付 脱落防止ねじ","2026/08/24","佐川急便","2026/08/24","","曲げ","ラム","2026/08/24","製造"
"かごしま電工　南★","九州工場","九州工場","2026/08/18","2026/08/18","26-J0108567-001-771","BE1515SGW","1.60","150.0","150.0","150.0","国土 PB 平","","1","ｱｰｽ さび止め 内ﾜﾆｽ","2026/08/21","佐川急便","2026/08/24","","組立","服部","2026/08/19","製造"
"佐川電機★","九州工場","九州工場","2026/08/18","2026/08/18","26-J0108700-001-771","SC0000N","2.00","610.0","370.0","280.0","SUS ｶﾊﾞｰ","","1","","2026/08/24","福山通運　九州発送","2026/08/24","","曲げ","ラム","2026/08/24","製造"
"興陽電機　宇部★","九州工場","九州工場","2026/08/18","2026/08/18","26-J0108861-001-771","BE3015SC","1.60","300.0","300.0","150.0","国土 PB 平 焼付","5Y9/1 近似色","1","ｱｰｽ","2026/08/24","福山通運　九州発送","2026/08/24","","塗装","山口","2026/08/19","製造"
"岡本電機　三原★","九州工場","九州工場","2026/08/18","2026/08/18","26-J0109103-001-771","SP0000XN","1.50","600.0","500.0","353.0","SUS PBﾄｸ 水切","","1","側面底面開口　側面開口部塞ぎプレート","2026/08/24","福山通運　九州発送","2026/08/24","","曲げ","ラム","2026/08/24","製造"
"巴電業　広島★","九州工場","九州工場","2026/08/18","2026/08/18","26-J0109346-001-771","SIP0000C","1.50","330.0","230.0","0.0","SUS ﾌﾟﾚｰﾄ 焼付","2.5Y9/1 近似色","1","φ22x2 φ7x2 φ6x4","2026/08/24","福山通運　九州発送","2026/08/24","","塗装","三澄","2026/08/19","製造"
"木村電機　菊陽★","九州工場","九州工場","2026/08/18","2026/08/18","26-J0109403-001-771","IIP0000C","2.30","776.0","500.0","15.0","鉄 ﾌﾟﾚｰﾄ 焼付","5Y7/1 近似色","1","ｶｯﾄ有り折り曲げ2方向 φ10x2","2026/08/24","佐川急便","2026/08/24","","塗装","三澄","2026/08/20","製造"
"Q-mast　電気グル－プ★","九州工場","九州工場","2026/08/19","2026/08/19","26-J0109922-010-771","IG0000G","0.00","400.0","0.0","0.0","鉄 架台","","4","さび止め C100x50x5x7.5 ｶｯﾄのみ","2026/08/21","ヤマックス　ｽﾎﾟｯﾄ便","2026/08/24","","組立","服部","2026/08/20","製造"
"Q-mast　電気グル－プ★","九州工場","九州工場","2026/08/19","2026/08/19","26-J0109922-008-771","IG0000G","0.00","290.0","0.0","0.0","鉄 架台","","6","さび止め C75x40x5x7 17～19F EPS-12","2026/08/21","ヤマックス　ｽﾎﾟｯﾄ便","2026/08/24","","塗装","樫原","2026/08/20","製造"
"Q-mast　電気グル－プ★","九州工場","九州工場","2026/08/19","2026/08/19","26-J0109922-001-771","IG0000G","0.00","290.0","0.0","0.0","鉄 架台","","10","さび止め C75x40x5x7 16～20F EPS-1","2026/08/21","ヤマックス　ｽﾎﾟｯﾄ便","2026/08/24","","塗装","樫原","2026/08/20","製造"
"Q-mast　電気グル－プ★","九州工場","九州工場","2026/08/19","2026/08/19","26-J0109922-002-771","IG0000G","0.00","340.0","0.0","0.0","鉄 架台","","10","さび止め C75x40x5x7 16～20F EPS-1","2026/08/21","ヤマックス　ｽﾎﾟｯﾄ便","2026/08/24","","塗装","樫原","2026/08/20","製造"
"Q-mast　電気グル－プ★","九州工場","九州工場","2026/08/19","2026/08/19","26-J0109922-009-771","IG0000G","0.00","290.0","0.0","0.0","鉄 架台","","6","さび止め C75x40x5x7 17～19F EPS-12","2026/08/21","ヤマックス　ｽﾎﾟｯﾄ便","2026/08/24","","塗装","樫原","2026/08/20","製造"
"Q-mast　電気グル－プ★","九州工場","九州工場","2026/08/19","2026/08/19","26-J0109922-003-771","IG0000G","0.00","340.0","0.0","0.0","鉄 架台","","16","さび止め C75x40x5x7 16～19F CPS","2026/08/21","ヤマックス　ｽﾎﾟｯﾄ便","2026/08/24","","塗装","樫原","2026/08/20","製造"
"Q-mast　電気グル－プ★","九州工場","九州工場","2026/08/19","2026/08/19","26-J0109922-004-771","IG0000G","0.00","290.0","0.0","0.0","鉄 架台","","10","さび止め C75x40x5x7 16～20F EPS-2","2026/08/21","ヤマックス　ｽﾎﾟｯﾄ便","2026/08/24","","塗装","樫原","2026/08/20","製造"
"Q-mast　電気グル－プ★","九州工場","九州工場","2026/08/19","2026/08/19","26-J0109922-005-771","IG0000G","0.00","340.0","0.0","0.0","鉄 架台","","10","さび止め C75x40x5x7 16～20F EPS-2","2026/08/21","ヤマックス　ｽﾎﾟｯﾄ便","2026/08/24","","塗装","樫原","2026/08/20","製造"
"Q-mast　電気グル－プ★","九州工場","九州工場","2026/08/19","2026/08/19","26-J0109922-006-771","IG0000G","0.00","290.0","0.0","0.0","鉄 架台","","8","さび止め C75x40x5x7 17～19F EPS-11","2026/08/21","ヤマックス　ｽﾎﾟｯﾄ便","2026/08/24","","塗装","樫原","2026/08/20","製造"
"Q-mast　電気グル－プ★","九州工場","九州工場","2026/08/19","2026/08/19","26-J0109922-007-771","IG0000G","0.00","290.0","0.0","0.0","鉄 架台","","8","さび止め C75x40x5x7 17～20F EPS-11","2026/08/21","ヤマックス　ｽﾎﾟｯﾄ便","2026/08/24","","塗装","樫原","2026/08/20","製造"
"東芝電材　福岡★","九州工場","九州工場","2026/08/19","2026/08/19","26-J0110056-002-771","DE0000XN","1.60","400.0","400.0","400.0","Sﾀﾞｲﾏ PBﾄｸ 水切","","1","ｱｰｽ","2026/08/21","ヤマックス福岡","2026/08/24","","仕上","山口","2026/08/21","製造"
"東芝電材　福岡★","九州工場","九州工場","2026/08/19","2026/08/19","26-J0110056-001-771","DE0000XN","1.60","150.0","150.0","150.0","Sﾀﾞｲﾏ PBﾄｸ 水切","","1","ｱｰｽ","2026/08/21","ヤマックス福岡","2026/08/24","","組立","服部","2026/08/21","製造"
"カンサイ　八幡★","九州工場","九州工場","2026/08/19","2026/08/19","26-J0110212-001-771","DP0000XN","1.60","400.0","400.0","250.0","Sﾀﾞｲﾏ PBﾄｸ 水切","","1","","2026/08/21","北九州配達","2026/08/24","","仕上","山口","2026/08/21","製造"
"山電　八幡","九州工場","九州工場","2026/08/19","2026/08/19","26-J0110589-001-771","SP0000WN","1.50","400.0","400.0","250.0","SUS PBﾄｸ 被せ","","1","","2026/08/21","北九州配達","2026/08/24","","組立","服部","2026/08/21","製造"
"山電　八幡","九州工場","九州工場","2026/08/19","2026/08/19","26-J0110596-001-771","IP0000SG","1.60","400.0","400.0","250.0","鉄 PBﾄｸ 平","","1","さび止め","2026/08/21","北九州配達","2026/08/24","","塗装","坂元","2026/08/20","製造"
"日本電設資材　福岡★","九州工場","九州工場","2026/08/19","2026/08/19","26-J0110616-001-771","IG0000G","6.00","300.0","300.0","0.0","鉄 架台","","5","さび止め 穴加工　L50x50x6t","2026/08/24","福山通運　九州発送","2026/08/24","","溶接","クイ","2026/08/21","製造"
"林電材★","九州工場","九州工場","2026/08/19","2026/08/19","26-J0110646-001-771","DE3015WN","1.60","300.0","300.0","150.0","Sﾀﾞｲﾏ PB 被せ","","1","ｱｰｽ","2026/08/21","北九州配達","2026/08/24","","組立","服部","2026/08/21","製造"
"かごしま電工　南★","九州工場","九州工場","2026/08/19","2026/08/19","26-J0110674-001-771","ZE2525W2W","2.30","250.0","250.0","250.0","ZN PB 被せ","","1","ｱｰｽ 内ﾜﾆｽ","2026/08/24","佐川急便","2026/08/24","","塗装","白濵","","加工"
"ナカキュウ★","九州工場","九州工場","2026/08/19","2026/08/19","26-J0110715-001-771","SP0000SN","1.50","700.0","350.0","350.0","SUS PBﾄｸ 平","","1","ﾊﾟｯｷﾝ付き　側面開口、穴加工","2026/08/24","佐川急便","2026/08/24","","溶接","恒川","2026/08/24","製造"
"三親電材　広島★","九州工場","九州工場","2026/08/19","2026/08/19","26-J0110862-002-771","SE0000SNP","1.50","350.0","200.0","200.0","SUS PBﾄｸ 平","","2","ｱｰｽ ｺﾞﾑﾊﾟｯｷﾝ付","2026/08/24","福山通運　九州発送","2026/08/24","","溶接","テイン","2026/08/24","製造"
"ナミデン　福岡★","九州工場","九州工場","2026/08/20","2026/08/20","26-J0110960-001-771","ZG0000","0.00","870.0","300.0","0.0","ZN 架台","","2","L65x65x6","2026/08/21","ヤマックス　ｽﾎﾟｯﾄ便","2026/08/24","","組立","金光","2026/08/21","製造"
"カンサイ　南★","九州工場","九州工場","2026/08/20","2026/08/20","26-J0111240-001-771","IIP0000G","1.60","750.0","350.0","0.0","鉄 ﾌﾟﾚｰﾄ","","1","φ8x12  さび止め","2026/08/21","ヤマックス福岡","2026/08/24","","組立","服部","2026/08/20","製造"
"宮地電機　徳島","九州工場","九州工場","2026/08/20","2026/08/20","26-J0111413-001-771","DE0000SN","1.60","600.0","450.0","300.0","Sﾀﾞｲﾏ PBﾄｸ 平","","1","ｱｰｽ","2026/08/24","福山通運　九州発送","2026/08/24","","曲げ","ラム","2026/08/24","製造"
"宮地電機　徳島","九州工場","九州工場","2026/08/20","2026/08/20","26-J0111413-002-771","DE0000WN","1.60","600.0","450.0","300.0","Sﾀﾞｲﾏ PBﾄｸ 被せ","","1","ｱｰｽ","2026/08/24","福山通運　九州発送","2026/08/24","","曲げ","ラム","2026/08/24","製造"
"岡本電機　広島★","九州工場","九州工場","2026/08/20","2026/08/20","26-J0111415-001-771","II0000G","1.60","600.0","200.0","0.0","鉄 切板","","2","さび止め","2026/08/24","佐川急便","2026/08/24","","組立","服部","2026/08/21","製造"
"かごしま電工　鹿屋★","九州工場","九州工場","2026/08/20","2026/08/20","26-J0111469-004-771","BE0000SG","1.60","350.0","350.0","250.0","国土 PBﾄｸ 平","","2","ｱｰｽ さび止め","2026/08/24","佐川急便","2026/08/24","","溶接","フイ","2026/08/21","製造"
"ナミデン　広島★","九州工場","九州工場","2026/08/20","2026/08/20","26-J0111478-001-771","IP0000SG","1.60","400.0","400.0","100.0","鉄 PBﾄｸ 平","","1","さび止め","2026/08/24","佐川急便","2026/08/24","","溶接","フイ","2026/08/21","製造"
"東芝電材　川内★","九州工場","九州工場","2026/08/20","2026/08/20","26-J0111567-001-771","SE2015XNW","1.50","200.0","200.0","150.0","SUS PB 水切","","1","ｱｰｽ 内ﾜﾆｽ","2026/08/24","佐川急便","2026/08/24","","組立","井上","2026/08/21","製造"
"正二電気　津山★","九州工場","九州工場","2026/08/20","2026/08/20","26-J0111633-001-771","SI0000N","1.50","798.0","200.0","0.0","SUS 切板","","1","","2026/08/24","福山通運　九州発送","2026/08/24","","切断","岩本","2026/08/24","製造"
"カンサイ　中央★","九州工場","九州工場","2026/08/20","2026/08/20","26-J0111726-001-771","SP0000WN","1.50","150.0","100.0","75.0","SUS PBﾄｸ 被せ","","1","","2026/08/21","ヤマックス福岡","2026/08/24","","組立","井上","2026/08/21","製造"
"中西電機　高松本社★","九州工場","九州工場","2026/08/20","2026/08/20","26-J0111732-001-771","SE0000XN","1.50","200.0","200.0","250.0","SUS PBﾄｸ 水切","","1","ｱｰｽ","2026/08/24","福山通運　九州発送","2026/08/24","","溶接","テイン","2026/08/24","製造"
"丸井産業　出雲★","九州工場","九州工場","2026/08/20","2026/08/20","26-J0111765-001-771","SE0000XN","2.00","900.0","400.0","400.0","SUS PBﾄｸ 水切","","1","ｱｰｽ","2026/08/24","福山通運　九州発送","2026/08/24","","溶接","テイン","2026/08/24","製造"
"三親電材　水島★","九州工場","九州工場","2026/08/20","2026/08/20","26-J0111890-001-771","IP0000WG","1.60","300.0","150.0","100.0","鉄 PBﾄｸ 被せ","","1","さび止め","2026/08/24","福山通運　九州発送","2026/08/24","","溶接","マイン","2026/08/21","製造"
"Q-mast　電気グル－プ★","九州工場","九州工場","2026/08/20","2026/08/20","26-J0112012-001-771","AIP0000N","3.00","160.0","160.0","0.0","ｱﾙﾐ ﾌﾟﾚｰﾄ","","12","","2026/08/21","ヤマックス　ｽﾎﾟｯﾄ便","2026/08/24","","組立","井上","2026/08/21","製造"
"日本電設資材　福岡★","九州工場","九州工場","2026/08/20","2026/08/20","26-J0112039-001-771","IG0000G","0.00","200.0","230.0","0.0","鉄 架台","","2","さび止め 穴加工　L40x40x5t 　ベース6ｔ","2026/08/24","福山通運　九州発送","2026/08/24","","切断","森山","2026/08/21","製造"
"平和テクノ　防府★","九州工場","九州工場","2026/08/21","2026/08/21","26-J0112158-001-771","SE0000XN","1.50","400.0","350.0","400.0","SUS PBﾄｸ 水切","","1","ｱｰｽ","2026/08/24","福山通運　九州発送","2026/08/24","","切断","岩本","2026/08/24","製造"
"平和テクノ　防府★","九州工場","九州工場","2026/08/21","2026/08/21","26-J0112167-001-771","BE0000SG","1.60","400.0","350.0","400.0","国土 PBﾄｸ 平","","1","ｱｰｽ さび止め","2026/08/24","福山通運　九州発送","2026/08/24","","溶接","マイン","2026/08/21","製造"
"三親電材　広島★","九州工場","九州工場","2026/08/21","2026/08/21","26-J0112223-001-771","II0000G","1.60","250.0","250.0","0.0","鉄 切板","","2","さび止め  角ﾒﾝﾄﾘ","2026/08/24","福山通運　九州発送","2026/08/24","","切断","林(浩)","2026/08/21","製造"
"日本電設資材　久留米★","九州工場","九州工場","2026/08/21","2026/08/21","26-J0112266-001-771","SE0000XN","1.50","500.0","200.0","200.0","SUS PBﾄｸ 水切","","1","ｱｰｽ","2026/08/24","佐川急便","2026/08/24","","切断","岩本","2026/08/24","製造"
"興陽電機　小倉★","九州工場","九州工場","2026/08/21","2026/08/21","26-J0112343-001-771","SAI0000N","0.00","3,000.0","0.0","0.0","SUS ｱﾝｸﾞﾙ","","4","L4x50","2026/08/24","佐川急便","2026/08/24","","未着手","","2026/08/24","製造"
"シンセイ　広島第二★","九州工場","九州工場","2026/08/21","2026/08/21","26-J0112381-001-771","IP0000SG","1.60","150.0","100.0","150.0","鉄 PBﾄｸ 平","","2","さび止め","2026/08/24","福山通運　九州発送","2026/08/24","","溶接","マイン","2026/08/21","製造"
"宮地電機　高知","九州工場","九州工場","2026/08/21","2026/08/21","26-J0112458-001-771","SE0000WN","1.50","600.0","600.0","200.0","SUS PBﾄｸ 被せ","","1","ｱｰｽ","2026/08/24","福山通運　九州発送","2026/08/24","","切断","岩本","2026/08/24","製造"
"蔵前電機★","九州工場","九州工場","2026/08/21","2026/08/21","26-J0112529-001-771","IP0000WG","1.60","350.0","350.0","150.0","鉄 PBﾄｸ 被せ","","2","さび止め","2026/08/24","福山通運　九州発送","2026/08/24","","切断","林(浩)","2026/08/21","製造"
"啓電社★","九州工場","九州工場","2026/08/21","2026/08/21","26-J0112552-001-771","IAI0000G","0.00","2,500.0","0.0","0.0","鉄 ｱﾝｸﾞﾙ","","4","L65x65x6t  さび止め","2026/08/21","ヤマックス福岡","2026/08/24","","未着手","","2026/08/21","製造"
"湖睦電機★","九州工場","九州工場","2026/08/21","2026/08/21","26-J0112724-001-771","II0000G","1.60","300.0","120.0","0.0","鉄 切板","","3","さび止め","2026/08/24","佐川急便","2026/08/24","","未着手","","2026/08/21","製造"
"湖睦電機★","九州工場","九州工場","2026/08/21","2026/08/21","26-J0112724-002-771","II0000G","1.60","420.0","120.0","0.0","鉄 切板","","1","さび止め","2026/08/24","佐川急便","2026/08/24","","未着手","","2026/08/21","製造"
"米良電機　都城★","九州工場","九州工場","2026/07/28","2026/07/28","26-J0095670-001-771","SE0000XN","2.00","900.0","300.0","300.0","SUS PBﾄｸ 水切","","1","ｱｰｽ","2026/08/21","佐川急便","2026/08/25","","組立","服部","2026/08/21","製造"
"光電気産業","九州工場","九州工場","2026/08/03","2026/08/03","26-J0100791-001-771","ZCPL0000","3.20","1,130.0","300.0","0.0","ZN 縞鋼板","","11","ｺﾞﾑP付 穴加工12-φ7","2026/08/24","配達","2026/08/25","","組立","金光","2026/08/17","製造"
"光電気産業","九州工場","九州工場","2026/08/03","2026/08/03","26-J0100791-002-771","ZCPL0000","3.20","500.0","300.0","0.0","ZN 縞鋼板","","12","ｺﾞﾑP付 穴加工6-φ7","2026/08/24","配達","2026/08/25","","組立","金光","2026/08/17","製造"
"イシグロ　福岡★","九州工場","九州工場","2026/08/05","2026/08/05","26-J0102789-001-771","ZG0000","6.00","300.0","65.0","2,000.0","ZN 架台","","5","SS-L-65x65x6t　穴加工","2026/08/25","福山通運　九州発送","2026/08/25","","溶接","ゴック","2026/08/18","製造"
"東芝電材　小倉★","九州工場","九州工場","2026/08/05","2026/08/05","26-J0103637-002-771","ZG0000","0.00","500.0","500.0","0.0","ZN 架台","","2","L-50x50x6t  三角ﾀｲﾌﾟ","2026/08/24","北九州配達","2026/08/25","","組立","金光","2026/08/17","製造"
"東芝電材　小倉★","九州工場","九州工場","2026/08/05","2026/08/05","26-J0103637-001-771","ZG0000","0.00","500.0","500.0","500.0","ZN 架台","","3","L-50x50x6t  三角支え付ﾀｲﾌﾟ","2026/08/24","北九州配達","2026/08/25","","組立","金光","2026/08/17","製造"
"三親電材　水島★","九州工場","九州工場","2026/08/05","2026/08/05","26-J0103821-001-771","IE0000SC","1.60","190.0","170.0","80.0","鉄 PBﾄｸ 平 焼付","5Y9/1(近似色)","20","ｱｰｽ(位置指定) M4化粧ﾋﾞｽ･ﾍﾞｰｽ付･開口･穴加工ｱﾘ","2026/08/25","福山通運　九州発送","2026/08/25","","仕上","三澄","2026/08/20","製造"
"宮地電機　今治","九州工場","九州工場","2026/08/05","2026/08/05","26-J0103867-001-771","ZP0000S","2.30","400.0","400.0","100.0","ZN PBﾄｸ 平","","1","HDZT56","2026/08/24","福山通運　九州発送","2026/08/25","","組立","金光","2026/08/17","製造"
"カンサイ　八幡★","九州工場","九州工場","2026/08/06","2026/08/06","26-J0104111-001-771","ZP0000W","2.30","200.0","200.0","100.0","ZN PBﾄｸ 被せ","","2","セパ付き（センター）","2026/08/24","北九州配達","2026/08/25","","組立","金光","2026/08/17","製造"
"三親電材　広島★","九州工場","九州工場","2026/08/06","2026/08/06","26-J0104335-002-771","IP2015SC","1.60","200.0","200.0","150.0","鉄 PB 平 焼付","N-35 近似色","10","","2026/08/24","福山通運　九州発送","2026/08/25","","塗装","山口","2026/08/19","製造"
"三親電材　広島★","九州工場","九州工場","2026/08/06","2026/08/06","26-J0104335-003-771","IP2015SC","1.60","200.0","200.0","150.0","鉄 PB 平 焼付","N-35 近似色","14","","2026/08/25","福山通運　九州発送","2026/08/25","","曲げ","志田","2026/08/20","製造"
"三親電材　広島★","九州工場","九州工場","2026/08/06","2026/08/06","26-J0104335-001-771","IP2015SC","1.60","200.0","200.0","150.0","鉄 PB 平 焼付","N-35 近似色","10","","2026/08/24","福山通運　九州発送","2026/08/25","","塗装","山口","2026/08/19","製造"
"小林電工　岡山★","九州工場","九州工場","2026/08/06","2026/08/06","26-J0104593-001-771","ZE1515X2","2.30","150.0","150.0","150.0","ZN PB 水切","","1","HDZT56 ｱｰｽ","2026/08/25","福山通運　九州発送","2026/08/25","","溶接","マイン","2026/08/18","製造"
"宮地電機　今治","九州工場","九州工場","2026/08/06","2026/08/06","26-J0105047-001-771","IIP0000C","1.60","450.0","130.0","0.0","鉄 ﾌﾟﾚｰﾄ 焼付","2.5Y9/1(近似色)","2","穴加工ｱﾘ","2026/08/25","福山通運　九州発送","2026/08/25","","切断","森山","2026/08/20","製造"
"中国機材設備　本社★","九州工場","九州工場","2026/08/07","2026/08/07","26-J0105309-002-771","IDC0000C","1.60","600.0","200.0","470.0","鉄 ﾀﾞｸﾄｶﾊﾞｰ 焼付","日東工業2.5Y9/1近似色","2","平蓋 φ6x4  動力計器、端子盤","2026/08/24","福山通運　九州発送","2026/08/25","","塗装","柴﨑","2026/08/19","製造"
"中国機材設備　本社★","九州工場","九州工場","2026/08/07","2026/08/07","26-J0105309-004-771","IDC0000C","1.60","575.0","215.0","435.0","鉄 ﾀﾞｸﾄｶﾊﾞｰ 焼付","日東工業2.5Y9/1近似色","1","平蓋 φ6x4 側面に切欠き有り  盤下","2026/08/24","福山通運　九州発送","2026/08/25","","塗装","柴﨑","2026/08/19","製造"
"中国機材設備　本社★","九州工場","九州工場","2026/08/07","2026/08/07","26-J0105309-003-771","IDC0000C","1.60","600.0","200.0","900.0","鉄 ﾀﾞｸﾄｶﾊﾞｰ 焼付","日東工業2.5Y9/1近似色","1","平蓋 φ6x6 側面背面に切欠き有り  盤下","2026/08/24","福山通運　九州発送","2026/08/25","","塗装","柴﨑","2026/08/19","製造"
"中国機材設備　本社★","九州工場","九州工場","2026/08/07","2026/08/07","26-J0105309-006-771","30PLA","0.00","0.0","0.0","0.0","補修塗料 筆付","日東工業2.5Y9/1近似色","1","ﾌﾟﾗ30ml","2026/08/24","福山通運　九州発送","2026/08/25","","未着手","","","製造"
"中国機材設備　本社★","九州工場","九州工場","2026/08/07","2026/08/07","26-J0105309-001-771","IDC0000C","1.60","1,000.0","200.0","470.0","鉄 ﾀﾞｸﾄｶﾊﾞｰ 焼付","日東工業2.5Y9/1近似色","1","平蓋 φ6x4  電灯計器","2026/08/24","福山通運　九州発送","2026/08/25","","塗装","柴﨑","2026/08/19","製造"
"新光産業　本社","九州工場","九州工場","2026/08/14","2026/08/14","26-J0106137-002-771","BE3020SC","1.60","300.0","300.0","200.0","国土 PB 平 焼付","2.5Y9/1","10","ｱｰｽ","2026/08/24","沖縄直送","2026/08/25","","塗装","山口","2026/08/19","製造"
"新光産業　本社","九州工場","九州工場","2026/08/14","2026/08/14","26-J0106137-001-771","BE3020SC","1.60","300.0","300.0","200.0","国土 PB 平 焼付","2.5Y9/1","10","ｱｰｽ","2026/08/21","沖縄直送","2026/08/25","","塗装","柴﨑","2026/08/18","製造"
"新光産業　本社","九州工場","九州工場","2026/08/14","2026/08/14","26-J0106137-003-771","BE3020SC","1.60","300.0","300.0","200.0","国土 PB 平 焼付","2.5Y9/1","12","ｱｰｽ","2026/08/25","沖縄直送","2026/08/25","","仕上","山口","2026/08/20","製造"
"Q-mast　空調管グル－プ★","九州工場","九州工場","2026/08/17","2026/08/17","26-J0106426-001-771","ZG0000","0.00","1,305.0","2,545.0","0.0","ZN 架台","","1","/2505 排煙ﾀﾞｸﾄ架台 2","2026/08/24","ヤマックス　ｽﾎﾟｯﾄ便","2026/08/25","","切断","田中","2026/08/18","製造"
"正和電材　大村★","九州工場","九州工場","2026/08/17","2026/08/17","26-J0106459-001-771","ZE2015X2","2.30","200.0","200.0","150.0","ZN PB 水切","","1","ｱｰｽ","2026/08/25","佐川急便","2026/08/25","","溶接","フイ","2026/08/18","製造"
"東芝電材　中津★","九州工場","九州工場","2026/08/17","2026/08/17","26-J0106774-001-771","ZE3030X2","2.30","300.0","300.0","300.0","ZN PB 水切","","2","ｱｰｽ","2026/08/25","佐川急便","2026/08/25","","溶接","フイ","2026/08/18","製造"
"木村電機　本社★","九州工場","九州工場","2026/08/17","2026/08/17","26-J0107097-001-771","BIP0000C","1.60","1,350.0","650.0","0.0","処理鋼板 ﾌﾟﾚｰﾄ 焼付","N9.5 近似色","28","開口1257x300 φ5x10","2026/08/24","佐川急便","2026/08/25","","塗装","ナム","2026/08/19","製造"
"佐野電機工業","九州工場","九州工場","2026/08/17","2026/08/17","26-J0107153-003-771","BE2010SC","1.60","200.0","200.0","100.0","国土 PB 平 焼付","2.5Y9/1(近似色)","9","ｱｰｽ","2026/08/25","福山通運　九州発送","2026/08/25","","未着手","","","加工"
"三親電材　米子★","九州工場","九州工場","2026/08/17","2026/08/17","26-J0107969-001-771","IIP0000C","1.60","500.0","240.0","0.0","鉄 ﾌﾟﾚｰﾄ 焼付","N8.7(近似色)","1","穴加工ｱﾘ","2026/08/25","福山通運　九州発送","2026/08/25","","切断","森山","2026/08/18","製造"
"カンサイ　東★","九州工場","九州工場","2026/08/18","2026/08/18","26-J0108515-002-771","IIP0000C","1.60","640.0","260.0","0.0","鉄 ﾌﾟﾚｰﾄ 焼付","2.5Y9/1 近似色","3","φ6x4","2026/08/24","ヤマックス福岡","2026/08/25","","塗装","三澄","2026/08/19","製造"
"カンサイ　東★","九州工場","九州工場","2026/08/18","2026/08/18","26-J0108515-001-771","IC0000C","1.60","560.0","240.0","15.0","鉄 ｶﾊﾞｰ 焼付","2.5Y9/1 近似色","1","φ6x4 開口面は下面のみ","2026/08/24","ヤマックス福岡","2026/08/25","","塗装","柴﨑","2026/08/19","製造"
"徳島電材★","九州工場","九州工場","2026/08/18","2026/08/18","26-J0108546-002-771","IAI0000C","0.00","650.0","0.0","0.0","鉄 ｱﾝｸﾞﾙ 焼付","5Y7/1(近似色)","1","穴加工ｱﾘ","2026/08/25","福山通運　九州発送","2026/08/25","","未着手","","2026/08/20","製造"
"徳島電材★","九州工場","九州工場","2026/08/18","2026/08/18","26-J0108546-007-771","IG0000C","0.00","255.0","150.0","40.0","鉄 架台 焼付","5Y7/1(近似色)","1","ｱﾝｸﾞﾙ PLt4.5","2026/08/25","福山通運　九州発送","2026/08/25","","溶接","石松","2026/08/20","製造"
"徳島電材★","九州工場","九州工場","2026/08/18","2026/08/18","26-J0108546-006-771","IG0000C","0.00","255.0","150.0","40.0","鉄 架台 焼付","5Y7/1(近似色)","1","ｱﾝｸﾞﾙ PLt4.5","2026/08/25","福山通運　九州発送","2026/08/25","","溶接","石松","2026/08/20","製造"
"徳島電材★","九州工場","九州工場","2026/08/18","2026/08/18","26-J0108546-005-771","IG0000C","0.00","285.0","150.0","40.0","鉄 架台 焼付","5Y7/1(近似色)","1","ｱﾝｸﾞﾙ PLt4.5","2026/08/25","福山通運　九州発送","2026/08/25","","溶接","石松","2026/08/20","製造"
"徳島電材★","九州工場","九州工場","2026/08/18","2026/08/18","26-J0108546-004-771","IG0000C","0.00","285.0","150.0","40.0","鉄 架台 焼付","5Y7/1(近似色)","1","ｱﾝｸﾞﾙ PLt4.5","2026/08/25","福山通運　九州発送","2026/08/25","","溶接","石松","2026/08/20","製造"
"徳島電材★","九州工場","九州工場","2026/08/18","2026/08/18","26-J0108546-003-771","IAI0000C","0.00","320.0","0.0","0.0","鉄 ｱﾝｸﾞﾙ 焼付","5Y7/1(近似色)","1","穴加工ｱﾘ","2026/08/25","福山通運　九州発送","2026/08/25","","未着手","","2026/08/20","製造"
"徳島電材★","九州工場","九州工場","2026/08/18","2026/08/18","26-J0108546-001-771","IAI0000C","0.00","350.0","0.0","0.0","鉄 ｱﾝｸﾞﾙ 焼付","5Y7/1(近似色)","1","穴加工ｱﾘ","2026/08/25","福山通運　九州発送","2026/08/25","","未着手","","2026/08/20","製造"
"宮地ナショナル　福山★","九州工場","九州工場","2026/08/18","2026/08/18","26-J0108793-001-771","SP0000SN","2.00","800.0","500.0","400.0","SUS PBﾄｸ 平","","1","平蓋　開口　本体サン脱着","2026/08/25","福山通運　九州発送","2026/08/25","","溶接","ハイ","2026/08/25","製造"
"宮地ナショナル　福山★","九州工場","九州工場","2026/08/18","2026/08/18","26-J0108793-002-771","SC0000N","2.00","750.0","400.0","550.0","SUS ｶﾊﾞｰ","","1","平蓋　傾斜有　二分割　開口　穴加工　本体サン脱着","2026/08/25","福山通運　九州発送","2026/08/25","","曲げ","道上","2026/08/25","製造"
"Q-mast　空調管グル－プ★","九州工場","九州工場","2026/08/18","2026/08/18","26-J0109179-001-771","ZG0000","0.00","955.0","400.0","0.0","ZN 架台","","1","空調ダクト　51","2026/08/24","ヤマックス　ｽﾎﾟｯﾄ便","2026/08/25","","溶接","石松","2026/08/19","製造"
"Q-mast　空調管グル－プ★","九州工場","九州工場","2026/08/18","2026/08/18","26-J0109179-002-771","ZG0000","0.00","955.0","412.0","0.0","ZN 架台","","1","空調ダクト　52","2026/08/24","ヤマックス　ｽﾎﾟｯﾄ便","2026/08/25","","溶接","石松","2026/08/19","製造"
"木村電機　本社★","九州工場","九州工場","2026/08/19","2026/08/19","26-J0109852-001-771","SE5030XC","1.50","500.0","500.0","300.0","SUS PB 水切 焼付","5Y7/1 近似色","1","ｱｰｽ","2026/08/25","佐川急便","2026/08/25","","仕上","三澄","2026/08/20","製造"
"ハッピー電気　健軍★","九州工場","九州工場","2026/08/19","2026/08/19","26-J0109941-002-771","SE2020XC","1.50","200.0","200.0","200.0","SUS PB 水切 焼付","2.5Y9/1 近似色","1","ｱｰｽ","2026/08/25","佐川急便","2026/08/25","","未着手","","","加工"
"ハッピー電気　健軍★","九州工場","九州工場","2026/08/19","2026/08/19","26-J0109941-001-771","SE5050XC","1.50","500.0","500.0","500.0","SUS PB 水切 焼付","2.5Y9/1 近似色","1","ｱｰｽ","2026/08/25","佐川急便","2026/08/25","","塗装","山口","2026/08/20","製造"
"東芝電材　熊本★","九州工場","九州工場","2026/08/19","2026/08/19","26-J0110096-002-771","SE0000XC","1.50","600.0","350.0","350.0","SUS PBﾄｸ 水切 焼付","5Y7/1 近似色","1","ｱｰｽ","2026/08/25","佐川急便","2026/08/25","","塗装","山口","2026/08/20","製造"
"東芝電材　熊本★","九州工場","九州工場","2026/08/19","2026/08/19","26-J0110096-003-771","BE0000SC","1.60","600.0","300.0","300.0","国土 PBﾄｸ 平 焼付","2.5Y9/1 近似色","1","ｱｰｽ","2026/08/25","佐川急便","2026/08/25","","塗装","山口","2026/08/20","製造"
"東芝電材　熊本★","九州工場","九州工場","2026/08/19","2026/08/19","26-J0110096-001-771","SE5050XC","1.50","500.0","500.0","500.0","SUS PB 水切 焼付","5Y7/1 近似色","2","ｱｰｽ","2026/08/25","佐川急便","2026/08/25","","塗装","山口","2026/08/20","製造"
"中国機材設備　中央★","九州工場","九州工場","2026/08/19","2026/08/19","26-J0110104-001-771","I02000SC","2.30","198.0","198.0","0.0","鉄 ふたﾄｸ 焼付","5Y7/1 近似色","1","平ふた φ6x4","2026/08/25","佐川急便","2026/08/25","","切断","森山","2026/08/20","製造"
"中国機材設備　本社★","九州工場","九州工場","2026/08/19","2026/08/19","26-J0110295-001-771","II0000C","1.60","350.0","250.0","0.0","鉄 切板 焼付","N9.5 近似色","1","吊穴φ6x2","2026/08/25","佐川急便","2026/08/25","","塗装","ナム","2026/08/20","製造"
"三親電材　岡山★","九州工場","九州工場","2026/08/19","2026/08/19","26-J0110592-001-771","SP0000WN","2.00","800.0","500.0","300.0","SUS PBﾄｸ 被せ","","1","","2026/08/25","福山通運　九州発送","2026/08/25","","切断","バック","2026/08/25","製造"
"四国ミツヤマ電気★","九州工場","九州工場","2026/08/20","2026/08/20","26-J0111367-002-771","BE0000SG","1.60","750.0","500.0","400.0","国土 PBﾄｸ 平","","1","ｱｰｽ さび止め","2026/08/25","福山通運　九州発送","2026/08/25","","溶接","マイン","2026/08/24","製造"
"三親電材　水島★","九州工場","九州工場","2026/08/20","2026/08/20","26-J0111474-002-771","SFS0000N","1.50","200.0","200.0","150.0","SUS 張出BOX","","5","蓋240x240ｺﾞﾑﾊﾟｯｷﾝ･六角ﾎﾞﾙﾄ付･穴加工ｱﾘ","2026/08/25","福山通運　九州発送","2026/08/25","","切断","森山","2026/08/25","製造"
"三親電材　水島★","九州工場","九州工場","2026/08/20","2026/08/20","26-J0111474-001-771","SFS0000N","1.50","200.0","200.0","150.0","SUS 張出BOX","","5","蓋240x240ｺﾞﾑﾊﾟｯｷﾝ･六角ﾎﾞﾙﾄ付･穴加工ｱﾘ","2026/08/25","福山通運　九州発送","2026/08/25","","切断","森山","2026/08/25","製造"
"中西電機　高松本社★","九州工場","九州工場","2026/08/20","2026/08/20","26-J0111538-001-771","IP4030WG","1.60","400.0","400.0","300.0","鉄 PB 被せ","","1","さび止め","2026/08/25","福山通運　九州発送","2026/08/25","","溶接","マイン","2026/08/24","製造"
"中西電機　高松本社★","九州工場","九州工場","2026/08/20","2026/08/20","26-J0111539-002-771","I02050WG","1.60","500.0","500.0","0.0","鉄 ふた","","2","被せふた さび止め","2026/08/25","福山通運　九州発送","2026/08/25","","未着手","","2026/08/24","製造"
"ナミデン　福岡★","九州工場","九州工場","2026/08/20","2026/08/20","26-J0111943-002-771","ITG0000G","0.00","2,000.0","0.0","0.0","鉄 耐震架台","","20","さび止め C100x50x5x7.5","2026/08/24","ヤマックス　ｽﾎﾟｯﾄ便","2026/08/25","","切断","田中","2026/08/21","製造"
"東芝電材　鳥取★","九州工場","九州工場","2026/08/21","2026/08/21","26-J0112387-001-771","SP0000WN","1.50","400.0","400.0","200.0","SUS PBﾄｸ 被せ","","1","開口･穴加工ｱﾘ","2026/08/25","福山通運　九州発送","2026/08/25","","切断","岩本","2026/08/25","製造"
"デンザイ東亜　本社★","九州工場","九州工場","2026/08/21","2026/08/21","26-J0112543-001-771","ZCI0000","0.00","1,000.0","0.0","0.0","ZN ﾁｬﾝﾈﾙ","","2","[100x50x5t　　先ﾒｯｷ材","2026/08/25","佐川急便","2026/08/25","","未着手","","2026/08/25","製造"
"ツルタ　北★","九州工場","九州工場","2026/08/21","2026/08/21","26-J0112565-001-771","IMK0000N","1.60","150.0","75.0","30.0","鉄 曲金物","","1","ｻﾋﾞ止用生地","2026/08/25","佐川急便","2026/08/25","","切断","林(浩)","2026/08/25","製造"
"栗田電機　松山★","九州工場","九州工場","2026/08/21","2026/08/21","26-J0112641-001-771","SE0000XN","1.50","600.0","200.0","75.0","SUS PBﾄｸ 水切","","1","ｱｰｽ","2026/08/25","福山通運　九州発送","2026/08/25","","切断","岩本","2026/08/25","製造"
"東芝電材　小倉★","九州工場","九州工場","2026/08/21","2026/08/21","26-J0112738-001-771","SP4040XN","1.50","400.0","400.0","400.0","SUS PB 水切","","1","","2026/08/24","北九州配達","2026/08/25","","未着手","","2026/08/24","製造"
"栗田電機　四国中央★","九州工場","九州工場","2026/08/05","2026/08/05","26-J0103876-001-771","ZCPL0000","3.20","1,000.0","200.0","130.0","ZN 縞鋼板","","2","HDZT63 /280 穴加工ｱﾘ","2026/08/26","福山通運　九州発送","2026/08/26","","切断","森山","2026/08/19","製造"
"栗田電機　四国中央★","九州工場","九州工場","2026/08/05","2026/08/05","26-J0103876-002-771","ZCPL0000","3.20","1,200.0","150.0","150.0","ZN 縞鋼板","","2","HDZT63 /400 穴加工ｱﾘ","2026/08/26","福山通運　九州発送","2026/08/26","","切断","森山","2026/08/19","製造"
"イシグロ　福岡★","九州工場","九州工場","2026/08/06","2026/08/06","26-J0104936-002-771","ZG0000","0.00","1,562.0","385.0","0.0","ZN 架台","","1","穴加工　L65x65x6t 　G2","2026/08/25","店頭渡し","2026/08/26","","溶接","ズオン","2026/08/19","製造"
"イシグロ　福岡★","九州工場","九州工場","2026/08/06","2026/08/06","26-J0104936-001-771","ZG0000","0.00","1,580.0","385.0","0.0","ZN 架台","","1","/1475　穴加工　L65x65x6t 　G1","2026/08/25","店頭渡し","2026/08/26","","溶接","ズオン","2026/08/19","製造"
"イシグロ　福岡★","九州工場","九州工場","2026/08/06","2026/08/06","26-J0104936-004-771","ZG0000","0.00","689.0","252.0","0.0","ZN 架台","","1","穴加工　L65x65x6t 　G4","2026/08/25","店頭渡し","2026/08/26","","溶接","ズオン","2026/08/19","製造"
"イシグロ　福岡★","九州工場","九州工場","2026/08/06","2026/08/06","26-J0104936-003-771","ZG0000","0.00","898.0","325.0","0.0","ZN 架台","","1","穴加工　L65x65x6t 　G3","2026/08/25","店頭渡し","2026/08/26","","溶接","ズオン","2026/08/19","製造"
"中西電機　高松本社★","九州工場","九州工場","2026/08/07","2026/08/07","26-J0105290-001-771","ZKW0000","3.20","1,135.0","535.0","195.0","ZN 貫通枠","","2","HDZT63 2分割","2026/08/26","福山通運　九州発送","2026/08/26","","曲げ","道上","2026/08/19","製造"
"中西電機　高松本社★","九州工場","九州工場","2026/08/07","2026/08/07","26-J0105290-002-771","ZKW0000","3.20","635.0","535.0","195.0","ZN 貫通枠","","1","HDZT63 2分割","2026/08/26","福山通運　九州発送","2026/08/26","","曲げ","道上","2026/08/19","製造"
"ナンリツ　松山★","九州工場","九州工場","2026/08/07","2026/08/07","26-J0105815-001-771","ZP0000XA","2.30","200.0","200.0","150.0","ZN PBﾄｸ 水切","","6","足付L4x50Φ15 天然ﾊﾟｯｷﾝ指定･六角ｱﾌﾟｾｯﾄ","2026/08/26","福山通運　九州発送","2026/08/26","","溶接","フイ","2026/08/19","製造"
"ナンリツ　松山★","九州工場","九州工場","2026/08/07","2026/08/07","26-J0105815-005-771","ZP0000XA","2.30","200.0","200.0","200.0","ZN PBﾄｸ 水切","","5","足付L4x50Φ15 天然ﾊﾟｯｷﾝ指定･六角ｱﾌﾟｾｯﾄ","2026/08/26","福山通運　九州発送","2026/08/26","","溶接","フイ","2026/08/19","製造"
"興陽電機　八幡★","九州工場","九州工場","2026/08/07","2026/08/07","26-J0105831-001-771","IDC0000C","1.60","500.0","200.0","950.0","鉄 ﾀﾞｸﾄｶﾊﾞｰ 焼付","2.5Y9/1 近似色","2","正面平蓋　　穴8-φ14","2026/08/25","北九州配達","2026/08/26","","塗装","山口","2026/08/20","製造"
"日新電機システム","九州工場","九州工場","2026/08/10","2026/08/10","26-J0106055-001-771","BD0000C","1.60","500.0","195.0","1,100.0","国土 ﾀﾞｸﾄ 焼付","色見本(2.5Y9/1)","1","平蓋２分割 蓋面ﾌﾞﾗﾝｸ 取付穴4-φ10","2026/08/26","沖縄直送","2026/08/26","","仕上","三澄","2026/08/21","製造"
"日新電機システム","九州工場","九州工場","2026/08/10","2026/08/10","26-J0106055-002-771","BD0000C","1.60","500.0","195.0","1,000.0","国土 ﾀﾞｸﾄ 焼付","色見本(2.5Y9/1)","1","平蓋２分割 蓋面ﾌﾞﾗﾝｸ 取付穴4-φ10","2026/08/26","沖縄直送","2026/08/26","","仕上","三澄","2026/08/21","製造"
"日新電機システム","九州工場","九州工場","2026/08/10","2026/08/10","26-J0106074-001-771","SD0000C","2.00","1,000.0","300.0","500.0","SUS ﾀﾞｸﾄ 焼付","色見本(2.5Y9/1)","2","平蓋２分割ﾊﾟｯｷﾝ付 取付穴","2026/08/26","沖縄直送","2026/08/26","","溶接","恒川","2026/08/21","製造"
"佐野電機工業","九州工場","九州工場","2026/08/17","2026/08/17","26-J0107157-001-771","BE2010SC","1.60","200.0","200.0","100.0","国土 PB 平 焼付","2.5Y9/1(近似色)","9","ｱｰｽ","2026/08/26","福山通運　九州発送","2026/08/26","","仕上","三澄","2026/08/21","製造"
"佐野電機工業","九州工場","九州工場","2026/08/17","2026/08/17","26-J0107221-003-771","ZE3030X2","2.30","300.0","300.0","300.0","ZN PB 水切","","3","HDZT56 ｱｰｽ","2026/08/26","福山通運　九州発送","2026/08/26","","溶接","フイ","2026/08/19","製造"
"佐野電機工業","九州工場","九州工場","2026/08/17","2026/08/17","26-J0107221-002-771","ZE2020X2","2.30","200.0","200.0","200.0","ZN PB 水切","","5","HDZT56 ｱｰｽ","2026/08/26","福山通運　九州発送","2026/08/26","","溶接","フイ","2026/08/19","製造"
"ナンリツ　本社営業部★","九州工場","九州工場","2026/08/17","2026/08/17","26-J0107425-001-771","IP0000SC","1.60","500.0","450.0","40.0","鉄 PBﾄｸ 平 焼付","5Y9/05(近似色)","1","ﾋﾞｽ位置指定･開口･穴加工ｱﾘ","2026/08/26","福山通運　九州発送","2026/08/26","","溶接","カイ","2026/08/21","製造"
"カンサイ　南★","九州工場","九州工場","2026/08/17","2026/08/17","26-J0107864-001-771","ZP3015X2","2.30","300.0","300.0","150.0","ZN PB 水切","","1","座無ｼｰﾙ付","2026/08/25","ヤマックス福岡","2026/08/26","","溶接","フイ","2026/08/19","製造"
"啓電社★","九州工場","九州工場","2026/08/17","2026/08/17","26-J0107887-001-771","ZG0000","0.00","600.0","650.0","600.0","ZN 架台","","1","[100x75x5t L50x50x6t 穴加工","2026/08/25","ヤマックス福岡","2026/08/26","","溶接","ズオン","2026/08/20","製造"
"カンサイ九州昭和　福岡★","九州工場","九州工場","2026/08/17","2026/08/17","26-J0108039-001-771","IDC0000C","2.30","700.0","165.0","1,230.0","鉄 ﾀﾞｸﾄｶﾊﾞｰ 焼付","2.5Y9/1 近似色","1","平蓋ｺﾞﾑﾊﾟｯｷﾝ 内耳50ﾐﾘ","2026/08/25","ヤマックス福岡","2026/08/26","","塗装","山口","2026/08/20","製造"
"正和電材　諫早★","九州工場","九州工場","2026/08/18","2026/08/18","26-J0108420-001-771","ZE1010X2","2.30","100.0","100.0","100.0","ZN PB 水切","","1","ｱｰｽ","2026/08/26","福山通運　九州発送","2026/08/26","","溶接","マイン","2026/08/19","製造"
"東芝電材　八代★","九州工場","九州工場","2026/08/18","2026/08/18","26-J0108813-001-771","ZE4030X2","2.30","400.0","400.0","300.0","ZN PB 水切","","1","ｱｰｽ","2026/08/26","佐川急便","2026/08/26","","溶接","フイ","2026/08/19","製造"
"カンサイ　西★","九州工場","九州工場","2026/08/18","2026/08/18","26-J0109158-001-771","BE1515SC","1.60","150.0","150.0","150.0","国土 PB 平 焼付","2.5Y9/1 近似色","1","ｱｰｽ","2026/08/25","ヤマックス福岡","2026/08/26","","仕上","山口","2026/08/20","製造"
"カンサイ　西★","九州工場","九州工場","2026/08/18","2026/08/18","26-J0109158-002-771","BE2020SC","1.60","200.0","200.0","200.0","国土 PB 平 焼付","2.5Y9/1 近似色","1","ｱｰｽ","2026/08/25","ヤマックス福岡","2026/08/26","","未着手","","","加工"
"カンサイ　西★","九州工場","九州工場","2026/08/18","2026/08/18","26-J0109158-003-771","BE3020SC","1.60","300.0","300.0","200.0","国土 PB 平 焼付","2.5Y9/1 近似色","4","ｱｰｽ","2026/08/25","ヤマックス福岡","2026/08/26","","未着手","","","加工"
"カンサイ　西★","九州工場","九州工場","2026/08/18","2026/08/18","26-J0109158-004-771","BE4020SC","1.60","400.0","400.0","200.0","国土 PB 平 焼付","2.5Y9/1 近似色","1","ｱｰｽ","2026/08/25","ヤマックス福岡","2026/08/26","","塗装","山口","2026/08/20","製造"
"富士商会　大村★","九州工場","九州工場","2026/08/19","2026/08/19","26-J0109655-003-771","DKW0000N","1.60","400.0","200.0","300.0","Sﾀﾞｲﾏ 貫通枠","","4","平蓋　開口部注意ｽﾃｯｶｰ","2026/08/26","佐川急便","2026/08/26","","溶接","恒川","2026/08/26","製造"
"富士商会　大村★","九州工場","九州工場","2026/08/19","2026/08/19","26-J0109655-004-771","DKW0000N","1.60","900.0","200.0","300.0","Sﾀﾞｲﾏ 貫通枠","","1","平蓋　開口部注意ｽﾃｯｶｰ","2026/08/26","佐川急便","2026/08/26","","溶接","恒川","2026/08/26","製造"
"富士商会　大村★","九州工場","九州工場","2026/08/19","2026/08/19","26-J0109655-001-771","DKW0000N","1.60","300.0","200.0","300.0","Sﾀﾞｲﾏ 貫通枠","","10","平蓋　開口部注意ｽﾃｯｶｰ","2026/08/26","佐川急便","2026/08/26","","組立","服部","2026/08/26","製造"
"東芝電材　岡山★","九州工場","九州工場","2026/08/19","2026/08/19","26-J0109806-001-771","BE2020SC","1.60","200.0","200.0","200.0","国土 PB 平 焼付","2.5Y9/1(近似色)","9","ｱｰｽ","2026/08/26","福山通運　九州発送","2026/08/26","","未着手","","","加工"
"興陽電機　防府★","九州工場","九州工場","2026/08/19","2026/08/19","26-J0110061-001-771","SG0000N","0.00","600.0","0.0","0.0","SUS 架台","","3","SUS-[120X60X6t","2026/08/26","福山通運　九州発送","2026/08/26","","切断","奈木野","2026/08/26","製造"
"かごしま電工　国分★","九州工場","九州工場","2026/08/19","2026/08/19","26-J0110242-002-771","BE2020SCW","1.60","200.0","200.0","200.0","国土 PB 平 焼付","2.5Y9/1 近似色","3","ｱｰｽ  内ﾜﾆｽ","2026/08/26","佐川急便","2026/08/26","","仕上","山口","2026/08/20","製造"
"かごしま電工　国分★","九州工場","九州工場","2026/08/19","2026/08/19","26-J0110242-001-771","BE1515SCW","1.60","150.0","150.0","150.0","国土 PB 平 焼付","2.5Y9/1 近似色","1","ｱｰｽ  内ﾜﾆｽ","2026/08/26","佐川急便","2026/08/26","","仕上","山口","2026/08/20","製造"
"日本電設資材　福岡★","九州工場","九州工場","2026/08/19","2026/08/19","26-J0110330-003-771","IG0000G","6.00","450.0","330.0","1,550.0","鉄 架台","","3","さび止め SS-L-50x50x6t　穴加工","2026/08/26","佐川急便","2026/08/26","","溶接","横澤","2026/08/25","製造"
"日本電設資材　福岡★","九州工場","九州工場","2026/08/19","2026/08/19","26-J0110330-002-771","IG0000G","6.00","450.0","330.0","1,550.0","鉄 架台","","1","さび止め SS-L-50x50x6t　穴加工","2026/08/26","佐川急便","2026/08/26","","切断","奈木野","2026/08/25","製造"
"日本電設資材　福岡★","九州工場","九州工場","2026/08/19","2026/08/19","26-J0110330-001-771","IG0000G","6.00","500.0","330.0","1,550.0","鉄 架台","","4","さび止め SS-L-65x65x6t　穴加工","2026/08/26","佐川急便","2026/08/26","","溶接","ズオン","2026/08/25","製造"
"平和テクノ　周南★","九州工場","九州工場","2026/08/19","2026/08/19","26-J0110587-002-771","IP0000SC","1.60","250.0","80.0","150.0","鉄 PBﾄｸ 平 焼付","5Y7/1 近似色","1","内耳2方向","2026/08/26","佐川急便","2026/08/26","","仕上","山口","2026/08/21","製造"
"平和テクノ　周南★","九州工場","九州工場","2026/08/19","2026/08/19","26-J0110587-001-771","IP0000SC","1.60","700.0","150.0","150.0","鉄 PBﾄｸ 平 焼付","5Y7/1 近似色","1","","2026/08/26","佐川急便","2026/08/26","","仕上","山口","2026/08/21","製造"
"かごしま電工　出水★","九州工場","九州工場","2026/08/19","2026/08/19","26-J0110607-001-771","IP4040SC","1.60","400.0","400.0","400.0","鉄 PB 平 焼付","N1 近似色","1","ｺﾞﾑﾊﾟｯｷﾝ付き","2026/08/26","佐川急便","2026/08/26","","仕上","山口","2026/08/21","製造"
"東芝電材　南福岡★","九州工場","九州工場","2026/08/20","2026/08/20","26-J0111070-001-771","SE2020XC","1.50","200.0","200.0","200.0","SUS PB 水切 焼付","2.5Y9/1 近似色","1","ｱｰｽ","2026/08/26","佐川急便","2026/08/26","","未着手","","","加工"
"三和電気商会★","九州工場","九州工場","2026/08/20","2026/08/20","26-J0111153-001-771","SP0000WN","2.00","1,000.0","400.0","300.0","SUS PBﾄｸ 被せ","","1","","2026/08/26","福山通運　九州発送","2026/08/26","","曲げ","ラム","2026/08/26","製造"
"小林電工　岡山★","九州工場","九州工場","2026/08/20","2026/08/20","26-J0111493-001-771","SE1515SC","1.50","150.0","150.0","150.0","SUS PB 平 焼付","2.5Y9/1(近似色)","4","ｱｰｽ","2026/08/26","福山通運　九州発送","2026/08/26","","溶接","テイン","2026/08/24","製造"
"岡本電機　安佐★","九州工場","九州工場","2026/08/20","2026/08/20","26-J0111588-001-771","BE2510XC","1.60","250.0","250.0","100.0","国土 PB 水切 焼付","2.5Y9/1 近似色","1","ｱｰｽ","2026/08/26","佐川急便","2026/08/26","","仕上","山口","2026/08/21","製造"
"巴電業　広島★","九州工場","九州工場","2026/08/20","2026/08/20","26-J0111791-001-771","SP1515XC","1.50","150.0","150.0","150.0","SUS PB 水切 焼付","2.5Y9/1 近似色","1","座無しｼｰﾙ付","2026/08/26","福山通運　九州発送","2026/08/26","","仕上","山口","2026/08/21","製造"
"日本電設資材　福岡★","九州工場","九州工場","2026/08/20","2026/08/20","26-J0112047-001-771","IG0000G","0.00","200.0","230.0","0.0","鉄 架台","","6","さび止め 穴加工　L40x40x5t 　ベース6ｔ","2026/08/26","福山通運　九州発送","2026/08/26","","切断","森山","2026/08/25","製造"
"京栄商会　本店★","九州工場","九州工場","2026/08/21","2026/08/21","26-J0112147-002-771","DMK0000N","1.60","323.2","98.0","30.0","Sﾀﾞｲﾏ 曲金物","","1","","2026/08/26","福山通運　九州発送","2026/08/26","","曲げ","ラム","2026/08/25","製造"
"京栄商会　本店★","九州工場","九州工場","2026/08/21","2026/08/21","26-J0112147-001-771","DC0000N","1.60","320.0","105.0","100.0","Sﾀﾞｲﾏ ｶﾊﾞｰ","","1","/115/15","2026/08/26","福山通運　九州発送","2026/08/26","","曲げ","道上","2026/08/25","製造"
"京栄商会　本店★","九州工場","九州工場","2026/08/21","2026/08/21","26-J0112147-003-771","DC0000N","1.60","490.0","205.0","180.0","Sﾀﾞｲﾏ ｶﾊﾞｰ","","1","/220/15","2026/08/26","福山通運　九州発送","2026/08/26","","曲げ","道上","2026/08/25","製造"
"菱栄電材★","九州工場","九州工場","2026/08/21","2026/08/21","26-J0112217-001-771","IP0000SG","2.30","1,000.0","500.0","500.0","鉄 PBﾄｸ 平","","1","さび止め","2026/08/26","福山通運　九州発送","2026/08/26","","切断","バック","2026/08/25","製造"
"東芝電材　唐津★","九州工場","九州工場","2026/08/21","2026/08/21","26-J0112335-002-771","SIP0000N","1.50","960.0","506.0","0.0","SUS ﾌﾟﾚｰﾄ","","1","パッキン付き　穴加工 FB-4.0tx50w","2026/08/26","佐川急便","2026/08/26","","切断","岩本","2026/08/26","製造"
"東芝電材　唐津★","九州工場","九州工場","2026/08/21","2026/08/21","26-J0112335-001-771","SIP0000N","1.50","1,460.0","760.0","0.0","SUS ﾌﾟﾚｰﾄ","","1","パッキン付き　穴加工 FB-4.0tx50w","2026/08/26","佐川急便","2026/08/26","","切断","岩本","2026/08/26","製造"
"アサヒ　名護","九州工場","九州工場","2026/08/21","2026/08/21","26-J0112400-001-771","SE3020SC","1.50","300.0","300.0","200.0","SUS PB 平 焼付","5Y7/1","2","ｱｰｽ ﾊﾟｯｷﾝ付","2026/08/26","佐川急便","2026/08/26","","切断","岩本","2026/08/24","製造"
"宮地電機　高知","九州工場","九州工場","2026/08/21","2026/08/21","26-J0112577-001-771","BP2020SG","1.60","200.0","200.0","200.0","国土 PB 平","","3","ｱｰｽ無 さび止め","2026/08/26","福山通運　九州発送","2026/08/26","","曲げ","志田","2026/08/25","製造"
"イシグロ　広島★","九州工場","九州工場","2026/08/21","2026/08/21","26-J0112627-002-771","IG0000G","0.00","250.0","1,350.0","0.0","鉄 架台","","10","さび止め　L-50X50X6t　4階中国空調　MNB分","2026/08/26","福山通運　九州発送","2026/08/26","","未着手","","2026/08/25","製造"
"イシグロ　広島★","九州工場","九州工場","2026/08/21","2026/08/21","26-J0112627-001-771","IG0000G","0.00","250.0","900.0","0.0","鉄 架台","","6","さび止め　L-50X50X6t　4階石橋設備工業分","2026/08/26","福山通運　九州発送","2026/08/26","","未着手","","2026/08/25","製造"
"興陽電機　小倉★","九州工場","九州工場","2026/08/21","2026/08/21","26-J0112694-001-771","DE2015WN","1.60","200.0","200.0","150.0","Sﾀﾞｲﾏ PB 被せ","","3","ｱｰｽ","2026/08/25","北九州配達","2026/08/26","","未着手","","2026/08/25","製造"
"イシグロ　福岡★","九州工場","九州工場","2026/07/16","2026/07/16","26-J0087133-001-771","SG0000N","6.00","940.0","65.0","1,380.0","SUS 架台","","2","SUS-L-65x65x6t　SUS-FB6x50　SUS-PL-6t　","2026/08/26","店頭渡し","2026/08/27","","溶接","クイ","2026/08/26","製造"
"イシグロ　福岡★","九州工場","九州工場","2026/07/16","2026/07/16","26-J0087209-006-771","ZG0000","6.00","1,150.0","65.0","1,850.0","ZN 架台","","1","SS-L-65x65x6t　PL-6t　穴加工","2026/08/26","店頭渡し","2026/08/27","","溶接","ゴック","2026/08/17","製造"
"イシグロ　福岡★","九州工場","九州工場","2026/07/16","2026/07/16","26-J0087209-001-771","ZG0000","6.00","360.0","65.0","360.0","ZN 架台","","2","SS-L-65x65x6t　PL-6t　穴加工","2026/08/26","店頭渡し","2026/08/27","","溶接","バン","2026/08/17","製造"
"イシグロ　福岡★","九州工場","九州工場","2026/07/16","2026/07/16","26-J0087209-002-771","ZG0000","6.00","300.0","65.0","1,550.0","ZN 架台","","2","SS-L-65x65x6t　PL-6t　穴加工","2026/08/26","店頭渡し","2026/08/27","","溶接","バン","2026/08/17","製造"
"イシグロ　福岡★","九州工場","九州工場","2026/07/16","2026/07/16","26-J0087209-003-771","ZG0000","6.00","300.0","65.0","510.0","ZN 架台","","4","SS-L-65x65x6t　PL-6t　穴加工","2026/08/26","店頭渡し","2026/08/27","","溶接","バン","2026/08/17","製造"
"イシグロ　福岡★","九州工場","九州工場","2026/07/16","2026/07/16","26-J0087209-004-771","ZG0000","6.00","950.0","65.0","440.0","ZN 架台","","2","SS-L-65x65x6t　PL-6t　穴加工","2026/08/26","店頭渡し","2026/08/27","","溶接","石松","2026/08/17","製造"
"イシグロ　福岡★","九州工場","九州工場","2026/07/16","2026/07/16","26-J0087209-005-771","ZG0000","6.00","1,150.0","65.0","1,850.0","ZN 架台","","1","SS-L-65x65x6t　PL-6t　穴加工","2026/08/26","店頭渡し","2026/08/27","","溶接","ゴック","2026/08/17","製造"
"イシグロ　福岡★","九州工場","九州工場","2026/07/16","2026/07/16","26-J0087209-010-771","ZG0000","5.00","1,150.0","285.0","300.0","ZN 架台","","1","SS-C-5x50x100　PL-6t　穴加工","2026/08/26","店頭渡し","2026/08/27","","溶接","バン","2026/08/17","製造"
"イシグロ　福岡★","九州工場","九州工場","2026/07/16","2026/07/16","26-J0087209-009-771","ZG0000","6.00","65.0","65.0","545.0","ZN 架台","","1","SS-L-65x65x6t　PL-6t　穴加工","2026/08/26","店頭渡し","2026/08/27","","溶接","バン","2026/08/17","製造"
"イシグロ　福岡★","九州工場","九州工場","2026/07/16","2026/07/16","26-J0087209-008-771","ZG0000","6.00","350.0","65.0","261.0","ZN 架台","","4","SS-L-65x65x6t　PL-6t　穴加工","2026/08/26","店頭渡し","2026/08/27","","溶接","ゴック","2026/08/17","製造"
"イシグロ　福岡★","九州工場","九州工場","2026/07/16","2026/07/16","26-J0087209-007-771","ZG0000","6.00","350.0","65.0","212.0","ZN 架台","","20","SS-L-65x65x6t　PL-6t　穴加工","2026/08/26","店頭渡し","2026/08/27","","組立","金光","2026/08/03","製造"
"平岡電気　大牟田★","九州工場","九州工場","2026/07/30","2026/07/30","26-J0098516-001-771","BE2015SC","1.60","200.0","200.0","150.0","国土 PB 平 焼付","2.5Y9/1 近似色","2","ｱｰｽ","2026/08/26","佐川急便","2026/08/27","","仕上","三澄","2026/08/18","製造"
"平岡電気　大牟田★","九州工場","九州工場","2026/07/30","2026/07/30","26-J0098516-002-771","BE3020SC","1.60","300.0","300.0","200.0","国土 PB 平 焼付","2.5Y9/1 近似色","5","ｱｰｽ","2026/08/26","佐川急便","2026/08/27","","仕上","三澄","2026/08/18","製造"
"平岡電気　大牟田★","九州工場","九州工場","2026/07/30","2026/07/30","26-J0098516-003-771","BE4030SC","1.60","400.0","400.0","300.0","国土 PB 平 焼付","2.5Y9/1 近似色","5","ｱｰｽ","2026/08/26","佐川急便","2026/08/27","","仕上","山口","2026/08/18","製造"
"平岡電気　大牟田★","九州工場","九州工場","2026/07/30","2026/07/30","26-J0098524-002-771","SE4030XC","1.50","400.0","400.0","300.0","SUS PB 水切 焼付","2.5Y9/1 近似色","1","ｱｰｽ","2026/08/26","佐川急便","2026/08/27","","仕上","三澄","2026/08/18","製造"
"平岡電気　大牟田★","九州工場","九州工場","2026/07/30","2026/07/30","26-J0098524-001-771","SE3020XC","1.50","300.0","300.0","200.0","SUS PB 水切 焼付","2.5Y9/1 近似色","1","ｱｰｽ","2026/08/26","佐川急便","2026/08/27","","仕上","三澄","2026/08/18","製造"
"平岡電気　大牟田★","九州工場","九州工場","2026/07/30","2026/07/30","26-J0098542-002-771","SE3020XC","1.50","300.0","300.0","200.0","SUS PB 水切 焼付","2.5Y9/1 近似色","5","ｱｰｽ","2026/08/27","佐川急便","2026/08/27","","仕上","三澄","2026/08/19","製造"
"平岡電気　大牟田★","九州工場","九州工場","2026/07/30","2026/07/30","26-J0098542-003-771","SE4030XC","1.50","400.0","400.0","300.0","SUS PB 水切 焼付","2.5Y9/1 近似色","2","ｱｰｽ","2026/08/27","佐川急便","2026/08/27","","仕上","三澄","2026/08/19","製造"
"平岡電気　大牟田★","九州工場","九州工場","2026/07/30","2026/07/30","26-J0098542-001-771","SE2015XC","1.50","200.0","200.0","150.0","SUS PB 水切 焼付","2.5Y9/1 近似色","2","ｱｰｽ","2026/08/27","佐川急便","2026/08/27","","仕上","三澄","2026/08/19","製造"
"三親電材　水島★","九州工場","九州工場","2026/08/05","2026/08/05","26-J0103824-001-771","IE0000SC","1.60","190.0","170.0","80.0","鉄 PBﾄｸ 平 焼付","5Y9/1(近似色)","20","ｱｰｽ(位置指定) M4化粧ﾋﾞｽ･ﾍﾞｰｽ付･開口･穴加工ｱﾘ","2026/08/27","福山通運　九州発送","2026/08/27","","溶接","マイン","2026/08/24","製造"
"大洋電材　本社★","九州工場","九州工場","2026/08/07","2026/08/07","26-J0105272-001-771","ZG0000","0.00","300.0","230.0","0.0","ZN 架台","","1","L-40x40x3t　D1付属","2026/08/26","北九州配達","2026/08/27","","溶接","ゴック","2026/08/19","製造"
"宮地電機　徳島","九州工場","九州工場","2026/08/07","2026/08/07","26-J0105600-002-771","ZE4040X2","2.30","400.0","400.0","400.0","ZN PB 水切","","1","HDZT56 ｱｰｽ","2026/08/26","福山通運　九州発送","2026/08/27","","溶接","フイ","2026/08/19","製造"
"宮地電機　徳島","九州工場","九州工場","2026/08/07","2026/08/07","26-J0105600-001-771","ZE4020X2","2.30","400.0","400.0","200.0","ZN PB 水切","","5","HDZT56 ｱｰｽ","2026/08/26","福山通運　九州発送","2026/08/27","","溶接","フイ","2026/08/19","製造"
"ナンリツ　松山★","九州工場","九州工場","2026/08/07","2026/08/07","26-J0105818-002-771","ZP0000XA","2.30","200.0","200.0","200.0","ZN PBﾄｸ 水切","","11","足付L4x50Φ15 天然ﾊﾟｯｷﾝ指定･六角ｱﾌﾟｾｯﾄ","2026/08/27","福山通運　九州発送","2026/08/27","","溶接","フイ","2026/08/20","製造"
"佐野電機工業","九州工場","九州工場","2026/08/07","2026/08/07","26-J0105886-001-771","ZE2020X2","2.30","200.0","200.0","200.0","ZN PB 水切","","1","HDZT56 ｱｰｽ","2026/08/26","福山通運　九州発送","2026/08/27","","溶接","フイ","2026/08/19","製造"
"佐野電機工業","九州工場","九州工場","2026/08/07","2026/08/07","26-J0105891-003-771","BE2010SC","1.60","200.0","200.0","100.0","国土 PB 平 焼付","2.5Y9/1(近似色)","1","ｱｰｽ","2026/08/26","福山通運　九州発送","2026/08/27","","未着手","","","加工"
"アルファ電業商事　本社★","九州工場","九州工場","2026/08/07","2026/08/07","26-J0106007-001-771","ZG0000","5.00","600.0","390.0","145.0","ZN 架台","","2","門型 L-40x40x5t 4-φ12x20 4-φ12x40","2026/08/27","佐川急便","2026/08/27","","溶接","ゴック","2026/08/20","製造"
"イシグロ　鹿児島★","九州工場","九州工場","2026/08/17","2026/08/17","26-J0107056-001-771","ZG0000","0.00","200.0","50.0","625.0","ZN 架台","","4","SS-C-5x50x100　SS-L-50x50x4t　穴加工","2026/08/27","佐川急便","2026/08/27","","溶接","ゴック","2026/08/20","製造"
"イシグロ　鹿児島★","九州工場","九州工場","2026/08/17","2026/08/17","26-J0107056-002-771","ZG0000","0.00","200.0","50.0","780.0","ZN 架台","","4","SS-C-5x50x100　SS-L-50x50x4t　穴加工","2026/08/27","佐川急便","2026/08/27","","溶接","ゴック","2026/08/20","製造"
"イシグロ　福岡★","九州工場","九州工場","2026/08/17","2026/08/17","26-J0107084-003-771","ZCI0000","6.00","125.0","65.0","750.0","ZN ﾁｬﾝﾈﾙ","","1","SS-C-6x65x125　吊り穴は任意（どこでも可）","2026/08/26","ヤマックス福岡","2026/08/27","","切断","田中","2026/08/19","製造"
"イシグロ　福岡★","九州工場","九州工場","2026/08/17","2026/08/17","26-J0107084-002-771","ZCI0000","6.00","125.0","65.0","250.0","ZN ﾁｬﾝﾈﾙ","","1","SS-C-6x65x125　吊り穴は任意（どこでも可）","2026/08/26","ヤマックス福岡","2026/08/27","","切断","田中","2026/08/19","製造"
"イシグロ　福岡★","九州工場","九州工場","2026/08/17","2026/08/17","26-J0107084-001-771","ZCI0000","6.00","125.0","65.0","200.0","ZN ﾁｬﾝﾈﾙ","","2","SS-C-6x65x125　吊り穴は任意（どこでも可）","2026/08/26","ヤマックス福岡","2026/08/27","","切断","田中","2026/08/19","製造"
"ナミデン　福岡★","九州工場","九州工場","2026/08/18","2026/08/18","26-J0108287-001-771","ZTG0000","0.00","430.0","1,300.0","0.0","ZN 耐震架台","","1","L65x65x6","2026/08/26","ヤマックス　ｽﾎﾟｯﾄ便","2026/08/27","","溶接","ゴック","2026/08/20","製造"
"シンセイ　呉★","九州工場","九州工場","2026/08/18","2026/08/18","26-J0108468-001-771","IDC0000C","2.30","1,166.0","395.0","700.0","鉄 ﾀﾞｸﾄｶﾊﾞｰ 焼付","N9.0 半ﾂﾔ近似色","1","正面平蓋2分割 背面6-φ12","2026/08/27","福山通運　九州発送","2026/08/27","","溶接","カイ","2026/08/21","製造"
"中国機材設備　本社★","九州工場","九州工場","2026/08/18","2026/08/18","26-J0108628-001-771","IMK0000C","1.60","40.0","40.0","30.0","鉄 曲金物 焼付","シルバー","36","φ5　2-φ7","2026/08/27","佐川急便","2026/08/27","","曲げ","志田","2026/08/21","製造"
"山電　小倉","九州工場","九州工場","2026/08/18","2026/08/18","26-J0108772-002-771","IDC0000C","2.30","1,200.0","220.0","620.0","鉄 ﾀﾞｸﾄｶﾊﾞｰ 焼付","5Y7/1 近似色","1","平蓋　3点バラシ","2026/08/26","北九州配達","2026/08/27","","曲げ","道上","2026/08/21","製造"
"山電　小倉","九州工場","九州工場","2026/08/18","2026/08/18","26-J0108772-001-771","IDC0000C","1.60","500.0","220.0","620.0","鉄 ﾀﾞｸﾄｶﾊﾞｰ 焼付","5Y7/1 近似色","1","平蓋　3点バラシ","2026/08/26","北九州配達","2026/08/27","","曲げ","道上","2026/08/21","製造"
"岡本電機　安佐★","九州工場","九州工場","2026/08/18","2026/08/18","26-J0109069-001-771","ZE2020X2","2.30","200.0","200.0","200.0","ZN PB 水切","","1","ｱｰｽ","2026/08/27","佐川急便","2026/08/27","","溶接","フイ","2026/08/20","製造"
"三共電気　本社★","九州工場","九州工場","2026/08/18","2026/08/18","26-J0109109-005-771","SD0000N","2.00","1,500.0","400.0","4,500.0","SUS ﾀﾞｸﾄ","","1","ｶﾌﾞｾ蓋　ｱｰｽ　ｹｰﾌﾞﾙ支持　可動式ｾﾊﾟﾚｰﾀ","2026/08/26","ヤマックス　ｽﾎﾟｯﾄ便","2026/08/27","","切断","岩本","2026/08/26","製造"
"ナミデン　福岡★","九州工場","九州工場","2026/08/19","2026/08/19","26-J0109762-001-771","ZP0000W","2.30","300.0","200.0","300.0","ZN PBﾄｸ 被せ","","1","","2026/08/26","ヤマックス福岡","2026/08/27","","溶接","フイ","2026/08/20","製造"
"テクノサーブ★","九州工場","九州工場","2026/08/19","2026/08/19","26-J0109887-002-771","IMK0000C","4.50","370.0","95.0","40.0","鉄 曲金物 焼付","7.5BG7/2","4","L型 加工 R","2026/08/26","店頭渡し","2026/08/27","","曲げ","道上","2026/08/21","製造"
"テクノサーブ★","九州工場","九州工場","2026/08/19","2026/08/19","26-J0109887-001-771","IMK0000C","4.50","370.0","95.0","40.0","鉄 曲金物 焼付","7.5BG7/2","4","L型 加工 L","2026/08/26","店頭渡し","2026/08/27","","曲げ","道上","2026/08/21","製造"
"日本電設資材　福岡★","九州工場","九州工場","2026/08/19","2026/08/19","26-J0109993-004-771","ID0000C","1.60","200.0","150.0","700.0","鉄 ﾀﾞｸﾄ 焼付","5Y7/1 近似色","1","x980/1500 放送室","2026/08/26","ヤマックス　ｽﾎﾟｯﾄ便","2026/08/27","","仕上","三澄","2026/08/21","製造"
"日本電設資材　福岡★","九州工場","九州工場","2026/08/19","2026/08/19","26-J0109993-003-771","ID0000C","1.60","200.0","150.0","680.0","鉄 ﾀﾞｸﾄ 焼付","5Y7/1 近似色","1","放送室","2026/08/26","ヤマックス　ｽﾎﾟｯﾄ便","2026/08/27","","仕上","三澄","2026/08/21","製造"
"日本電設資材　福岡★","九州工場","九州工場","2026/08/19","2026/08/19","26-J0109993-002-771","ID0000C","1.60","200.0","150.0","2,945.0","鉄 ﾀﾞｸﾄ 焼付","5Y7/1 近似色","1","職員室","2026/08/26","ヤマックス　ｽﾎﾟｯﾄ便","2026/08/27","","仕上","三澄","2026/08/21","製造"
"日本電設資材　福岡★","九州工場","九州工場","2026/08/19","2026/08/19","26-J0109993-001-771","ID0000C","1.60","200.0","150.0","2,085.0","鉄 ﾀﾞｸﾄ 焼付","5Y7/1 近似色","1","職員室","2026/08/26","ヤマックス　ｽﾎﾟｯﾄ便","2026/08/27","","仕上","山口","2026/08/21","製造"
"三親電材　米子★","九州工場","九州工場","2026/08/19","2026/08/19","26-J0110376-001-771","IIP0000C","1.60","200.0","200.0","0.0","鉄 ﾌﾟﾚｰﾄ 焼付","N1(近似色)","1","R5x4 ｽﾀｯﾄﾎﾞﾙﾄ･穴加工ｱﾘ","2026/08/27","福山通運　九州発送","2026/08/27","","切断","林(浩)","2026/08/24","製造"
"シンセイ　広島第二★","九州工場","九州工場","2026/08/19","2026/08/19","26-J0110402-003-771","ZIP0000","3.20","950.0","450.0","0.0","ZN ﾌﾟﾚｰﾄ","","1","φ5x4 ｺｰﾅｰR3","2026/08/27","福山通運　九州発送","2026/08/27","","切断","林(浩)","2026/08/20","製造"
"シンセイ　広島第二★","九州工場","九州工場","2026/08/19","2026/08/19","26-J0110402-004-771","ZIP0000","2.30","200.0","200.0","0.0","ZN ﾌﾟﾚｰﾄ","","2","φ5x4 ｺｰﾅｰR3","2026/08/27","福山通運　九州発送","2026/08/27","","切断","林(浩)","2026/08/20","製造"
"シンセイ　広島第二★","九州工場","九州工場","2026/08/19","2026/08/19","26-J0110402-002-771","ZIP0000","2.30","450.0","400.0","0.0","ZN ﾌﾟﾚｰﾄ","","1","φ5x4 ｺｰﾅｰR3","2026/08/27","福山通運　九州発送","2026/08/27","","切断","林(浩)","2026/08/20","製造"
"シンセイ　広島第二★","九州工場","九州工場","2026/08/19","2026/08/19","26-J0110402-001-771","ZIP0000","2.30","400.0","400.0","0.0","ZN ﾌﾟﾚｰﾄ","","1","φ5x4 ｺｰﾅｰR3","2026/08/27","福山通運　九州発送","2026/08/27","","切断","林(浩)","2026/08/20","製造"
"シンセイ　広島第二★","九州工場","九州工場","2026/08/19","2026/08/19","26-J0110404-006-771","IIP0000G","1.60","400.0","400.0","0.0","鉄 ﾌﾟﾚｰﾄ","","1","φ5x4 ｺｰﾅｰR3 さび止め","2026/08/27","福山通運　九州発送","2026/08/27","","組立","服部","2026/08/26","製造"
"カンサイ　電設★","九州工場","九州工場","2026/08/19","2026/08/19","26-J0110414-001-771","IKM0000G","6.50","350.0","75.0","150.0","鉄 金物","","52","さび止め SS-C-6.5x75x150　穴加工　","2026/08/27","ヤマックス福岡","2026/08/27","","切断","森山","2026/08/26","製造"
"三親電材　広島★","九州工場","九州工場","2026/08/19","2026/08/19","26-J0110454-001-771","DC0000N","2.30","600.0","300.0","250.0","Sﾀﾞｲﾏ ｶﾊﾞｰ","","1","生地　取っ手付き　PB-1","2026/08/27","福山通運　九州発送","2026/08/27","","曲げ","道上","2026/08/27","製造"
"三親電材　広島★","九州工場","九州工場","2026/08/19","2026/08/19","26-J0110454-002-771","DC0000N","2.30","500.0","490.0","465.0","Sﾀﾞｲﾏ ｶﾊﾞｰ","","1","生地　取っ手付き　PB-2","2026/08/27","福山通運　九州発送","2026/08/27","","曲げ","道上","2026/08/27","製造"
"興陽電機　福岡★","九州工場","九州工場","2026/08/19","2026/08/19","26-J0110722-001-771","IIP0000C","1.60","920.0","570.0","0.0","鉄 ﾌﾟﾚｰﾄ 焼付","5Y8/0.5 近似色","1","開口x1 φ14x5","2026/08/26","ヤマックス福岡","2026/08/27","","切断","森山","2026/08/21","製造"
"シンセイ　広島第二★","九州工場","九州工場","2026/08/19","2026/08/19","26-J0110843-001-771","IMK0000C","1.60","120.0","120.0","632.0","鉄 曲金物 焼付","N9.5 近似色","1","L曲げ金物　吊り穴不可　内寸120ｘ120","2026/08/27","福山通運　九州発送","2026/08/27","","曲げ","志田","2026/08/21","製造"
"カンサイ　筑豊★","九州工場","九州工場","2026/08/20","2026/08/20","26-J0111026-001-771","BE2015SC","1.60","200.0","200.0","150.0","国土 PB 平 焼付","2.5Y9/1 近似色","2","ｱｰｽ","2026/08/26","北九州配達","2026/08/27","","未着手","","","加工"
"カンサイ　城南★","九州工場","九州工場","2026/08/20","2026/08/20","26-J0111199-001-771","SE3020XC","1.50","300.0","300.0","200.0","SUS PB 水切 焼付","2.5Y9/1 近似色","6","ｱｰｽ","2026/08/26","ヤマックス福岡","2026/08/27","","未着手","","","加工"
"カンサイ　城南★","九州工場","九州工場","2026/08/20","2026/08/20","26-J0111199-002-771","SE2020XC","1.50","200.0","200.0","200.0","SUS PB 水切 焼付","2.5Y9/1 近似色","2","ｱｰｽ","2026/08/26","ヤマックス福岡","2026/08/27","","未着手","","","加工"
"シンセイ　倉敷★","九州工場","九州工場","2026/08/20","2026/08/20","26-J0111754-003-771","IAI0000N","0.00","900.0","0.0","0.0","鉄 ｱﾝｸﾞﾙ","","1","ｻﾋﾞ止用生地 ﾅｯﾄ溶接･穴加工ｱﾘ","2026/08/27","福山通運　九州発送","2026/08/27","","未着手","","2026/08/27","製造"
"シンセイ　倉敷★","九州工場","九州工場","2026/08/20","2026/08/20","26-J0111754-001-771","IKM0000N","3.20","264.0","170.0","56.4","鉄 金物","","4","ｻﾋﾞ止用生地 ﾅｯﾄ溶接･穴加工ｱﾘ","2026/08/27","福山通運　九州発送","2026/08/27","","切断","林(浩)","2026/08/27","製造"
"シンセイ　倉敷★","九州工場","九州工場","2026/08/20","2026/08/20","26-J0111754-002-771","IIP0000N","3.20","140.0","40.0","0.0","鉄 ﾌﾟﾚｰﾄ","","2","ｻﾋﾞ止用生地 ﾅｯﾄ溶接･穴加工ｱﾘ","2026/08/27","福山通運　九州発送","2026/08/27","","切断","林(浩)","2026/08/27","製造"
"三共電気　東★","九州工場","九州工場","2026/08/20","2026/08/20","26-J0111964-001-771","IG0000G","0.00","350.0","0.0","0.0","鉄 架台","","30","さび止め C75x40x5t","2026/08/27","福山通運　九州発送","2026/08/27","","切断","田中","2026/08/26","製造"
"三共電気　東★","九州工場","九州工場","2026/08/20","2026/08/20","26-J0111964-002-771","IG0000G","0.00","410.0","0.0","0.0","鉄 架台","","60","さび止め C100x50x5t","2026/08/27","福山通運　九州発送","2026/08/27","","切断","田中","2026/08/26","製造"
"ミューハウス　熊本★","九州工場","九州工場","2026/08/21","2026/08/21","26-J0112274-001-771","SE3520XC","1.50","350.0","350.0","200.0","SUS PB 水切 焼付","2.5Y9/1 近似色","1","ｱｰｽ","2026/08/27","佐川急便","2026/08/27","","切断","岩本","2026/08/24","製造"
"宮地電機　高松","九州工場","九州工場","2026/08/21","2026/08/21","26-J0112380-001-771","SE0000XN","1.50","700.0","500.0","400.0","SUS PBﾄｸ 水切","","1","ｱｰｽ","2026/08/27","福山通運　九州発送","2026/08/27","","切断","岩本","2026/08/27","製造"
"宮地ナショナル　福山★","九州工場","九州工場","2026/08/21","2026/08/21","26-J0112447-001-771","IG0000G","6.00","1,241.0","524.0","500.0","鉄 架台","","2","さび止め L-50x50x6.0t 8-φ15 補強有","2026/08/27","福山通運　九州発送","2026/08/27","","未着手","","2026/08/25","製造"
"木村電機　本社★","九州工場","九州工場","2026/08/21","2026/08/21","26-J0112596-001-771","BE2020SC","1.60","200.0","200.0","200.0","国土 PB 平 焼付","2.5Y9/1 近似色","1","ｱｰｽ","2026/08/27","佐川急便","2026/08/27","","未着手","","","加工"
"ｹｲ･ｴｽ･ﾃﾞｰ　鹿児島★","九州工場","九州工場","2026/08/21","2026/08/21","26-J0112652-001-771","SE3030XC","1.50","300.0","300.0","300.0","SUS PB 水切 焼付","5Y7/1 近似色","2","ｱｰｽ","2026/08/27","佐川急便","2026/08/27","","曲げ","ラム","2026/08/24","製造"
"宮地電機　高知","九州工場","九州工場","2026/08/21","2026/08/21","26-J0112665-001-771","SE0000WN","2.00","1,900.0","1,000.0","500.0","SUS PBﾄｸ 被せ","","1","側面ｱｰｽ 2分割･開口･穴加工ｱﾘ","2026/08/27","福山通運　九州発送","2026/08/27","","未着手","","2026/08/27","製造"
"中国機材設備　東広島★","九州工場","九州工場","2026/07/01","2026/07/01","26-J0073818-001-771","AD0000N","2.00","700.0","300.0","1,300.0","ｱﾙﾐ ﾀﾞｸﾄ","","1","/500 点検口 ｱｰｽ 支持棒+ｾﾊﾟ3枚　補強 ﾌﾗﾝｼﾞ付","2026/08/28","福山通運　九州発送","2026/08/28","","未着手","","2026/08/28","製造"
"中国機材設備　東広島★","九州工場","九州工場","2026/07/01","2026/07/01","26-J0073818-004-771","AD0000N","2.00","900.0","500.0","3,000.0","ｱﾙﾐ ﾀﾞｸﾄ","","1","/980 点検口 ｱｰｽ 支持棒+ｾﾊﾟ3枚　補強 ﾌﾗﾝｼﾞ付","2026/08/28","福山通運　九州発送","2026/08/28","","未着手","","2026/08/28","製造"
"ナミデン　岡山★","九州工場","九州工場","2026/07/27","2026/07/27","26-J0094451-009-771","SIP0000N","1.50","670.0","360.0","0.0","SUS ﾌﾟﾚｰﾄ","","1","穴加工ｱﾘ","2026/08/27","チャーター便","2026/08/28","","切断","岩本","2026/08/27","製造"
"ナミデン　岡山★","九州工場","九州工場","2026/07/27","2026/07/27","26-J0094451-010-771","SIP0000N","1.50","940.0","620.0","0.0","SUS ﾌﾟﾚｰﾄ","","1","穴加工ｱﾘ","2026/08/27","チャーター便","2026/08/28","","切断","岩本","2026/08/27","製造"
"ナミデン　岡山★","九州工場","九州工場","2026/07/27","2026/07/27","26-J0094451-008-771","SCI0000N","0.00","600.0","0.0","0.0","SUS ﾁｬﾝﾈﾙ","","15","穴加工ｱﾘ","2026/08/27","チャーター便","2026/08/28","","切断","バック","2026/08/27","製造"
"ナミデン　岡山★","九州工場","九州工場","2026/07/27","2026/07/27","26-J0094451-007-771","DKM0000N","0.00","0.0","0.0","0.0","Sﾀﾞｲﾏ 金物","","7","接続金物","2026/08/26","チャーター便","2026/08/28","","溶接","カイ","2026/08/25","製造"
"ナミデン　岡山★","九州工場","九州工場","2026/07/27","2026/07/27","26-J0094451-006-771","DD0000N","1.60","500.0","250.0","6,625.0","Sﾀﾞｲﾏ ﾀﾞｸﾄ","","1","/3170/1190 WP 9分割･支持棒付","2026/08/26","チャーター便","2026/08/28","","未着手","","2026/08/25","製造"
"平岡電気　大牟田★","九州工場","九州工場","2026/07/30","2026/07/30","26-J0098549-001-771","SE2015XC","1.50","200.0","200.0","150.0","SUS PB 水切 焼付","2.5Y9/1 近似色","3","ｱｰｽ","2026/08/28","佐川急便","2026/08/28","","仕上","三澄","2026/08/20","製造"
"平岡電気　大牟田★","九州工場","九州工場","2026/07/30","2026/07/30","26-J0098549-002-771","SE3020XC","1.50","300.0","300.0","200.0","SUS PB 水切 焼付","2.5Y9/1 近似色","4","ｱｰｽ","2026/08/28","佐川急便","2026/08/28","","仕上","三澄","2026/08/20","製造"
"平岡電気　大牟田★","九州工場","九州工場","2026/07/30","2026/07/30","26-J0098549-004-771","SE5040XC","1.50","500.0","500.0","400.0","SUS PB 水切 焼付","2.5Y9/1 近似色","1","ｱｰｽ","2026/08/28","佐川急便","2026/08/28","","仕上","山口","2026/08/20","製造"
"平岡電気　大牟田★","九州工場","九州工場","2026/07/30","2026/07/30","26-J0098549-003-771","SE4030XC","1.50","400.0","400.0","300.0","SUS PB 水切 焼付","2.5Y9/1 近似色","3","ｱｰｽ","2026/08/28","佐川急便","2026/08/28","","溶接","ロン","2026/08/20","製造"
"平岡電気　大牟田★","九州工場","九州工場","2026/07/30","2026/07/30","26-J0098559-004-771","SE0000XC","1.50","450.0","450.0","400.0","SUS PBﾄｸ 水切 焼付","2.5Y9/1 近似色","3","ｱｰｽ","2026/08/28","佐川急便","2026/08/28","","溶接","テイン","2026/08/20","製造"
"平岡電気　大牟田★","九州工場","九州工場","2026/07/30","2026/07/30","26-J0098559-003-771","SE4030XC","1.50","400.0","400.0","300.0","SUS PB 水切 焼付","2.5Y9/1 近似色","2","ｱｰｽ","2026/08/28","佐川急便","2026/08/28","","溶接","ロン","2026/08/20","製造"
"平岡電気　大牟田★","九州工場","九州工場","2026/07/30","2026/07/30","26-J0098559-001-771","SE2015XC","1.50","200.0","200.0","150.0","SUS PB 水切 焼付","2.5Y9/1 近似色","4","ｱｰｽ","2026/08/28","佐川急便","2026/08/28","","仕上","三澄","2026/08/20","製造"
"平岡電気　大牟田★","九州工場","九州工場","2026/07/30","2026/07/30","26-J0098559-002-771","SE3020XC","1.50","300.0","300.0","200.0","SUS PB 水切 焼付","2.5Y9/1 近似色","1","ｱｰｽ","2026/08/28","佐川急便","2026/08/28","","仕上","三澄","2026/08/20","製造"
"イシグロ　宮崎★","九州工場","九州工場","2026/08/04","2026/08/04","26-J0101848-002-771","IG0000C","6.00","2,000.0","867.0","500.0","鉄 架台 焼付","2.5Y9/1 近似色","7","室内機用架台 L50x50x6t","2026/08/28","チャーター便","2026/08/28","","溶接","ゴック","2026/08/24","製造"
"イシグロ　宮崎★","九州工場","九州工場","2026/08/04","2026/08/04","26-J0101848-001-771","IBGC1800C","2.30","1,800.0","800.0","350.0","鉄 防球ガード 焼付","2.5Y9/1 近似色","7","天吊形空調機用 床面扉","2026/08/28","チャーター便","2026/08/28","","未着手","","2026/08/24","製造"
"イシグロ　宮崎★","九州工場","九州工場","2026/08/04","2026/08/04","26-J0101848-004-771","IBG0000C","0.00","1,000.0","250.0","250.0","鉄 防球ガード 焼付","2.5Y9/1 近似色","5","配管ガード","2026/08/28","チャーター便","2026/08/28","","曲げ","道上","2026/08/24","製造"
"イシグロ　宮崎★","九州工場","九州工場","2026/08/04","2026/08/04","26-J0101848-005-771","IC0000C","2.30","2,000.0","437.0","80.0","鉄 ｶﾊﾞｰ 焼付","2.5Y9/1 近似色","7","蓋1.6t","2026/08/28","チャーター便","2026/08/28","","曲げ","道上","2026/08/28","製造"
"イシグロ　宮崎★","九州工場","九州工場","2026/08/04","2026/08/04","26-J0101848-006-771","IAI0000C","0.00","50.0","50.0","220.0","鉄 ｱﾝｸﾞﾙ 焼付","2.5Y9/1 近似色","7","穴加工　L50x50x4t (L)(R)1セット","2026/08/28","チャーター便","2026/08/28","","切断","奈木野","2026/08/28","製造"
"佐野電機工業","九州工場","九州工場","2026/08/17","2026/08/17","26-J0107237-001-771","ZE2020X2","2.30","200.0","200.0","200.0","ZN PB 水切","","4","HDZT56 ｱｰｽ","2026/08/28","福山通運　九州発送","2026/08/28","","溶接","マイン","2026/08/21","製造"
"佐野電機工業","九州工場","九州工場","2026/08/17","2026/08/17","26-J0107237-002-771","ZE3030X2","2.30","300.0","300.0","300.0","ZN PB 水切","","3","HDZT56 ｱｰｽ","2026/08/28","福山通運　九州発送","2026/08/28","","溶接","マイン","2026/08/21","製造"
"佐野電機工業","九州工場","九州工場","2026/08/17","2026/08/17","26-J0107260-003-771","BE1515SC","1.60","150.0","150.0","150.0","国土 PB 平 焼付","2.5Y9/1(近似色)","3","ｱｰｽ","2026/08/28","福山通運　九州発送","2026/08/28","","塗装","山口","2026/08/25","製造"
"佐野電機工業","九州工場","九州工場","2026/08/17","2026/08/17","26-J0107260-004-771","BE2020SC","1.60","200.0","200.0","200.0","国土 PB 平 焼付","2.5Y9/1(近似色)","5","ｱｰｽ","2026/08/28","福山通運　九州発送","2026/08/28","","未着手","","","加工"
"佐野電機工業","九州工場","九州工場","2026/08/17","2026/08/17","26-J0107260-005-771","BE3030SC","1.60","300.0","300.0","300.0","国土 PB 平 焼付","2.5Y9/1(近似色)","1","ｱｰｽ","2026/08/28","福山通運　九州発送","2026/08/28","","仕上","山口","2026/08/25","製造"
"イシグロ　宮崎★","九州工場","九州工場","2026/08/17","2026/08/17","26-J0108109-003-771","IBG0000C","0.00","1,000.0","250.0","250.0","鉄 防球ガード 焼付","2.5Y9/1 近似色","1","配管ガード","2026/08/27","チャーター便","2026/08/28","","曲げ","道上","2026/08/24","製造"
"栗田電機　松山★","九州工場","九州工場","2026/08/18","2026/08/18","26-J0109133-002-771","IPCP0000C","3.20","1,020.0","400.0","0.0","鉄 ｼﾏﾋﾟｯﾄ蓋 焼付","5Y7/1(近似色)","1","縞鋼板 ｱﾝｸﾞﾙ･取手付","2026/08/28","福山通運　九州発送","2026/08/28","","切断","森山","2026/08/25","製造"
"栗田電機　松山★","九州工場","九州工場","2026/08/18","2026/08/18","26-J0109133-003-771","IPCP0000C","3.20","1,570.0","400.0","0.0","鉄 ｼﾏﾋﾟｯﾄ蓋 焼付","5Y7/1(近似色)","1","縞鋼板 ｱﾝｸﾞﾙ･取手付","2026/08/28","福山通運　九州発送","2026/08/28","","切断","森山","2026/08/25","製造"
"栗田電機　松山★","九州工場","九州工場","2026/08/18","2026/08/18","26-J0109133-001-771","IPCP0000C","3.20","640.0","595.0","0.0","鉄 ｼﾏﾋﾟｯﾄ蓋 焼付","5Y7/1(近似色)","1","/210/400 縞鋼板 ｱﾝｸﾞﾙ･取手付","2026/08/28","福山通運　九州発送","2026/08/28","","切断","森山","2026/08/25","製造"
"宮地電機　徳島","九州工場","九州工場","2026/08/18","2026/08/18","26-J0109265-001-771","ZE3020X2","2.30","300.0","300.0","200.0","ZN PB 水切","","5","HDZT56 ｱｰｽ","2026/08/28","福山通運　九州発送","2026/08/28","","溶接","マイン","2026/08/21","製造"
"ナミデン　岡山★","九州工場","九州工場","2026/08/19","2026/08/19","26-J0110583-001-771","IP0000SG","2.30","1,600.0","900.0","350.0","鉄 PBﾄｸ 平","","1","さび止め 蓋2分割･桟付･開口･穴加工ｱﾘ","2026/08/27","チャーター便","2026/08/28","","切断","林(浩)","2026/08/26","製造"
"ナミデン　岡山★","九州工場","九州工場","2026/08/19","2026/08/19","26-J0110583-014-771","SP0000XN","2.00","800.0","600.0","500.0","SUS PBﾄｸ 水切","","2","開口･穴加工ｱﾘ","2026/08/27","チャーター便","2026/08/28","","切断","岩本","2026/08/27","製造"
"ナミデン　岡山★","九州工場","九州工場","2026/08/19","2026/08/19","26-J0110583-013-771","ID0000G","1.60","700.0","250.0","2,100.0","鉄 ﾀﾞｸﾄ","","1","さび止め 2分割･支持棒付","2026/08/27","チャーター便","2026/08/28","","切断","林(浩)","2026/08/26","製造"
"ナミデン　岡山★","九州工場","九州工場","2026/08/19","2026/08/19","26-J0110583-015-771","SKM0000N","1.50","470.0","385.0","60.0","SUS 金物","","2","","2026/08/27","チャーター便","2026/08/28","","切断","岩本","2026/08/27","製造"
"山陰ﾊﾟﾅｿﾆｯｸ　米子★","九州工場","九州工場","2026/08/19","2026/08/19","26-J0110670-001-771","IMK0000C","1.60","1,390.0","460.0","15.0","鉄 曲金物 焼付","N9.5(近似色)","6","開口ｱﾘ","2026/08/28","福山通運　九州発送","2026/08/28","","曲げ","道上","2026/08/25","製造"
"栗田電機　四国中央★","九州工場","九州工場","2026/08/20","2026/08/20","26-J0110948-001-771","ICPL0000C","4.50","950.0","270.0","0.0","鉄 縞鋼板 焼付","5Y7/1(近似色)","1","ｱﾝｸﾞﾙ付","2026/08/28","福山通運　九州発送","2026/08/28","","切断","林(浩)","2026/08/25","製造"
"栗田電機　四国中央★","九州工場","九州工場","2026/08/20","2026/08/20","26-J0110948-002-771","ICPL0000C","4.50","950.0","265.0","0.0","鉄 縞鋼板 焼付","5Y7/1(近似色)","1","ｱﾝｸﾞﾙ付","2026/08/28","福山通運　九州発送","2026/08/28","","切断","林(浩)","2026/08/25","製造"
"栗田電機　四国中央★","九州工場","九州工場","2026/08/20","2026/08/20","26-J0110948-003-771","ICPL0000C","4.50","290.0","200.0","0.0","鉄 縞鋼板 焼付","5Y7/1(近似色)","2","穴加工ｱﾘ","2026/08/28","福山通運　九州発送","2026/08/28","","切断","森山","2026/08/25","製造"
"中西電機　高松本社★","九州工場","九州工場","2026/08/21","2026/08/21","26-J0112084-001-771","IIP0000C","1.60","1,275.0","190.0","0.0","鉄 ﾌﾟﾚｰﾄ 焼付","N9.5(近似色)","4","R5x4 開口ｱﾘ","2026/08/28","福山通運　九州発送","2026/08/28","","切断","林(浩)","2026/08/25","製造"
"宮地電機　新居浜","九州工場","九州工場","2026/08/21","2026/08/21","26-J0112206-003-771","DP3020WN","1.60","300.0","300.0","200.0","Sﾀﾞｲﾏ PB 被せ","","1","","2026/08/28","福山通運　九州発送","2026/08/28","","未着手","","2026/08/27","製造"
"宮地電機　新居浜","九州工場","九州工場","2026/08/21","2026/08/21","26-J0112206-002-771","DP4020WN","1.60","400.0","400.0","200.0","Sﾀﾞｲﾏ PB 被せ","","1","","2026/08/28","福山通運　九州発送","2026/08/28","","未着手","","2026/08/27","製造"
"宮地電機　新居浜","九州工場","九州工場","2026/08/21","2026/08/21","26-J0112206-001-771","DP0000WN","1.60","700.0","700.0","400.0","Sﾀﾞｲﾏ PBﾄｸ 被せ","","1","","2026/08/28","福山通運　九州発送","2026/08/28","","切断","岩本","2026/08/27","製造"
"東芝電材　南福岡★","九州工場","九州工場","2026/08/21","2026/08/21","26-J0112358-001-771","IDC0000C","2.30","450.0","200.0","250.0","鉄 ﾀﾞｸﾄｶﾊﾞｰ 焼付","5Y7/1 近似色","1","平蓋 L形 φ6x4","2026/08/28","佐川急便","2026/08/28","","CAD/CAM","熊谷","2026/08/25","製造"
"東芝電材　岡山★","九州工場","九州工場","2026/08/21","2026/08/21","26-J0112555-001-771","IE0000SG","1.60","700.0","500.0","500.0","鉄 PBﾄｸ 平","","1","ｱｰｽ さび止め","2026/08/28","福山通運　九州発送","2026/08/28","","CAD/CAM","熊谷","2026/08/27","製造"
"東芝電材　岡山★","九州工場","九州工場","2026/08/21","2026/08/21","26-J0112555-002-771","IE5050SG","1.60","500.0","500.0","500.0","鉄 PB 平","","1","ｱｰｽ さび止め","2026/08/28","福山通運　九州発送","2026/08/28","","切断","林(浩)","2026/08/27","製造"
"イシグロ　広島★","九州工場","九州工場","2026/08/21","2026/08/21","26-J0112653-004-771","IG0000G","0.00","250.0","450.0","0.0","鉄 架台","","11","さび止め　L-50X50X6t　6階管工舎分","2026/08/28","福山通運　九州発送","2026/08/28","","未着手","","2026/08/27","製造"
"イシグロ　広島★","九州工場","九州工場","2026/08/21","2026/08/21","26-J0112653-005-771","IG0000G","0.00","250.0","650.0","0.0","鉄 架台","","10","さび止め　L-50X50X6t　6階管工舎分","2026/08/28","福山通運　九州発送","2026/08/28","","未着手","","2026/08/27","製造"
"イシグロ　広島★","九州工場","九州工場","2026/08/21","2026/08/21","26-J0112653-006-771","IG0000G","0.00","250.0","1,330.0","0.0","鉄 架台","","21","さび止め　L-50X50X6t　6階管工舎分","2026/08/28","福山通運　九州発送","2026/08/28","","未着手","","2026/08/27","製造"
"イシグロ　広島★","九州工場","九州工場","2026/08/21","2026/08/21","26-J0112653-007-771","IG0000G","0.00","250.0","1,500.0","0.0","鉄 架台","","10","さび止め　L-50X50X6t　6階管工舎分","2026/08/28","福山通運　九州発送","2026/08/28","","未着手","","2026/08/27","製造"
"かごしま電工　鹿屋★","九州工場","九州工場","2026/06/15","2026/06/15","26-J0061236-001-771","IP0000XC","1.60","350.0","200.0","100.0","鉄 PBﾄｸ 水切 焼付","2.5Y9/1 近似色","5","蓋面開口 穴加工","2026/08/28","佐川急便","2026/08/31","","曲げ","志田","2026/08/25","製造"
"三親電材　米子★","九州工場","九州工場","2026/08/03","2026/08/03","26-J0099678-001-771","IIMP0000C","1.60","443.0","0.0","0.0","鉄 丸ﾌﾟﾚｰﾄ 焼付","N9.5(近似色)","12","Φ443 穴加工ｱﾘ","2026/08/31","福山通運　九州発送","2026/08/31","","切断","森山","2026/08/26","製造"
"小林電工　岡山★","九州工場","九州工場","2026/08/03","2026/08/03","26-J0100844-001-771","ID0000C","1.60","400.0","200.0","2,000.0","鉄 ﾀﾞｸﾄ 焼付","5Y7/1(近似色)","1","/1900/500 3分割","2026/08/31","福山通運　九州発送","2026/08/31","","仕上","三澄","2026/08/19","製造"
"小林電工　岡山★","九州工場","九州工場","2026/08/03","2026/08/03","26-J0100844-002-771","IKM0000C","0.00","0.0","0.0","0.0","鉄 金物 焼付","5Y7/1(近似色)","1","脱着式接続金物","2026/08/31","福山通運　九州発送","2026/08/31","","仕上","三澄","2026/08/19","製造"
"Q-mast　電気グル－プ★","九州工場","九州工場","2026/08/04","2026/08/04","26-J0102410-001-771","DD0000N","2.30","800.0","200.0","25,950.0","Sﾀﾞｲﾏ ﾀﾞｸﾄ","","1","直線　平蓋　支持　ｾﾊﾟ無　ET 30分割　（うち10台）","2026/08/28","チャーター便","2026/08/31","","曲げ","道上","2026/08/28","製造"
"Q-mast　電気グル－プ★","九州工場","九州工場","2026/08/04","2026/08/04","26-J0102410-002-771","DD0000N","2.30","600.0","200.0","25,950.0","Sﾀﾞｲﾏ ﾀﾞｸﾄ","","1","直線　平蓋　支持　ｾﾊﾟ無　ET 30分割（うち10台）","2026/08/28","チャーター便","2026/08/31","","溶接","カイ","2026/08/28","製造"
"Q-mast　電気グル－プ★","九州工場","九州工場","2026/08/04","2026/08/04","26-J0102499-004-771","ZG0000","0.00","1,100.0","1,820.0","705.0","ZN 架台","","1","穴加工　C100x50x5x7.5 　　7F用","2026/08/28","チャーター便","2026/08/31","","溶接","クイ","2026/08/21","製造"
"Q-mast　電気グル－プ★","九州工場","九州工場","2026/08/04","2026/08/04","26-J0102499-003-771","ZG0000","0.00","1,100.0","1,820.0","705.0","ZN 架台","","1","穴加工　C100x50x5x7.5 　　6F用","2026/08/28","チャーター便","2026/08/31","","溶接","クイ","2026/08/21","製造"
"三親電材　米子★","九州工場","九州工場","2026/08/05","2026/08/05","26-J0103607-001-771","SE5050WN","1.50","500.0","500.0","500.0","SUS PB 被せ","","2","ｱｰｽ","2026/08/31","福山通運　九州発送","2026/08/31","","未着手","","2026/08/31","製造"
"ナンリツ　徳島★","九州工場","九州工場","2026/08/07","2026/08/07","26-J0105124-001-771","ZTG0000","0.00","1,115.0","225.0","955.0","ZN 耐震架台","","9","/720 ｱﾝｸﾞﾙ PLt6.0","2026/08/31","福山通運　九州発送","2026/08/31","","溶接","クイ","2026/08/21","製造"
"岡本電機　福山★","九州工場","九州工場","2026/08/07","2026/08/07","26-J0105783-001-771","SE0000XN","1.50","500.0","300.0","300.0","SUS PBﾄｸ 水切","","1","ｱｰｽ","2026/08/31","福山通運　九州発送","2026/08/31","","未着手","","2026/08/31","製造"
"共和電気","九州工場","九州工場","2026/08/12","2026/08/12","26-J0106111-001-771","SE0000XC","1.50","400.0","400.0","200.0","SUS PBﾄｸ 水切 焼付","2.5Y9/1","1","ｱｰｽ ｾﾝﾀｰｾﾊﾟ付","2026/08/24","イトカツ","2026/08/31","2026/08/24","塗装","三澄","2026/08/19","製造"
"アサヒ　本社","九州工場","九州工場","2026/08/17","2026/08/17","26-J0107225-002-771","SE0000XC","2.00","1,200.0","1,200.0","1,200.0","SUS PBﾄｸ 水切 焼付","2.5Y9/1","1","蓋２分割 ｱｰｽ ｱﾝｸﾞﾙ50W 足付","2026/08/28","沖縄直送","2026/08/31","","曲げ","ラム","2026/08/25","製造"
"アサヒ　本社","九州工場","九州工場","2026/08/17","2026/08/17","26-J0107225-004-771","30PLA","0.00","0.0","0.0","0.0","補修塗料 筆付","2.5Y9/1","1","●ﾌﾟﾗ30ml","2026/08/28","沖縄直送","2026/08/31","","未着手","","","製造"
"アサヒ　本社","九州工場","九州工場","2026/08/17","2026/08/17","26-J0107225-003-771","SE0000XC","2.00","1,200.0","1,200.0","1,200.0","SUS PBﾄｸ 水切 焼付","2.5Y9/1","1","蓋２分割 ｱｰｽ ｱﾝｸﾞﾙ50W 足付","2026/08/31","沖縄直送","2026/08/31","","曲げ","ラム","2026/08/26","製造"
"アサヒ　本社","九州工場","九州工場","2026/08/17","2026/08/17","26-J0107225-001-771","SE0000XC","2.00","1,200.0","1,200.0","1,200.0","SUS PBﾄｸ 水切 焼付","2.5Y9/1","1","蓋２分割 ｱｰｽ ｱﾝｸﾞﾙ50W 足付","2026/08/27","沖縄直送","2026/08/31","","溶接","ロン","2026/08/24","製造"
"佐野電機工業","九州工場","九州工場","2026/08/17","2026/08/17","26-J0107266-002-771","BE2020SC","1.60","200.0","200.0","200.0","国土 PB 平 焼付","2.5Y9/1(近似色)","10","ｱｰｽ","2026/08/31","福山通運　九州発送","2026/08/31","","未着手","","","加工"
"Q-mast　空調管グル－プ★","九州工場","九州工場","2026/08/18","2026/08/18","26-J0108414-016-771","ZTG0000","0.00","285.0","1,155.0","0.0","ZN 耐震架台","","1","L50x50x4 消火配管　43","2026/08/28","ヤマックス　ｽﾎﾟｯﾄ便","2026/08/31","","溶接","ゴック","2026/08/21","製造"
"Q-mast　空調管グル－プ★","九州工場","九州工場","2026/08/18","2026/08/18","26-J0108414-018-771","ZTG0000","0.00","289.0","665.0","0.0","ZN 耐震架台","","4","L50x50x4 消火配管　45","2026/08/28","ヤマックス　ｽﾎﾟｯﾄ便","2026/08/31","","溶接","ズオン","2026/08/21","製造"
"Q-mast　空調管グル－プ★","九州工場","九州工場","2026/08/18","2026/08/18","26-J0108414-019-771","ZTG0000","0.00","261.0","650.0","0.0","ZN 耐震架台","","2","L50x50x4 消火配管　46","2026/08/28","ヤマックス　ｽﾎﾟｯﾄ便","2026/08/31","","溶接","ズオン","2026/08/21","製造"
"Q-mast　空調管グル－プ★","九州工場","九州工場","2026/08/18","2026/08/18","26-J0108414-020-771","ZTG0000","0.00","276.0","810.0","0.0","ZN 耐震架台","","1","L50x50x4 消火配管　47","2026/08/28","ヤマックス　ｽﾎﾟｯﾄ便","2026/08/31","","溶接","ゴック","2026/08/21","製造"
"Q-mast　空調管グル－プ★","九州工場","九州工場","2026/08/18","2026/08/18","26-J0108414-021-771","ZTG0000","0.00","276.0","995.0","0.0","ZN 耐震架台","","1","L50x50x4 消火配管　48","2026/08/28","ヤマックス　ｽﾎﾟｯﾄ便","2026/08/31","","溶接","ゴック","2026/08/21","製造"
"Q-mast　空調管グル－プ★","九州工場","九州工場","2026/08/18","2026/08/18","26-J0108414-022-771","ZTG0000","0.00","276.0","905.0","0.0","ZN 耐震架台","","1","L50x50x4 消火配管　50","2026/08/28","ヤマックス　ｽﾎﾟｯﾄ便","2026/08/31","","溶接","ゴック","2026/08/21","製造"
"Q-mast　空調管グル－プ★","九州工場","九州工場","2026/08/18","2026/08/18","26-J0108414-015-771","ZTG0000","0.00","289.0","635.0","0.0","ZN 耐震架台","","1","L50x50x4 消火配管　42","2026/08/28","ヤマックス　ｽﾎﾟｯﾄ便","2026/08/31","","溶接","ゴック","2026/08/21","製造"
"Q-mast　空調管グル－プ★","九州工場","九州工場","2026/08/18","2026/08/18","26-J0108414-014-771","ZTG0000","0.00","310.0","1,240.0","0.0","ZN 耐震架台","","1","L65x65x6 消火配管　38","2026/08/28","ヤマックス　ｽﾎﾟｯﾄ便","2026/08/31","","溶接","ゴック","2026/08/21","製造"
"Q-mast　空調管グル－プ★","九州工場","九州工場","2026/08/18","2026/08/18","26-J0108414-013-771","ZTG0000","0.00","261.0","890.0","0.0","ZN 耐震架台","","1","L50x50x4 消火配管　37","2026/08/28","ヤマックス　ｽﾎﾟｯﾄ便","2026/08/31","","溶接","ゴック","2026/08/21","製造"
"Q-mast　空調管グル－プ★","九州工場","九州工場","2026/08/18","2026/08/18","26-J0108414-012-771","ZTG0000","0.00","289.0","970.0","0.0","ZN 耐震架台","","2","L50x50x4 消火配管　36","2026/08/28","ヤマックス　ｽﾎﾟｯﾄ便","2026/08/31","","溶接","ズオン","2026/08/21","製造"
"Q-mast　空調管グル－プ★","九州工場","九州工場","2026/08/18","2026/08/18","26-J0108414-011-771","ZTG0000","0.00","275.0","859.0","0.0","ZN 耐震架台","","2","L50x50x4 消火配管　14","2026/08/28","ヤマックス　ｽﾎﾟｯﾄ便","2026/08/31","","溶接","ゴック","2026/08/21","製造"
"Q-mast　空調管グル－プ★","九州工場","九州工場","2026/08/18","2026/08/18","26-J0108414-010-771","ZTG0000","0.00","289.0","910.0","0.0","ZN 耐震架台","","1","L50x50x4 消火配管　13","2026/08/28","ヤマックス　ｽﾎﾟｯﾄ便","2026/08/31","","溶接","ゴック","2026/08/21","製造"
"Q-mast　空調管グル－プ★","九州工場","九州工場","2026/08/18","2026/08/18","26-J0108414-009-771","ZTG0000","0.00","416.0","1,200.0","0.0","ZN 耐震架台","","1","L50x50x4 消火配管　12","2026/08/28","ヤマックス　ｽﾎﾟｯﾄ便","2026/08/31","","溶接","石松","2026/08/21","製造"
"Q-mast　空調管グル－プ★","九州工場","九州工場","2026/08/18","2026/08/18","26-J0108414-008-771","ZTG0000","0.00","314.0","985.0","0.0","ZN 耐震架台","","2","L50x50x4 消火配管　9","2026/08/28","ヤマックス　ｽﾎﾟｯﾄ便","2026/08/31","","溶接","石松","2026/08/21","製造"
"Q-mast　空調管グル－プ★","九州工場","九州工場","2026/08/18","2026/08/18","26-J0108414-007-771","ZTG0000","0.00","275.0","545.0","0.0","ZN 耐震架台","","2","L50x50x6 消火配管　1","2026/08/28","ヤマックス　ｽﾎﾟｯﾄ便","2026/08/31","","溶接","ゴック","2026/08/21","製造"
"Q-mast　空調管グル－プ★","九州工場","九州工場","2026/08/18","2026/08/18","26-J0108414-006-771","ZTG0000","0.00","800.0","1,420.0","0.0","ZN 耐震架台","","1","L65x65x6 空調ダクト　50","2026/08/28","ヤマックス　ｽﾎﾟｯﾄ便","2026/08/31","","溶接","ズオン","2026/08/21","製造"
"Q-mast　空調管グル－プ★","九州工場","九州工場","2026/08/18","2026/08/18","26-J0108414-005-771","ZTG0000","0.00","1,700.0","870.0","0.0","ZN 耐震架台","","1","L65x65x6 空調ダクト　49","2026/08/28","ヤマックス　ｽﾎﾟｯﾄ便","2026/08/31","","溶接","ゴック","2026/08/21","製造"
"Q-mast　空調管グル－プ★","九州工場","九州工場","2026/08/18","2026/08/18","26-J0108414-004-771","ZTG0000","0.00","365.0","905.0","0.0","ZN 耐震架台","","1","L50x50x4 スプリンクラー管　8","2026/08/28","ヤマックス　ｽﾎﾟｯﾄ便","2026/08/31","","溶接","石松","2026/08/21","製造"
"Q-mast　空調管グル－プ★","九州工場","九州工場","2026/08/18","2026/08/18","26-J0108414-003-771","ZTG0000","0.00","365.0","805.0","0.0","ZN 耐震架台","","1","L50x50x4 スプリンクラー管　7","2026/08/28","ヤマックス　ｽﾎﾟｯﾄ便","2026/08/31","","溶接","石松","2026/08/21","製造"
"Q-mast　空調管グル－プ★","九州工場","九州工場","2026/08/18","2026/08/18","26-J0108414-002-771","ZTG0000","0.00","965.0","910.0","0.0","ZN 耐震架台","","1","L50x50x4 スプリンクラー管　6","2026/08/28","ヤマックス　ｽﾎﾟｯﾄ便","2026/08/31","","溶接","石松","2026/08/21","製造"
"Q-mast　空調管グル－プ★","九州工場","九州工場","2026/08/18","2026/08/18","26-J0108414-001-771","ZTG0000","0.00","1,357.0","810.0","0.0","ZN 耐震架台","","1","L50x50x4 スプリンクラー管　5","2026/08/28","ヤマックス　ｽﾎﾟｯﾄ便","2026/08/31","","溶接","石松","2026/08/21","製造"
"Q-mast　空調管グル－プ★","九州工場","九州工場","2026/08/18","2026/08/18","26-J0108414-017-771","ZTG0000","0.00","290.0","755.0","0.0","ZN 耐震架台","","1","L50x50x4 消火配管　44","2026/08/28","ヤマックス　ｽﾎﾟｯﾄ便","2026/08/31","","溶接","ゴック","2026/08/21","製造"
"シンセイ　広島第一★","九州工場","九州工場","2026/08/18","2026/08/18","26-J0108594-001-771","SKM0000N","2.00","160.0","160.0","32.0","SUS 金物","","30","加工","2026/08/31","福山通運　九州発送","2026/08/31","","CAD/CAM","熊谷","2026/08/31","製造"
"宮地電機　徳島","九州工場","九州工場","2026/08/18","2026/08/18","26-J0109291-002-771","BE0000SC","1.60","400.0","400.0","200.0","国土 PBﾄｸ 平 焼付","N9.5(近似色)","2","ｱｰｽ 直線ｾﾊﾟﾚｰﾀｰ付(ｾﾝﾀｰ)","2026/08/28","福山通運　九州発送","2026/08/31","","溶接","マイン","2026/08/24","製造"
"宮地電機　徳島","九州工場","九州工場","2026/08/18","2026/08/18","26-J0109291-001-771","BE4020SC","1.60","400.0","400.0","200.0","国土 PB 平 焼付","N9.5(近似色)","8","ｱｰｽ","2026/08/28","福山通運　九州発送","2026/08/31","","曲げ","志田","2026/08/25","製造"
"三親電材　山口★","九州工場","九州工場","2026/08/19","2026/08/19","26-J0109642-001-771","ZG0000","0.00","300.0","300.0","300.0","ZN 架台","","2","L-50x50x6t 穴加工　6.0tPL・寸切り溶接","2026/08/31","福山通運　九州発送","2026/08/31","","切断","森山","2026/08/24","製造"
"Q-mast　空調管グル－プ★","九州工場","九州工場","2026/08/19","2026/08/19","26-J0109861-001-771","ZTG0000","0.00","275.0","545.0","0.0","ZN 耐震架台","","4","L50x50x6 消火配管　51","2026/08/28","ヤマックス　ｽﾎﾟｯﾄ便","2026/08/31","","溶接","ズオン","2026/08/21","製造"
"Q-mast　空調管グル－プ★","九州工場","九州工場","2026/08/19","2026/08/19","26-J0109861-002-771","ZTG0000","0.00","400.0","0.0","0.0","ZN 耐震架台","","4","C100x50x5/7.5　消火配管　52","2026/08/28","ヤマックス　ｽﾎﾟｯﾄ便","2026/08/31","","溶接","ズオン","2026/08/21","製造"
"Q-mast　空調管グル－プ★","九州工場","九州工場","2026/08/19","2026/08/19","26-J0109861-003-771","ZTG0000","0.00","295.0","665.0","0.0","ZN 耐震架台","","2","L50x50x6 消火配管　53","2026/08/28","ヤマックス　ｽﾎﾟｯﾄ便","2026/08/31","","溶接","ズオン","2026/08/21","製造"
"Q-mast　空調管グル－プ★","九州工場","九州工場","2026/08/19","2026/08/19","26-J0109861-004-771","ZTG0000","0.00","275.0","338.0","0.0","ZN 耐震架台","","1","L50x50x6 消火配管　54","2026/08/28","ヤマックス　ｽﾎﾟｯﾄ便","2026/08/31","","溶接","ズオン","2026/08/21","製造"
"山電　八幡","九州工場","九州工場","2026/08/19","2026/08/19","26-J0110079-001-771","ZPA0000","0.00","250.0","0.0","0.0","ZN ﾎﾟｰﾙｱﾀﾞﾌﾟﾀｰ","","2","上部65A 下部90A 押しﾎﾞﾙﾄ","2026/08/28","北九州配達","2026/08/31","","切断","林(浩)","2026/08/24","製造"
"かごしま電工　城南★","九州工場","九州工場","2026/08/19","2026/08/19","26-J0110822-006-771","ZG0000","0.00","500.0","350.0","0.0","ZN 架台","","1","L-65X65X6t　左用","2026/08/31","佐川急便","2026/08/31","","切断","奈木野","2026/08/24","製造"
"かごしま電工　城南★","九州工場","九州工場","2026/08/19","2026/08/19","26-J0110822-010-771","ZG0000","0.00","150.0","0.0","0.0","ZN 架台","","1","L-50X50X6t　右用","2026/08/31","佐川急便","2026/08/31","","切断","田中","2026/08/24","製造"
"かごしま電工　城南★","九州工場","九州工場","2026/08/19","2026/08/19","26-J0110822-009-771","ZG0000","0.00","150.0","0.0","0.0","ZN 架台","","1","L-50X50X6t　左用","2026/08/31","佐川急便","2026/08/31","","切断","田中","2026/08/24","製造"
"かごしま電工　城南★","九州工場","九州工場","2026/08/19","2026/08/19","26-J0110822-008-771","ZG0000","0.00","500.0","350.0","0.0","ZN 架台","","1","L-65X65X6t　右用","2026/08/31","佐川急便","2026/08/31","","切断","奈木野","2026/08/24","製造"
"かごしま電工　城南★","九州工場","九州工場","2026/08/19","2026/08/19","26-J0110822-007-771","ZG0000","0.00","500.0","350.0","0.0","ZN 架台","","1","L-50X50X6t　右用","2026/08/31","佐川急便","2026/08/31","","切断","奈木野","2026/08/24","製造"
"かごしま電工　城南★","九州工場","九州工場","2026/08/19","2026/08/19","26-J0110822-005-771","ZG0000","0.00","500.0","350.0","0.0","ZN 架台","","1","L-50X50X6t　左用","2026/08/31","佐川急便","2026/08/31","","切断","奈木野","2026/08/24","製造"
"かごしま電工　城南★","九州工場","九州工場","2026/08/19","2026/08/19","26-J0110822-004-771","ZG0000","0.00","400.0","200.0","0.0","ZN 架台","","1","L-50X50X6t　右用","2026/08/31","佐川急便","2026/08/31","","未着手","","2026/08/24","製造"
"かごしま電工　城南★","九州工場","九州工場","2026/08/19","2026/08/19","26-J0110822-003-771","ZG0000","0.00","400.0","200.0","0.0","ZN 架台","","1","L-50X50X6t　左用","2026/08/31","佐川急便","2026/08/31","","未着手","","2026/08/24","製造"
"かごしま電工　城南★","九州工場","九州工場","2026/08/19","2026/08/19","26-J0110822-002-771","ZG0000","0.00","2,800.0","0.0","0.0","ZN 架台","","1","L-50X50X6t","2026/08/31","佐川急便","2026/08/31","","切断","田中","2026/08/24","製造"
"かごしま電工　城南★","九州工場","九州工場","2026/08/19","2026/08/19","26-J0110822-001-771","ZG0000","0.00","2,800.0","0.0","0.0","ZN 架台","","1","L-50X50X6t","2026/08/31","佐川急便","2026/08/31","","切断","田中","2026/08/24","製造"
"興陽電機　徳山★","九州工場","九州工場","2026/08/20","2026/08/20","26-J0111257-001-771","ZE4030X2","2.30","400.0","400.0","300.0","ZN PB 水切","","4","ｱｰｽ","2026/08/31","佐川急便","2026/08/31","","溶接","マイン","2026/08/24","製造"
"興陽電機　徳山★","九州工場","九州工場","2026/08/20","2026/08/20","26-J0111257-002-771","ZE3030X2","2.30","300.0","300.0","300.0","ZN PB 水切","","2","ｱｰｽ","2026/08/28","佐川急便","2026/08/31","","溶接","マイン","2026/08/21","製造"
"中国機材設備　本社★","九州工場","九州工場","2026/08/20","2026/08/20","26-J0111495-001-771","SE3015XNA","1.50","300.0","300.0","150.0","SUS PB 水切","","1","ｱｰｽ 足付L3x40 12ﾊﾟｲx1","2026/08/31","佐川急便","2026/08/31","","溶接","テイン","2026/08/31","製造"
"平岡電気　福岡南★","九州工場","九州工場","2026/08/20","2026/08/20","26-J0111519-001-771","ZE5040X2","2.30","500.0","500.0","400.0","ZN PB 水切","","1","HDZT49 ｱｰｽ","2026/08/28","ヤマックス福岡","2026/08/31","","溶接","マイン","2026/08/21","製造"
"シンセイ　広島第一★","九州工場","九州工場","2026/08/20","2026/08/20","26-J0111628-001-771","IC0000C","1.60","297.0","246.0","51.6","鉄 ｶﾊﾞｰ 焼付","N1 近似色","1","","2026/08/31","福山通運　九州発送","2026/08/31","","切断","森山","2026/08/26","製造"
"テクノサーブ★","九州工場","九州工場","2026/08/20","2026/08/20","26-J0112069-001-771","IMK0000C","4.50","370.0","40.0","40.0","鉄 曲金物 焼付","7.5BG7/2","1","L型 加工 L","2026/08/28","店頭渡し","2026/08/31","","切断","森山","2026/08/25","製造"
"テクノサーブ★","九州工場","九州工場","2026/08/20","2026/08/20","26-J0112069-002-771","IMK0000C","4.50","370.0","40.0","40.0","鉄 曲金物 焼付","7.5BG7/2","1","L型 加工 R","2026/08/28","店頭渡し","2026/08/31","","切断","森山","2026/08/25","製造"
"テクノサーブ★","九州工場","九州工場","2026/08/20","2026/08/20","26-J0112070-002-771","IP0000WC","1.60","170.0","120.0","80.0","鉄 PBﾄｸ 被せ 焼付","2.5G7/2","2","穴加工 ｹｰﾌﾞﾙｸﾞﾗﾝﾄﾞ25b","2026/08/28","店頭渡し","2026/08/31","","切断","林(浩)","2026/08/25","製造"
"テクノサーブ★","九州工場","九州工場","2026/08/20","2026/08/20","26-J0112070-001-771","IP0000WC","1.60","260.0","210.0","100.0","鉄 PBﾄｸ 被せ 焼付","2.5G7/2","1","2.3t足付(60H)","2026/08/28","店頭渡し","2026/08/31","","曲げ","志田","2026/08/25","製造"
"米良電機　宮崎★","九州工場","九州工場","2026/08/21","2026/08/21","26-J0112318-001-771","IIP0000C","1.60","665.0","665.0","0.0","鉄 ﾌﾟﾚｰﾄ 焼付","N9.5 近似色","4","開口","2026/08/31","佐川急便","2026/08/31","","CAD/CAM","熊谷","2026/08/26","製造"
"シンセイ　広島第一★","九州工場","九州工場","2026/08/21","2026/08/21","26-J0112520-001-771","ZE3020X2","2.30","300.0","300.0","200.0","ZN PB 水切","","4","ｱｰｽ","2026/08/31","福山通運　九州発送","2026/08/31","","切断","林(浩)","2026/08/24","製造"
"シンセイ　広島第一★","九州工場","九州工場","2026/08/21","2026/08/21","26-J0112525-001-771","ZE3020X2","2.30","300.0","300.0","200.0","ZN PB 水切","","3","ｱｰｽ","2026/08/31","福山通運　九州発送","2026/08/31","","切断","林(浩)","2026/08/24","製造"
"新光産業　中部","九州工場","九州工場","2026/06/19","2026/06/19","26-J0066035-001-771","ZE0000W","3.20","800.0","800.0","500.0","ZN PBﾄｸ 被せ","","1","◆空冷 ｱｰｽ","2026/08/28","沖縄直送","2026/09/01","","溶接","ハイ","2026/08/21","製造"
"東芝電材　松江★","九州工場","九州工場","2026/07/28","2026/07/28","26-J0096327-001-771","BD0000C","1.60","200.0","100.0","1,785.0","国土 ﾀﾞｸﾄ 焼付","5Y7/1(近似色)","1","ｱｰｽ","2026/09/01","福山通運　九州発送","2026/09/01","","曲げ","道上","2026/08/27","製造"
"東芝電材　松江★","九州工場","九州工場","2026/07/28","2026/07/28","26-J0096327-002-771","BKM0000C","1.60","195.0","100.0","90.0","処理鋼板 金物 焼付","5Y7/1(近似色)","1","接続金物","2026/09/01","福山通運　九州発送","2026/09/01","","曲げ","道上","2026/08/27","製造"
"アサヒ　本社","九州工場","九州工場","2026/08/04","2026/08/04","26-J0102011-001-771","SE0000SC","1.50","200.0","100.0","200.0","SUS PBﾄｸ 平 焼付","2.5Y9/1","20","ｱｰｽ ｺﾞﾑP付 開口 取付穴","2026/08/24","イトカツ","2026/09/01","2026/08/24","塗装","ナム","2026/08/19","製造"
"アサヒ　本社","九州工場","九州工場","2026/08/04","2026/08/04","26-J0102014-001-771","SE0000SC","1.50","200.0","100.0","200.0","SUS PBﾄｸ 平 焼付","2.5Y9/1","20","ｱｰｽ ｺﾞﾑP付 開口 取付穴","2026/08/25","イトカツ","2026/09/01","2026/08/25","仕上","山口","2026/08/20","製造"
"東芝電材　小倉★","九州工場","九州工場","2026/08/06","2026/08/06","26-J0104823-002-771","DE0000XN","2.30","800.0","800.0","600.0","Sﾀﾞｲﾏ PBﾄｸ 水切","5Y7/1 近似色","1","ｱｰｽ　重耐塩塗装","2026/08/31","北九州配達","2026/09/01","","仕上","山口","2026/08/07","製造"
"ナンリツ　徳島★","九州工場","九州工場","2026/08/07","2026/08/07","26-J0105138-001-771","ZTG0000","0.00","1,115.0","225.0","955.0","ZN 耐震架台","","9","/720 ｱﾝｸﾞﾙ PLt6.0","2026/09/01","福山通運　九州発送","2026/09/01","","溶接","ズオン","2026/08/25","製造"
"中国機材設備　北★","九州工場","九州工場","2026/08/07","2026/08/07","26-J0105491-001-771","BE2010SC","1.60","200.0","200.0","100.0","国土 PB 平 焼付","2.5Y9/1 近似色","3","ｱｰｽ","2026/08/31","佐川急便","2026/09/01","","未着手","","","加工"
"ウチダ★","九州工場","九州工場","2026/08/07","2026/08/07","26-J0105547-001-771","SP0000XN","1.50","300.0","300.0","150.0","SUS PBﾄｸ 水切","","2","酸洗い　取付足、端子台ﾍﾞｰｽ、 ﾈｼﾞ付管筒　溶接","2026/09/01","福山通運　九州発送","2026/09/01","","CAD/CAM","熊谷","2026/08/31","製造"
"アサヒ　名護","九州工場","九州工場","2026/08/13","2026/08/13","26-J0106114-002-771","SE0000XC","1.50","500.0","500.0","500.0","SUS PBﾄｸ 水切 焼付","2.5Y9/1","1","ｱｰｽ 開口(420x420)(320x110)取付穴","2026/08/24","イトカツ","2026/09/01","2026/08/24","塗装","柴﨑","2026/08/19","製造"
"アサヒ　名護","九州工場","九州工場","2026/08/13","2026/08/13","26-J0106114-001-771","SE0000XC","1.50","400.0","400.0","400.0","SUS PBﾄｸ 水切 焼付","2.5Y9/1","1","ｱｰｽ 開口(320x320)(320x110)取付穴","2026/08/24","イトカツ","2026/09/01","2026/08/24","塗装","三澄","2026/08/19","製造"
"三親電材　広島★","九州工場","九州工場","2026/08/17","2026/08/17","26-J0106946-014-771","IKW0000G","1.60","700.0","250.0","170.0","鉄 貫通枠","","1","さび止め SS-C-5x50x100溶接","2026/09/01","福山通運　九州発送","2026/09/01","","切断","バック","2026/08/31","製造"
"三親電材　広島★","九州工場","九州工場","2026/08/17","2026/08/17","26-J0106946-011-771","IKW0000G","1.60","700.0","300.0","170.0","鉄 貫通枠","","1","さび止め SS-C-5x50x100溶接","2026/09/01","福山通運　九州発送","2026/09/01","","切断","バック","2026/08/31","製造"
"新光産業　本社","九州工場","九州工場","2026/08/17","2026/08/17","26-J0108055-001-771","SI0000C","1.50","400.0","350.0","0.0","SUS 切板 焼付","N5.5","1","面取4-Ｒ5　ﾊﾟｯｷﾝ付 吊り穴x1","2026/08/24","イトカツ","2026/09/01","2026/08/24","塗装","増井","2026/08/19","製造"
"日本電設資材　福岡★","九州工場","九州工場","2026/08/18","2026/08/18","26-J0108224-001-771","IG0000G","0.00","1,981.0","3,500.0","400.0","鉄 架台","","12","さび止め L75x75x6","2026/09/01","ヤマックス　ｽﾎﾟｯﾄ便","2026/09/01","","溶接","ゴック","2026/08/31","製造"
"シンセイ　広島第一★","九州工場","九州工場","2026/08/18","2026/08/18","26-J0108614-001-771","SKM0000N","2.00","160.0","160.0","32.0","SUS 金物","","30","加工","2026/09/01","福山通運　九州発送","2026/09/01","","CAD/CAM","熊谷","2026/09/01","製造"
"宮地電機　徳島","九州工場","九州工場","2026/08/18","2026/08/18","26-J0109299-003-771","BE4030SC","1.60","400.0","400.0","300.0","国土 PB 平 焼付","N9.5(近似色)","10","ｱｰｽ","2026/08/31","福山通運　九州発送","2026/09/01","","曲げ","志田","2026/08/26","製造"
"宮地電機　徳島","九州工場","九州工場","2026/08/19","2026/08/19","26-J0109895-001-771","ZE4020X2","2.30","400.0","400.0","200.0","ZN PB 水切","","10","ｱｰｽ","2026/09/01","福山通運　九州発送","2026/09/01","","曲げ","志田","2026/08/25","製造"
"宮地電機　徳島","九州工場","九州工場","2026/08/19","2026/08/19","26-J0109895-002-771","ZE4030X2","2.30","400.0","400.0","300.0","ZN PB 水切","","4","ｱｰｽ","2026/09/01","福山通運　九州発送","2026/09/01","","溶接","マイン","2026/08/24","製造"
"宮地電機　徳島","九州工場","九州工場","2026/08/19","2026/08/19","26-J0109973-001-771","ZE0000X","2.30","500.0","500.0","300.0","ZN PBﾄｸ 水切","","1","ｱｰｽ 350:150ｾﾊﾟﾚｰﾀ","2026/09/01","福山通運　九州発送","2026/09/01","","溶接","マイン","2026/08/24","製造"
"宮地電機　徳島","九州工場","九州工場","2026/08/19","2026/08/19","26-J0109973-002-771","ZE0000X","2.30","500.0","500.0","300.0","ZN PBﾄｸ 水切","","1","ｱｰｽ 200:200ｾﾊﾟﾚｰﾀ","2026/09/01","福山通運　九州発送","2026/09/01","","溶接","マイン","2026/08/24","製造"
"宮地電機　高知","九州工場","九州工場","2026/08/19","2026/08/19","26-J0110398-002-771","ZE6040W3","3.20","600.0","600.0","400.0","ZN PB 被せ","","1","◆空冷 HDZT63 ｱｰｽ","2026/09/01","福山通運　九州発送","2026/09/01","","溶接","マイン","2026/08/24","製造"
"宮地電機　高知","九州工場","九州工場","2026/08/19","2026/08/19","26-J0110398-001-771","ZE6060W3","3.20","600.0","600.0","600.0","ZN PB 被せ","","1","◆空冷 HDZT63 ｱｰｽ","2026/09/01","福山通運　九州発送","2026/09/01","","溶接","マイン","2026/08/24","製造"
"中国機材設備　呉★","九州工場","九州工場","2026/08/20","2026/08/20","26-J0111224-002-771","IG0000C","2.30","700.0","490.0","270.0","鉄 架台 焼付","N8.7 近似色","1","開口 足曲げ(φ12)x4　指定色","2026/08/31","佐川急便","2026/09/01","","曲げ","道上","2026/08/26","製造"
"東芝電材　松江★","九州工場","九州工場","2026/08/20","2026/08/20","26-J0111424-001-771","ZE0000XA","2.30","300.0","300.0","300.0","ZN PBﾄｸ 水切","","1","HDZT56 ｱｰｽ 足付(位置指定)L3x40Φ12 ｶｯﾌﾟﾘﾝｸﾞ･穴ｱﾘ","2026/09/01","福山通運　九州発送","2026/09/01","","曲げ","志田","2026/08/25","製造"
"日本電設資材　福岡★","九州工場","九州工場","2026/08/21","2026/08/21","26-J0112120-001-771","IG0000G","6.00","650.0","290.0","830.0","鉄 架台","","8","さび止め SS400-L-65x65x6t　穴加工","2026/08/31","ヤマックス福岡","2026/09/01","","未着手","","2026/08/28","製造"
"日本電設資材　福岡★","九州工場","九州工場","2026/08/21","2026/08/21","26-J0112120-002-771","IG0000G","6.00","530.0","200.0","1,300.0","鉄 架台","","4","さび止め SS400-L75x75x6t　穴加工","2026/08/31","ヤマックス福岡","2026/09/01","","未着手","","2026/08/28","製造"
"日本電設資材　福岡★","九州工場","九州工場","2026/08/21","2026/08/21","26-J0112120-003-771","IG0000G","9.00","530.0","200.0","1,300.0","鉄 架台","","4","さび止め SS400-L-75x75x9t　穴加工","2026/08/31","ヤマックス福岡","2026/09/01","","未着手","","2026/08/28","製造"
"日本電設資材　福岡★","九州工場","九州工場","2026/08/21","2026/08/21","26-J0112183-009-771","IKM0000G","5.00","1,330.0","50.0","100.0","鉄 金物","","4","さび止め SS-C-5x50x100　穴加工","2026/08/31","ヤマックス福岡","2026/09/01","","未着手","","2026/08/28","製造"
"日本電設資材　福岡★","九州工場","九州工場","2026/08/21","2026/08/21","26-J0112183-008-771","IKM0000G","5.00","1,400.0","40.0","75.0","鉄 金物","","2","さび止め SS-C-5x40x75　穴加工","2026/08/31","ヤマックス福岡","2026/09/01","","未着手","","2026/08/28","製造"
"日本電設資材　福岡★","九州工場","九州工場","2026/08/21","2026/08/21","26-J0112183-005-771","IKM0000G","5.00","40.0","40.0","530.0","鉄 金物","","24","さび止め SS-L-40x40x5t　穴加工","2026/08/31","ヤマックス福岡","2026/09/01","","未着手","","2026/08/28","製造"
"日本電設資材　福岡★","九州工場","九州工場","2026/08/21","2026/08/21","26-J0112183-010-771","IKM0000G","5.00","40.0","40.0","530.0","鉄 金物","","18","さび止め SS-L-40x40x5t 穴加工","2026/08/31","ヤマックス福岡","2026/09/01","","未着手","","2026/08/28","製造"
"日本電設資材　福岡★","九州工場","九州工場","2026/08/21","2026/08/21","26-J0112183-011-771","IKM0000G","5.00","40.0","40.0","530.0","鉄 金物","","2","さび止め SS-L-40x40x5t 穴加工","2026/08/31","ヤマックス福岡","2026/09/01","","未着手","","2026/08/28","製造"
"日本電設資材　福岡★","九州工場","九州工場","2026/08/21","2026/08/21","26-J0112183-012-771","IKM0000G","5.00","40.0","40.0","530.0","鉄 金物","","2","さび止め SS-L-40x40x5t 穴加工","2026/08/31","ヤマックス福岡","2026/09/01","","未着手","","2026/08/28","製造"
"日本電設資材　福岡★","九州工場","九州工場","2026/08/21","2026/08/21","26-J0112183-003-771","IKM0000G","5.00","1,400.0","40.0","75.0","鉄 金物","","2","さび止め SS-C-5x40x75　穴加工","2026/08/31","ヤマックス福岡","2026/09/01","","未着手","","2026/08/28","製造"
"日本電設資材　福岡★","九州工場","九州工場","2026/08/21","2026/08/21","26-J0112183-004-771","IKM0000G","5.00","1,330.0","50.0","100.0","鉄 金物","","4","さび止め SS-C-5x50x100　穴加工","2026/08/31","ヤマックス福岡","2026/09/01","","未着手","","2026/08/28","製造"
"日本電設資材　福岡★","九州工場","九州工場","2026/08/21","2026/08/21","26-J0112230-003-771","IG0000G","6.00","410.0","170.0","1,300.0","鉄 架台","","4","さび止め SS400-L-50x50x6t　穴加工","2026/08/31","ヤマックス福岡","2026/09/01","","未着手","","2026/08/28","製造"
"日本電設資材　福岡★","九州工場","九州工場","2026/08/21","2026/08/21","26-J0112230-001-771","IG0000G","6.00","430.0","280.0","1,300.0","鉄 架台","","4","さび止め SS400-L-65x65x6t　穴加工","2026/08/31","ヤマックス福岡","2026/09/01","","未着手","","2026/08/28","製造"
"日本電設資材　福岡★","九州工場","九州工場","2026/08/21","2026/08/21","26-J0112230-002-771","IG0000G","6.00","510.0","170.0","800.0","鉄 架台","","2","さび止め SS400-L-50x50x6t　穴加工","2026/08/31","ヤマックス福岡","2026/09/01","","未着手","","2026/08/28","製造"
"興陽電機　八幡★","九州工場","九州工場","2026/08/21","2026/08/21","26-J0112576-001-771","IIP0000C","3.20","600.0","335.0","0.0","鉄 ﾌﾟﾚｰﾄ 焼付","5Y7/1 近似色","1","半艶　8-φ10 開口","2026/08/31","北九州配達","2026/09/01","","CAD/CAM","熊谷","2026/08/26","製造"
"日本電設資材　福岡★","九州工場","九州工場","2026/08/21","2026/08/21","26-J0112756-001-771","DP3010SN","1.60","300.0","300.0","100.0","Sﾀﾞｲﾏ PB 平","","1","","2026/08/31","ヤマックス　ｽﾎﾟｯﾄ便","2026/09/01","","未着手","","2026/08/31","製造"
"日本電設資材　福岡★","九州工場","九州工場","2026/08/21","2026/08/21","26-J0112778-001-771","IG0000G","0.00","2,500.0","350.0","0.0","鉄 架台","","1","さび止め L50x50x6","2026/08/31","ヤマックス　ｽﾎﾟｯﾄ便","2026/09/01","","未着手","","2026/08/28","製造"
"日本電設資材　福岡★","九州工場","九州工場","2026/08/21","2026/08/21","26-J0112778-002-771","IG0000G","0.00","2,500.0","500.0","0.0","鉄 架台","","1","さび止め L50x50x6","2026/08/31","ヤマックス　ｽﾎﾟｯﾄ便","2026/09/01","","未着手","","2026/08/28","製造"
"東芝電材　松江★","九州工場","九州工場","2026/07/28","2026/07/28","26-J0096336-002-771","BKM0000C","1.60","195.0","100.0","90.0","処理鋼板 金物 焼付","N1(近似色)","2","接続金物","2026/09/02","福山通運　九州発送","2026/09/02","","切断","林(浩)","2026/08/28","製造"
"東芝電材　松江★","九州工場","九州工場","2026/07/28","2026/07/28","26-J0096336-001-771","BD0000C","1.60","200.0","100.0","3,050.0","国土 ﾀﾞｸﾄ 焼付","N1(近似色)","1","/925 ｱｰｽ 3分割","2026/09/02","福山通運　九州発送","2026/09/02","","切断","林(浩)","2026/08/28","製造"
"東芝電材　松江★","九州工場","九州工場","2026/07/28","2026/07/28","26-J0096336-004-771","30PLA","0.00","0.0","0.0","0.0","補修塗料 筆付","N1(近似色)","1","ﾌﾟﾗ30ml","2026/09/02","福山通運　九州発送","2026/09/02","","未着手","","","製造"
"ナミデン　福岡★","九州工場","九州工場","2026/07/30","2026/07/30","26-J0097579-001-771","IKM0000C","1.60","500.0","400.0","200.0","鉄 金物 焼付","N-90 近似色","9","","2026/09/01","ヤマックス福岡","2026/09/02","","切断","森山","2026/08/28","製造"
"新光産業　本社","九州工場","九州工場","2026/08/17","2026/08/17","26-J0107273-002-771","IKM0000C","0.00","590.0","0.0","0.0","鉄 金物 焼付","2.5Y9/1","4","支持棒15A","2026/08/24","イトカツ","2026/09/02","2026/08/24","塗装","柴﨑","2026/08/19","製造"
"新光産業　本社","九州工場","九州工場","2026/08/17","2026/08/17","26-J0107273-001-771","BX0000C","1.60","90.0","40.0","20.0","処理鋼板 その他 焼付","2.5Y9/1","8","支持棒受金具 取付穴4-φ8","2026/08/24","イトカツ","2026/09/02","2026/08/24","塗装","柴﨑","2026/08/19","製造"
"三共電気　沖縄★","九州工場","九州工場","2026/08/17","2026/08/17","26-J0108104-001-771","ZG0000","5.00","1,500.0","100.0","50.0","ZN 架台","","1","[-100x50x5t 取付穴5-φ12　Ｌ","2026/08/26","イトカツ","2026/09/02","2026/08/27","溶接","石松","2026/08/20","製造"
"三共電気　沖縄★","九州工場","九州工場","2026/08/17","2026/08/17","26-J0108104-002-771","ZG0000","5.00","1,500.0","100.0","50.0","ZN 架台","","1","[-100x50x5t 取付穴5-φ12　Ｒ","2026/08/26","イトカツ","2026/09/02","2026/08/27","溶接","石松","2026/08/20","製造"
"宮地電機　徳島","九州工場","九州工場","2026/08/18","2026/08/18","26-J0109303-004-771","BE0000SC","1.60","400.0","400.0","300.0","国土 PBﾄｸ 平 焼付","N9.5(近似色)","6","ｱｰｽ 直線ｾﾊﾟﾚｰﾀｰ付(ｾﾝﾀｰ)","2026/09/01","福山通運　九州発送","2026/09/02","","曲げ","志田","2026/08/27","製造"
"宮地電機　徳島","九州工場","九州工場","2026/08/18","2026/08/18","26-J0109314-005-771","ZE0000X","2.30","400.0","400.0","300.0","ZN PBﾄｸ 水切","","1","HDZT56 ｱｰｽ 直線ｾﾊﾟﾚｰﾀｰ付(ｾﾝﾀｰ)","2026/09/01","福山通運　九州発送","2026/09/02","","曲げ","志田","2026/08/25","製造"
"新光産業　本社","九州工場","九州工場","2026/08/19","2026/08/19","26-J0109795-001-771","BE2015SC","1.60","200.0","200.0","150.0","国土 PB 平 焼付","5Y7/1","1","ｱｰｽ","2026/08/25","イトカツ","2026/09/02","2026/08/25","未着手","","","加工"
"松堂電材","九州工場","九州工場","2026/08/19","2026/08/19","26-J0110729-001-771","BE0000SC","1.60","450.0","450.0","300.0","国土 PBﾄｸ 平 焼付","2.5Y9/1","1","ｱｰｽ","2026/08/26","イトカツ","2026/09/02","2026/08/26","仕上","山口","2026/08/21","製造"
"東芝電材　福岡★","九州工場","九州工場","2026/08/20","2026/08/20","26-J0110931-001-771","SE5040XC","1.50","500.0","500.0","400.0","SUS PB 水切 焼付","22-80C 近似色","1","ｱｰｽ","2026/09/01","ヤマックス福岡","2026/09/02","","切断","井上(隆)","2026/08/26","製造"
"日新電器産業　本社","九州工場","九州工場","2026/08/20","2026/08/20","26-J0111546-001-771","SD0000C","1.50","600.0","400.0","500.0","SUS ﾀﾞｸﾄ 焼付","2.5Y9/1","1","平蓋ｺﾞﾑP 蓋3か所 開口 取付穴","2026/08/27","イトカツ","2026/09/02","2026/08/27","曲げ","道上","2026/08/24","製造"
"東芝電材　小倉★","九州工場","九州工場","2026/08/20","2026/08/20","26-J0111882-001-771","ZG0000","0.00","350.0","350.0","350.0","ZN 架台","","1","三角支え付ﾀｲﾌﾟ L-50x50x6t","2026/09/01","北九州配達","2026/09/02","","未着手","","2026/08/25","製造"
"新光産業　本社","九州工場","九州工場","2026/08/20","2026/08/20","26-J0112057-001-771","IKW0000G","1.60","600.0","200.0","250.0","鉄 貫通枠","","1","さび止め 平蓋 取付穴6-φ8","2026/08/25","イトカツ","2026/09/02","2026/08/25","溶接","カイ","2026/08/24","製造"
"三共電気　沖縄★","九州工場","九州工場","2026/08/21","2026/08/21","26-J0112482-002-771","SIP0000N","1.50","530.0","100.0","0.0","SUS ﾌﾟﾚｰﾄ","","1","背面ﾌﾟﾚｰﾄ 取付穴2-φ8","2026/08/25","イトカツ","2026/09/02","2026/08/25","切断","岩本","2026/08/24","製造"
"三共電気　沖縄★","九州工場","九州工場","2026/08/21","2026/08/21","26-J0112482-001-771","SC0000N","1.50","530.0","310.0","100.0","SUS ｶﾊﾞｰ","","1","M6ﾅｯﾄ溶接x2 取付穴10-φ5","2026/08/25","イトカツ","2026/09/02","2026/08/25","曲げ","道上","2026/08/24","製造"
"三親電材　水島★","九州工場","九州工場","2026/08/21","2026/08/21","26-J0112574-001-771","ZST0000","0.00","250.0","250.0","2,000.0","ZN ｽﾀﾝｼｮﾝ","","1","SGP50A ﾍﾞｰｽt6.0","2026/09/02","福山通運　九州発送","2026/09/02","","未着手","","2026/08/26","製造"
"カンサイ　久留米★","九州工場","九州工場","2026/08/21","2026/08/21","26-J0112604-001-771","SDC0000H","2.00","800.0","250.0","4,200.0","SUS ﾀﾞｸﾄｶﾊﾞｰ","","1","平ふた ｹｰﾌﾞﾙ支持 3分割 片面ﾍｱﾗｲﾝ材","2026/09/02","福山通運　九州発送","2026/09/02","","未着手","","2026/09/02","製造"
"日本テクロ　広島★","九州工場","九州工場","2026/07/23","2026/07/23","26-J0092311-007-771","SE0000XNA","1.50","150.0","150.0","150.0","SUS PBﾄｸ 水切","","5","ｱｰｽ 足付　","2026/09/02","佐川急便","2026/09/03","","未着手","","2026/09/02","製造"
"日本テクロ　広島★","九州工場","九州工場","2026/07/23","2026/07/23","26-J0092321-001-771","SE0000XNA","1.50","150.0","150.0","150.0","SUS PBﾄｸ 水切","","5","ｱｰｽ 足付　","2026/09/02","佐川急便","2026/09/03","","未着手","","2026/09/02","製造"
"東芝電材　小倉★","九州工場","九州工場","2026/08/06","2026/08/06","26-J0104794-001-771","DP0000XN","1.60","400.0","400.0","400.0","Sﾀﾞｲﾏ PBﾄｸ 水切","5Y7/1 近似色","1","重耐塩塗装","2026/09/02","北九州配達","2026/09/03","","溶接","マイン","2026/08/07","製造"
"東芝電材　小倉★","九州工場","九州工場","2026/08/06","2026/08/06","26-J0104794-002-771","DP0000XN","1.60","450.0","400.0","400.0","Sﾀﾞｲﾏ PBﾄｸ 水切","5Y7/1 近似色","1","重耐塩塗装","2026/09/02","北九州配達","2026/09/03","","仕上","三澄","2026/08/07","製造"
"三親電材　広島★","九州工場","九州工場","2026/08/07","2026/08/07","26-J0105385-001-771","DKW0000N","1.60","900.0","250.0","140.0","Sﾀﾞｲﾏ 貫通枠","","4","平蓋  曲げ金物","2026/09/02","福山通運　九州発送","2026/09/03","","CAD/CAM","熊谷","2026/09/02","製造"
"三親電材　広島★","九州工場","九州工場","2026/08/07","2026/08/07","26-J0105385-002-771","DKW0000N","1.60","900.0","250.0","130.0","Sﾀﾞｲﾏ 貫通枠","","1","平蓋  曲げ金物","2026/09/02","福山通運　九州発送","2026/09/03","","CAD/CAM","熊谷","2026/09/02","製造"
"イシグロ　広島★","九州工場","九州工場","2026/08/17","2026/08/17","26-J0107814-004-771","ZG0000","0.00","500.0","300.0","675.0","ZN 架台","","3","HDZT77 RF-TH-1　歩廊2　L-50X50X6t　XG21","2026/09/03","福山通運　九州発送","2026/09/03","","切断","森山","2026/08/26","製造"
"イシグロ　広島★","九州工場","九州工場","2026/08/17","2026/08/17","26-J0107814-002-771","ZG0000","0.00","997.0","0.0","0.0","ZN 架台","","7","HDZT77 RF-FF-2　H-125X125X6.5X9","2026/09/03","福山通運　九州発送","2026/09/03","","未着手","","2026/08/26","製造"
"イシグロ　広島★","九州工場","九州工場","2026/08/17","2026/08/17","26-J0107814-003-771","ZG0000","0.00","500.0","300.0","1,000.0","ZN 架台","","3","HDZT77 RF-TH-1　歩廊1　L-50X50X6t　XG21","2026/09/03","福山通運　九州発送","2026/09/03","","溶接","ズオン","2026/08/26","製造"
"イシグロ　広島★","九州工場","九州工場","2026/08/17","2026/08/17","26-J0107814-011-771","ZG0000","0.00","315.0","261.0","0.0","ZN 架台","","1","HDZT77 RF-6　L-50X50X6t","2026/09/03","福山通運　九州発送","2026/09/03","","未着手","","2026/08/26","製造"
"イシグロ　広島★","九州工場","九州工場","2026/08/17","2026/08/17","26-J0107814-008-771","ZG0000","0.00","550.0","390.0","0.0","ZN 架台","","1","HDZT77 RF-3　L-50X50X6t","2026/09/03","福山通運　九州発送","2026/09/03","","未着手","","2026/08/26","製造"
"イシグロ　広島★","九州工場","九州工場","2026/08/17","2026/08/17","26-J0107814-001-771","ZG0000","0.00","997.0","0.0","0.0","ZN 架台","","2","HDZT77 RF-FF-1　[125X65X6t","2026/09/03","福山通運　九州発送","2026/09/03","","切断","田中","2026/08/26","製造"
"イシグロ　広島★","九州工場","九州工場","2026/08/17","2026/08/17","26-J0107814-009-771","ZG0000","0.00","300.0","390.0","0.0","ZN 架台","","2","HDZT77 RF-4　L-50X50X6t","2026/09/03","福山通運　九州発送","2026/09/03","","未着手","","2026/08/26","製造"
"イシグロ　広島★","九州工場","九州工場","2026/08/17","2026/08/17","26-J0107814-005-771","ZG0000","0.00","500.0","300.0","350.0","ZN 架台","","3","HDZT77 RF-TH-1　歩廊3　L-50X50X6t　XG21","2026/09/03","福山通運　九州発送","2026/09/03","","切断","森山","2026/08/26","製造"
"イシグロ　広島★","九州工場","九州工場","2026/08/17","2026/08/17","26-J0107814-006-771","ZG0000","0.00","725.0","840.0","0.0","ZN 架台","","1","HDZT77 RF-1　L-50X50X6t","2026/09/03","福山通運　九州発送","2026/09/03","","未着手","","2026/08/26","製造"
"イシグロ　広島★","九州工場","九州工場","2026/08/17","2026/08/17","26-J0107814-010-771","ZG0000","0.00","300.0","390.0","0.0","ZN 架台","","2","HDZT77 RF-5　L-50X50X6t","2026/09/03","福山通運　九州発送","2026/09/03","","未着手","","2026/08/26","製造"
"イシグロ　広島★","九州工場","九州工場","2026/08/17","2026/08/17","26-J0107814-007-771","ZG0000","0.00","1,100.0","390.0","0.0","ZN 架台","","2","HDZT77 RF-2　L-50X50X6t","2026/09/03","福山通運　九州発送","2026/09/03","","未着手","","2026/08/26","製造"
"イシグロ　広島★","九州工場","九州工場","2026/08/17","2026/08/17","26-J0107814-012-771","ZG0000","0.00","500.0","300.0","330.0","ZN 架台","","3","HDZT77 RF-TH-2　L-50X50X6t XG21","2026/09/03","福山通運　九州発送","2026/09/03","","CAD/CAM","森山","2026/08/26","製造"
"中電プラント　岩国総合技術C★","九州工場","九州工場","2026/08/18","2026/08/18","26-J0109251-001-771","ZG0000","0.00","850.0","700.0","300.0","ZN 架台","","1","L6x65 蓋PLt2.3(SS400) ﾀﾞﾙﾏ穴 ﾀｯﾌﾟ､裏ﾅｯﾄ 穴加工ｱﾘ","2026/09/03","福山通運　九州発送","2026/09/03","","切断","林(浩)","2026/08/27","製造"
"イシグロ　福岡★","九州工場","九州工場","2026/08/19","2026/08/19","26-J0110434-001-771","ZG0000","5.00","1,000.0","100.0","100.0","ZN 架台","","2","SS-C-5x50x100　穴加工","2026/09/03","福山通運　九州発送","2026/09/03","","切断","田中","2026/08/27","製造"
"光電気産業","九州工場","九州工場","2026/08/19","2026/08/19","26-J0110539-001-771","IDC0000C","1.60","70.0","40.0","200.0","鉄 ﾀﾞｸﾄｶﾊﾞｰ 焼付","19-70B 3分ﾂﾔ","1","平蓋 取付穴4-φ5","2026/08/27","イトカツ","2026/09/03","2026/08/27","仕上","三澄","2026/08/24","製造"
"中電プラント　岩国総合技術C★","九州工場","九州工場","2026/08/20","2026/08/20","26-J0111052-001-771","ZX0000","0.00","2,300.0","0.0","0.0","ZN その他","","3","40A PLt3.2 貫通穴","2026/09/03","福山通運　九州発送","2026/09/03","","切断","林(浩)","2026/08/26","製造"
"新光産業　やんばる","九州工場","九州工場","2026/08/20","2026/08/20","26-J0111950-001-771","BE0000SC","1.60","300.0","200.0","100.0","国土 PBﾄｸ 平 焼付","2.5Y9/1","2","ｱｰｽ　　(AV)-6","2026/08/27","イトカツ","2026/09/03","2026/08/27","溶接","マイン","2026/08/24","製造"
"Q-mast　空調管グル－プ★","九州工場","九州工場","2026/08/21","2026/08/21","26-J0112270-001-771","ZG0000","0.00","250.0","140.0","124.0","ZN 架台","","2","架台取付ﾋﾟｰｽ","2026/09/02","ヤマックス　ｽﾎﾟｯﾄ便","2026/09/03","","未着手","","2026/08/27","製造"
"Q-mast　空調管グル－プ★","九州工場","九州工場","2026/08/21","2026/08/21","26-J0112300-004-771","ZG0000","0.00","600.0","315.0","0.0","ZN 架台","","1","衛生・消火配管　南1","2026/09/02","ヤマックス　ｽﾎﾟｯﾄ便","2026/09/03","","未着手","","2026/08/27","製造"
"Q-mast　空調管グル－プ★","九州工場","九州工場","2026/08/21","2026/08/21","26-J0112300-005-771","ZG0000","0.00","2,080.0","2,220.0","0.0","ZN 架台","","1","/2190　排煙ﾀﾞｸﾄ5","2026/09/02","ヤマックス　ｽﾎﾟｯﾄ便","2026/09/03","","未着手","","2026/08/27","製造"
"Q-mast　空調管グル－プ★","九州工場","九州工場","2026/08/21","2026/08/21","26-J0112300-007-771","ZG0000","0.00","1,150.0","822.0","0.0","ZN 架台","","1","空調ﾀﾞｸﾄ8","2026/09/02","ヤマックス　ｽﾎﾟｯﾄ便","2026/09/03","","未着手","","2026/08/27","製造"
"Q-mast　空調管グル－プ★","九州工場","九州工場","2026/08/21","2026/08/21","26-J0112300-003-771","ZG0000","0.00","500.0","280.0","0.0","ZN 架台","","2","衛生・消火配管　北1","2026/09/02","ヤマックス　ｽﾎﾟｯﾄ便","2026/09/03","","未着手","","2026/08/27","製造"
"Q-mast　空調管グル－プ★","九州工場","九州工場","2026/08/21","2026/08/21","26-J0112300-002-771","ZG0000","0.00","930.0","1,670.0","0.0","ZN 架台","","1","/1980　排気ﾀﾞｸﾄ（天井）1","2026/09/02","ヤマックス　ｽﾎﾟｯﾄ便","2026/09/03","","未着手","","2026/08/27","製造"
"Q-mast　空調管グル－プ★","九州工場","九州工場","2026/08/21","2026/08/21","26-J0112300-001-771","ZG0000","0.00","1,270.0","1,020.0","1,000.0","ZN 架台","","1","排気ﾀﾞｸﾄ（床）1","2026/09/02","ヤマックス　ｽﾎﾟｯﾄ便","2026/09/03","","未着手","","2026/08/27","製造"
"Q-mast　空調管グル－プ★","九州工場","九州工場","2026/08/21","2026/08/21","26-J0112300-006-771","ZG0000","0.00","1,249.0","1,365.0","0.0","ZN 架台","","1","/810　空調ﾀﾞｸﾄ7","2026/09/02","ヤマックス　ｽﾎﾟｯﾄ便","2026/09/03","","未着手","","2026/08/27","製造"
"日本テクロ　広島★","九州工場","九州工場","2026/07/23","2026/07/23","26-J0092327-001-771","SE0000WNA","1.50","150.0","150.0","150.0","SUS PBﾄｸ 被せ","","3","ｱｰｽ 足付","2026/09/02","佐川急便","2026/09/04","","未着手","","2026/09/02","製造"
"山電　佐賀★","九州工場","九州工場","2026/07/30","2026/07/30","26-J0098379-002-771","ZD0000","3.20","600.0","200.0","3,000.0","ZN ﾀﾞｸﾄ","","1","2分割被せ蓋　開口ケーブル支持","2026/09/03","チャーター便","2026/09/04","","曲げ","道上","2026/08/26","製造"
"山電　佐賀★","九州工場","九州工場","2026/07/30","2026/07/30","26-J0098379-001-771","ZD0000","3.20","400.0","200.0","3,450.0","ZN ﾀﾞｸﾄ","","1","/3300　6分割　被せ蓋開口セパx1ケーブル支持","2026/09/03","チャーター便","2026/09/04","","曲げ","道上","2026/08/25","製造"
"平和テクノ　行橋★","九州工場","九州工場","2026/08/03","2026/08/03","26-J0100649-001-771","IBGC1800C","2.30","1,800.0","800.0","350.0","鉄 防球ガード 焼付","2.5Y9/1 近似色","12","天吊形空調機用 室内機：S-G140TU1 半ｵｰﾌﾟﾝ","2026/08/28","店頭渡し","2026/09/04","","未着手","","2026/08/25","製造"
"宮地電機　徳島","九州工場","九州工場","2026/08/18","2026/08/18","26-J0109274-002-771","ZE3020X2C","2.30","300.0","300.0","200.0","ZN PB 水切 焼付","N9.5(近似色)","8","HDZT56 ｱｰｽ","2026/09/04","福山通運　九州発送","2026/09/04","","溶接","マイン","2026/08/24","製造"
"Q-mast　空調管グル－プ★","九州工場","九州工場","2026/08/20","2026/08/20","26-J0111062-001-771","IG0000G","0.00","750.0","1,700.0","0.0","鉄 架台","","1","さび止め 1-P01","2026/09/03","ヤマックス　ｽﾎﾟｯﾄ便","2026/09/04","","CAD/CAM","熊谷","2026/09/02","製造"
"Q-mast　空調管グル－プ★","九州工場","九州工場","2026/08/20","2026/08/20","26-J0111062-007-771","IG0000G","0.00","1,350.0","1,800.0","0.0","鉄 架台","","1","さび止め 1-P06","2026/09/03","ヤマックス　ｽﾎﾟｯﾄ便","2026/09/04","","CAD/CAM","熊谷","2026/09/02","製造"
"Q-mast　空調管グル－プ★","九州工場","九州工場","2026/08/20","2026/08/20","26-J0111062-005-771","IG0000G","0.00","450.0","1,200.0","0.0","鉄 架台","","1","さび止め 1-P05-1","2026/09/03","ヤマックス　ｽﾎﾟｯﾄ便","2026/09/04","","CAD/CAM","熊谷","2026/09/02","製造"
"Q-mast　空調管グル－プ★","九州工場","九州工場","2026/08/20","2026/08/20","26-J0111062-006-771","IG0000G","0.00","575.0","1,900.0","0.0","鉄 架台","","1","さび止め 1-P05-2","2026/09/03","ヤマックス　ｽﾎﾟｯﾄ便","2026/09/04","","CAD/CAM","熊谷","2026/09/02","製造"
"Q-mast　空調管グル－プ★","九州工場","九州工場","2026/08/20","2026/08/20","26-J0111062-004-771","IG0000G","0.00","600.0","1,800.0","0.0","鉄 架台","","1","さび止め 1-P04","2026/09/03","ヤマックス　ｽﾎﾟｯﾄ便","2026/09/04","","CAD/CAM","熊谷","2026/09/02","製造"
"Q-mast　空調管グル－プ★","九州工場","九州工場","2026/08/20","2026/08/20","26-J0111062-003-771","IG0000G","0.00","1,500.0","1,800.0","0.0","鉄 架台","","1","さび止め 1-P03","2026/09/03","ヤマックス　ｽﾎﾟｯﾄ便","2026/09/04","","CAD/CAM","熊谷","2026/09/02","製造"
"Q-mast　空調管グル－プ★","九州工場","九州工場","2026/08/20","2026/08/20","26-J0111062-002-771","IG0000G","0.00","1,200.0","1,800.0","0.0","鉄 架台","","1","さび止め 1-P02","2026/09/03","ヤマックス　ｽﾎﾟｯﾄ便","2026/09/04","","CAD/CAM","熊谷","2026/09/02","製造"
"アサヒ　八重山","九州工場","九州工場","2026/07/30","2026/07/30","26-J0098366-012-771","SE0000WC","2.00","1,000.0","500.0","250.0","SUS PBﾄｸ 被せ 焼付","2.5Y9/1","1","ｱｰｽ(外) 外耳被せ蓋 開口 足付x4","2026/08/28","沖縄直送","2026/09/07","","切断","森山","2026/08/25","製造"
"アサヒ　八重山","九州工場","九州工場","2026/07/30","2026/07/30","26-J0098366-013-771","MAMEKOKI","0.00","0.0","0.0","0.0","補修塗料 豆缶(沖縄専用)","2.5Y9/1","2","","2026/09/04","沖縄直送","2026/09/07","","未着手","","","製造"
"アサヒ　八重山","九州工場","九州工場","2026/07/30","2026/07/30","26-J0098366-011-771","SE0000WC","2.00","1,000.0","500.0","250.0","SUS PBﾄｸ 被せ 焼付","2.5Y9/1","2","ｱｰｽ(外) 外耳被せ蓋 開口 足付x4","2026/08/27","沖縄直送","2026/09/07","","曲げ","ラム","2026/08/24","製造"
"アサヒ　八重山","九州工場","九州工場","2026/07/30","2026/07/30","26-J0098366-010-771","SE0000WC","2.00","1,000.0","500.0","250.0","SUS PBﾄｸ 被せ 焼付","2.5Y9/1","2","ｱｰｽ(外) 外耳被せ蓋 開口 足付x4","2026/08/26","沖縄直送","2026/09/07","","溶接","テイン","2026/08/21","製造"
"アサヒ　八重山","九州工場","九州工場","2026/07/30","2026/07/30","26-J0098366-009-771","SE0000WC","2.00","1,000.0","500.0","250.0","SUS PBﾄｸ 被せ 焼付","2.5Y9/1","2","ｱｰｽ(外) 外耳被せ蓋 開口 足付x4","2026/08/25","沖縄直送","2026/09/07","","塗装","山口","2026/08/20","製造"
"アサヒ　八重山","九州工場","九州工場","2026/07/30","2026/07/30","26-J0098366-007-771","SE0000WC","2.00","1,000.0","500.0","250.0","SUS PBﾄｸ 被せ 焼付","2.5Y9/1","2","ｱｰｽ(外) 外耳被せ蓋 開口 足付x4","2026/08/21","沖縄直送","2026/09/07","","塗装","ナム","2026/08/18","製造"
"アサヒ　八重山","九州工場","九州工場","2026/07/30","2026/07/30","26-J0098366-008-771","SE0000WC","2.00","1,000.0","500.0","250.0","SUS PBﾄｸ 被せ 焼付","2.5Y9/1","2","ｱｰｽ(外) 外耳被せ蓋 開口 足付x4","2026/08/24","沖縄直送","2026/09/07","","塗装","ナム","2026/08/19","製造"
"アサヒ　八重山","九州工場","九州工場","2026/07/30","2026/07/30","26-J0098392-006-771","SE0000WC","2.00","700.0","700.0","300.0","SUS PBﾄｸ 被せ 焼付","2.5Y9/1","2","ｱｰｽ(外) 外耳被せ蓋 開口 足付","2026/09/07","沖縄直送","2026/09/07","","切断","林(浩)","2026/09/02","製造"
"アサヒ　八重山","九州工場","九州工場","2026/07/30","2026/07/30","26-J0098392-002-771","SE0000WC","2.00","700.0","700.0","300.0","SUS PBﾄｸ 被せ 焼付","2.5Y9/1","2","ｱｰｽ(外) 外耳被せ蓋 開口 足付","2026/09/01","沖縄直送","2026/09/07","","切断","林(浩)","2026/08/27","製造"
"アサヒ　八重山","九州工場","九州工場","2026/07/30","2026/07/30","26-J0098392-003-771","SE0000WC","2.00","700.0","700.0","300.0","SUS PBﾄｸ 被せ 焼付","2.5Y9/1","2","ｱｰｽ(外) 外耳被せ蓋 開口 足付","2026/09/03","沖縄直送","2026/09/07","","切断","林(浩)","2026/08/28","製造"
"アサヒ　八重山","九州工場","九州工場","2026/07/30","2026/07/30","26-J0098392-004-771","SE0000WC","2.00","700.0","700.0","300.0","SUS PBﾄｸ 被せ 焼付","2.5Y9/1","2","ｱｰｽ(外) 外耳被せ蓋 開口 足付","2026/09/03","沖縄直送","2026/09/07","","切断","林(浩)","2026/08/31","製造"
"アサヒ　八重山","九州工場","九州工場","2026/07/30","2026/07/30","26-J0098392-005-771","SE0000WC","2.00","700.0","700.0","300.0","SUS PBﾄｸ 被せ 焼付","2.5Y9/1","2","ｱｰｽ(外) 外耳被せ蓋 開口 足付","2026/09/04","沖縄直送","2026/09/07","","切断","林(浩)","2026/09/01","製造"
"アサヒ　八重山","九州工場","九州工場","2026/07/30","2026/07/30","26-J0098392-001-771","SE0000WC","2.00","700.0","700.0","300.0","SUS PBﾄｸ 被せ 焼付","2.5Y9/1","1","ｱｰｽ(外) 外耳被せ蓋 開口 足付","2026/08/31","沖縄直送","2026/09/07","","切断","森山","2026/08/26","製造"
"日本電設資材　福岡★","九州工場","九州工場","2026/06/29","2026/06/29","26-J0071589-002-771","IG0000G","0.00","215.0","210.0","1,100.0","鉄 架台","","1","さび止め [150×75×6.5t　L65×65×6t QR70用(EPS3)","2026/09/07","ヤマックス福岡","2026/09/08","","未着手","","2026/09/03","製造"
"日本電設資材　福岡★","九州工場","九州工場","2026/06/29","2026/06/29","26-J0071589-001-771","IG0000G","0.00","215.0","210.0","1,100.0","鉄 架台","","1","さび止め [150×75×6.5t　L65×65×6t QR70用(EPS1)","2026/09/07","ヤマックス福岡","2026/09/08","","未着手","","2026/09/03","製造"
"日本電設資材　福岡★","九州工場","九州工場","2026/06/29","2026/06/29","26-J0071589-003-771","IG0000G","0.00","215.0","210.0","900.0","鉄 架台","","1","さび止め [150x75x6.5t L65x65x6t QR50用(EPS2)","2026/09/07","ヤマックス福岡","2026/09/08","","未着手","","2026/09/03","製造"
"日本電設資材　福岡★","九州工場","九州工場","2026/06/29","2026/06/29","26-J0071589-005-771","IG0000G","0.00","215.0","210.0","900.0","鉄 架台","","1","さび止め [150x75x6.5t L65x65x6t QR50用(EPS4)","2026/09/07","ヤマックス福岡","2026/09/08","","未着手","","2026/09/03","製造"
"誠新産業　長崎★","九州工場","九州工場","2026/07/22","2026/07/22","26-J0090433-001-771","ZG0000","0.00","1,700.0","350.0","230.0","ZN 架台","","4","◆HDZT63 開口穴蓋2分割　HH-F3","2026/09/04","チャーター便","2026/09/08","","CAD/CAM","熊谷","2026/08/28","製造"
"誠新産業　長崎★","九州工場","九州工場","2026/07/22","2026/07/22","26-J0090433-004-771","ZG0000","9.00","828.0","410.0","0.0","ZN 架台","","8","HDZT77 蓋","2026/09/04","チャーター便","2026/09/08","","CAD/CAM","熊谷","2026/08/28","製造"
"ニッタマテリアル","九州工場","九州工場","2026/07/30","2026/07/30","26-J0098059-001-771","IBGF1250C","2.30","1,250.0","400.0","350.0","鉄 防球ガード 焼付","2.5Y9/1 近似色","32","搬送ファン用","2026/09/07","チャーター便","2026/09/08","","曲げ","道上","2026/09/04","製造"
"かごしま電工　城南★","九州工場","九州工場","2026/08/18","2026/08/18","26-J0108395-002-771","BE4040SCW","1.60","400.0","400.0","400.0","国土 PB 平 焼付","2.5Y9/1 近似色","3","ｱｰｽ  内ﾜﾆｽ","2026/09/03","福山通運　九州発送","2026/09/08","","曲げ","志田","2026/08/26","製造"
"かごしま電工　城南★","九州工場","九州工場","2026/08/18","2026/08/18","26-J0108395-001-771","BE3535SCW","1.60","350.0","350.0","350.0","国土 PB 平 焼付","2.5Y9/1 近似色","3","ｱｰｽ  内ﾜﾆｽ","2026/09/02","福山通運　九州発送","2026/09/08","","曲げ","志田","2026/08/25","製造"
"かごしま電工　城南★","九州工場","九州工場","2026/08/18","2026/08/18","26-J0108395-003-771","SE0000XCW","1.50","300.0","400.0","400.0","SUS PBﾄｸ 水切 焼付","2.5Y9/1 近似色","2","ｱｰｽ 内ﾜﾆｽ","2026/09/04","福山通運　九州発送","2026/09/08","","切断","岩本","2026/08/27","製造"
"かごしま電工　城南★","九州工場","九州工場","2026/08/18","2026/08/18","26-J0108416-005-771","BF0000G","1.60","500.0","300.0","300.0","国土 裏BOX","","4","ｱｰｽ無し  さび止め  内ﾜﾆｽ","2026/09/04","福山通運　九州発送","2026/09/08","","未着手","","2026/08/31","製造"
"かごしま電工　城南★","九州工場","九州工場","2026/08/18","2026/08/18","26-J0108416-001-771","BF0000G","1.60","250.0","250.0","250.0","国土 裏BOX","","4","ｱｰｽ  さび止め  内ﾜﾆｽ","2026/09/04","福山通運　九州発送","2026/09/08","","未着手","","2026/08/31","製造"
"日本電設資材　福岡★","九州工場","九州工場","2026/08/20","2026/08/20","26-J0111713-001-771","IMK0000G","4.50","1,100.0","100.0","40.0","鉄 曲金物","","1","さび止め　穴加工　EPS1","2026/09/07","ヤマックス福岡","2026/09/08","","CAD/CAM","熊谷","2026/09/01","製造"
"日本電設資材　福岡★","九州工場","九州工場","2026/08/20","2026/08/20","26-J0111713-002-771","IMK0000G","4.50","900.0","100.0","40.0","鉄 曲金物","","1","さび止め　穴加工　EPS2","2026/09/07","ヤマックス福岡","2026/09/08","","CAD/CAM","熊谷","2026/09/01","製造"
"日本電設資材　福岡★","九州工場","九州工場","2026/08/20","2026/08/20","26-J0111713-004-771","IMK0000G","4.50","900.0","100.0","40.0","鉄 曲金物","","1","さび止め　穴加工　EPS4","2026/09/07","ヤマックス福岡","2026/09/08","","CAD/CAM","熊谷","2026/09/01","製造"
"日本電設資材　福岡★","九州工場","九州工場","2026/08/20","2026/08/20","26-J0111713-003-771","IMK0000G","4.50","1,100.0","100.0","40.0","鉄 曲金物","","1","さび止め　穴加工　EPS3","2026/09/07","ヤマックス福岡","2026/09/08","","CAD/CAM","熊谷","2026/09/01","製造"
"日本電設資材　福岡★","九州工場","九州工場","2026/08/20","2026/08/20","26-J0111780-001-771","IKW0000G","1.60","860.0","130.0","230.0","鉄 貫通枠","","1","さび止め C125x65x6x8  EPS1","2026/09/07","ヤマックス福岡","2026/09/08","","CAD/CAM","熊谷","2026/09/01","製造"
"日本電設資材　福岡★","九州工場","九州工場","2026/08/20","2026/08/20","26-J0111780-002-771","IKW0000G","1.60","860.0","130.0","230.0","鉄 貫通枠","","1","さび止め C125x65x6x8  EPS2","2026/09/07","ヤマックス福岡","2026/09/08","","CAD/CAM","熊谷","2026/09/01","製造"
"日本電設資材　福岡★","九州工場","九州工場","2026/08/20","2026/08/20","26-J0111780-003-771","IKW0000G","1.60","310.0","130.0","230.0","鉄 貫通枠","","1","さび止め C125x65x6x8  EPS3","2026/09/07","ヤマックス福岡","2026/09/08","","CAD/CAM","熊谷","2026/09/01","製造"
"日本電設資材　福岡★","九州工場","九州工場","2026/08/20","2026/08/20","26-J0111780-004-771","IKW0000G","1.60","310.0","130.0","230.0","鉄 貫通枠","","1","さび止め C125x65x6x8  EPS4","2026/09/07","ヤマックス福岡","2026/09/08","","CAD/CAM","熊谷","2026/09/01","製造"
"Q-mast　電気グル－プ★","九州工場","九州工場","2026/08/04","2026/08/04","26-J0102432-001-771","DD0000N","2.30","800.0","200.0","25,950.0","Sﾀﾞｲﾏ ﾀﾞｸﾄ","","1","直線　平蓋　支持　ｾﾊﾟ無　ET 30分割　（うち10台）","2026/09/08","佐川急便","2026/09/09","","CAD/CAM","熊谷","2026/09/08","製造"
"Q-mast　電気グル－プ★","九州工場","九州工場","2026/08/04","2026/08/04","26-J0102432-002-771","DD0000N","2.30","600.0","200.0","25,950.0","Sﾀﾞｲﾏ ﾀﾞｸﾄ","","1","直線　平蓋　支持　ｾﾊﾟ無　ET 30分割（うち10台）","2026/09/08","佐川急便","2026/09/09","","CAD/CAM","熊谷","2026/09/08","製造"
"三和商事","九州工場","九州工場","2026/08/19","2026/08/19","26-J0110847-003-771","ZG0000","4.00","650.0","200.0","50.0","ZN 架台","","2","L50x50x4t 穴加工6-φ12　　/３","2026/09/01","イトカツ","2026/09/09","2026/09/02","未着手","","2026/08/26","製造"
"三和商事","九州工場","九州工場","2026/08/19","2026/08/19","26-J0110847-006-771","ZG0000","4.00","300.0","200.0","50.0","ZN 架台","","1","L50x50x4t 穴加工4-φ12　　/６","2026/09/01","イトカツ","2026/09/09","2026/09/02","未着手","","2026/08/26","製造"
"三和商事","九州工場","九州工場","2026/08/19","2026/08/19","26-J0110847-005-771","ZG0000","4.00","300.0","250.0","50.0","ZN 架台","","3","L50x50x4t 穴加工4-φ12　　/５","2026/09/01","イトカツ","2026/09/09","2026/09/02","未着手","","2026/08/26","製造"
"三和商事","九州工場","九州工場","2026/08/19","2026/08/19","26-J0110847-001-771","ZG0000","6.00","250.0","560.0","65.0","ZN 架台","","9","L65x65x6t 穴加工4-φ12　　/１","2026/09/01","イトカツ","2026/09/09","2026/09/02","切断","奈木野","2026/08/26","製造"
"三和商事","九州工場","九州工場","2026/08/19","2026/08/19","26-J0110847-002-771","ZG0000","4.00","300.0","200.0","50.0","ZN 架台","","11","L50x50x4t 穴加工4-φ12　　/２","2026/09/01","イトカツ","2026/09/09","2026/09/02","未着手","","2026/08/26","製造"
"三和商事","九州工場","九州工場","2026/08/19","2026/08/19","26-J0110847-004-771","ZG0000","4.00","300.0","500.0","50.0","ZN 架台","","4","L50x50x4t 穴加工4-φ12　　/４","2026/09/01","イトカツ","2026/09/09","2026/09/02","未着手","","2026/08/26","製造"
"ナミデン　山口★","九州工場","九州工場","2026/08/21","2026/08/21","26-J0112557-001-771","SD0000N","1.50","500.0","200.0","850.0","SUS ﾀﾞｸﾄ","","1","生地　水平L形　被せ蓋　ｱｰｽ、ｹｰﾌﾞﾙ支持棒　開口有","2026/09/09","福山通運　九州発送","2026/09/09","","未着手","","2026/09/09","製造"
"ナミデン　山口★","九州工場","九州工場","2026/08/21","2026/08/21","26-J0112557-002-771","SD0000N","1.50","500.0","200.0","1,300.0","SUS ﾀﾞｸﾄ","","1","生地　直線　被せ蓋　ｱｰｽ、ｹｰﾌﾞﾙ支持棒、防虫網","2026/09/09","福山通運　九州発送","2026/09/09","","未着手","","2026/09/09","製造"
"日本電設資材　福岡★","九州工場","九州工場","2026/07/30","2026/07/30","26-J0097732-004-771","ZIP0000","6.00","220.0","240.0","0.0","ZN ﾌﾟﾚｰﾄ","","18","穴加工　東側 B","2026/09/08","ヤマックス　ｽﾎﾟｯﾄ便","2026/09/10","","未着手","","","製造"
"日本電設資材　福岡★","九州工場","九州工場","2026/07/30","2026/07/30","26-J0097732-003-771","ZIP0000","6.00","180.0","40.0","0.0","ZN ﾌﾟﾚｰﾄ","","204","穴加工  東側 A","2026/09/08","ヤマックス　ｽﾎﾟｯﾄ便","2026/09/10","","未着手","","","製造"
"啓電社★","九州工場","九州工場","2026/07/31","2026/07/31","26-J0098753-003-771","ZG0000","0.00","1,600.0","0.0","0.0","ZN 架台","","1","C100x50x5x7.5 ｷｭｰﾋﾞｸﾙ架台","2026/09/09","ヤマックス福岡","2026/09/10","","未着手","","2026/08/31","製造"
"啓電社★","九州工場","九州工場","2026/07/31","2026/07/31","26-J0098753-006-771","ZG0000","0.00","1,450.0","0.0","0.0","ZN 架台","","1","C100x50x5x7.5 ｷｭｰﾋﾞｸﾙ架台","2026/09/09","ヤマックス福岡","2026/09/10","","未着手","","2026/08/31","製造"
"啓電社★","九州工場","九州工場","2026/07/31","2026/07/31","26-J0098753-005-771","ZG0000","0.00","2,450.0","0.0","0.0","ZN 架台","","1","C100x50x5x7.5 ｷｭｰﾋﾞｸﾙ架台","2026/09/09","ヤマックス福岡","2026/09/10","","未着手","","2026/08/31","製造"
"啓電社★","九州工場","九州工場","2026/07/31","2026/07/31","26-J0098753-001-771","ZG0000","0.00","3,500.0","0.0","0.0","ZN 架台","","1","C100x50x5x7.5 ｷｭｰﾋﾞｸﾙ架台","2026/09/09","ヤマックス福岡","2026/09/10","","未着手","","2026/08/31","製造"
"啓電社★","九州工場","九州工場","2026/07/31","2026/07/31","26-J0098753-002-771","ZG0000","0.00","2,600.0","0.0","0.0","ZN 架台","","1","C100x50x5x7.5 ｷｭｰﾋﾞｸﾙ架台","2026/09/09","ヤマックス福岡","2026/09/10","","未着手","","2026/08/31","製造"
"啓電社★","九州工場","九州工場","2026/07/31","2026/07/31","26-J0098753-004-771","ZG0000","0.00","3,800.0","0.0","0.0","ZN 架台","","1","C100x50x5x7.5 ｷｭｰﾋﾞｸﾙ架台","2026/09/09","ヤマックス福岡","2026/09/10","","未着手","","2026/08/31","製造"
"新光産業　本社","九州工場","九州工場","2026/08/13","2026/08/13","26-J0106130-006-771","BE6050SC","1.60","600.0","600.0","500.0","国土 PB 平 焼付","2.5Y9/1","1","ｱｰｽ","2026/09/11","沖縄直送","2026/09/11","","未着手","","2026/09/08","製造"
"新光産業　本社","九州工場","九州工場","2026/08/13","2026/08/13","26-J0106130-001-771","BE3030SC","1.60","300.0","300.0","300.0","国土 PB 平 焼付","2.5Y9/1","10","ｱｰｽ","2026/09/09","沖縄直送","2026/09/11","","未着手","","2026/09/04","製造"
"新光産業　本社","九州工場","九州工場","2026/08/13","2026/08/13","26-J0106130-002-771","BE3030SC","1.60","300.0","300.0","300.0","国土 PB 平 焼付","2.5Y9/1","4","ｱｰｽ","2026/09/10","沖縄直送","2026/09/11","","未着手","","2026/09/07","製造"
"新光産業　本社","九州工場","九州工場","2026/08/13","2026/08/13","26-J0106130-004-771","BE5040SC","1.60","500.0","500.0","400.0","国土 PB 平 焼付","2.5Y9/1","2","ｱｰｽ","2026/09/10","沖縄直送","2026/09/11","","未着手","","2026/09/07","製造"
"新光産業　本社","九州工場","九州工場","2026/08/13","2026/08/13","26-J0106130-005-771","BE5050SC","1.60","500.0","500.0","500.0","国土 PB 平 焼付","2.5Y9/1","4","ｱｰｽ","2026/09/11","沖縄直送","2026/09/11","","未着手","","2026/09/08","製造"
"新光産業　本社","九州工場","九州工場","2026/08/13","2026/08/13","26-J0106130-008-771","BE4030SC","1.60","400.0","400.0","300.0","国土 PB 平 焼付","2.5Y9/1","3","ｱｰｽ","2026/09/10","沖縄直送","2026/09/11","","未着手","","2026/09/07","製造"
"新光産業　本社","九州工場","九州工場","2026/08/13","2026/08/13","26-J0106130-007-771","BE3020SC","1.60","300.0","300.0","200.0","国土 PB 平 焼付","2.5Y9/1","2","ｱｰｽ","2026/09/09","沖縄直送","2026/09/11","","未着手","","2026/09/04","製造"
"米良電機　西★","九州工場","九州工場","2026/08/21","2026/08/21","26-J0112377-002-771","IIP0000C","2.30","510.0","510.0","0.0","鉄 ﾌﾟﾚｰﾄ 焼付","N9.5 近似色","42","開口有り","2026/09/09","佐川急便","2026/09/11","","CAD/CAM","熊谷","2026/09/02","製造"
"かごしま電工　南★","九州工場","九州工場","2026/08/20","2026/08/20","26-J0111380-001-771","IE6050SGW","1.60","600.0","600.0","500.0","鉄 PB 平","","2","ｱｰｽ さび止め 内ﾜﾆｽ","2026/09/11","佐川急便","2026/09/17","","未着手","","2026/09/07","製造"
"かごしま電工　南★","九州工場","九州工場","2026/08/20","2026/08/20","26-J0111388-003-771","DE6050WNW","1.60","600.0","600.0","500.0","Sﾀﾞｲﾏ PB 被せ","","1","ｱｰｽ 内ﾜﾆｽ","2026/09/11","佐川急便","2026/09/17","","切断","岩本","2026/09/07","製造"
"日本電設資材　福岡★","九州工場","九州工場","2026/08/20","2026/08/20","26-J0111657-003-771","IG0000G","0.00","215.0","210.0","900.0","鉄 架台","","1","さび止め [150x75x6.5t L65x65x6t QR50用(EPS2)","2026/09/16","ヤマックス福岡","2026/09/17","","未着手","","2026/09/14","製造"
"日本電設資材　福岡★","九州工場","九州工場","2026/08/20","2026/08/20","26-J0111657-004-771","IG0000G","0.00","215.0","210.0","900.0","鉄 架台","","1","さび止め [150x75x6.5t L65x65x6t QR50用(EPS4)","2026/09/16","ヤマックス福岡","2026/09/17","","未着手","","2026/09/14","製造"
"日本電設資材　福岡★","九州工場","九州工場","2026/08/20","2026/08/20","26-J0111657-002-771","IG0000G","0.00","215.0","210.0","1,100.0","鉄 架台","","1","さび止め [150×75×6.5t　L65×65×6t QR70用(EPS3)","2026/09/16","ヤマックス福岡","2026/09/17","","未着手","","2026/09/14","製造"
"日本電設資材　福岡★","九州工場","九州工場","2026/08/20","2026/08/20","26-J0111657-001-771","IG0000G","0.00","215.0","210.0","1,100.0","鉄 架台","","1","さび止め [150×75×6.5t　L65×65×6t QR70用(EPS1)","2026/09/16","ヤマックス福岡","2026/09/17","","未着手","","2026/09/14","製造"
"日本電設資材　福岡★","九州工場","九州工場","2026/08/20","2026/08/20","26-J0111746-003-771","IMK0000G","4.50","1,100.0","100.0","40.0","鉄 曲金物","","1","さび止め　穴加工　EPS3","2026/09/16","ヤマックス福岡","2026/09/17","","未着手","","2026/09/14","製造"
"日本電設資材　福岡★","九州工場","九州工場","2026/08/20","2026/08/20","26-J0111746-004-771","IMK0000G","4.50","900.0","100.0","40.0","鉄 曲金物","","1","さび止め　穴加工　EPS4","2026/09/16","ヤマックス福岡","2026/09/17","","未着手","","2026/09/14","製造"
"日本電設資材　福岡★","九州工場","九州工場","2026/08/20","2026/08/20","26-J0111746-002-771","IMK0000G","4.50","900.0","100.0","40.0","鉄 曲金物","","1","さび止め　穴加工　EPS2","2026/09/16","ヤマックス福岡","2026/09/17","","未着手","","2026/09/14","製造"
"日本電設資材　福岡★","九州工場","九州工場","2026/08/20","2026/08/20","26-J0111746-001-771","IMK0000G","4.50","1,100.0","100.0","40.0","鉄 曲金物","","1","さび止め　穴加工　EPS1","2026/09/16","ヤマックス福岡","2026/09/17","","未着手","","2026/09/14","製造"
"日本電設資材　福岡★","九州工場","九州工場","2026/08/20","2026/08/20","26-J0111797-001-771","IKW0000G","1.60","860.0","130.0","230.0","鉄 貫通枠","","1","さび止め C125x65x6x8  EPS1","2026/09/16","ヤマックス福岡","2026/09/17","","未着手","","2026/09/10","製造"
"日本電設資材　福岡★","九州工場","九州工場","2026/08/20","2026/08/20","26-J0111797-004-771","IKW0000G","1.60","310.0","130.0","230.0","鉄 貫通枠","","1","さび止め C125x65x6x8  EPS4","2026/09/16","ヤマックス福岡","2026/09/17","","未着手","","2026/09/10","製造"
"日本電設資材　福岡★","九州工場","九州工場","2026/08/20","2026/08/20","26-J0111797-003-771","IKW0000G","1.60","310.0","130.0","230.0","鉄 貫通枠","","1","さび止め C125x65x6x8  EPS3","2026/09/16","ヤマックス福岡","2026/09/17","","未着手","","2026/09/10","製造"
"日本電設資材　福岡★","九州工場","九州工場","2026/08/20","2026/08/20","26-J0111797-002-771","IKW0000G","1.60","860.0","130.0","230.0","鉄 貫通枠","","1","さび止め C125x65x6x8  EPS2","2026/09/16","ヤマックス福岡","2026/09/17","","未着手","","2026/09/10","製造"
"小林電工　岡山★","九州工場","九州工場","2026/08/05","2026/08/05","26-J0103166-005-771","IP0000SG","1.60","400.0","200.0","200.0","鉄 PBﾄｸ 平","","3","さび止め","2026/09/18","福山通運　九州発送","2026/09/18","","組立","服部","2026/08/19","製造"
"小林電工　岡山★","九州工場","九州工場","2026/08/05","2026/08/05","26-J0103173-009-771","SP0000WN","1.50","400.0","200.0","200.0","SUS PBﾄｸ 被せ","","3","","2026/09/18","福山通運　九州発送","2026/09/18","","組立","服部","2026/08/20","製造"
"Q-mast　空調管グル－プ★","九州工場","九州工場","2026/08/20","2026/08/20","26-J0111255-005-771","IG0000G","0.00","1,700.0","1,800.0","0.0","鉄 架台","","5","さび止め 6-P01","2026/09/03","ヤマックス　ｽﾎﾟｯﾄ便","2026/09/18","","未着手","","2026/09/02","製造"
"Q-mast　空調管グル－プ★","九州工場","九州工場","2026/08/20","2026/08/20","26-J0111255-001-771","IG0000G","0.00","1,700.0","1,800.0","0.0","鉄 架台","","1","さび止め 2-P01","2026/09/03","ヤマックス　ｽﾎﾟｯﾄ便","2026/09/18","","未着手","","2026/09/02","製造"
"Q-mast　空調管グル－プ★","九州工場","九州工場","2026/08/20","2026/08/20","26-J0111255-003-771","IG0000G","0.00","1,700.0","1,800.0","0.0","鉄 架台","","1","さび止め 4-P01","2026/09/03","ヤマックス　ｽﾎﾟｯﾄ便","2026/09/18","","未着手","","2026/09/02","製造"
"Q-mast　空調管グル－プ★","九州工場","九州工場","2026/08/20","2026/08/20","26-J0111255-004-771","IG0000G","0.00","1,700.0","1,800.0","0.0","鉄 架台","","1","さび止め 5-P01","2026/09/03","ヤマックス　ｽﾎﾟｯﾄ便","2026/09/18","","未着手","","2026/09/02","製造"
"Q-mast　空調管グル－プ★","九州工場","九州工場","2026/08/20","2026/08/20","26-J0111255-002-771","IG0000G","0.00","1,700.0","1,800.0","0.0","鉄 架台","","1","さび止め 3-P01","2026/09/03","ヤマックス　ｽﾎﾟｯﾄ便","2026/09/18","","未着手","","2026/09/02","製造"
"Q-mast　空調管グル－プ★","九州工場","九州工場","2026/08/20","2026/08/20","26-J0111407-010-771","IG0000G","0.00","1,300.0","1,800.0","0.0","鉄 架台","","1","さび止め 6-P02-2","2026/09/03","ヤマックス　ｽﾎﾟｯﾄ便","2026/09/18","","未着手","","2026/09/02","製造"
"Q-mast　空調管グル－プ★","九州工場","九州工場","2026/08/20","2026/08/20","26-J0111407-001-771","IG0000G","0.00","480.0","1,800.0","0.0","鉄 架台","","1","さび止め 2-P02-1","2026/09/03","ヤマックス　ｽﾎﾟｯﾄ便","2026/09/18","","未着手","","2026/09/02","製造"
"Q-mast　空調管グル－プ★","九州工場","九州工場","2026/08/20","2026/08/20","26-J0111407-008-771","IG0000G","0.00","1,300.0","1,800.0","0.0","鉄 架台","","1","さび止め 5-P02-2","2026/09/03","ヤマックス　ｽﾎﾟｯﾄ便","2026/09/18","","未着手","","2026/09/02","製造"
"Q-mast　空調管グル－プ★","九州工場","九州工場","2026/08/20","2026/08/20","26-J0111407-009-771","IG0000G","0.00","480.0","1,025.0","0.0","鉄 架台","","1","さび止め 6-P02-1","2026/09/03","ヤマックス　ｽﾎﾟｯﾄ便","2026/09/18","","未着手","","2026/09/02","製造"
"Q-mast　空調管グル－プ★","九州工場","九州工場","2026/08/20","2026/08/20","26-J0111407-007-771","IG0000G","0.00","480.0","1,800.0","0.0","鉄 架台","","1","さび止め 5-P02-1","2026/09/03","ヤマックス　ｽﾎﾟｯﾄ便","2026/09/18","","未着手","","2026/09/02","製造"
"Q-mast　空調管グル－プ★","九州工場","九州工場","2026/08/20","2026/08/20","26-J0111407-006-771","IG0000G","0.00","1,300.0","1,800.0","0.0","鉄 架台","","1","さび止め 4-P02-2","2026/09/03","ヤマックス　ｽﾎﾟｯﾄ便","2026/09/18","","未着手","","2026/09/02","製造"
"Q-mast　空調管グル－プ★","九州工場","九州工場","2026/08/20","2026/08/20","26-J0111407-005-771","IG0000G","0.00","480.0","1,800.0","0.0","鉄 架台","","1","さび止め 4-P02-1","2026/09/03","ヤマックス　ｽﾎﾟｯﾄ便","2026/09/18","","未着手","","2026/09/02","製造"
"Q-mast　空調管グル－プ★","九州工場","九州工場","2026/08/20","2026/08/20","26-J0111407-004-771","IG0000G","0.00","1,300.0","1,800.0","0.0","鉄 架台","","1","さび止め 3-P02-2","2026/09/03","ヤマックス　ｽﾎﾟｯﾄ便","2026/09/18","","未着手","","2026/09/02","製造"
"Q-mast　空調管グル－プ★","九州工場","九州工場","2026/08/20","2026/08/20","26-J0111407-003-771","IG0000G","0.00","480.0","1,800.0","0.0","鉄 架台","","1","さび止め 3-P02-1","2026/09/03","ヤマックス　ｽﾎﾟｯﾄ便","2026/09/18","","未着手","","2026/09/02","製造"
"Q-mast　空調管グル－プ★","九州工場","九州工場","2026/08/20","2026/08/20","26-J0111407-002-771","IG0000G","0.00","1,300.0","1,800.0","0.0","鉄 架台","","1","さび止め 2-P02-2","2026/09/03","ヤマックス　ｽﾎﾟｯﾄ便","2026/09/18","","未着手","","2026/09/02","製造"
"Q-mast　空調管グル－プ★","九州工場","九州工場","2026/08/20","2026/08/20","26-J0111437-003-771","IG0000G","0.00","725.0","1,650.0","450.0","鉄 架台","","5","さび止め　4-寮01","2026/09/03","ヤマックス　ｽﾎﾟｯﾄ便","2026/09/18","","未着手","","2026/09/02","製造"
"Q-mast　空調管グル－プ★","九州工場","九州工場","2026/08/20","2026/08/20","26-J0111437-001-771","IG0000G","0.00","725.0","1,650.0","450.0","鉄 架台","","5","さび止め　2-寮01","2026/09/03","ヤマックス　ｽﾎﾟｯﾄ便","2026/09/18","","未着手","","2026/09/02","製造"
"Q-mast　空調管グル－プ★","九州工場","九州工場","2026/08/20","2026/08/20","26-J0111437-002-771","IG0000G","0.00","725.0","1,650.0","450.0","鉄 架台","","5","さび止め　3-寮01","2026/09/03","ヤマックス　ｽﾎﾟｯﾄ便","2026/09/18","","未着手","","2026/09/02","製造"
"Q-mast　空調管グル－プ★","九州工場","九州工場","2026/08/20","2026/08/20","26-J0111437-004-771","IG0000G","0.00","725.0","1,650.0","450.0","鉄 架台","","5","さび止め　5-寮01","2026/09/03","ヤマックス　ｽﾎﾟｯﾄ便","2026/09/18","","未着手","","2026/09/02","製造"
"Q-mast　空調管グル－プ★","九州工場","九州工場","2026/08/20","2026/08/20","26-J0111437-005-771","IG0000G","0.00","725.0","1,650.0","450.0","鉄 架台","","5","さび止め　6-寮01","2026/09/03","ヤマックス　ｽﾎﾟｯﾄ便","2026/09/18","","未着手","","2026/09/02","製造"
"Q-mast　空調管グル－プ★","九州工場","九州工場","2026/08/20","2026/08/20","26-J0111479-002-771","IG0000G","0.00","725.0","1,650.0","450.0","鉄 架台","","5","さび止め　3-寮02","2026/09/03","ヤマックス　ｽﾎﾟｯﾄ便","2026/09/18","","未着手","","2026/09/02","製造"
"Q-mast　空調管グル－プ★","九州工場","九州工場","2026/08/20","2026/08/20","26-J0111479-001-771","IG0000G","0.00","725.0","1,650.0","450.0","鉄 架台","","5","さび止め　2-寮02","2026/09/03","ヤマックス　ｽﾎﾟｯﾄ便","2026/09/18","","未着手","","2026/09/02","製造"
"Q-mast　空調管グル－プ★","九州工場","九州工場","2026/08/20","2026/08/20","26-J0111479-005-771","IG0000G","0.00","725.0","1,650.0","450.0","鉄 架台","","5","さび止め　6-寮02","2026/09/03","ヤマックス　ｽﾎﾟｯﾄ便","2026/09/18","","未着手","","2026/09/02","製造"
"Q-mast　空調管グル－プ★","九州工場","九州工場","2026/08/20","2026/08/20","26-J0111479-004-771","IG0000G","0.00","725.0","1,650.0","450.0","鉄 架台","","5","さび止め　5-寮02","2026/09/03","ヤマックス　ｽﾎﾟｯﾄ便","2026/09/18","","未着手","","2026/09/02","製造"
"Q-mast　空調管グル－プ★","九州工場","九州工場","2026/08/20","2026/08/20","26-J0111479-003-771","IG0000G","0.00","725.0","1,650.0","450.0","鉄 架台","","5","さび止め　4-寮02","2026/09/03","ヤマックス　ｽﾎﾟｯﾄ便","2026/09/18","","未着手","","2026/09/02","製造"
"シンセイ　岡山★","九州工場","九州工場","2026/08/07","2026/08/07","26-J0105553-001-771","ZCI0000","0.00","250.0","0.0","0.0","ZN ﾁｬﾝﾈﾙ","","20","HDZT70 穴加工ｱﾘ","2026/09/24","福山通運　九州発送","2026/09/24","","未着手","","2026/09/14","製造"
"宮地電機　南予","九州工場","九州工場","2026/08/18","2026/08/18","26-J0108990-001-771","SD0000N","1.50","250.0","100.0","1,300.0","SUS ﾀﾞｸﾄ","","1","ﾒｸﾗ･ｺﾞﾑﾊﾟｯｷﾝ･支持棒付","2026/09/24","福山通運　九州発送","2026/09/24","","未着手","","2026/09/24","製造"
"宮地電機　南予","九州工場","九州工場","2026/08/18","2026/08/18","26-J0108990-002-771","SD0000N","1.50","250.0","250.0","500.0","SUS ﾀﾞｸﾄ","","1","/80/350 ﾒｸﾗ･ｺﾞﾑﾊﾟｯｷﾝ付","2026/09/24","福山通運　九州発送","2026/09/24","","未着手","","2026/09/24","製造"
"三興マテリアルサプライ　大阪★","九州工場","九州工場","2026/05/12","2026/05/12","26-J0036706-001-771","ZP0000W","3.20","1,000.0","300.0","200.0","ZN PBﾄｸ 被せ","","1","◆","2026/09/29","福山通運　九州発送","2026/09/29","","CAD/CAM","熊谷","2026/09/16","製造"
"イシグロ　福岡★","九州工場","九州工場","2026/08/04","2026/08/04","26-J0101789-007-771","IST0000C","0.00","150.0","90.0","350.0","鉄 ｽﾀﾝｼｮﾝ 焼付","N7.0 近似色","6","","2026/09/28","チャーター便","2026/09/29","","未着手","","2026/09/10","製造"
"イシグロ　福岡★","九州工場","九州工場","2026/08/04","2026/08/04","26-J0101789-004-771","IG0000C","0.00","880.0","880.0","910.0","鉄 架台 焼付","N7.0 近似色","3","原料タンク架台","2026/09/28","チャーター便","2026/09/29","","未着手","","2026/09/10","製造"
"イシグロ　福岡★","九州工場","九州工場","2026/08/04","2026/08/04","26-J0101789-003-771","IG0000C","0.00","1,050.0","920.0","850.0","鉄 架台 焼付","N7.0 近似色","6","BF架台","2026/09/28","チャーター便","2026/09/29","","切断","森山","2026/09/10","製造"
"イシグロ　福岡★","九州工場","九州工場","2026/08/04","2026/08/04","26-J0101789-002-771","IG0000C","0.00","1,043.0","652.5","1,598.0","鉄 架台 焼付","N7.0 近似色","6","分級機架台","2026/09/28","チャーター便","2026/09/29","","切断","林(浩)","2026/09/10","製造"
"イシグロ　福岡★","九州工場","九州工場","2026/08/04","2026/08/04","26-J0101789-001-771","IG0000C","0.00","340.0","340.0","270.0","鉄 架台 焼付","N7.0 近似色","6","フィーダー取付架台","2026/09/28","チャーター便","2026/09/29","","未着手","","2026/09/10","製造"
"イシグロ　福岡★","九州工場","九州工場","2026/08/04","2026/08/04","26-J0101789-005-771","IG0000C","0.00","720.0","720.0","409.0","鉄 架台 焼付","N7.0 近似色","4","TA2架台","2026/09/28","チャーター便","2026/09/29","","未着手","","2026/09/10","製造"
"イシグロ　福岡★","九州工場","九州工場","2026/08/04","2026/08/04","26-J0101789-006-771","IST0000C","0.00","150.0","150.0","1,100.0","鉄 ｽﾀﾝｼｮﾝ 焼付","N7.0 近似色","6","伝送器取付スタンドA","2026/09/28","チャーター便","2026/09/29","","未着手","","2026/09/10","製造"
"九州三菱電機販売　中津","九州工場","九州工場","2026/08/03","2026/08/03","26-J0101194-001-771","IBGE1800C","2.30","1,800.0","800.0","350.0","鉄 防球ガード 焼付","","12","天吊形空調機用　フルオープン","2026/10/01","チャーター便","2026/10/02","","未着手","","2026/09/24","製造"
"中国機材設備　本社★","九州工場","九州工場","2026/08/18","2026/08/18","26-J0109466-008-771","SE0000XN","1.50","600.0","400.0","300.0","SUS PBﾄｸ 水切","","1","ｱｰｽ　","2026/10/02","佐川急便","2026/10/02","","未着手","","2026/10/02","製造"
"中国機材設備　本社★","九州工場","九州工場","2026/08/18","2026/08/18","26-J0109467-003-771","BE4030SC","1.60","400.0","400.0","300.0","国土 PB 平 焼付","2.5Y9/1 近似色","1","ｱｰｽ","2026/10/02","佐川急便","2026/10/02","","曲げ","志田","2026/09/28","製造"
"中国機材設備　本社★","九州工場","九州工場","2026/08/18","2026/08/18","26-J0109467-007-771","BE4030SC","1.60","400.0","400.0","300.0","国土 PB 平 焼付","2.5Y9/1 近似色","1","ｱｰｽ","2026/10/02","佐川急便","2026/10/02","","曲げ","志田","2026/09/28","製造"
"日本電設資材　福岡★","九州工場","九州工場","2026/08/20","2026/08/20","26-J0111678-001-771","IG0000G","0.00","215.0","210.0","1,100.0","鉄 架台","","1","さび止め [150×75×6.5t　L65×65×6t QR70用(EPS1)","2026/10/01","ヤマックス福岡","2026/10/02","","未着手","","2026/09/28","製造"
"日本電設資材　福岡★","九州工場","九州工場","2026/08/20","2026/08/20","26-J0111678-004-771","IG0000G","0.00","215.0","210.0","900.0","鉄 架台","","1","さび止め [150x75x6.5t L65x65x6t QR50用(EPS4)","2026/10/01","ヤマックス福岡","2026/10/02","","未着手","","2026/09/28","製造"
"日本電設資材　福岡★","九州工場","九州工場","2026/08/20","2026/08/20","26-J0111678-003-771","IG0000G","0.00","215.0","210.0","900.0","鉄 架台","","1","さび止め [150x75x6.5t L65x65x6t QR50用(EPS2)","2026/10/01","ヤマックス福岡","2026/10/02","","未着手","","2026/09/28","製造"
"日本電設資材　福岡★","九州工場","九州工場","2026/08/20","2026/08/20","26-J0111678-002-771","IG0000G","0.00","215.0","210.0","1,100.0","鉄 架台","","1","さび止め [150×75×6.5t　L65×65×6t QR70用(EPS3)","2026/10/01","ヤマックス福岡","2026/10/02","","未着手","","2026/09/28","製造"
"日本電設資材　福岡★","九州工場","九州工場","2026/08/20","2026/08/20","26-J0111760-004-771","IMK0000G","4.50","900.0","100.0","40.0","鉄 曲金物","","1","さび止め　穴加工　EPS4","2026/10/01","ヤマックス福岡","2026/10/02","","未着手","","2026/09/28","製造"
"日本電設資材　福岡★","九州工場","九州工場","2026/08/20","2026/08/20","26-J0111760-003-771","IMK0000G","4.50","1,100.0","100.0","40.0","鉄 曲金物","","1","さび止め　穴加工　EPS3","2026/10/01","ヤマックス福岡","2026/10/02","","未着手","","2026/09/28","製造"
"日本電設資材　福岡★","九州工場","九州工場","2026/08/20","2026/08/20","26-J0111760-002-771","IMK0000G","4.50","900.0","100.0","40.0","鉄 曲金物","","1","さび止め　穴加工　EPS2","2026/10/01","ヤマックス福岡","2026/10/02","","未着手","","2026/09/28","製造"
"日本電設資材　福岡★","九州工場","九州工場","2026/08/20","2026/08/20","26-J0111760-001-771","IMK0000G","4.50","1,100.0","100.0","40.0","鉄 曲金物","","1","さび止め　穴加工　EPS1","2026/10/01","ヤマックス福岡","2026/10/02","","未着手","","2026/09/28","製造"
"日本電設資材　福岡★","九州工場","九州工場","2026/08/20","2026/08/20","26-J0111806-003-771","IKW0000G","1.60","310.0","130.0","230.0","鉄 貫通枠","","1","さび止め C125x65x6x8  EPS3","2026/10/01","ヤマックス福岡","2026/10/02","","未着手","","2026/09/24","製造"
"日本電設資材　福岡★","九州工場","九州工場","2026/08/20","2026/08/20","26-J0111806-002-771","IKW0000G","1.60","860.0","130.0","230.0","鉄 貫通枠","","1","さび止め C125x65x6x8  EPS2","2026/10/01","ヤマックス福岡","2026/10/02","","未着手","","2026/09/24","製造"
"日本電設資材　福岡★","九州工場","九州工場","2026/08/20","2026/08/20","26-J0111806-001-771","IKW0000G","1.60","860.0","130.0","230.0","鉄 貫通枠","","1","さび止め C125x65x6x8  EPS1","2026/10/01","ヤマックス福岡","2026/10/02","","未着手","","2026/09/24","製造"
"日本電設資材　福岡★","九州工場","九州工場","2026/08/20","2026/08/20","26-J0111806-004-771","IKW0000G","1.60","310.0","130.0","230.0","鉄 貫通枠","","1","さび止め C125x65x6x8  EPS4","2026/10/01","ヤマックス福岡","2026/10/02","","未着手","","2026/09/24","製造"
"栗田電機　松山★","九州工場","九州工場","2026/08/20","2026/08/20","26-J0111710-001-771","IIP0000C","1.60","1,290.0","290.0","0.0","鉄 ﾌﾟﾚｰﾄ 焼付","N9.5(近似色)","10","L型金物･開口ｱﾘ","2026/10/05","福山通運　九州発送","2026/10/05","","未着手","","2026/09/29","製造"
"九州三菱電機販売　中津","九州工場","九州工場","2026/08/03","2026/08/03","26-J0101187-003-771","IBGE1800C","2.30","1,800.0","800.0","350.0","鉄 防球ガード 焼付","","10","天吊形空調機用　フルオープン","2026/10/07","チャーター便","2026/10/08","","未着手","","2026/10/01","製造"
"九州三菱電機販売　中津","九州工場","九州工場","2026/08/03","2026/08/03","26-J0101190-001-771","IBGE1800C","2.30","1,800.0","800.0","350.0","鉄 防球ガード 焼付","","10","天吊形空調機用　フルオープン","2026/10/13","チャーター便","2026/10/14","","未着手","","2026/10/05","製造"
"日本電設資材　福岡★","九州工場","九州工場","2026/08/06","2026/08/06","26-J0104501-002-771","ZIP0000","6.00","220.0","240.0","0.0","ZN ﾌﾟﾚｰﾄ","","18","穴加工　西側 B","2026/10/14","ヤマックス　ｽﾎﾟｯﾄ便","2026/10/15","","未着手","","2026/08/17","製造"
"日本電設資材　福岡★","九州工場","九州工場","2026/08/06","2026/08/06","26-J0104501-001-771","ZIP0000","6.00","180.0","40.0","0.0","ZN ﾌﾟﾚｰﾄ","","222","穴加工  西側 A","2026/10/14","ヤマックス　ｽﾎﾟｯﾄ便","2026/10/15","","未着手","","2026/08/17","製造"
"シンセイ　広島第二★","九州工場","九州工場","2026/07/27","2026/07/27","26-J0094371-001-771","SD0000N","2.00","250.0","150.0","4,000.0","SUS ﾀﾞｸﾄ","","2","ｱｰｽ 平蓋 SUSD15溶接","2026/10/19","福山通運　九州発送","2026/10/20","","未着手","","2026/10/19","製造"
"シンセイ　広島第二★","九州工場","九州工場","2026/07/27","2026/07/27","26-J0094375-001-771","SD0000N","2.00","250.0","150.0","4,000.0","SUS ﾀﾞｸﾄ","","2","ｱｰｽ 平蓋 SUSD15溶接","2026/10/20","福山通運　九州発送","2026/10/21","","未着手","","2026/10/20","製造"
"日本テクロ　広島★","九州工場","九州工場","2026/08/20","2026/08/20","26-J0111924-001-771","ZE0000WA","2.30","250.0","250.0","150.0","ZN PBﾄｸ 被せ","","1","ｱｰｽ 足付","2026/10/22","佐川急便","2026/10/22","","未着手","","2026/10/14","製造"
"","九州工場","九州工場","","2026/07/23","26-R0001906-001-771","SP2015WN","1.50","200.0","200.0","150.0","SUS PB 被せ","","1","防水試験用　奈良工場送り","2026/08/28","","","","曲げ","ラム","2026/08/27","製造"
"","九州工場","九州工場","","2026/07/23","26-R0001907-001-771","SP2015XN","1.50","200.0","200.0","150.0","SUS PB 水切","","1","防水試験用　奈良工場送り","2026/08/28","","","","未着手","","2026/08/27","製造"
"","九州工場","九州工場","","2026/07/23","26-R0001908-001-771","BP2015XG","1.60","200.0","200.0","150.0","国土 PB 水切","","1","ｱｰｽ無 さび止め 防水試験用　奈良工場送り","2026/08/28","","","","仕上","山口","2026/08/26","製造"
"","九州工場","九州工場","","2026/08/03","26-R0002050-001-771","SP5050WN","1.50","500.0","500.0","500.0","SUS PB 被せ","","4","***北","2026/08/21","自社便","","2026/08/24","組立","樋口","2026/08/20","製造"
"","九州工場","九州工場","","2026/08/03","26-R0002051-001-771","SE6060XN","1.50","600.0","600.0","600.0","SUS PB 水切","","4","***北ｱｰｽ","2026/08/24","自社便","","2026/08/25","溶接","ロン","2026/08/21","製造"
"","九州工場","九州工場","","2026/08/03","26-R0002058-001-771","SE4030XN","1.50","400.0","400.0","300.0","SUS PB 水切","","8","***北ｱｰｽ","2026/08/21","自社便","","2026/08/24","組立","服部","2026/08/20","製造"
"","九州工場","九州工場","","2026/08/03","26-R0002059-001-771","SE5040XN","1.50","500.0","500.0","400.0","SUS PB 水切","","6","***北ｱｰｽ","2026/08/21","自社便","","2026/08/24","組立","樋口","2026/08/20","製造"
"","九州工場","九州工場","","2026/08/03","26-R0002062-001-771","SE4020XN","1.50","400.0","400.0","200.0","SUS PB 水切","","8","***北ｱｰｽ","2026/08/24","自社便","","2026/08/25","溶接","テイン","2026/08/21","製造"
"","九州工場","九州工場","","2026/08/03","26-R0002063-001-771","SE5040XN","1.50","500.0","500.0","400.0","SUS PB 水切","","6","***北ｱｰｽ","2026/08/24","自社便","","2026/08/25","溶接","ハイ","2026/08/21","製造"
"","九州工場","九州工場","","2026/08/03","26-R0002067-001-771","SE3020XC2","1.50","300.0","300.0","200.0","SUS PB 水切 焼付","2.5Y9/1","6","***沖縄ｱｰｽ 2.5Y9/1","2026/08/24","イトカツ","","2026/08/24","塗装","三澄","2026/08/19","製造"
"","九州工場","九州工場","","2026/08/03","26-R0002068-001-771","SE5020XC2","1.50","500.0","500.0","200.0","SUS PB 水切 焼付","2.5Y9/1","4","***沖縄ｱｰｽ 2.5Y9/1","2026/08/24","自社便","","2026/08/25","塗装","柴﨑","2026/08/19","製造"
"","九州工場","九州工場","","2026/08/03","26-R0002069-001-771","SE3010XC2","1.50","300.0","300.0","100.0","SUS PB 水切 焼付","2.5Y9/1","8","***沖縄ｱｰｽ 2.5Y9/1","2026/08/25","イトカツ","","2026/08/25","仕上","三澄","2026/08/20","製造"
"","九州工場","九州工場","","2026/08/03","26-R0002070-001-771","SE3020XC5","1.50","300.0","300.0","200.0","SUS PB 水切 焼付","5Y7/1","2","***沖縄ｱｰｽ 5Y7/1","2026/08/25","イトカツ","","2026/08/25","仕上","山口","2026/08/20","製造"
"","九州工場","九州工場","","2026/08/05","26-R0002081-001-771","SE1510XNN","1.50","150.0","150.0","100.0","SUS PB 水切","","10","***北ｱｰｽ生地(焼付用)","2026/08/25","","","","曲げ","ラム","2026/08/24","製造"
"","九州工場","九州工場","","2026/08/05","26-R0002082-001-771","BE2015SNN","1.60","200.0","200.0","150.0","国土 PB 平","","10","***北ｱｰｽ 生地(焼付用)","2026/08/25","","","","曲げ","志田","2026/08/24","製造"
"","九州工場","九州工場","","2026/08/07","26-R0002094-001-771","SE5050XN","1.50","500.0","500.0","500.0","SUS PB 水切","","4","***北ｱｰｽ","2026/08/25","自社便","","2026/08/26","溶接","テイン","2026/08/24","製造"
"","九州工場","九州工場","","2026/08/07","26-R0002095-001-771","SP5050WN","1.50","500.0","500.0","500.0","SUS PB 被せ","","4","***北","2026/08/26","自社便","","2026/08/27","曲げ","ラム","2026/08/25","製造"
"","九州工場","九州工場","","2026/08/07","26-R0002096-001-771","SE6060XN","1.50","600.0","600.0","600.0","SUS PB 水切","","4","***北ｱｰｽ","2026/08/27","自社便","","2026/08/28","切断","岩本","2026/08/26","製造"
"","九州工場","九州工場","","2026/08/07","26-R0002097-001-771","SE5050XN","1.50","500.0","500.0","500.0","SUS PB 水切","","4","***北ｱｰｽ","2026/08/28","自社便","","2026/08/31","切断","岩本","2026/08/27","製造"
"","九州工場","九州工場","","2026/08/07","26-R0002099-001-771","SP5050WN","1.50","500.0","500.0","500.0","SUS PB 被せ","","4","***北","2026/08/31","自社便","","2026/09/01","未着手","","2026/08/28","製造"
"","九州工場","九州工場","","2026/08/07","26-R0002100-001-771","SE4020XN","1.50","400.0","400.0","200.0","SUS PB 水切","","8","***北ｱｰｽ","2026/08/25","自社便","","2026/08/26","曲げ","ラム","2026/08/24","製造"
"","九州工場","九州工場","","2026/08/07","26-R0002101-001-771","SE5030XN","1.50","500.0","500.0","300.0","SUS PB 水切","","6","***北ｱｰｽ","2026/08/25","自社便","","2026/08/26","曲げ","ラム","2026/08/24","製造"
"","九州工場","九州工場","","2026/08/07","26-R0002102-001-771","SE4040XN","1.50","400.0","400.0","400.0","SUS PB 水切","","6","***北ｱｰｽ","2026/08/26","自社便","","2026/08/27","曲げ","ラム","2026/08/25","製造"
"","九州工場","九州工場","","2026/08/07","26-R0002103-001-771","SE4030XN","1.50","400.0","400.0","300.0","SUS PB 水切","","8","***北ｱｰｽ","2026/08/26","自社便","","2026/08/27","曲げ","ラム","2026/08/25","製造"
"","九州工場","九州工場","","2026/08/07","26-R0002104-001-771","SE4040XN","1.50","400.0","400.0","400.0","SUS PB 水切","","6","***北ｱｰｽ","2026/08/27","自社便","","2026/08/28","切断","岩本","2026/08/26","製造"
"","九州工場","九州工場","","2026/08/07","26-R0002105-001-771","SE4030XN","1.50","400.0","400.0","300.0","SUS PB 水切","","8","***北ｱｰｽ","2026/08/27","自社便","","2026/08/28","切断","岩本","2026/08/26","製造"
"","九州工場","九州工場","","2026/08/07","26-R0002106-001-771","SE4020XN","1.50","400.0","400.0","200.0","SUS PB 水切","","8","***北ｱｰｽ","2026/08/28","自社便","","2026/08/31","切断","岩本","2026/08/27","製造"
"","九州工場","九州工場","","2026/08/07","26-R0002107-001-771","SE4020XN","1.50","400.0","400.0","200.0","SUS PB 水切","","8","***北ｱｰｽ","2026/08/31","自社便","","2026/09/01","未着手","","2026/08/28","製造"
"","九州工場","九州工場","","2026/08/07","26-R0002108-001-771","SE5020XC2","1.50","500.0","500.0","200.0","SUS PB 水切 焼付","2.5Y9/1","4","***沖縄ｱｰｽ 2.5Y9/1","2026/08/27","自社便","","2026/08/28","曲げ","ラム","2026/08/24","製造"
"","九州工場","九州工場","","2026/08/07","26-R0002109-001-771","SE4040XC2","1.50","400.0","400.0","400.0","SUS PB 水切 焼付","2.5Y9/1","4","***沖縄ｱｰｽ 2.5Y9/1","2026/08/27","自社便","","2026/08/28","溶接","テイン","2026/08/24","製造"
"","九州工場","九州工場","","2026/08/07","26-R0002110-001-771","SE5030XC2","1.50","500.0","500.0","300.0","SUS PB 水切 焼付","2.5Y9/1","3","***沖縄ｱｰｽ 2.5Y9/1","2026/08/28","自社便","","2026/08/31","曲げ","ラム","2026/08/25","製造"
"","九州工場","九州工場","","2026/08/07","26-R0002111-001-771","SE6030XC2","1.50","600.0","600.0","300.0","SUS PB 水切 焼付","2.5Y9/1","2","***沖縄ｱｰｽ 2.5Y9/1","2026/08/31","イトカツ","","2026/08/31","切断","岩本","2026/08/26","製造"
"","九州工場","九州工場","","2026/08/07","26-R0002112-001-771","SE2010SC2","1.50","200.0","200.0","100.0","SUS PB 平 焼付","2.5Y9/1","10","***沖縄ｱｰｽ 2.5Y9/1 ﾊﾟｯｷﾝ付","2026/08/31","イトカツ","","2026/08/31","曲げ","志田","2026/08/26","製造"
"","九州工場","九州工場","","2026/08/07","26-R0002113-001-771","BE2515SC2","1.60","250.0","250.0","150.0","国土 PB 平 焼付","2.5Y9/1","4","***沖縄ｱｰｽ 2.5Y9/1","2026/09/02","イトカツ","","2026/09/02","切断","林(浩)","2026/08/28","製造"
"","九州工場","九州工場","","2026/08/07","26-R0002114-001-771","BE2520SC2","1.60","250.0","250.0","200.0","国土 PB 平 焼付","2.5Y9/1","4","***沖縄ｱｰｽ 2.5Y9/1","2026/09/02","イトカツ","","2026/09/02","切断","林(浩)","2026/08/28","製造"
"","九州工場","九州工場","","2026/08/07","26-R0002115-001-771","BE3020SC2","1.60","300.0","300.0","200.0","国土 PB 平 焼付","2.5Y9/1","6","***沖縄ｱｰｽ 2.5Y9/1","2026/08/28","イトカツ","","2026/08/31","塗装","山口","2026/08/25","製造"
"","九州工場","九州工専用","","2026/08/17","26-R0002121-001-7715","IBGC1800C","2.30","1,800.0","800.0","350.0","鉄 防球ガード 焼付","2.5Y9/1","6","***北 天吊形空調機用","2026/08/07","","","","未着手","","2026/08/04","製造"
"","九州工場","九州工専用","","2026/08/17","26-R0002122-001-7715","IBGC1800C","2.30","1,800.0","800.0","350.0","鉄 防球ガード 焼付","2.5Y9/1","6","***北　天吊形空調機用","2026/08/28","","","","未着手","","2026/08/04","製造"
"","九州工場","九州工場","","2026/08/17","26-R0002187-001-771","BE2010SNN","1.60","200.0","200.0","100.0","国土 PB 平","","10","***北ｱｰｽ 生地(焼付用)","2026/08/24","","","","仕上","三澄","2026/08/21","製造"
"","九州工場","九州工場","","2026/08/17","26-R0002188-001-771","BE2020SNN","1.60","200.0","200.0","200.0","国土 PB 平","","10","***北ｱｰｽ 生地(焼付用)","2026/08/26","","","","曲げ","志田","2026/08/25","製造"
"","九州工場","九州工場","","2026/08/17","26-R0002189-001-771","BE2010SNN","1.60","200.0","200.0","100.0","国土 PB 平","","10","***北ｱｰｽ 生地(焼付用)","2026/08/27","","","","仕上","三澄","2026/08/26","製造"
"","九州工場","九州工場","","2026/08/19","26-R0002326-001-771","SE6060XC2","1.50","600.0","600.0","600.0","SUS PB 水切 焼付","2.5Y9/1","2","***沖縄ｱｰｽ 2.5Y9/1","2026/08/26","イトカツ","","2026/08/26","仕上","三澄","2026/08/21","製造"
"","九州工場","九州工場","","2026/08/19","26-R0002327-001-771","SE4020XC5","1.50","400.0","400.0","200.0","SUS PB 水切 焼付","5Y7/1","2","***沖縄ｱｰｽ 5Y7/1","2026/08/26","イトカツ","","2026/08/26","仕上","山口","2026/08/21","製造"
"","九州工場","九州工場","","2026/08/19","26-R0002328-001-771","SE6040XC2","1.50","600.0","600.0","400.0","SUS PB 水切 焼付","2.5Y9/1","1","***沖縄ｱｰｽ 2.5Y9/1","2026/08/26","イトカツ","","2026/08/26","仕上","山口","2026/08/21","製造"
"","九州工場","九州工場","","2026/08/19","26-R0002329-001-771","IE2020SC2","1.60","200.0","200.0","200.0","鉄 PB 平 焼付","2.5Y9/1","12","***沖縄ｱｰｽ 2.5Y9/1","2026/08/26","イトカツ","","2026/08/26","溶接","マイン","2026/08/21","製造"
"","九州工場","九州工場","","2026/08/19","26-R0002330-001-771","SE1510XC5","1.50","150.0","150.0","100.0","SUS PB 水切 焼付","5Y7/1","10","***沖縄ｱｰｽ 5Y7/1","2026/08/26","イトカツ","","2026/08/26","仕上","三澄","2026/08/21","製造"
"","九州工場","九州工場","","2026/08/21","26-R0002359-001-771","SE5050WN","1.50","500.0","500.0","500.0","SUS PB 被せ","","4","***北ｱｰｽ","2026/08/25","自社便","","2026/08/26","切断","岩本","2026/08/24","製造"
"","九州工場","九州工場","","2026/08/21","26-R0002360-001-771","SE5050WN","1.50","500.0","500.0","500.0","SUS PB 被せ","","4","***北ｱｰｽ","2026/08/27","自社便","","2026/08/28","未着手","","2026/08/26","製造"
"","九州工場","九州工場","","2026/08/21","26-R0002361-001-771","SE5050WN","1.50","500.0","500.0","500.0","SUS PB 被せ","","4","***北ｱｰｽ","2026/08/28","自社便","","2026/08/31","未着手","","2026/08/27","製造"
"","九州工場","九州工場","","2026/08/21","26-R0002362-001-771","IP5040SG","1.60","500.0","500.0","400.0","鉄 PB 平","","4","***北さび止め","2026/08/27","自社便","","2026/08/28","切断","林(浩)","2026/08/26","製造"
"","九州工場","九州工場","","2026/08/21","26-R0002363-001-771","IP4030SG","1.60","400.0","400.0","300.0","鉄 PB 平","","6","***北さび止め","2026/08/27","自社便","","2026/08/28","未着手","","2026/08/26","製造"
"","九州工場","九州工場","","2026/08/21","26-R0002364-001-771","IP5040SG","1.60","500.0","500.0","400.0","鉄 PB 平","","4","***北さび止め","2026/08/28","自社便","","2026/08/31","切断","林(浩)","2026/08/27","製造"
"","九州工場","九州工場","","2026/08/21","26-R0002365-001-771","IP4040SG","1.60","400.0","400.0","400.0","鉄 PB 平","","6","***北さび止め","2026/08/28","自社便","","2026/08/31","未着手","","2026/08/27","製造"
"","九州工場","九州工場","","2026/08/21","26-R0002366-001-771","IP4040SG","1.60","400.0","400.0","400.0","鉄 PB 平","","6","***北さび止め","2026/08/31","自社便","","2026/09/01","未着手","","2026/08/28","製造"
"","九州工場","九州工場","","2026/08/21","26-R0002367-001-771","IP4030SG","1.60","400.0","400.0","300.0","鉄 PB 平","","6","***北さび止め","2026/08/31","自社便","","2026/09/01","未着手","","2026/08/28","製造"
"","九州工場","九州工場","","2026/08/21","26-R0002368-001-771","SP6030WN","1.50","600.0","600.0","300.0","SUS PB 被せ","","4","***北","2026/08/28","自社便","","2026/08/31","未着手","","2026/08/27","製造"
"","九州工場","九州工場","","2026/08/21","26-R0002369-001-771","S02025SN","1.50","250.0","250.0","0.0","SUS ふた","","30","***北平ふた","2026/08/24","自社便","","2026/08/24","切断","岩本","2026/08/24","製造"
