"得意先","部門","製造倉庫","受注日","製造指示日","製造指示番号","品番","ｻｲｽﾞ(厚さ)","ｻｲｽﾞ(縦)","ｻｲｽﾞ(横)","ｻｲｽﾞ(高さ)","品名","色","数量","規格","製造期限","配送便","出荷日","出庫日","進捗","担当者","生地日","調達"
"木村電機　本社★","九州工場","九州工場","2026/05/28","2026/05/28","26-J0049294-001-771","SP0000XC","2.00","1,400.0","355.0","300.0","SUS PBﾄｸ 水切 焼付","5Y7/1 近似色","1","上面・背面開口　背面穴加工","2026/08/03","福山通運　九州発送","2026/08/04","","塗装","柴﨑","2026/07/29","製造"
"八州電気工業　岡山★","九州工場","九州工場","2026/06/30","2026/06/30","26-J0073422-001-771","ZG0000","4.50","600.0","110.0","50.0","ZN 架台","","2","開口ｱﾘ","2026/08/04","福山通運　九州発送","2026/08/04","","組立","金光","2026/07/28","製造"
"南四国ﾅｼｮﾅﾙ　本社★","九州工場","九州工場","2026/07/07","2026/07/07","26-J0078643-001-771","IMK0000C","1.60","340.0","260.0","50.0","鉄 曲金物 焼付","N9.5(近似色)","17","穴加工ｱﾘ【G1～G5】","2026/08/04","福山通運　九州発送","2026/08/04","","塗装","山口","2026/07/30","製造"
"興陽電機　下関★","九州工場","九州工場","2026/07/16","2026/07/16","26-J0087126-001-771","IP0000WC","1.60","1,180.0","800.0","300.0","鉄 PBﾄｸ 被せ 焼付","5Y7/1 近似色","1","蓋縞鋼板3.2ｔ　L40x40x5t補強 約76kg","2026/08/04","福山通運　九州発送","2026/08/04","","塗装","山口","2026/07/29","製造"
"田中商事　熊本","九州工場","九州工場","2026/07/17","2026/07/17","26-J0087439-001-771","ZP0000W","3.20","900.0","600.0","250.0","ZN PBﾄｸ 被せ","","1","◆","2026/08/03","福山通運　九州発送","2026/08/04","","組立","金光","2026/07/24","製造"
"大洋電材　本社★","九州工場","九州工場","2026/07/17","2026/07/17","26-J0088082-011-771","ZG0000","0.00","230.0","180.0","0.0","ZN 架台","","3","L-40x40x3t　D1（M10ねじ止め）","2026/08/03","北九州配達","2026/08/04","","組立","金光","2026/07/27","製造"
"大洋電材　本社★","九州工場","九州工場","2026/07/17","2026/07/17","26-J0088082-012-771","ZG0000","0.00","250.0","180.0","0.0","ZN 架台","","6","L-40x40x3t　D1（M10ねじ止め）","2026/08/03","北九州配達","2026/08/04","","組立","金光","2026/07/27","製造"
"東芝電材　倉吉★","九州工場","九州工場","2026/07/21","2026/07/21","26-J0088804-001-771","SE6060WN","1.50","600.0","600.0","600.0","SUS PB 被せ","","1","ｱｰｽ","2026/08/04","福山通運　九州発送","2026/08/04","","溶接","ロン","2026/08/04","製造"
"カンサイ　電設★","九州工場","九州工場","2026/07/22","2026/07/22","26-J0090440-004-771","DC0000N","1.60","890.0","1,265.0","0.0","Sﾀﾞｲﾏ ｶﾊﾞｰ","","1","ｷｭｰﾋﾞｸﾙ基礎 塞ぎ板 ﾊﾟﾝﾁﾝｸﾞ加工  C","2026/08/04","福山通運　九州発送","2026/08/04","","曲げ","道上","2026/08/04","製造"
"カンサイ　電設★","九州工場","九州工場","2026/07/22","2026/07/22","26-J0090440-001-771","DC0000N","1.60","890.0","1,270.0","0.0","Sﾀﾞｲﾏ ｶﾊﾞｰ","","1","ｷｭｰﾋﾞｸﾙ基礎 塞ぎ板 ﾊﾟﾝﾁﾝｸﾞ加工  A","2026/08/04","福山通運　九州発送","2026/08/04","","曲げ","道上","2026/08/04","製造"
"カンサイ　電設★","九州工場","九州工場","2026/07/22","2026/07/22","26-J0090440-007-771","DC0000N","1.60","896.0","1,295.0","0.0","Sﾀﾞｲﾏ ｶﾊﾞｰ","","1","ｷｭｰﾋﾞｸﾙ基礎 塞ぎ板 ﾊﾟﾝﾁﾝｸﾞ加工  F","2026/08/04","福山通運　九州発送","2026/08/04","","曲げ","道上","2026/08/04","製造"
"カンサイ　電設★","九州工場","九州工場","2026/07/22","2026/07/22","26-J0090440-006-771","DC0000N","1.60","885.0","1,295.0","0.0","Sﾀﾞｲﾏ ｶﾊﾞｰ","","1","ｷｭｰﾋﾞｸﾙ基礎 塞ぎ板 ﾊﾟﾝﾁﾝｸﾞ加工  E","2026/08/04","福山通運　九州発送","2026/08/04","","曲げ","道上","2026/08/04","製造"
"カンサイ　電設★","九州工場","九州工場","2026/07/22","2026/07/22","26-J0090440-005-771","DC0000N","1.60","896.0","1,290.0","0.0","Sﾀﾞｲﾏ ｶﾊﾞｰ","","1","ｷｭｰﾋﾞｸﾙ基礎 塞ぎ板 ﾊﾟﾝﾁﾝｸﾞ加工  D","2026/08/04","福山通運　九州発送","2026/08/04","","曲げ","道上","2026/08/04","製造"
"カンサイ　電設★","九州工場","九州工場","2026/07/22","2026/07/22","26-J0090440-003-771","DC0000N","1.60","890.0","1,265.0","0.0","Sﾀﾞｲﾏ ｶﾊﾞｰ","","1","ｷｭｰﾋﾞｸﾙ基礎 塞ぎ板 ﾊﾟﾝﾁﾝｸﾞ加工  B","2026/08/04","福山通運　九州発送","2026/08/04","","曲げ","道上","2026/08/04","製造"
"カンサイ　電設★","九州工場","九州工場","2026/07/22","2026/07/22","26-J0090473-008-771","ZKM0000","0.00","1,290.0","0.0","0.0","ZN 金物","","1","塞ぎ板取付金物　L50x50x6t  L　D","2026/08/04","福山通運　九州発送","2026/08/04","","組立","金光","2026/07/27","製造"
"カンサイ　電設★","九州工場","九州工場","2026/07/22","2026/07/22","26-J0090473-007-771","ZKM0000","0.00","1,265.0","0.0","0.0","ZN 金物","","1","塞ぎ板取付金物　L50x50x6t  R　C","2026/08/04","福山通運　九州発送","2026/08/04","","組立","金光","2026/07/27","製造"
"カンサイ　電設★","九州工場","九州工場","2026/07/22","2026/07/22","26-J0090473-006-771","ZKM0000","0.00","1,265.0","0.0","0.0","ZN 金物","","1","塞ぎ板取付金物　L50x50x6t  L　C","2026/08/04","福山通運　九州発送","2026/08/04","","組立","金光","2026/07/27","製造"
"カンサイ　電設★","九州工場","九州工場","2026/07/22","2026/07/22","26-J0090473-005-771","ZKM0000","0.00","1,265.0","0.0","0.0","ZN 金物","","1","塞ぎ板取付金物　L50x50x6t  R　B","2026/08/04","福山通運　九州発送","2026/08/04","","組立","金光","2026/07/27","製造"
"カンサイ　電設★","九州工場","九州工場","2026/07/22","2026/07/22","26-J0090473-004-771","ZKM0000","0.00","1,265.0","0.0","0.0","ZN 金物","","1","塞ぎ板取付金物　L50x50x6t  L　B","2026/08/04","福山通運　九州発送","2026/08/04","","組立","金光","2026/07/27","製造"
"カンサイ　電設★","九州工場","九州工場","2026/07/22","2026/07/22","26-J0090473-003-771","ZKM0000","0.00","1,270.0","0.0","0.0","ZN 金物","","1","塞ぎ板取付金物　L50x50x6t  R　A","2026/08/04","福山通運　九州発送","2026/08/04","","組立","金光","2026/07/27","製造"
"カンサイ　電設★","九州工場","九州工場","2026/07/22","2026/07/22","26-J0090473-013-771","ZKM0000","0.00","1,295.0","0.0","0.0","ZN 金物","","1","塞ぎ板取付金物　L50x50x6t  R　F","2026/08/04","福山通運　九州発送","2026/08/04","","組立","金光","2026/07/27","製造"
"カンサイ　電設★","九州工場","九州工場","2026/07/22","2026/07/22","26-J0090473-001-771","ZKM0000","0.00","1,270.0","0.0","0.0","ZN 金物","","1","塞ぎ板取付金物　L50x50x6t  L　A","2026/08/04","福山通運　九州発送","2026/08/04","","組立","金光","2026/07/27","製造"
"カンサイ　電設★","九州工場","九州工場","2026/07/22","2026/07/22","26-J0090473-011-771","ZKM0000","0.00","1,295.0","0.0","0.0","ZN 金物","","1","塞ぎ板取付金物　L50x50x6t  R　E","2026/08/04","福山通運　九州発送","2026/08/04","","組立","金光","2026/07/27","製造"
"カンサイ　電設★","九州工場","九州工場","2026/07/22","2026/07/22","26-J0090473-010-771","ZKM0000","0.00","1,295.0","0.0","0.0","ZN 金物","","1","塞ぎ板取付金物　L50x50x6t  L　E","2026/08/04","福山通運　九州発送","2026/08/04","","組立","金光","2026/07/27","製造"
"カンサイ　電設★","九州工場","九州工場","2026/07/22","2026/07/22","26-J0090473-009-771","ZKM0000","0.00","1,290.0","0.0","0.0","ZN 金物","","1","塞ぎ板取付金物　L50x50x6t  R　D","2026/08/04","福山通運　九州発送","2026/08/04","","組立","金光","2026/07/27","製造"
"カンサイ　電設★","九州工場","九州工場","2026/07/22","2026/07/22","26-J0090473-012-771","ZKM0000","0.00","1,295.0","0.0","0.0","ZN 金物","","1","塞ぎ板取付金物　L50x50x6t  L　F","2026/08/04","福山通運　九州発送","2026/08/04","","組立","金光","2026/07/27","製造"
"梶電機工業★","九州工場","九州工場","2026/07/22","2026/07/22","26-J0090997-001-771","ZP2020X2","2.30","200.0","200.0","200.0","ZN PB 水切","","6","HDZT56","2026/08/04","福山通運　九州発送","2026/08/04","","組立","金光","2026/07/28","製造"
"宮地電機　徳島","九州工場","九州工場","2026/07/22","2026/07/22","26-J0091072-003-771","ZE2020X2","2.30","200.0","200.0","200.0","ZN PB 水切","","2","HDZT56 ｱｰｽ","2026/08/04","福山通運　九州発送","2026/08/04","","組立","金光","2026/07/28","製造"
"宮地電機　徳島","九州工場","九州工場","2026/07/22","2026/07/22","26-J0091072-004-771","ZE3030X2","2.30","300.0","300.0","300.0","ZN PB 水切","","2","HDZT56 ｱｰｽ","2026/08/04","福山通運　九州発送","2026/08/04","","組立","金光","2026/07/28","製造"
"大洋電材　本社★","九州工場","九州工場","2026/07/23","2026/07/23","26-J0091408-001-771","ZG0000","0.00","350.0","0.0","0.0","ZN 架台","","8","HDZT77  L6x50  直線　中","2026/08/03","北九州配達","2026/08/04","","組立","金光","2026/07/27","製造"
"興陽電機　行橋★","九州工場","九州工場","2026/07/23","2026/07/23","26-J0092425-003-771","BE5040SC","1.60","500.0","500.0","400.0","国土 PB 平 焼付","2.5Y9/1 近似色","2","ｱｰｽ","2026/08/04","福山通運　九州発送","2026/08/04","","塗装","ナム","2026/07/30","製造"
"興陽電機　行橋★","九州工場","九州工場","2026/07/23","2026/07/23","26-J0092425-002-771","BE4040SC","1.60","400.0","400.0","400.0","国土 PB 平 焼付","2.5Y9/1 近似色","3","ｱｰｽ","2026/08/04","福山通運　九州発送","2026/08/04","","塗装","ナム","2026/07/30","製造"
"興陽電機　行橋★","九州工場","九州工場","2026/07/23","2026/07/23","26-J0092425-001-771","BE4040SC","1.60","400.0","400.0","400.0","国土 PB 平 焼付","2.5Y9/1 近似色","5","ｱｰｽ","2026/08/03","福山通運　九州発送","2026/08/04","","塗装","ナム","2026/07/29","製造"
"東芝電材　岡山★","九州工場","九州工場","2026/07/24","2026/07/24","26-J0092610-003-771","BE4030SC","1.60","400.0","400.0","300.0","国土 PB 平 焼付","2.5Y9/1(近似色)","4","ｱｰｽ","2026/08/03","福山通運　九州発送","2026/08/04","","塗装","ナム","2026/07/28","製造"
"東芝電材　岡山★","九州工場","九州工場","2026/07/24","2026/07/24","26-J0092610-001-771","BE2010SC","1.60","200.0","200.0","100.0","国土 PB 平 焼付","2.5Y9/1(近似色)","15","ｱｰｽ","2026/08/04","福山通運　九州発送","2026/08/04","","塗装","柴﨑","2026/07/29","製造"
"カンサイエコプラス　山口★","九州工場","九州工場","2026/07/24","2026/07/24","26-J0092611-001-771","IE0000SC","1.60","350.0","100.0","100.0","鉄 PBﾄｸ 平 焼付","25-90A 近似色","12","ｱｰｽ","2026/08/03","福山通運　九州発送","2026/08/04","","塗装","増井","2026/07/28","製造"
"カンサイエコプラス　山口★","九州工場","九州工場","2026/07/24","2026/07/24","26-J0092611-003-771","IE0000SC","1.60","350.0","100.0","100.0","鉄 PBﾄｸ 平 焼付","25-90A 近似色","12","ｱｰｽ","2026/08/04","福山通運　九州発送","2026/08/04","","塗装","増井","2026/07/29","製造"
"シンセイ　広島第一★","九州工場","九州工場","2026/07/24","2026/07/24","26-J0092814-003-771","ZE3020X2","2.30","300.0","300.0","200.0","ZN PB 水切","","8","ｱｰｽ","2026/08/04","福山通運　九州発送","2026/08/04","","組立","金光","2026/07/28","製造"
"岡本電機　呉★","九州工場","九州工場","2026/07/24","2026/07/24","26-J0092928-001-771","ZE4030S2","2.30","400.0","400.0","300.0","ZN PB 平","","2","HDZT49 ｱｰｽ","2026/08/04","佐川急便","2026/08/04","","組立","金光","2026/07/28","製造"
"岡本電機　呉★","九州工場","九州工場","2026/07/24","2026/07/24","26-J0092928-002-771","ZE5030S2","2.30","500.0","500.0","300.0","ZN PB 平","","5","HDZT49 ｱｰｽ","2026/08/04","佐川急便","2026/08/04","","組立","金光","2026/07/28","製造"
"岡本電機　呉★","九州工場","九州工場","2026/07/24","2026/07/24","26-J0092928-003-771","ZE0000S","2.30","500.0","500.0","400.0","ZN PBﾄｸ 平","","1","HDZT49 ｱｰｽ ｾﾝﾀｰｾﾊﾟﾚｰﾀ","2026/08/04","佐川急便","2026/08/04","","組立","金光","2026/07/28","製造"
"田中商事　小倉","九州工場","九州工場","2026/07/24","2026/07/24","26-J0093007-002-771","IDC0000C","1.60","300.0","420.0","1,022.0","鉄 ﾀﾞｸﾄｶﾊﾞｰ 焼付","2.5Y9/1 近似色","1","平蓋　切欠き有 穴加工","2026/08/03","北九州配達","2026/08/04","","組立","岡","2026/07/29","製造"
"田中商事　小倉","九州工場","九州工場","2026/07/24","2026/07/24","26-J0093007-003-771","IDC0000C","1.60","1,900.0","450.0","617.0","鉄 ﾀﾞｸﾄｶﾊﾞｰ 焼付","2.5Y9/1 近似色","1","3分割　平蓋　切欠き有 穴加工 木板付","2026/08/03","北九州配達","2026/08/04","","塗装","ナム","2026/07/29","製造"
"田中商事　小倉","九州工場","九州工場","2026/07/24","2026/07/24","26-J0093007-001-771","IDC0000C","1.60","300.0","200.0","1,147.0","鉄 ﾀﾞｸﾄｶﾊﾞｰ 焼付","2.5Y9/1 近似色","1","平蓋　切欠き有 穴加工","2026/08/03","北九州配達","2026/08/04","","組立","岡","2026/07/29","製造"
"イシグロ　広島★","九州工場","九州工場","2026/07/24","2026/07/24","26-J0093071-005-771","IG0000G","0.00","0.0","250.0","500.0","鉄 架台","","3","さび止め　L-50X50X6t　4階中国空調 MNB分","2026/08/04","福山通運　九州発送","2026/08/04","","塗装","樫原","2026/08/03","製造"
"イシグロ　広島★","九州工場","九州工場","2026/07/24","2026/07/24","26-J0093071-002-771","IG0000G","0.00","0.0","250.0","1,100.0","鉄 架台","","11","さび止め　L-50X50X6t　4階中国空調 MNB分","2026/08/04","福山通運　九州発送","2026/08/04","","塗装","樫原","2026/08/03","製造"
"イシグロ　広島★","九州工場","九州工場","2026/07/24","2026/07/24","26-J0093071-003-771","IG0000G","0.00","0.0","250.0","1,000.0","鉄 架台","","1","さび止め　L-50X50X6t  4階中国空調 MNB分","2026/08/04","福山通運　九州発送","2026/08/04","","塗装","樫原","2026/08/03","製造"
"イシグロ　広島★","九州工場","九州工場","2026/07/24","2026/07/24","26-J0093071-004-771","IG0000G","0.00","0.0","250.0","750.0","鉄 架台","","12","さび止め　L-50X50X6t　4階中国空調 MNB分","2026/08/04","福山通運　九州発送","2026/08/04","","塗装","樫原","2026/08/03","製造"
"イシグロ　広島★","九州工場","九州工場","2026/07/24","2026/07/24","26-J0093071-001-771","IG0000G","0.00","0.0","250.0","1,300.0","鉄 架台","","2","さび止め　L-50X50X6t  4階中国空調 MNB分　","2026/08/04","福山通運　九州発送","2026/08/04","","塗装","樫原","2026/08/03","製造"
"かごしま電工　南★","九州工場","九州工場","2026/07/24","2026/07/24","26-J0093245-008-771","BE3030SCW","1.60","300.0","300.0","300.0","国土 PB 平 焼付","2.5Y9/1 近似色","2","ｱｰｽ  内ﾜﾆｽ","2026/08/03","佐川急便","2026/08/04","","塗装","柴﨑","2026/07/28","製造"
"かごしま電工　南★","九州工場","九州工場","2026/07/24","2026/07/24","26-J0093245-014-771","SP0000SCW","1.50","400.0","400.0","100.0","SUS PBﾄｸ 平 焼付","2.5Y9/1 近似色","1","張出蓋(430x430)  内ﾜﾆｽ","2026/08/04","佐川急便","2026/08/04","","塗装","柴﨑","2026/07/29","製造"
"かごしま電工　南★","九州工場","九州工場","2026/07/24","2026/07/24","26-J0093245-013-771","SE0000SCW","1.50","300.0","300.0","100.0","SUS PBﾄｸ 平 焼付","2.5Y9/1 近似色","1","ｱｰｽ 張出蓋(330x330)  内ﾜﾆｽ","2026/08/04","佐川急便","2026/08/04","","塗装","柴﨑","2026/07/29","製造"
"かごしま電工　南★","九州工場","九州工場","2026/07/24","2026/07/24","26-J0093245-012-771","BF0000C","1.60","500.0","300.0","300.0","国土 裏BOX 焼付","2.5Y9/1 近似色","1","ｱｰｽ  内ﾜﾆｽ","2026/08/03","佐川急便","2026/08/04","","塗装","柴﨑","2026/07/28","製造"
"かごしま電工　南★","九州工場","九州工場","2026/07/24","2026/07/24","26-J0093245-011-771","BF0000C","1.60","300.0","300.0","300.0","国土 裏BOX 焼付","2.5Y9/1 近似色","1","ｱｰｽ  内ﾜﾆｽ","2026/08/03","佐川急便","2026/08/04","","塗装","柴﨑","2026/07/28","製造"
"かごしま電工　南★","九州工場","九州工場","2026/07/24","2026/07/24","26-J0093245-009-771","BE3535SCW","1.60","350.0","350.0","350.0","国土 PB 平 焼付","2.5Y9/1 近似色","4","ｱｰｽ  内ﾜﾆｽ","2026/08/03","佐川急便","2026/08/04","","塗装","柴﨑","2026/07/28","製造"
"東芝電材　宇部★","九州工場","九州工場","2026/07/24","2026/07/24","26-J0093511-001-771","DDC0000N","2.30","1,000.0","200.0","500.0","Sﾀﾞｲﾏ ﾀﾞｸﾄｶﾊﾞｰ","","1","平蓋ｺﾞﾑP付ﾌｰﾄﾞ ｺｰｷﾝｸﾞ用折返し","2026/08/03","福山通運　九州発送","2026/08/04","","組立","服部","2026/08/03","製造"
"八州電気工業　倉敷★","九州工場","九州工場","2026/07/27","2026/07/27","26-J0093927-001-771","B02025SC","1.60","250.0","250.0","0.0","国土 ふた 焼付","2.5Y9/1(近似色)","3","平ふた","2026/08/04","福山通運　九州発送","2026/08/04","","塗装","柴﨑","2026/07/30","製造"
"シンセイ　徳山★","九州工場","九州工場","2026/07/27","2026/07/27","26-J0093969-001-771","SP4020SN","1.50","400.0","400.0","200.0","SUS PB 平","","1","","2026/08/04","佐川急便","2026/08/04","","組立","白濵","2026/08/04","製造"
"日本電設資材　福岡★","九州工場","九州工場","2026/07/27","2026/07/27","26-J0093991-002-771","ZE2020X2","2.30","200.0","200.0","200.0","ZN PB 水切","","6","ｱｰｽ","2026/08/04","佐川急便","2026/08/04","","溶接","マイン","2026/07/29","製造"
"日本電設資材　福岡★","九州工場","九州工場","2026/07/27","2026/07/27","26-J0093991-001-771","ZE2020X2","2.30","200.0","200.0","200.0","ZN PB 水切","","6","ｱｰｽ","2026/08/03","佐川急便","2026/08/04","","組立","金光","2026/07/28","製造"
"東芝電材　佐伯★","九州工場","九州工場","2026/07/27","2026/07/27","26-J0094300-001-771","IG0000C","4.00","700.0","321.0","500.0","鉄 架台 焼付","日東工業 5Y7/1 近似色","1","L4x50 穴加工","2026/08/04","福山通運　九州発送","2026/08/04","","塗装","増井","2026/07/30","製造"
"東芝電材　佐伯★","九州工場","九州工場","2026/07/27","2026/07/27","26-J0094319-001-771","IG0000C","6.00","1,197.0","600.0","500.0","鉄 架台 焼付","日東工業 5Y7/1 近似色","1","L6x50","2026/08/04","福山通運　九州発送","2026/08/04","","塗装","増井","2026/07/30","製造"
"富士商会　大村★","九州工場","九州工場","2026/07/27","2026/07/27","26-J0094472-001-771","ZE2015X2","2.30","200.0","200.0","150.0","ZN PB 水切","","1","ｱｰｽ","2026/08/04","佐川急便","2026/08/04","","組立","金光","2026/07/28","製造"
"宮地電機　幡多","九州工場","九州工場","2026/07/27","2026/07/27","26-J0094738-001-771","BE1515SC","1.60","150.0","150.0","150.0","国土 PB 平 焼付","N9.5(近似色)","6","ｱｰｽ","2026/08/04","福山通運　九州発送","2026/08/04","","塗装","山口","2026/07/30","製造"
"宮地電機　幡多","九州工場","九州工場","2026/07/27","2026/07/27","26-J0094738-003-771","BE4020SC","1.60","400.0","400.0","200.0","国土 PB 平 焼付","N9.5(近似色)","2","ｱｰｽ","2026/08/03","福山通運　九州発送","2026/08/04","","塗装","柴﨑","2026/07/29","製造"
"宮地電機　幡多","九州工場","九州工場","2026/07/27","2026/07/27","26-J0094738-002-771","BE2020SC","1.60","200.0","200.0","200.0","国土 PB 平 焼付","N9.5(近似色)","4","ｱｰｽ","2026/08/03","福山通運　九州発送","2026/08/04","","塗装","柴﨑","","加工"
"佐野電機工業","九州工場","九州工場","2026/07/27","2026/07/27","26-J0094747-001-771","BE2015SC","1.60","200.0","200.0","150.0","国土 PB 平 焼付","2.5Y9/1(近似色)","6","ｱｰｽ","2026/08/04","福山通運　九州発送","2026/08/04","","塗装","柴﨑","","加工"
"三共電気　本社★","九州工場","九州工場","2026/07/27","2026/07/27","26-J0094874-001-771","BD0000C","1.60","200.0","100.0","686.0","国土 ﾀﾞｸﾄ 焼付","2.5Y9/1 近似色","1","/535/413  ｱｰｽ  平蓋　ｹｰﾌﾞﾙ支持棒付　","2026/08/04","福山通運　九州発送","2026/08/04","","塗装","ナム","2026/07/30","製造"
"三共電気　本社★","九州工場","九州工場","2026/07/27","2026/07/27","26-J0094874-002-771","BD0000C","1.60","300.0","100.0","686.0","国土 ﾀﾞｸﾄ 焼付","2.5Y9/1 近似色","1","/535/413  ｱｰｽ  平蓋　ｹｰﾌﾞﾙ支持棒付　","2026/08/04","福山通運　九州発送","2026/08/04","","塗装","ナム","2026/07/30","製造"
"興陽電機　福岡西★","九州工場","九州工場","2026/07/27","2026/07/27","26-J0094957-001-771","SE0000XC","1.50","400.0","400.0","100.0","SUS PBﾄｸ 水切 焼付","2.5Y9/1 近似色","1","ｱｰｽ","2026/08/03","ヤマックス福岡","2026/08/04","","塗装","ナム","2026/07/29","製造"
"那須電機商事★","九州工場","九州工場","2026/07/28","2026/07/28","26-J0095068-001-771","ZMK0000","4.50","1,400.0","300.0","200.0","ZN 曲金物","","2","穴加工ｱﾘ","2026/08/04","福山通運　九州発送","2026/08/04","","曲げ","道上","2026/07/29","製造"
"那須電機商事★","九州工場","九州工場","2026/07/28","2026/07/28","26-J0095068-002-771","ZPCP0000","3.20","410.0","400.0","23.2","ZN ｼﾏﾋﾟｯﾄ蓋","","1","縞鋼板 切欠･PLt6.0付","2026/08/04","福山通運　九州発送","2026/08/04","","切断","森山","2026/07/29","製造"
"興陽電機　八幡★","九州工場","九州工場","2026/07/28","2026/07/28","26-J0095232-002-771","IIP0000C","1.60","250.0","200.0","0.0","鉄 ﾌﾟﾚｰﾄ 焼付","5Y7/1 近似色","1","穴加工　ｽﾀｯﾄﾎﾞﾙﾄ溶接","2026/08/03","北九州配達","2026/08/04","","組立","岡","2026/07/29","製造"
"興陽電機　八幡★","九州工場","九州工場","2026/07/28","2026/07/28","26-J0095232-001-771","IIP0000C","3.20","480.0","335.0","0.0","鉄 ﾌﾟﾚｰﾄ 焼付","5Y7/1 近似色","1","開口、穴加工　ｽﾀｯﾄﾎﾞﾙﾄ溶接","2026/08/03","北九州配達","2026/08/04","","組立","岡","2026/07/29","製造"
"東芝電材　福岡西★","九州工場","九州工場","2026/07/28","2026/07/28","26-J0095404-001-771","IIP0000C","1.60","500.0","500.0","0.0","鉄 ﾌﾟﾚｰﾄ 焼付","2.5Y9/1 近似色","2","φ6x4","2026/08/03","ヤマックス福岡","2026/08/04","","塗装","柴﨑","2026/07/29","製造"
"山電　八幡","九州工場","九州工場","2026/07/28","2026/07/28","26-J0095415-001-771","SE2010XC","1.50","200.0","200.0","100.0","SUS PB 水切 焼付","2.5Y9/1 近似色","5","ｱｰｽ","2026/08/03","北九州配達","2026/08/04","","組立","岡","","加工"
"田中商事　小倉","九州工場","九州工場","2026/07/28","2026/07/28","26-J0095738-001-771","BE3015SC","1.60","300.0","300.0","150.0","国土 PB 平 焼付","5Y7/1 近似色","1","ｱｰｽ","2026/08/03","北九州配達","2026/08/04","","組立","岡","2026/07/29","製造"
"東芝電材　川内★","九州工場","九州工場","2026/07/28","2026/07/28","26-J0095922-001-771","SE1510XCW","1.50","150.0","150.0","100.0","SUS PB 水切 焼付","2.5Y9/1 近似色","2","ｱｰｽ 内ﾜﾆｽ","2026/08/04","佐川急便","2026/08/04","","塗装","柴﨑","2026/07/29","製造"
"大洋電材　本社★","九州工場","九州工場","2026/07/28","2026/07/28","26-J0096111-001-771","SE0000XC","1.50","720.0","160.0","50.0","SUS PBﾄｸ 水切 焼付","2.5Y9/1 近似色","2","ｱｰｽ位置指定","2026/08/03","北九州配達","2026/08/04","","組立","岡","2026/07/29","製造"
"三共電気　東★","九州工場","九州工場","2026/07/29","2026/07/29","26-J0096455-001-771","IG0000G","0.00","330.0","1,788.0","0.0","鉄 架台","","6","さび止め C75x40x5x7","2026/08/04","福山通運　九州発送","2026/08/04","","塗装","樫原","2026/08/03","製造"
"三親電材　松江★","九州工場","九州工場","2026/07/29","2026/07/29","26-J0096489-003-771","SKM0000N","2.00","1,280.0","1,000.0","150.0","SUS 金物","","1","","2026/08/04","福山通運　九州発送","2026/08/04","","溶接","恒川","2026/08/04","製造"
"三親電材　松江★","九州工場","九州工場","2026/07/29","2026/07/29","26-J0096489-002-771","SMK0000N","3.00","500.0","50.0","50.0","SUS 曲金物","","2","穴加工ｱﾘ","2026/08/04","福山通運　九州発送","2026/08/04","","組立","白濵","2026/08/04","製造"
"因幡電機　九州物流(409)★","九州工場","九州工場","2026/07/29","2026/07/29","26-J0096656-001-771","IP2015SG","1.60","200.0","200.0","150.0","鉄 PB 平","","10","さび止め","2026/08/03","ヤマックス福岡","2026/08/04","","組立","服部","2026/07/30","製造"
"三親電材　福山★","九州工場","九州工場","2026/07/29","2026/07/29","26-J0096666-001-771","SP6060XN","1.50","600.0","600.0","600.0","SUS PB 水切","","1","","2026/08/04","福山通運　九州発送","2026/08/04","","溶接","テイン","2026/08/04","製造"
"中国機材設備　本社★","九州工場","九州工場","2026/07/29","2026/07/29","26-J0096690-001-771","BE3020SC","1.60","300.0","300.0","200.0","国土 PB 平 焼付","N9.5 近似色","4","ｱｰｽ","2026/08/04","佐川急便","2026/08/04","","塗装","山口","","加工"
"中国機材設備　本社★","九州工場","九州工場","2026/07/29","2026/07/29","26-J0096690-002-771","BE3020SC","1.60","300.0","300.0","200.0","国土 PB 平 焼付","N9.5 近似色","4","ｱｰｽ","2026/08/04","佐川急便","2026/08/04","","塗装","山口","","加工"
"シンセイ　倉敷★","九州工場","九州工場","2026/07/29","2026/07/29","26-J0096816-001-771","IPA0000G","0.00","200.0","0.0","0.0","鉄 ﾎﾟｰﾙｱﾀﾞﾌﾟﾀｰ","","20","さび止め SGP50A PLt3.2","2026/08/04","福山通運　九州発送","2026/08/04","","塗装","樫原","2026/08/03","製造"
"岡本電機　福山★","九州工場","九州工場","2026/07/29","2026/07/29","26-J0096824-001-771","IIP0000C","1.60","415.0","330.0","0.0","鉄 ﾌﾟﾚｰﾄ 焼付","N1 近似色","1","開口有り","2026/08/04","福山通運　九州発送","2026/08/04","","塗装","柴﨑","2026/07/30","製造"
"Q-mast　電気グル－プ★","九州工場","九州工場","2026/07/29","2026/07/29","26-J0096867-002-771","ITG0000G","0.00","1,500.0","2,720.0","0.0","鉄 耐震架台","","1","さび止め C100x50x5x7.5 B地区2階ﾗｯｸ架台　2","2026/08/03","ヤマックス　ｽﾎﾟｯﾄ便","2026/08/04","","塗装","樫原","2026/07/31","製造"
"Q-mast　電気グル－プ★","九州工場","九州工場","2026/07/29","2026/07/29","26-J0096867-003-771","ITG0000G","0.00","1,500.0","2,720.0","0.0","鉄 耐震架台","","1","さび止め C100x50x5x7.5 B地区2階ﾗｯｸ架台　3","2026/08/03","ヤマックス　ｽﾎﾟｯﾄ便","2026/08/04","","塗装","樫原","2026/07/31","製造"
"Q-mast　電気グル－プ★","九州工場","九州工場","2026/07/29","2026/07/29","26-J0096867-001-771","ITG0000G","0.00","1,700.0","2,720.0","0.0","鉄 耐震架台","","1","さび止め C100x50x5x7.5 B地区2階ﾗｯｸ架台　1","2026/08/03","ヤマックス　ｽﾎﾟｯﾄ便","2026/08/04","","塗装","樫原","2026/07/31","製造"
"Q-mast　電気グル－プ★","九州工場","九州工場","2026/07/29","2026/07/29","26-J0096867-004-771","ITG0000G","0.00","1,500.0","2,720.0","0.0","鉄 耐震架台","","1","さび止め C100x50x5x7.5 B地区2階ﾗｯｸ架台　4","2026/08/03","ヤマックス　ｽﾎﾟｯﾄ便","2026/08/04","","塗装","樫原","2026/07/31","製造"
"ウチダ★","九州工場","九州工場","2026/07/29","2026/07/29","26-J0096884-001-771","BE2020SC","1.60","200.0","200.0","200.0","国土 PB 平 焼付","2.5Y9/1 近似色","1","ｱｰｽ","2026/08/04","福山通運　九州発送","2026/08/04","","塗装","柴﨑","","加工"
"ミューハウス　熊本★","九州工場","九州工場","2026/07/29","2026/07/29","26-J0096905-001-771","BE2020SC","1.60","200.0","200.0","200.0","国土 PB 平 焼付","2.5Y9/1 近似色","1","ｱｰｽ","2026/08/04","佐川急便","2026/08/04","","塗装","柴﨑","","加工"
"三共電気　本社★","九州工場","九州工場","2026/07/29","2026/07/29","26-J0097107-001-771","IIP0000C","1.60","300.0","100.0","0.0","鉄 ﾌﾟﾚｰﾄ 焼付","2.5Y9/0.5 近似色","1","φ4x4","2026/08/03","ヤマックス福岡","2026/08/04","","塗装","増井","2026/07/30","製造"
"田中商事　小倉","九州工場","九州工場","2026/07/29","2026/07/29","26-J0097455-001-771","SE0000XN","2.00","800.0","300.0","500.0","SUS PBﾄｸ 水切","","1","ｱｰｽ","2026/08/03","北九州配達","2026/08/04","","組立","白濵","2026/08/03","製造"
"宮地電機　高松","九州工場","九州工場","2026/07/30","2026/07/30","26-J0097854-004-771","SP5050XN","1.50","500.0","500.0","500.0","SUS PB 水切","","1","","2026/08/04","福山通運　九州発送","2026/08/04","","溶接","テイン","2026/08/04","製造"
"宮地電機　高松","九州工場","九州工場","2026/07/30","2026/07/30","26-J0097854-003-771","SP5040XN","1.50","500.0","500.0","400.0","SUS PB 水切","","1","","2026/08/04","福山通運　九州発送","2026/08/04","","溶接","テイン","2026/08/04","製造"
"日本電設資材　福岡★","九州工場","九州工場","2026/07/30","2026/07/30","26-J0098079-001-771","IP0000SG","1.60","300.0","200.0","200.0","鉄 PBﾄｸ 平","","1","さび止め","2026/08/03","佐川急便","2026/08/04","","組立","服部","2026/07/31","製造"
"興陽電機　八幡★","九州工場","九州工場","2026/07/30","2026/07/30","26-J0098290-001-771","DP5030WN","1.60","500.0","500.0","300.0","Sﾀﾞｲﾏ PB 被せ","","2","","2026/08/03","北九州配達","2026/08/04","","仕上","山口","2026/08/03","製造"
"カンサイ　筑豊★","九州工場","九州工場","2026/07/31","2026/07/31","26-J0098625-001-771","I02035WG","1.60","350.0","350.0","0.0","鉄 ふた","","1","被せふた さび止め","2026/08/03","ヤマックス福岡","2026/08/04","","組立","服部","2026/07/31","製造"
"東芝電材　武雄★","九州工場","九州工場","2026/07/31","2026/07/31","26-J0098632-001-771","BE5050WG","1.60","500.0","500.0","500.0","国土 PB 被せ","","1","ｱｰｽ さび止め","2026/08/04","佐川急便","2026/08/04","","塗装","坂元","2026/08/03","製造"
"東芝電材　福岡★","九州工場","九州工場","2026/07/31","2026/07/31","26-J0098668-003-771","SE0000WN","1.50","400.0","300.0","200.0","SUS PBﾄｸ 被せ","","1","ｱｰｽ","2026/08/03","ヤマックス福岡","2026/08/04","","組立","井上","2026/08/03","製造"
"東芝電材　福岡★","九州工場","九州工場","2026/07/31","2026/07/31","26-J0098668-001-771","SE0000WN","1.50","300.0","200.0","200.0","SUS PBﾄｸ 被せ","","2","ｱｰｽ","2026/08/03","ヤマックス福岡","2026/08/04","","組立","白濵","2026/08/03","製造"
"中西電機　高松本社★","九州工場","九州工場","2026/07/31","2026/07/31","26-J0098808-001-771","DE1510WN","1.60","150.0","150.0","100.0","Sﾀﾞｲﾏ PB 被せ","","1","ｱｰｽ","2026/08/04","福山通運　九州発送","2026/08/04","","仕上","山口","2026/08/03","製造"
"三共電気　本社★","九州工場","九州工場","2026/07/31","2026/07/31","26-J0098870-001-771","IKS0000G","1.60","1,300.0","450.0","200.0","鉄 貫通ｽﾘｰﾌﾞ","","1","さび止め","2026/08/03","ヤマックス福岡","2026/08/04","","組立","服部","2026/07/31","製造"
"カンサイ　八幡★","九州工場","九州工場","2026/07/31","2026/07/31","26-J0098952-001-771","IAI0000G","0.00","4,000.0","0.0","0.0","鉄 ｱﾝｸﾞﾙ","","20","さび止め L65x65x6","2026/08/03","ヤマックス　ｽﾎﾟｯﾄ便","2026/08/04","","塗装","樫原","2026/07/31","製造"
"カンサイ　電設★","九州工場","九州工場","2026/07/31","2026/07/31","26-J0098968-001-771","IAI0000G","0.00","4,000.0","0.0","0.0","鉄 ｱﾝｸﾞﾙ","","20","さび止め L50x50x6t","2026/08/03","ヤマックス　ｽﾎﾟｯﾄ便","2026/08/04","","塗装","樫原","2026/07/31","製造"
"栗田電機　松山★","九州工場","九州工場","2026/07/31","2026/07/31","26-J0099048-001-771","SP0000WN","1.50","300.0","300.0","100.0","SUS PBﾄｸ 被せ","","1","開口ｱﾘ","2026/08/04","福山通運　九州発送","2026/08/04","","溶接","ロン","2026/08/04","製造"
"菱栄電材★","九州工場","九州工場","2026/07/31","2026/07/31","26-J0099146-001-771","SE0000XN","1.50","450.0","400.0","150.0","SUS PBﾄｸ 水切","","3","ｱｰｽ","2026/08/03","福山通運　九州発送","2026/08/04","","組立","白濵","2026/08/03","製造"
"菱栄電材★","九州工場","九州工場","2026/07/31","2026/07/31","26-J0099146-003-771","SE0000XN","1.50","650.0","400.0","150.0","SUS PBﾄｸ 水切","","1","ｱｰｽ","2026/08/04","福山通運　九州発送","2026/08/04","","溶接","ロン","2026/08/04","製造"
"菱栄電材★","九州工場","九州工場","2026/07/31","2026/07/31","26-J0099146-002-771","SE0000XN","1.50","450.0","300.0","150.0","SUS PBﾄｸ 水切","","3","ｱｰｽ","2026/08/04","福山通運　九州発送","2026/08/04","","組立","白濵","2026/08/04","製造"
"東芝電材　川内★","九州工場","九州工場","2026/07/31","2026/07/31","26-J0099263-001-771","SIP0000N","1.50","250.0","230.0","0.0","SUS ﾌﾟﾚｰﾄ","","16","φ158 φ6x4","2026/08/04","佐川急便","2026/08/04","","組立","井上","2026/08/04","製造"
"シンセイ　福山★","九州工場","九州工場","2026/07/31","2026/07/31","26-J0099288-001-771","IP0000SG","1.60","350.0","250.0","50.0","鉄 PBﾄｸ 平","","1","さび止め","2026/08/04","福山通運　九州発送","2026/08/04","","塗装","坂元","2026/08/03","製造"
"東芝電材　福岡★","九州工場","九州工場","2026/07/31","2026/07/31","26-J0099292-001-771","SP4030SN","1.50","400.0","400.0","300.0","SUS PB 平","","1","","2026/08/03","ヤマックス福岡","2026/08/04","","組立","白濵","2026/08/03","製造"
"大興電機★","九州工場","九州工場","2026/07/31","2026/07/31","26-J0099333-001-771","SP0000WN","1.50","400.0","400.0","150.0","SUS PBﾄｸ 被せ","","1","","2026/08/03","北九州配達","2026/08/04","","組立","白濵","2026/08/03","製造"
"栗田電機　松山★","九州工場","九州工場","2026/07/31","2026/07/31","26-J0099404-001-771","SP0000WN","1.50","300.0","250.0","100.0","SUS PBﾄｸ 被せ","","1","開口･穴加工ｱﾘ","2026/08/04","福山通運　九州発送","2026/08/04","","組立","白濵","2026/08/04","製造"
"東芝電材　唐津★","九州工場","九州工場","2026/08/03","2026/08/03","26-J0099682-001-771","BE3530SG","1.60","350.0","350.0","300.0","国土 PB 平","","2","ｱｰｽ さび止め","2026/08/04","佐川急便","2026/08/04","","塗装","坂元","2026/08/03","製造"
"ナミデン　福岡★","九州工場","九州工場","2026/08/03","2026/08/03","26-J0099685-001-771","IKS0000G","1.60","500.0","200.0","280.0","鉄 貫通ｽﾘｰﾌﾞ","","1","平蓋  さび止め  RF 北ハト小屋用","2026/08/04","ヤマックス福岡","2026/08/04","","溶接","恒川","2026/08/03","製造"
"ナミデン　福岡★","九州工場","九州工場","2026/08/03","2026/08/03","26-J0099685-003-771","IKS0000G","1.60","450.0","410.0","280.0","鉄 貫通ｽﾘｰﾌﾞ","","1","平蓋  さび止め  RF 南側ハト小屋用","2026/08/04","ヤマックス福岡","2026/08/04","","溶接","恒川","2026/08/03","製造"
"ナミデン　福岡★","九州工場","九州工場","2026/08/03","2026/08/03","26-J0099685-002-771","IKS0000G","1.60","1,100.0","400.0","280.0","鉄 貫通ｽﾘｰﾌﾞ","","2","平蓋  さび止め  RF 南北ハト小屋用","2026/08/04","ヤマックス福岡","2026/08/04","","溶接","恒川","2026/08/03","製造"
"栗田電機　松山★","九州工場","九州工場","2026/08/03","2026/08/03","26-J0099957-002-771","SE0000WN","1.50","650.0","500.0","300.0","SUS PBﾄｸ 被せ","","2","ｱｰｽ","2026/08/04","福山通運　九州発送","2026/08/04","","切断","バック","2026/08/04","製造"
"興陽電機　中津★","九州工場","九州工場","2026/08/03","2026/08/03","26-J0099973-001-771","SIP0000N","1.50","452.0","230.0","0.0","SUS ﾌﾟﾚｰﾄ","","1","6-φ5  φ20  2-M4ﾀｯﾌﾟ","2026/08/04","福山通運　九州発送","2026/08/04","","組立","白濵","2026/08/04","製造"
"ウチダ★","九州工場","九州工場","2026/08/03","2026/08/03","26-J0100050-001-771","BP2010SG","1.60","200.0","200.0","100.0","国土 PB 平","","1","ｱｰｽ無 さび止め","2026/08/04","福山通運　九州発送","2026/08/04","","溶接","マイン","2026/08/03","製造"
"シンセイ　福山★","九州工場","九州工場","2026/08/03","2026/08/03","26-J0100103-001-771","SP0000WN","1.50","300.0","200.0","150.0","SUS PBﾄｸ 被せ","","1","","2026/08/04","福山通運　九州発送","2026/08/04","","曲げ","ラム","2026/08/04","製造"
"宮地電機　徳島","九州工場","九州工場","2026/07/06","2026/07/06","26-J0077990-001-771","SE0000XN","1.50","200.0","200.0","200.0","SUS PBﾄｸ 水切","","4","ｱｰｽ ｺﾝ柱金具付き","2026/08/05","福山通運　九州発送","2026/08/05","","溶接","テイン","2026/08/05","製造"
"宮地電機　徳島","九州工場","九州工場","2026/07/06","2026/07/06","26-J0077990-002-771","SE0000XN","1.50","200.0","200.0","150.0","SUS PBﾄｸ 水切","","4","ｱｰｽ ｺﾝ柱金具付き","2026/08/05","福山通運　九州発送","2026/08/05","","曲げ","ラム","2026/08/05","製造"
"南四国ﾅｼｮﾅﾙ　本社★","九州工場","九州工場","2026/07/07","2026/07/07","26-J0078651-001-771","IMK0000C","1.60","340.0","260.0","50.0","鉄 曲金物 焼付","N9.5(近似色)","22","穴加工ｱﾘ【eA-2】","2026/08/05","福山通運　九州発送","2026/08/05","","塗装","山口","2026/07/31","製造"
"ナミデン　福岡★","九州工場","九州工場","2026/07/21","2026/07/21","26-J0089703-002-771","ZTG0000","0.00","1,150.0","1,515.0","0.0","ZN 耐震架台","","3","L75x75x6　MS棟 接続ﾌﾞﾘｯｼﾞｹｰﾌﾞﾙﾗｯｸ　TYPE B","2026/08/03","ヤマックス　ｽﾎﾟｯﾄ便","2026/08/05","","組立","金光","2026/07/27","製造"
"ナミデン　福岡★","九州工場","九州工場","2026/07/21","2026/07/21","26-J0089703-001-771","ZTG0000","0.00","1,650.0","1,515.0","0.0","ZN 耐震架台","","15","L75x75x6  MS棟 接続ﾌﾞﾘｯｼﾞｹｰﾌﾞﾙﾗｯｸ　TYPE A","2026/08/03","ヤマックス　ｽﾎﾟｯﾄ便","2026/08/05","","組立","金光","2026/07/27","製造"
"大洋電材　本社★","九州工場","九州工場","2026/07/22","2026/07/22","26-J0090620-008-771","SE0000XC","1.50","600.0","300.0","250.0","SUS PBﾄｸ 水切 焼付","2.5Y9/1 近似色","2","ｱｰｽ","2026/08/03","北九州配達","2026/08/05","","塗装","ナム","2026/07/29","製造"
"大洋電材　本社★","九州工場","九州工場","2026/07/22","2026/07/22","26-J0090620-005-771","SE2520XC","1.50","250.0","250.0","200.0","SUS PB 水切 焼付","2.5Y9/1 近似色","2","ｱｰｽ","2026/08/03","北九州配達","2026/08/05","","塗装","ナム","2026/07/29","製造"
"大洋電材　本社★","九州工場","九州工場","2026/07/22","2026/07/22","26-J0090620-004-771","SE0000XC","1.50","200.0","200.0","250.0","SUS PBﾄｸ 水切 焼付","2.5Y9/1 近似色","1","ｱｰｽ","2026/08/03","北九州配達","2026/08/05","","塗装","ナム","2026/07/29","製造"
"大洋電材　本社★","九州工場","九州工場","2026/07/22","2026/07/22","26-J0090620-007-771","SE0000XC","1.50","550.0","250.0","200.0","SUS PBﾄｸ 水切 焼付","2.5Y9/1 近似色","2","ｱｰｽ","2026/08/03","北九州配達","2026/08/05","","塗装","ナム","2026/07/29","製造"
"大洋電材　本社★","九州工場","九州工場","2026/07/22","2026/07/22","26-J0090620-002-771","SE2010XC","1.50","200.0","200.0","100.0","SUS PB 水切 焼付","2.5Y9/1 近似色","8","ｱｰｽ","2026/08/03","北九州配達","2026/08/05","","塗装","ナム","","加工"
"大洋電材　本社★","九州工場","九州工場","2026/07/22","2026/07/22","26-J0090620-003-771","SE2020XC","1.50","200.0","200.0","200.0","SUS PB 水切 焼付","2.5Y9/1 近似色","2","ｱｰｽ","2026/08/03","北九州配達","2026/08/05","","塗装","ナム","","加工"
"大洋電材　本社★","九州工場","九州工場","2026/07/22","2026/07/22","26-J0090620-006-771","SE3020XC","1.50","300.0","300.0","200.0","SUS PB 水切 焼付","2.5Y9/1 近似色","3","ｱｰｽ","2026/08/03","北九州配達","2026/08/05","","塗装","ナム","2026/07/29","製造"
"メイク機材★","九州工場","九州工場","2026/07/22","2026/07/22","26-J0091018-001-771","ZG0000","0.00","1,535.0","1,135.0","100.0","ZN 架台","","1","C100x50x5x7.5t","2026/08/05","福山通運　九州発送","2026/08/05","","溶接","ゴック","2026/07/29","製造"
"宮地電機　徳島","九州工場","九州工場","2026/07/22","2026/07/22","26-J0091078-001-771","ZE0000X","3.20","600.0","500.0","500.0","ZN PBﾄｸ 水切","","1","HDZT63 ｱｰｽ","2026/08/05","福山通運　九州発送","2026/08/05","","溶接","マイン","2026/07/29","製造"
"西日本電設資材★","九州工場","九州工場","2026/07/23","2026/07/23","26-J0091920-002-771","ZG0000","0.00","350.0","350.0","350.0","ZN 架台","","2","HDZT77  L-50x50x6t 7-φ16　三角支え付 右","2026/08/04","北九州配達","2026/08/05","","溶接","バン","2026/07/28","製造"
"西日本電設資材★","九州工場","九州工場","2026/07/23","2026/07/23","26-J0091920-001-771","ZG0000","0.00","350.0","350.0","350.0","ZN 架台","","2","HDZT77  L-50x50x6t 7-φ16　三角支え付 左","2026/08/04","北九州配達","2026/08/05","","溶接","バン","2026/07/28","製造"
"イシグロ　広島★","九州工場","九州工場","2026/07/24","2026/07/24","26-J0093117-012-771","IG0000G","0.00","0.0","250.0","900.0","鉄 架台","","5","さび止め　L-50X50X6t　4階コジマ K＆M分","2026/08/05","福山通運　九州発送","2026/08/05","","塗装","樫原","2026/08/04","製造"
"イシグロ　広島★","九州工場","九州工場","2026/07/24","2026/07/24","26-J0093117-013-771","IG0000G","0.00","0.0","250.0","800.0","鉄 架台","","9","さび止め　L-50X50X6t　4階コジマ K＆M分","2026/08/05","福山通運　九州発送","2026/08/05","","塗装","樫原","2026/08/04","製造"
"イシグロ　広島★","九州工場","九州工場","2026/07/24","2026/07/24","26-J0093117-011-771","IG0000G","0.00","0.0","250.0","1,000.0","鉄 架台","","1","さび止め　L-50X50X6t　4階コジマ K＆M分","2026/08/05","福山通運　九州発送","2026/08/05","","塗装","樫原","2026/08/04","製造"
"イシグロ　広島★","九州工場","九州工場","2026/07/24","2026/07/24","26-J0093117-010-771","IG0000G","0.00","0.0","250.0","1,100.0","鉄 架台","","3","さび止め　L-50X50X6t　4階コジマ K＆M分","2026/08/05","福山通運　九州発送","2026/08/05","","塗装","樫原","2026/08/04","製造"
"イシグロ　広島★","九州工場","九州工場","2026/07/24","2026/07/24","26-J0093117-009-771","IG0000G","0.00","0.0","250.0","1,200.0","鉄 架台","","1","さび止め　L-50X50X6t　4階コジマ K＆M分","2026/08/05","福山通運　九州発送","2026/08/05","","塗装","樫原","2026/08/04","製造"
"イシグロ　広島★","九州工場","九州工場","2026/07/24","2026/07/24","26-J0093117-008-771","IG0000G","0.00","0.0","250.0","1,250.0","鉄 架台","","1","さび止め　L-50X50X6t　4階コジマ K＆M分","2026/08/05","福山通運　九州発送","2026/08/05","","塗装","樫原","2026/08/04","製造"
"イシグロ　広島★","九州工場","九州工場","2026/07/24","2026/07/24","26-J0093117-007-771","IG0000G","0.00","0.0","250.0","1,300.0","鉄 架台","","2","さび止め　L-50X50X6t　4階コジマ K＆M分　","2026/08/05","福山通運　九州発送","2026/08/05","","塗装","樫原","2026/08/04","製造"
"丸井産業　宮崎★","九州工場","九州工場","2026/07/27","2026/07/27","26-J0094341-001-771","SD0000N","2.00","940.0","210.0","1,700.0","SUS ﾀﾞｸﾄ","","1","2面被ｾ蓋-取手付 L型 支持棒付 ｱｰｽ・ｾﾊﾟ無し 背面開口","2026/08/05","福山通運　九州発送","2026/08/05","","溶接","恒川","2026/08/05","製造"
"かごしま電工　南★","九州工場","九州工場","2026/07/27","2026/07/27","26-J0094554-002-771","ZE0000X","3.20","600.0","500.0","500.0","ZN PBﾄｸ 水切","","1","ｱｰｽ","2026/08/05","福山通運　九州発送","2026/08/05","","溶接","フイ","2026/07/29","製造"
"カンサイ　中央★","九州工場","九州工場","2026/07/27","2026/07/27","26-J0094568-003-771","BD0000C","1.60","400.0","245.0","1,260.0","国土 ﾀﾞｸﾄ 焼付","2.5Y9/1 近似色","1","平蓋 ｱｰｽ付き 支持棒・ｾﾊﾟﾚｰﾀ無し 部分開口 L型","2026/08/04","ヤマックス福岡","2026/08/05","","塗装","山口","2026/07/31","製造"
"カンサイ　中央★","九州工場","九州工場","2026/07/27","2026/07/27","26-J0094568-001-771","BD0000C","1.60","400.0","250.0","1,270.0","国土 ﾀﾞｸﾄ 焼付","2.5Y9/1 近似色","1","平蓋 ｱｰｽ付き 支持棒・ｾﾊﾟﾚｰﾀ無し 部分開口","2026/08/04","ヤマックス福岡","2026/08/05","","塗装","山口","2026/07/31","製造"
"カンサイ　中央★","九州工場","九州工場","2026/07/27","2026/07/27","26-J0094568-004-771","BD0000C","1.60","400.0","240.0","1,260.0","国土 ﾀﾞｸﾄ 焼付","2.5Y9/1 近似色","1","平蓋 ｱｰｽ付き 支持棒・ｾﾊﾟﾚｰﾀ無し 部分開口 L型","2026/08/04","ヤマックス福岡","2026/08/05","","塗装","山口","2026/07/31","製造"
"カンサイ　中央★","九州工場","九州工場","2026/07/27","2026/07/27","26-J0094568-002-771","BD0000C","1.60","400.0","250.0","1,270.0","国土 ﾀﾞｸﾄ 焼付","2.5Y9/1 近似色","1","平蓋 ｱｰｽ付き 支持棒・ｾﾊﾟﾚｰﾀ無し 部分開口 L型","2026/08/04","ヤマックス福岡","2026/08/05","","塗装","山口","2026/07/31","製造"
"三親電材　山口★","九州工場","九州工場","2026/07/28","2026/07/28","26-J0095832-001-771","BD0000C","1.60","300.0","100.0","1,000.0","国土 ﾀﾞｸﾄ 焼付","2.5Y9/1 近似色","2","ｱｰｽ付 ｹｰﾌﾞﾙ支持材付き ｾﾊﾟ無し","2026/08/05","福山通運　九州発送","2026/08/05","","塗装","山口","2026/07/31","製造"
"三親電材　福山★","九州工場","九州工場","2026/07/28","2026/07/28","26-J0095889-001-771","ZE3020X2","2.30","300.0","300.0","200.0","ZN PB 水切","","1","ｱｰｽ","2026/08/05","福山通運　九州発送","2026/08/05","","溶接","フイ","2026/07/29","製造"
"カンサイ　西★","九州工場","九州工場","2026/07/28","2026/07/28","26-J0096217-001-771","SE2525XC","1.50","250.0","250.0","250.0","SUS PB 水切 焼付","2.5Y9/1 近似色","1","ｱｰｽ","2026/08/04","ヤマックス福岡","2026/08/05","","塗装","ナム","2026/07/30","製造"
"中西電機　丸亀★","九州工場","九州工場","2026/07/28","2026/07/28","26-J0096236-001-771","IP0000SC","2.30","390.0","315.0","70.0","鉄 PBﾄｸ 平 焼付","5Y7/1(近似色)","2","開口･穴加工ｱﾘ","2026/08/05","福山通運　九州発送","2026/08/05","","塗装","山口","2026/07/31","製造"
"東芝電材　南福岡★","九州工場","九州工場","2026/07/28","2026/07/28","26-J0096347-002-771","BE2020SC","1.60","200.0","200.0","200.0","国土 PB 平 焼付","2.5Y9/1 近似色","7","ｱｰｽ","2026/08/05","佐川急便","2026/08/05","","塗装","山口","","加工"
"東芝電材　南福岡★","九州工場","九州工場","2026/07/28","2026/07/28","26-J0096347-001-771","BE1510SC","1.60","150.0","150.0","100.0","国土 PB 平 焼付","2.5Y9/1 近似色","6","ｱｰｽ","2026/08/04","佐川急便","2026/08/05","","塗装","柴﨑","","加工"
"かごしま電工　南★","九州工場","九州工場","2026/07/29","2026/07/29","26-J0096702-001-771","SE3030XCW","1.50","300.0","300.0","300.0","SUS PB 水切 焼付","2.5Y9/1 近似色","2","ｱｰｽ 内ﾜﾆｽ","2026/08/05","佐川急便","2026/08/05","","塗装","山口","2026/07/30","製造"
"かごしま電工　南★","九州工場","九州工場","2026/07/29","2026/07/29","26-J0096702-002-771","SE4040XCW","1.50","400.0","400.0","400.0","SUS PB 水切 焼付","2.5Y9/1 近似色","1","ｱｰｽ 内ﾜﾆｽ","2026/08/05","佐川急便","2026/08/05","","塗装","山口","2026/07/30","製造"
"かごしま電工　南★","九州工場","九州工場","2026/07/29","2026/07/29","26-J0096711-001-771","SE4030XCW","1.50","400.0","400.0","300.0","SUS PB 水切 焼付","2.5Y9/1 近似色","1","ｱｰｽ 内ﾜﾆｽ","2026/08/05","佐川急便","2026/08/05","","塗装","山口","2026/07/30","製造"
"かごしま電工　南★","九州工場","九州工場","2026/07/29","2026/07/29","26-J0096711-002-771","SE4040XCW","1.50","400.0","400.0","400.0","SUS PB 水切 焼付","2.5Y9/1 近似色","2","ｱｰｽ 内ﾜﾆｽ","2026/08/05","佐川急便","2026/08/05","","塗装","山口","2026/07/30","製造"
"かごしま電工　南★","九州工場","九州工場","2026/07/29","2026/07/29","26-J0096719-001-771","BE2525SCW","1.60","250.0","250.0","250.0","国土 PB 平 焼付","2.5Y9/1 近似色","2","ｱｰｽ  内ﾜﾆｽ","2026/08/05","佐川急便","2026/08/05","","塗装","山口","2026/07/30","製造"
"山電　八幡","九州工場","九州工場","2026/07/29","2026/07/29","26-J0097149-001-771","BMK0000C","1.60","160.0","60.0","36.5","処理鋼板 曲金物 焼付","2.5Y9/1 近似色","1","ﾊｯﾄ型 4-吊穴","2026/08/04","北九州配達","2026/08/05","","塗装","柴﨑","2026/07/31","製造"
"山電　八幡","九州工場","九州工場","2026/07/29","2026/07/29","26-J0097149-002-771","BMK0000C","1.60","160.0","150.0","36.5","処理鋼板 曲金物 焼付","2.5Y9/1 近似色","1","ﾊｯﾄ型 4-吊穴","2026/08/04","北九州配達","2026/08/05","","塗装","柴﨑","2026/07/31","製造"
"八州電気工業　津山★","九州工場","九州工場","2026/07/29","2026/07/29","26-J0097199-001-771","IIP0000C","1.60","550.0","65.0","0.0","鉄 ﾌﾟﾚｰﾄ 焼付","2.5Y9/1(近似色)","1","穴加工ｱﾘ","2026/08/05","福山通運　九州発送","2026/08/05","","塗装","山口","2026/07/31","製造"
"東芝電材　城南★","九州工場","九州工場","2026/07/29","2026/07/29","26-J0097224-002-771","SE2020XC","1.50","200.0","200.0","200.0","SUS PB 水切 焼付","2.5Y9/1 近似色","1","ｱｰｽ","2026/08/04","ヤマックス福岡","2026/08/05","","塗装","山口","2026/07/30","製造"
"東芝電材　城南★","九州工場","九州工場","2026/07/29","2026/07/29","26-J0097224-001-771","SE1510XC","1.50","150.0","150.0","100.0","SUS PB 水切 焼付","2.5Y9/1 近似色","2","ｱｰｽ","2026/08/04","ヤマックス福岡","2026/08/05","","塗装","柴﨑","","加工"
"三共電気　本社★","九州工場","九州工場","2026/07/29","2026/07/29","26-J0097289-001-771","IIP0000C","1.60","500.0","160.0","0.0","鉄 ﾌﾟﾚｰﾄ 焼付","2.5Y9/1 近似色","1","ｺ形 穴加工","2026/08/04","ヤマックス福岡","2026/08/05","","塗装","柴﨑","2026/07/30","製造"
"Q-mast　電気グル－プ★","九州工場","九州工場","2026/07/29","2026/07/29","26-J0097336-001-771","IKM0000N","2.30","170.0","80.0","104.5","鉄 金物","","172","生地 穴加工 B地区CR取付金物","2026/08/04","ヤマックス　ｽﾎﾟｯﾄ便","2026/08/05","","曲げ","志田","2026/08/04","製造"
"中国機材設備　北★","九州工場","九州工場","2026/07/29","2026/07/29","26-J0097341-001-771","IP0000SC","1.60","400.0","400.0","200.0","鉄 PBﾄｸ 平 焼付","5Y7/1 近似色","2","穴加工","2026/08/05","佐川急便","2026/08/05","","塗装","山口","2026/08/03","製造"
"三親電材　米子★","九州工場","九州工場","2026/07/29","2026/07/29","26-J0097400-001-771","BE0000SG","2.30","800.0","600.0","600.0","国土 PBﾄｸ 平","","1","ｱｰｽ さび止め L型蓋　","2026/08/05","福山通運　九州発送","2026/08/05","","組立","服部","2026/08/04","製造"
"カンサイ　中央★","九州工場","九州工場","2026/07/29","2026/07/29","26-J0097404-001-771","SP0000XN","2.00","800.0","300.0","300.0","SUS PBﾄｸ 水切","","2","2-支持棒　2-φ240 4-φ15","2026/08/04","ヤマックス福岡","2026/08/05","","溶接","テイン","2026/08/04","製造"
"三永興産★","九州工場","九州工場","2026/07/30","2026/07/30","26-J0097525-001-771","IP3015SC","1.60","300.0","300.0","150.0","鉄 PB 平 焼付","5Y7/1 近似色","1","","2026/08/05","福山通運　九州発送","2026/08/05","","塗装","山口","2026/07/31","製造"
"Q-mast　電気グル－プ★","九州工場","九州工場","2026/07/30","2026/07/30","26-J0097560-002-771","IG0000G","0.00","1,083.0","283.0","0.0","鉄 架台","","1","/311 さび止め L65x65x6t 精錬棟2階ﾗｯｸ架台","2026/08/04","ヤマックス　ｽﾎﾟｯﾄ便","2026/08/05","","塗装","樫原","2026/08/03","製造"
"Q-mast　電気グル－プ★","九州工場","九州工場","2026/07/30","2026/07/30","26-J0097560-001-771","IG0000G","0.00","1,083.0","672.0","0.0","鉄 架台","","9","/684 さび止め L65x65x6t 精錬棟2階ﾗｯｸ架台","2026/08/04","ヤマックス　ｽﾎﾟｯﾄ便","2026/08/05","","塗装","樫原","2026/08/03","製造"
"木村電機　本社★","九州工場","九州工場","2026/07/30","2026/07/30","26-J0097596-001-771","BE2020SC","1.60","200.0","200.0","200.0","国土 PB 平 焼付","5Y7/1 近似色","1","ｱｰｽ","2026/08/05","佐川急便","2026/08/05","","塗装","山口","2026/07/31","製造"
"宮地電機　高松","九州工場","九州工場","2026/07/30","2026/07/30","26-J0097859-001-771","SP0000XN","2.00","860.0","360.0","500.0","SUS PBﾄｸ 水切","","1","","2026/08/05","福山通運　九州発送","2026/08/05","","切断","岩本","2026/08/05","製造"
"米良電機　宮崎★","九州工場","九州工場","2026/07/30","2026/07/30","26-J0097926-001-771","BE2010SC","1.60","200.0","200.0","100.0","国土 PB 平 焼付","2.5Y9/1 近似色","1","ｱｰｽ","2026/08/05","佐川急便","2026/08/05","","塗装","山口","","加工"
"三共電気　本社★","九州工場","九州工場","2026/07/30","2026/07/30","26-J0098484-001-771","DDC0000N","2.30","740.0","250.0","1,050.0","Sﾀﾞｲﾏ ﾀﾞｸﾄｶﾊﾞｰ","","1","ﾌｰﾄﾞ L型蓋 平ふたﾊﾟｯｷﾝ付き 穴加工 止水 本体2分割","2026/08/04","ヤマックス福岡","2026/08/05","","溶接","恒川","2026/08/04","製造"
"かごしま電工　南★","九州工場","九州工場","2026/07/31","2026/07/31","26-J0099001-003-771","BE0000SGW","1.60","500.0","200.0","200.0","国土 PBﾄｸ 平","","1","ｱｰｽ さび止め 内ﾜﾆｽ","2026/08/05","佐川急便","2026/08/05","","塗装","坂元","2026/08/03","製造"
"かごしま電工　南★","九州工場","九州工場","2026/07/31","2026/07/31","26-J0099001-001-771","BE0000SGW","1.60","500.0","250.0","200.0","国土 PBﾄｸ 平","","1","ｱｰｽ さび止め 内ﾜﾆｽ","2026/08/05","佐川急便","2026/08/05","","塗装","坂元","2026/08/03","製造"
"かごしま電工　南★","九州工場","九州工場","2026/07/31","2026/07/31","26-J0099001-002-771","BE3030SGW","1.60","300.0","300.0","300.0","国土 PB 平","","1","ｱｰｽ さび止め 内ﾜﾆｽ","2026/08/05","佐川急便","2026/08/05","","塗装","坂元","2026/08/03","製造"
"東芝電材　福岡★","九州工場","九州工場","2026/07/31","2026/07/31","26-J0099295-001-771","DE4040WN","1.60","400.0","400.0","400.0","Sﾀﾞｲﾏ PB 被せ","","1","ｱｰｽ","2026/08/04","ヤマックス福岡","2026/08/05","","仕上","三澄","2026/08/04","製造"
"矢島電機商会　倉敷","九州工場","九州工場","2026/07/31","2026/07/31","26-J0099377-002-771","SP0000SNA","1.50","600.0","300.0","250.0","SUS PBﾄｸ 平","","1","足付(位置指定)FB3x50Φ12 開口ｱﾘ","2026/08/05","福山通運　九州発送","2026/08/05","","切断","森山","2026/08/05","製造"
"三親電材　広島★","九州工場","九州工場","2026/07/31","2026/07/31","26-J0099422-001-771","IG0000G","0.00","300.0","1,000.0","0.0","鉄 架台","","5","さび止め L-65x65x6t 穴加工　左","2026/08/05","福山通運　九州発送","2026/08/05","","溶接","奈木野","2026/08/04","製造"
"三親電材　広島★","九州工場","九州工場","2026/07/31","2026/07/31","26-J0099422-002-771","IG0000G","0.00","300.0","1,000.0","0.0","鉄 架台","","5","さび止め L-65x65x6t 穴加工　右","2026/08/05","福山通運　九州発送","2026/08/05","","溶接","奈木野","2026/08/04","製造"
"三親電材　広島★","九州工場","九州工場","2026/07/31","2026/07/31","26-J0099422-003-771","IG0000G","0.00","300.0","1,350.0","0.0","鉄 架台","","2","さび止め L-65x65x6t 穴加工　左","2026/08/05","福山通運　九州発送","2026/08/05","","溶接","奈木野","2026/08/04","製造"
"三親電材　広島★","九州工場","九州工場","2026/07/31","2026/07/31","26-J0099422-004-771","IG0000G","0.00","300.0","1,350.0","0.0","鉄 架台","","2","さび止め L-65x65x6t 穴加工　左","2026/08/05","福山通運　九州発送","2026/08/05","","溶接","奈木野","2026/08/04","製造"
"宮地電機　高松","九州工場","九州工場","2026/07/31","2026/07/31","26-J0099471-001-771","IMK0000C","1.60","926.0","350.0","10.0","鉄 曲金物 焼付","N1 ﾂﾔ無(近似色)","1","切欠･穴加工ｱﾘ","2026/08/05","福山通運　九州発送","2026/08/05","","塗装","山口","2026/08/03","製造"
"宮地電機　高松","九州工場","九州工場","2026/07/31","2026/07/31","26-J0099471-004-771","DMK0000N","2.30","855.0","200.0","30.0","Sﾀﾞｲﾏ 曲金物","","1","L型","2026/08/05","福山通運　九州発送","2026/08/05","","曲げ","ラム","2026/08/04","製造"
"宮地電機　高松","九州工場","九州工場","2026/07/31","2026/07/31","26-J0099471-003-771","DMK0000N","2.30","1,495.0","350.0","100.0","Sﾀﾞｲﾏ 曲金物","","1","L型 穴加工ｱﾘ","2026/08/05","福山通運　九州発送","2026/08/05","","曲げ","道上","2026/08/04","製造"
"宮地電機　高松","九州工場","九州工場","2026/07/31","2026/07/31","26-J0099471-002-771","DMK0000N","2.30","1,495.0","345.0","100.0","Sﾀﾞｲﾏ 曲金物","","1","L型 穴加工ｱﾘ","2026/08/05","福山通運　九州発送","2026/08/05","","曲げ","道上","2026/08/04","製造"
"正二電気　福山★","九州工場","九州工場","2026/07/31","2026/07/31","26-J0099606-001-771","SE0000XN","2.00","800.0","800.0","800.0","SUS PBﾄｸ 水切","","1","ｱｰｽ","2026/08/05","福山通運　九州発送","2026/08/05","","切断","バック","2026/08/05","製造"
"ナミデン　福岡★","九州工場","九州工場","2026/08/03","2026/08/03","26-J0099728-001-771","IKM0000N","0.00","473.0","0.0","0.0","鉄 金物","","10","FB6tx50  生地","2026/08/04","ヤマックス　ｽﾎﾟｯﾄ便","2026/08/05","","未着手","","2026/08/04","製造"
"ナミデン　福岡★","九州工場","九州工場","2026/08/03","2026/08/03","26-J0099728-003-771","IKM0000N","0.00","473.0","0.0","0.0","鉄 金物","","10","FB16tx50  生地","2026/08/04","ヤマックス　ｽﾎﾟｯﾄ便","2026/08/05","","未着手","","2026/08/04","製造"
"ナミデン　福岡★","九州工場","九州工場","2026/08/03","2026/08/03","26-J0099728-002-771","IKM0000N","0.00","473.0","0.0","0.0","鉄 金物","","10","FB9tx50  生地","2026/08/04","ヤマックス　ｽﾎﾟｯﾄ便","2026/08/05","","切断","森山","2026/08/04","製造"
"西日本電設資材★","九州工場","九州工場","2026/08/03","2026/08/03","26-J0100136-001-771","SP2510WNA","1.50","250.0","250.0","100.0","SUS PB 被せ","","1","足付L3X40 12ﾊﾟｲx4","2026/08/04","北九州配達","2026/08/05","","溶接","テイン","2026/08/04","製造"
"東芝電材　佐伯★","九州工場","九州工場","2026/08/03","2026/08/03","26-J0100152-001-771","BE0000SG","1.60","300.0","300.0","300.0","国土 PBﾄｸ 平","","1","ｱｰｽ セパ付き（センター）さび止め","2026/08/05","佐川急便","2026/08/05","","曲げ","志田","2026/08/04","製造"
"シンセイ　福山★","九州工場","九州工場","2026/08/03","2026/08/03","26-J0100694-001-771","BE0000SG","1.60","450.0","450.0","100.0","国土 PBﾄｸ 平","","1","ｱｰｽ さび止め","2026/08/05","福山通運　九州発送","2026/08/05","","曲げ","志田","2026/08/04","製造"
"ナンリツ　本社営業部★","九州工場","九州工場","2026/08/03","2026/08/03","26-J0100824-001-771","SE0000XN","1.50","600.0","600.0","200.0","SUS PBﾄｸ 水切","","1","ｱｰｽ","2026/08/05","福山通運　九州発送","2026/08/05","","未着手","","2026/08/05","製造"
"三親電材　津山★","九州工場","九州工場","2026/08/03","2026/08/03","26-J0100842-001-771","SE0000WN","1.50","400.0","200.0","200.0","SUS PBﾄｸ 被せ","","1","ｱｰｽ","2026/08/05","福山通運　九州発送","2026/08/05","","未着手","","2026/08/05","製造"
"ハッピー電気　山鹿★","九州工場","九州工場","2026/07/02","2026/07/02","26-J0075582-001-771","IIP0000C","1.60","330.0","330.0","0.0","鉄 ﾌﾟﾚｰﾄ 焼付","N9.5 近似色","13","開口275X275","2026/08/05","佐川急便","2026/08/06","","塗装","山口","2026/07/30","製造"
"南四国ﾅｼｮﾅﾙ　本社★","九州工場","九州工場","2026/07/07","2026/07/07","26-J0078661-001-771","IMK0000C","1.60","340.0","260.0","50.0","鉄 曲金物 焼付","N9.5(近似色)","4","穴加工ｱﾘ【eC-BL】","2026/08/06","福山通運　九州発送","2026/08/06","","仕上","三澄","2026/08/03","製造"
"南四国ﾅｼｮﾅﾙ　本社★","九州工場","九州工場","2026/07/07","2026/07/07","26-J0078661-002-771","IMK0000C","1.60","340.0","260.0","50.0","鉄 曲金物 焼付","N9.5(近似色)","5","穴加工ｱﾘ【eC-C】","2026/08/06","福山通運　九州発送","2026/08/06","","仕上","三澄","2026/08/03","製造"
"タカラ通商　滋賀★","九州工場","九州工場","2026/07/08","2026/07/08","26-J0080254-006-771","30PLA","0.00","0.0","0.0","0.0","補修塗料 筆付","2.5Y9/1(近似色)","3","ﾌﾟﾗ30ml","2026/08/03","チャーター便","2026/08/06","","塗装","増井","","製造"
"タカラ通商　滋賀★","九州工場","九州工場","2026/07/08","2026/07/08","26-J0080254-002-771","IBGF1250C","2.30","1,250.0","400.0","350.0","鉄 防球ガード 焼付","2.5Y9/1(近似色)","8","搬送ファン用","2026/08/03","チャーター便","2026/08/06","","塗装","ナム","2026/07/24","製造"
"丸井産業　四日市★","九州工場","九州工場","2026/07/09","2026/07/09","26-J0080791-001-771","IBG0000C","0.00","1,150.0","1,200.0","714.3","鉄 防球ガード 焼付","2.5Y9/1(近似色）","27","","2026/08/05","チャーター便","2026/08/06","","塗装","ナム","2026/07/21","製造"
"巴電業　広島★","九州工場","九州工場","2026/07/14","2026/07/14","26-J0084925-003-771","ZP0000W","2.30","300.0","150.0","130.0","ZN PBﾄｸ 被せ","","10","ﾊﾟｯｷﾝ無し　底面ｾﾝﾀｰφ20　2-φ10","2026/08/03","佐川急便","2026/08/06","","組立","金光","2026/07/27","製造"
"平岡電気　大牟田★","九州工場","九州工場","2026/07/22","2026/07/22","26-J0090485-001-771","ZG0000","0.00","3,000.0","1,000.0","2,000.0","ZN 架台","","1","L-65x65x6t みぞ形鋼[5x50x100 ｶﾞｾｯﾄ ﾗｲﾅｰ","2026/08/06","福山通運　九州発送","2026/08/06","","溶接","ズオン","2026/07/30","製造"
"大洋電材　本社★","九州工場","九州工場","2026/07/22","2026/07/22","26-J0090625-002-771","SE1510XC","1.50","150.0","150.0","100.0","SUS PB 水切 焼付","2.5Y9/1 近似色","14","ｱｰｽ","2026/08/05","北九州配達","2026/08/06","","塗装","山口","2026/07/31","製造"
"大洋電材　本社★","九州工場","九州工場","2026/07/22","2026/07/22","26-J0090625-001-771","SE1510XC","1.50","150.0","150.0","100.0","SUS PB 水切 焼付","2.5Y9/1 近似色","14","ｱｰｽ","2026/08/04","北九州配達","2026/08/06","","塗装","柴﨑","2026/07/30","製造"
"トリスタン★","九州工場","九州工場","2026/07/22","2026/07/22","26-J0090933-002-771","ZIP0000C","4.50","200.0","100.0","0.0","ZN ﾌﾟﾚｰﾄ 焼付","255R半艶(5YR2/1.5)","1","穴加工 HDZT56","2026/08/06","佐川急便","2026/08/06","","組立","金光","2026/07/27","製造"
"トリスタン★","九州工場","九州工場","2026/07/22","2026/07/22","26-J0090933-001-771","ZIP0000C","4.50","200.0","150.0","0.0","ZN ﾌﾟﾚｰﾄ 焼付","255R半艶(5YR2/1.5)","1","穴加工 HDZT56","2026/08/06","佐川急便","2026/08/06","","組立","金光","2026/07/27","製造"
"宮地電機　高知","九州工場","九州工場","2026/07/24","2026/07/24","26-J0093392-003-771","ZE2020X2","2.30","200.0","200.0","200.0","ZN PB 水切","","4","HDZT56 ｱｰｽ","2026/08/05","福山通運　九州発送","2026/08/06","","溶接","マイン","2026/07/29","製造"
"宮地電機　高知","九州工場","九州工場","2026/07/24","2026/07/24","26-J0093392-002-771","ZE4040X2","2.30","400.0","400.0","400.0","ZN PB 水切","","4","HDZT56 ｱｰｽ","2026/08/06","福山通運　九州発送","2026/08/06","","溶接","マイン","2026/07/30","製造"
"宮地電機　高知","九州工場","九州工場","2026/07/24","2026/07/24","26-J0093392-001-771","ZE3030X2","2.30","300.0","300.0","300.0","ZN PB 水切","","3","HDZT56 ｱｰｽ","2026/08/05","福山通運　九州発送","2026/08/06","","溶接","フイ","2026/07/29","製造"
"イシグロ　福岡★","九州工場","九州工場","2026/07/27","2026/07/27","26-J0094161-002-771","ZKM0000","6.50","500.0","75.0","150.0","ZN 金物","","4","SS-C-6.5x75x150　穴加工","2026/08/06","福山通運　九州発送","2026/08/06","","溶接","奈木野","2026/07/30","製造"
"イシグロ　福岡★","九州工場","九州工場","2026/07/27","2026/07/27","26-J0094161-001-771","ZKM0000","5.00","200.0","50.0","100.0","ZN 金物","","8","SS-C-5x50x100　穴加工","2026/08/06","福山通運　九州発送","2026/08/06","","未着手","","2026/07/30","製造"
"イシグロ　福岡★","九州工場","九州工場","2026/07/27","2026/07/27","26-J0094161-003-771","ZKM0000","6.50","500.0","75.0","150.0","ZN 金物","","4","SS-C-6.5x75x150　穴加工","2026/08/06","福山通運　九州発送","2026/08/06","","溶接","奈木野","2026/07/30","製造"
"カンサイ　城南★","九州工場","九州工場","2026/07/27","2026/07/27","26-J0094653-004-771","BD0000C","1.60","200.0","100.0","850.0","国土 ﾀﾞｸﾄ 焼付","2.5Y9/1 近似色","1","直線ﾀﾞｸﾄ 平蓋　ｱｰｽ/支持棒溶接 ｾﾊﾟﾚｰﾀ除外","2026/08/06","福山通運　九州発送","2026/08/06","","塗装","山口","2026/08/03","製造"
"カンサイ　城南★","九州工場","九州工場","2026/07/27","2026/07/27","26-J0094653-002-771","BD0000C","1.60","200.0","100.0","2,400.0","国土 ﾀﾞｸﾄ 焼付","2.5Y9/1 近似色","1","直線ﾀﾞｸﾄ 平蓋　ｱｰｽ/支持棒溶接 ｾﾊﾟﾚｰﾀ除外","2026/08/05","福山通運　九州発送","2026/08/06","","塗装","山口","2026/07/31","製造"
"カンサイ　城南★","九州工場","九州工場","2026/07/27","2026/07/27","26-J0094653-010-771","BD0000C","1.60","200.0","100.0","725.0","国土 ﾀﾞｸﾄ 焼付","2.5Y9/1 近似色","1","直線ﾀﾞｸﾄ 平蓋　ｱｰｽ/支持棒溶接 ｾﾊﾟﾚｰﾀ除外","2026/08/05","福山通運　九州発送","2026/08/06","","塗装","山口","2026/07/31","製造"
"カンサイ　城南★","九州工場","九州工場","2026/07/27","2026/07/27","26-J0094653-003-771","BD0000C","1.60","200.0","100.0","900.0","国土 ﾀﾞｸﾄ 焼付","2.5Y9/1 近似色","1","直線ﾀﾞｸﾄ 平蓋　ｱｰｽ/支持棒溶接 ｾﾊﾟﾚｰﾀ除外","2026/08/05","福山通運　九州発送","2026/08/06","","塗装","山口","2026/07/31","製造"
"東芝電材　熊本★","九州工場","九州工場","2026/07/28","2026/07/28","26-J0095241-001-771","IMK0000C","1.60","220.0","130.0","100.0","鉄 曲金物 焼付","5R4/14 近似色","1","上下全開口　6-φ19 4-φ5","2026/08/06","佐川急便","2026/08/06","","仕上","三澄","2026/08/03","製造"
"八州電気工業　倉敷★","九州工場","九州工場","2026/07/28","2026/07/28","26-J0095727-001-771","ZE3535W2","2.30","350.0","350.0","350.0","ZN PB 被せ","","1","ｱｰｽ　HDZT56","2026/08/06","福山通運　九州発送","2026/08/06","","溶接","フイ","2026/07/29","製造"
"ナミデン　山口★","九州工場","九州工場","2026/07/28","2026/07/28","26-J0095774-001-771","ZE5050X2A","2.30","500.0","500.0","500.0","ZN PB 水切","","1","ｱｰｽ 足付L4x50 12ﾊﾟｲx4","2026/08/06","福山通運　九州発送","2026/08/06","","溶接","マイン","2026/07/30","製造"
"イシグロ　福岡★","九州工場","九州工場","2026/07/28","2026/07/28","26-J0095987-002-771","ZG0000","6.00","200.0","65.0","1,300.0","ZN 架台","","10","SS-L-65x65x6t　穴加工","2026/08/06","福山通運　九州発送","2026/08/06","","溶接","ズオン","2026/07/30","製造"
"イシグロ　福岡★","九州工場","九州工場","2026/07/28","2026/07/28","26-J0095987-003-771","ZKM0000","6.00","1,460.0","65.0","65.0","ZN 金物","","2","SS-L-65x65x6t　穴加工","2026/08/06","福山通運　九州発送","2026/08/06","","未着手","","2026/07/30","製造"
"イシグロ　福岡★","九州工場","九州工場","2026/07/28","2026/07/28","26-J0095987-004-771","ZG0000","6.00","830.0","65.0","1,700.0","ZN 架台","","1","SS-L-65x65x6t　穴加工","2026/08/06","福山通運　九州発送","2026/08/06","","溶接","ゴック","2026/07/30","製造"
"イシグロ　福岡★","九州工場","九州工場","2026/07/28","2026/07/28","26-J0095987-005-771","ZG0000","6.00","1,760.0","65.0","970.0","ZN 架台","","1","SS-L-65x65x6t　穴加工","2026/08/06","福山通運　九州発送","2026/08/06","","溶接","ズオン","2026/07/30","製造"
"イシグロ　福岡★","九州工場","九州工場","2026/07/28","2026/07/28","26-J0095987-007-771","ZG0000","6.00","200.0","65.0","1,300.0","ZN 架台","","30","SS-L-65x65x6t　穴加工","2026/08/05","福山通運　九州発送","2026/08/06","","溶接","ズオン","2026/07/29","製造"
"イシグロ　福岡★","九州工場","九州工場","2026/07/28","2026/07/28","26-J0095987-001-771","ZKM0000","5.00","200.0","50.0","100.0","ZN 金物","","8","SS-C-5x50x100　穴加工","2026/08/06","福山通運　九州発送","2026/08/06","","未着手","","2026/07/30","製造"
"ナミデン　福岡★","九州工場","九州工場","2026/07/29","2026/07/29","26-J0096551-001-771","ZE6040W3","3.20","600.0","600.0","400.0","ZN PB 被せ","","1","ｱｰｽ","2026/08/05","ヤマックス福岡","2026/08/06","","溶接","マイン","2026/07/30","製造"
"かごしま電工　南★","九州工場","九州工場","2026/07/29","2026/07/29","26-J0096727-001-771","SE3030XCW","1.50","300.0","300.0","300.0","SUS PB 水切 焼付","2.5Y9/1 近似色","5","ｱｰｽ 内ﾜﾆｽ","2026/08/06","佐川急便","2026/08/06","","仕上","山口","2026/07/31","製造"
"かごしま電工　南★","九州工場","九州工場","2026/07/29","2026/07/29","26-J0096727-002-771","SE4040XCW","1.50","400.0","400.0","400.0","SUS PB 水切 焼付","2.5Y9/1 近似色","1","ｱｰｽ 内ﾜﾆｽ","2026/08/06","佐川急便","2026/08/06","","仕上","山口","2026/07/31","製造"
"かごしま電工　南★","九州工場","九州工場","2026/07/29","2026/07/29","26-J0096737-001-771","SE3030XCW","1.50","300.0","300.0","300.0","SUS PB 水切 焼付","5Y7/1 近似色","6","ｱｰｽ 内ﾜﾆｽ","2026/08/06","佐川急便","2026/08/06","","仕上","山口","2026/07/31","製造"
"越智電機産業　今治★","九州工場","九州工場","2026/07/29","2026/07/29","26-J0097245-001-771","BP0000SC","1.60","150.0","100.0","150.0","国土 PBﾄｸ 平 焼付","5Y7/1(近似色)","1","ｱｰｽ無 開口･穴加工ｱﾘ","2026/08/06","福山通運　九州発送","2026/08/06","","仕上","三澄","2026/08/03","製造"
"越智電機産業　今治★","九州工場","九州工場","2026/07/29","2026/07/29","26-J0097245-002-771","IMK0000C","3.20","159.4","35.0","120.0","鉄 曲金物 焼付","5Y7/1(近似色)","1","","2026/08/06","福山通運　九州発送","2026/08/06","","曲げ","志田","2026/08/03","製造"
"栗田電機　松山★","九州工場","九州工場","2026/07/29","2026/07/29","26-J0097260-001-771","DKW0000N","1.60","295.0","295.0","130.0","Sﾀﾞｲﾏ 貫通枠","","1","/380/380","2026/08/06","福山通運　九州発送","2026/08/06","","組立","坂元","2026/08/05","製造"
"かごしま電工　国分★","九州工場","九州工場","2026/07/29","2026/07/29","26-J0097367-001-771","ID0000C","1.60","700.0","200.0","800.0","鉄 ﾀﾞｸﾄ 焼付","2.5Y9/1 近似色","1","正面平蓋　背面取付穴6-φ12","2026/08/06","佐川急便","2026/08/06","","溶接","カイ","2026/08/03","製造"
"カンサイHD　電設★","九州工場","九州工場","2026/07/29","2026/07/29","26-J0097514-004-771","DE0000SN","1.60","600.0","600.0","600.0","Sﾀﾞｲﾏ PBﾄｸ 平","","1","ｱｰｽ 開口穴　2面蓋","2026/08/06","チャーター便","2026/08/06","","組立","坂元","2026/08/04","製造"
"カンサイHD　電設★","九州工場","九州工場","2026/07/29","2026/07/29","26-J0097514-001-771","ZG0000","0.00","100.0","50.0","6,000.0","ZN 架台","","2","C100x50x5x7.5 先メッキ","2026/08/06","チャーター便","2026/08/06","","未着手","","2026/08/04","製造"
"カンサイHD　電設★","九州工場","九州工場","2026/07/29","2026/07/29","26-J0097514-002-771","ZAI0000","0.00","50.0","50.0","6,000.0","ZN ｱﾝｸﾞﾙ","","2","L50x50x6t 先メッキ","2026/08/06","チャーター便","2026/08/06","","未着手","","2026/08/04","製造"
"カンサイHD　電設★","九州工場","九州工場","2026/07/29","2026/07/29","26-J0097514-003-771","ZG0000","0.00","100.0","50.0","700.0","ZN 架台","","1","穴加工　C100x50 先メッキ","2026/08/06","チャーター便","2026/08/06","","未着手","","2026/08/04","製造"
"カンサイHD　電設★","九州工場","九州工場","2026/07/29","2026/07/29","26-J0097514-006-771","DP0000WN","1.60","600.0","300.0","300.0","Sﾀﾞｲﾏ PBﾄｸ 被せ","","5","穴加工","2026/08/06","チャーター便","2026/08/06","","仕上","三澄","2026/08/04","製造"
"カンサイHD　電設★","九州工場","九州工場","2026/07/29","2026/07/29","26-J0097514-007-771","DE0000WN","2.30","500.0","1,000.0","300.0","Sﾀﾞｲﾏ PBﾄｸ 被せ","","5","ｱｰｽ 穴加工","2026/08/06","チャーター便","2026/08/06","","仕上","三澄","2026/08/04","製造"
"カンサイHD　電設★","九州工場","九州工場","2026/07/29","2026/07/29","26-J0097514-011-771","DP3030SNP","1.60","300.0","300.0","300.0","Sﾀﾞｲﾏ PB 平","","1","ｺﾞﾑﾊﾟｯｷﾝ付","2026/08/06","チャーター便","2026/08/06","","仕上","山口","2026/08/04","製造"
"カンサイHD　電設★","九州工場","九州工場","2026/07/29","2026/07/29","26-J0097514-012-771","DE0000SN","2.30","1,000.0","550.0","1,150.0","Sﾀﾞｲﾏ PBﾄｸ 平","","1","ｱｰｽ 穴あきアングル溶接","2026/08/06","チャーター便","2026/08/06","","溶接","恒川","2026/08/04","製造"
"かごしま電工　奄美★","九州工場","九州工場","2026/07/30","2026/07/30","26-J0097608-001-771","SE4030XCW","1.50","400.0","400.0","300.0","SUS PB 水切 焼付","5Y7/1 近似色","1","ｱｰｽ 内ﾜﾆｽ","2026/08/06","佐川急便","2026/08/06","","仕上","三澄","2026/07/31","製造"
"平岡電気　福岡東★","九州工場","九州工場","2026/07/30","2026/07/30","26-J0098173-002-771","DC0000N","1.60","750.0","150.0","15.0","Sﾀﾞｲﾏ ｶﾊﾞｰ","","1","三方コーキング代 穴加工","2026/08/05","ヤマックス福岡","2026/08/06","","曲げ","道上","2026/08/05","製造"
"平岡電気　福岡東★","九州工場","九州工場","2026/07/30","2026/07/30","26-J0098173-001-771","DC0000N","1.60","1,140.0","190.0","15.0","Sﾀﾞｲﾏ ｶﾊﾞｰ","","2","三方コーキング代 穴加工","2026/08/05","ヤマックス福岡","2026/08/06","","曲げ","道上","2026/08/05","製造"
"木村電機　熊本東★","九州工場","九州工場","2026/07/30","2026/07/30","26-J0098566-001-771","BE2010SC","1.60","200.0","200.0","100.0","国土 PB 平 焼付","2.5Y9/1 近似色","1","ｱｰｽ","2026/08/06","佐川急便","2026/08/06","","未着手","","","加工"
"田中商事　熊本","九州工場","九州工場","2026/07/31","2026/07/31","26-J0098750-001-771","SE5030XC","1.50","500.0","500.0","300.0","SUS PB 水切 焼付","5Y7/1 近似色","1","ｱｰｽ","2026/08/06","佐川急便","2026/08/06","","仕上","三澄","2026/08/03","製造"
"カンサイ　中央★","九州工場","九州工場","2026/07/31","2026/07/31","26-J0098822-001-771","BE3030SC","1.60","300.0","300.0","300.0","国土 PB 平 焼付","2.5Y9/1 近似色","1","ｱｰｽ","2026/08/06","佐川急便","2026/08/06","","仕上","山口","2026/08/03","製造"
"八州電気工業　岡山★","九州工場","九州工場","2026/07/31","2026/07/31","26-J0098954-001-771","IIP0000C","1.60","1,335.0","320.0","0.0","鉄 ﾌﾟﾚｰﾄ 焼付","N9.5(近似色)","5","開口･穴加工ｱﾘ","2026/08/06","福山通運　九州発送","2026/08/06","","切断","森山","2026/08/03","製造"
"平岡電気　佐賀★","九州工場","九州工場","2026/07/31","2026/07/31","26-J0099079-001-771","SPS1500","6.00","250.0","250.0","1,500.0","SUS ﾊﾟｲﾌﾟｽﾀﾝｼｮﾝ","","1","H=1500 SUS304","2026/08/06","佐川急便","2026/08/06","","溶接","クイ","2026/08/03","製造"
"東芝電材　熊本★","九州工場","九州工場","2026/07/31","2026/07/31","26-J0099099-001-771","BE2520SC","1.60","250.0","250.0","200.0","国土 PB 平 焼付","2.5Y9/1 近似色","1","ｱｰｽ","2026/08/06","佐川急便","2026/08/06","","仕上","山口","2026/08/03","製造"
"かごしま電工　出水★","九州工場","九州工場","2026/07/31","2026/07/31","26-J0099187-001-771","IG0000G","0.00","550.0","400.0","0.0","鉄 架台","","1","さび止め L50x50x6t 2-PL6.0t 穴加工","2026/08/06","福山通運　九州発送","2026/08/06","","溶接","横澤","2026/08/05","製造"
"かごしま電工　出水★","九州工場","九州工場","2026/07/31","2026/07/31","26-J0099493-001-771","IG0000G","0.00","550.0","400.0","0.0","鉄 架台","","1","さび止め L50x50x6t 2-PL6.0t 穴加工","2026/08/06","福山通運　九州発送","2026/08/06","","溶接","横澤","2026/08/05","製造"
"三親電材　広島★","九州工場","九州工場","2026/07/31","2026/07/31","26-J0099658-002-771","DMK0000N","1.60","50.0","170.0","30.0","Sﾀﾞｲﾏ 曲金物","","40","2-φ5","2026/08/06","福山通運　九州発送","2026/08/06","","切断","森山","2026/08/06","製造"
"カンサイHD　電設★","九州工場","九州工場","2026/08/03","2026/08/03","26-J0099707-001-771","DE4040SNP","1.60","400.0","400.0","400.0","Sﾀﾞｲﾏ PB 平","","1","ｱｰｽ ｺﾞﾑﾊﾟｯｷﾝ付","2026/08/06","チャーター便","2026/08/06","","切断","井上(隆)","2026/08/06","製造"
"平和テクノ　行橋★","九州工場","九州工場","2026/08/03","2026/08/03","26-J0099930-001-771","SIP0000N","2.00","150.0","24.0","0.0","SUS ﾌﾟﾚｰﾄ","","44","φ7x40長穴x2 ｺｰﾅｰR5x4 生地","2026/08/06","佐川急便","2026/08/06","","切断","森山","2026/08/06","製造"
"富士商会　佐賀★","九州工場","九州工場","2026/08/03","2026/08/03","26-J0100600-001-771","IAI0000G","0.00","3,000.0","0.0","0.0","鉄 ｱﾝｸﾞﾙ","","3","L40x40x3t  赤錆","2026/08/06","福山通運　九州発送","2026/08/06","","未着手","","2026/08/06","製造"
"ナンリツ　本社営業部★","九州工場","九州工場","2026/08/03","2026/08/03","26-J0100864-004-771","SE0000XN","1.50","400.0","300.0","200.0","SUS PBﾄｸ 水切","","1","ｱｰｽ","2026/08/06","福山通運　九州発送","2026/08/06","","未着手","","2026/08/06","製造"
"ナンリツ　本社営業部★","九州工場","九州工場","2026/08/03","2026/08/03","26-J0100864-001-771","SE0000XN","1.50","600.0","400.0","200.0","SUS PBﾄｸ 水切","","1","ｱｰｽ","2026/08/06","福山通運　九州発送","2026/08/06","","未着手","","2026/08/06","製造"
"ナンリツ　本社営業部★","九州工場","九州工場","2026/08/03","2026/08/03","26-J0100864-002-771","SE0000XN","1.50","500.0","500.0","250.0","SUS PBﾄｸ 水切","","1","ｱｰｽ","2026/08/06","福山通運　九州発送","2026/08/06","","未着手","","2026/08/06","製造"
"ナンリツ　本社営業部★","九州工場","九州工場","2026/08/03","2026/08/03","26-J0100864-003-771","SE0000XN","1.50","500.0","300.0","300.0","SUS PBﾄｸ 水切","","1","ｱｰｽ","2026/08/06","福山通運　九州発送","2026/08/06","","未着手","","2026/08/06","製造"
"木村電機　本社★","九州工場","九州工場","2026/07/23","2026/07/23","26-J0092218-001-771","AD0000N","2.00","915.0","540.0","1,850.0","ｱﾙﾐ ﾀﾞｸﾄ","","1","ｱﾙﾏｲﾄｸﾘｱ材　総AL-L-30x30x3t　本体2分割･ふた3分割","2026/08/06","チャーター便","2026/08/07","","溶接","カイ","2026/08/05","製造"
"木村電機　本社★","九州工場","九州工場","2026/07/23","2026/07/23","26-J0092218-002-771","AD0000N","2.00","500.0","320.0","3,300.0","ｱﾙﾐ ﾀﾞｸﾄ","","1","ｱﾙﾏｲﾄｸﾘｱ材　総AL-L-30x30x3t　本体･ふた3分割","2026/08/04","チャーター便","2026/08/07","","仕上","三澄","2026/08/03","製造"
"木村電機　本社★","九州工場","九州工場","2026/07/23","2026/07/23","26-J0092237-003-771","ZKM0000","5.00","500.0","100.0","50.0","ZN 金物","","3","SS-C-5x50x100　穴加工","2026/08/05","チャーター便","2026/08/07","","溶接","バン","2026/07/29","製造"
"木村電機　本社★","九州工場","九州工場","2026/07/23","2026/07/23","26-J0092251-005-771","SMK0000N","2.00","40.0","82.0","60.0","SUS 曲金物","","2","穴加工","2026/08/06","チャーター便","2026/08/07","","切断","森山","2026/08/06","製造"
"木村電機　本社★","九州工場","九州工場","2026/07/23","2026/07/23","26-J0092251-004-771","SD0000N","1.50","1,050.0","450.0","1,950.0","SUS ﾀﾞｸﾄ","","1","被せ　本体･ふた2分割 生地　","2026/08/06","チャーター便","2026/08/07","","曲げ","道上","2026/08/06","製造"
"かごしま電工　南★","九州工場","九州工場","2026/07/29","2026/07/29","26-J0096756-001-771","SE2020XCW","1.50","200.0","200.0","200.0","SUS PB 水切 焼付","2.5Y9/1 近似色","2","ｱｰｽ 内ﾜﾆｽ","2026/08/07","佐川急便","2026/08/07","","仕上","山口","2026/08/03","製造"
"かごしま電工　南★","九州工場","九州工場","2026/07/29","2026/07/29","26-J0096775-002-771","SE4040XCW","1.50","400.0","400.0","400.0","SUS PB 水切 焼付","5Y7/1 近似色","5","ｱｰｽ 内ﾜﾆｽ","2026/08/07","佐川急便","2026/08/07","","溶接","テイン","2026/08/03","製造"
"かごしま電工　南★","九州工場","九州工場","2026/07/29","2026/07/29","26-J0096775-001-771","SE3030XCW","1.50","300.0","300.0","300.0","SUS PB 水切 焼付","5Y7/1 近似色","1","ｱｰｽ 内ﾜﾆｽ","2026/08/07","佐川急便","2026/08/07","","仕上","山口","2026/08/03","製造"
"栗田電機　今治★","九州工場","九州工場","2026/07/29","2026/07/29","26-J0097116-001-771","ZE0000W","3.20","200.0","190.0","150.0","ZN PBﾄｸ 被せ","","3","HDZT-49 ｱｰｽ FB 穴加工ｱﾘ","2026/08/07","福山通運　九州発送","2026/08/07","","溶接","マイン","2026/07/31","製造"
"大洋電材　本社★","九州工場","九州工場","2026/07/30","2026/07/30","26-J0097743-001-771","SE0000XN","1.50","400.0","400.0","300.0","SUS PBﾄｸ 水切","","1","ｱｰｽ 穴加工、6-M8ボルト溶接(蝶ナット付)2-φ15","2026/08/06","北九州配達","2026/08/07","","切断","岩本","2026/08/06","製造"
"三親電材　広島★","九州工場","九州工場","2026/07/30","2026/07/30","26-J0097786-001-771","ZP0000W","2.30","150.0","150.0","75.0","ZN PBﾄｸ 被せ","","1","水抜き穴x2","2026/08/07","福山通運　九州発送","2026/08/07","","曲げ","志田","2026/07/31","製造"
"アサヒ　中部","九州工場","九州工場","2026/07/30","2026/07/30","26-J0098317-003-771","30PLA","0.00","0.0","0.0","0.0","補修塗料 筆付","N5.5","1","ﾌﾟﾗ30ml","2026/08/07","沖縄直送","2026/08/07","","未着手","","","製造"
"アサヒ　中部","九州工場","九州工場","2026/07/30","2026/07/30","26-J0098317-001-771","IE0000SC","2.30","2,300.0","400.0","250.0","鉄 PBﾄｸ 平 焼付","N5.5","1","本体２･蓋４分割 ｱｰｽ 穴加工","2026/08/07","沖縄直送","2026/08/07","","仕上","三澄","2026/08/04","製造"
"アサヒ　中部","九州工場","九州工場","2026/07/30","2026/07/30","26-J0098317-002-771","IE0000SC","2.30","900.0","400.0","250.0","鉄 PBﾄｸ 平 焼付","N5.5","1","蓋２分割 ｱｰｽ","2026/08/07","沖縄直送","2026/08/07","","仕上","三澄","2026/08/04","製造"
"山電　八幡","九州工場","九州工場","2026/07/31","2026/07/31","26-J0098676-001-771","SE2010XC","1.50","200.0","200.0","100.0","SUS PB 水切 焼付","2.5Y9/1 近似色","1","ｱｰｽ","2026/08/06","北九州配達","2026/08/07","","未着手","","","加工"
"田中商事　熊本","九州工場","九州工場","2026/07/31","2026/07/31","26-J0098747-003-771","SE0000XC","2.00","800.0","800.0","500.0","SUS PBﾄｸ 水切 焼付","5Y7/1 近似色","2","ｱｰｽ","2026/08/07","福山通運　九州発送","2026/08/07","","切断","バック","2026/08/04","製造"
"アサヒ　本社","九州工場","九州工場","2026/07/31","2026/07/31","26-J0098773-001-771","SE3520XC","1.50","350.0","350.0","200.0","SUS PB 水切 焼付","2.5Y9/1","2","ｱｰｽ","2026/08/06","沖縄直送","2026/08/07","","仕上","山口","2026/08/03","製造"
"アサヒ　本社","九州工場","九州工場","2026/07/31","2026/07/31","26-J0098773-003-771","SE4020XC","1.50","400.0","400.0","200.0","SUS PB 水切 焼付","N-2 ﾂﾔ無","5","ｱｰｽ","2026/08/07","沖縄直送","2026/08/07","","仕上","山口","2026/08/04","製造"
"アサヒ　本社","九州工場","九州工場","2026/07/31","2026/07/31","26-J0098773-002-771","SE5030XC","1.50","500.0","500.0","300.0","SUS PB 水切 焼付","N-2 ﾂﾔ無","5","ｱｰｽ","2026/08/07","沖縄直送","2026/08/07","","溶接","ロン","2026/08/04","製造"
"東芝電材　福岡★","九州工場","九州工場","2026/07/31","2026/07/31","26-J0098866-001-771","SE1515XC","1.50","150.0","150.0","150.0","SUS PB 水切 焼付","2.5Y9/1 近似色","3","ｱｰｽ","2026/08/06","ヤマックス福岡","2026/08/07","","仕上","三澄","2026/08/03","製造"
"日本電設資材　福岡★","九州工場","九州工場","2026/07/31","2026/07/31","26-J0099040-001-771","SE3020XC","1.50","300.0","300.0","200.0","SUS PB 水切 焼付","2.5Y9/1 近似色","1","ｱｰｽ","2026/08/06","ヤマックス福岡","2026/08/07","","未着手","","","加工"
"興陽電機　福岡★","九州工場","九州工場","2026/07/31","2026/07/31","26-J0099135-001-771","SE2010XC","1.50","200.0","200.0","100.0","SUS PB 水切 焼付","2.5Y9/1 近似色","1","ｱｰｽ","2026/08/06","ヤマックス福岡","2026/08/07","","未着手","","","加工"
"中国機材設備　本社★","九州工場","九州工場","2026/07/31","2026/07/31","26-J0099329-001-771","I02000WC","1.60","460.0","270.0","20.0","鉄 ふたﾄｸ 焼付","N9.5 近似色","1","被せふた 塗装用吊り穴4","2026/08/07","佐川急便","2026/08/07","","仕上","山口","2026/08/04","製造"
"木村電機　本社★","九州工場","九州工場","2026/08/03","2026/08/03","26-J0099675-002-771","SE0000XC","1.50","600.0","500.0","200.0","SUS PBﾄｸ 水切 焼付","2.5Y9/1 近似色","1","ｱｰｽ","2026/08/07","佐川急便","2026/08/07","","溶接","テイン","2026/08/04","製造"
"木村電機　本社★","九州工場","九州工場","2026/08/03","2026/08/03","26-J0099675-001-771","SE5050XC","1.50","500.0","500.0","500.0","SUS PB 水切 焼付","2.5Y9/1 近似色","2","ｱｰｽ","2026/08/07","佐川急便","2026/08/07","","曲げ","ラム","2026/08/04","製造"
"ｹｲ･ｴｽ･ﾃﾞｰ　鹿児島★","九州工場","九州工場","2026/08/03","2026/08/03","26-J0099742-001-771","SKM0000C","1.50","40.0","30.0","2,500.0","SUS 金物 焼付","N1 近似色","3","SHLD1","2026/08/07","佐川急便","2026/08/07","","未着手","","2026/08/04","製造"
"正二電気　岡山本社","九州工場","九州工場","2026/08/03","2026/08/03","26-J0099856-001-771","SMK0000C","1.50","580.0","100.0","35.0","SUS 曲金物 焼付","2.5Y9/1(近似色)","1","穴加工ｱﾘ","2026/08/07","福山通運　九州発送","2026/08/07","","曲げ","ラム","2026/08/04","製造"
"三和電気商会　姫路★","九州工場","九州工場","2026/08/03","2026/08/03","26-J0100335-001-771","SE4020XC","1.50","400.0","400.0","200.0","SUS PB 水切 焼付","K22-30D","2","ｱｰｽ","2026/08/07","福山通運　九州発送","2026/08/07","","曲げ","ラム","2026/08/05","製造"
"興陽電機　小倉★","九州工場","九州工場","2026/08/03","2026/08/03","26-J0100768-001-771","IIP0000C","1.60","240.0","150.0","0.0","鉄 ﾌﾟﾚｰﾄ 焼付","N9.5 近似色","1","M4ﾀｯﾌﾟx4","2026/08/06","北九州配達","2026/08/07","","切断","林(浩)","2026/08/04","製造"
"日新電機システム","九州工場","九州工場","2026/07/27","2026/07/27","26-J0094245-001-771","BD0000C","1.60","1,200.0","250.0","600.0","国土 ﾀﾞｸﾄ 焼付","N8.5","1","平蓋２分割 取付穴 支持ｱﾝｸﾞﾙ","2026/08/04","イトカツ","2026/08/12","2026/08/04","塗装","柴﨑","2026/07/29","製造"
"日新電機システム","九州工場","九州工場","2026/07/27","2026/07/27","26-J0094245-002-771","BD0000C","1.60","600.0","250.0","600.0","国土 ﾀﾞｸﾄ 焼付","N8.5","1","平蓋 取付穴 支持ｱﾝｸﾞﾙ","2026/08/04","イトカツ","2026/08/12","2026/08/04","塗装","柴﨑","2026/07/29","製造"
"アサヒ　中部","九州工場","九州工場","2026/07/28","2026/07/28","26-J0095926-001-771","SMK0000C","1.50","125.0","75.0","25.0","SUS 曲金物 焼付","5Y7/1","15","ハット型 取付穴4-φ6、2-M4ﾀｯﾌﾟ","2026/08/05","イトカツ","2026/08/12","2026/08/05","塗装","三澄","2026/07/31","製造"
"アサヒ　中部","九州工場","九州工場","2026/07/28","2026/07/28","26-J0095948-001-771","SMK0000C","1.50","125.0","75.0","25.0","SUS 曲金物 焼付","5Y7/1","15","ハット型 取付穴4-φ6、2-M4ﾀｯﾌﾟ","2026/08/04","イトカツ","2026/08/12","2026/08/04","塗装","三澄","2026/07/30","製造"
"アサヒ　本社","九州工場","九州工場","2026/07/29","2026/07/29","26-J0097169-001-771","SE0000XC","1.50","200.0","250.0","100.0","SUS PBﾄｸ 水切 焼付","2.5Y9/1","1","ｱｰｽ　足付(L30x30x3tφ12)x4","2026/08/05","イトカツ","2026/08/13","2026/08/05","塗装","山口","2026/07/31","製造"
"アサヒ　本社","九州工場","九州工場","2026/07/29","2026/07/29","26-J0097169-002-771","SE0000XC","1.50","200.0","200.0","100.0","SUS PBﾄｸ 水切 焼付","2.5Y9/1","2","ｱｰｽ　足付(L30x30x3tφ12)x4","2026/08/05","イトカツ","2026/08/13","2026/08/05","塗装","山口","2026/07/31","製造"
"カイコス／安里商会","九州工場","九州工場","2026/07/29","2026/07/29","26-J0097272-001-771","IE0000WC","1.60","400.0","400.0","400.0","鉄 PBﾄｸ 被せ 焼付","5Y7/1","1","ｱｰｽ(外部) ﾙｰﾊﾞｰ穴 穴加工 脚部[-75x40x5t","2026/08/06","イトカツ","2026/08/13","2026/08/06","仕上","三澄","2026/08/03","製造"
"光電商会","九州工場","九州工場","2026/07/30","2026/07/30","26-J0097749-001-771","SE0000XC","1.50","450.0","450.0","300.0","SUS PBﾄｸ 水切 焼付","2.5Y9/1","1","ｱｰｽ","2026/08/05","イトカツ","2026/08/13","2026/08/05","塗装","山口","2026/07/31","製造"
"新光産業　本社","九州工場","九州工場","2026/07/30","2026/07/30","26-J0097983-001-771","BE6060SC","1.60","600.0","600.0","600.0","国土 PB 平 焼付","2.5Y9/1","1","ｱｰｽ","2026/08/05","イトカツ","2026/08/13","2026/08/05","塗装","三澄","2026/07/31","製造"
"丸井産業　宜野湾★","九州工場","九州工場","2026/07/31","2026/07/31","26-J0099603-001-771","DKW0000N","1.60","900.0","300.0","200.0","Sﾀﾞｲﾏ 貫通枠","","1","取付穴8-φ8","2026/08/06","イトカツ","2026/08/14","2026/08/06","溶接","マイン","2026/08/05","製造"
"新光産業　本社","九州工場","九州工場","2026/08/03","2026/08/03","26-J0099757-001-771","SE0000XC","1.50","200.0","200.0","200.0","SUS PBﾄｸ 水切 焼付","2.5Y9/1","1","ｱｰｽ 足付(L30x3tφ12)x4 ｶｯﾌﾟG22､G28","2026/08/07","イトカツ","2026/08/14","2026/08/07","切断","森山","2026/08/05","製造"
"新光産業　本社","九州工場","九州工場","2026/08/03","2026/08/03","26-J0099757-002-771","SE0000XC","1.50","200.0","200.0","200.0","SUS PBﾄｸ 水切 焼付","2.5Y9/1","1","ｱｰｽ 足付(L30x3tφ12)x4 ｶｯﾌﾟG28 φ27.3","2026/08/07","イトカツ","2026/08/14","2026/08/07","切断","森山","2026/08/05","製造"
"アサヒ　本社","九州工場","九州工場","2026/08/03","2026/08/03","26-J0100436-001-771","SE6030XC","1.50","600.0","600.0","300.0","SUS PB 水切 焼付","2.5Y9/1","1","ｱｰｽ","2026/08/07","イトカツ","2026/08/14","2026/08/07","曲げ","ラム","2026/08/04","製造"
"アサヒ　宜野湾","九州工場","九州工場","2026/08/03","2026/08/03","26-J0100571-001-771","SE0000SC","1.50","400.0","300.0","250.0","SUS PBﾄｸ 平 焼付","2.5Y9/1","1","ｱｰｽ ﾊﾟｯｷﾝ付","2026/08/07","イトカツ","2026/08/14","2026/08/07","曲げ","ラム","2026/08/04","製造"
"カンサイ　電設★","九州工場","九州工場","2026/06/10","2026/06/10","26-J0058493-001-771","ZG0000","0.00","300.0","300.0","300.0","ZN 架台","","11","HDZT-63  投光器架台　L-50X50X6t　上部4.5t板溶接","2026/08/07","福山通運　九州発送","2026/08/17","","溶接","ズオン","2026/07/31","製造"
"東芝電材　岡山★","九州工場","九州工場","2026/07/03","2026/07/03","26-J0076193-001-771","ID0000C","1.60","500.0","136.0","1,000.0","鉄 ﾀﾞｸﾄ 焼付","5Y7/1(近似色)","1","ﾒｸﾗ付","2026/08/17","福山通運　九州発送","2026/08/17","","溶接","カイ","2026/08/05","製造"
"東芝電材　松江★","九州工場","九州工場","2026/07/16","2026/07/16","26-J0087266-003-771","BE2515SC","1.60","250.0","250.0","150.0","国土 PB 平 焼付","N1(近似色)","1","ｱｰｽ","2026/08/05","福山通運　九州発送","2026/08/17","","塗装","柴﨑","2026/07/30","製造"
"東芝電材　松江★","九州工場","九州工場","2026/07/16","2026/07/16","26-J0087266-004-771","BE5030SC","1.60","500.0","500.0","300.0","国土 PB 平 焼付","N1(近似色)","2","ｱｰｽ","2026/08/05","福山通運　九州発送","2026/08/17","","塗装","柴﨑","2026/07/30","製造"
"東芝電材　松江★","九州工場","九州工場","2026/07/16","2026/07/16","26-J0087266-002-771","BE2020SC","1.60","200.0","200.0","200.0","国土 PB 平 焼付","N1(近似色)","1","ｱｰｽ","2026/08/05","福山通運　九州発送","2026/08/17","","塗装","柴﨑","","加工"
"東芝電材　松江★","九州工場","九州工場","2026/07/16","2026/07/16","26-J0087266-005-771","BE5050SC","1.60","500.0","500.0","500.0","国土 PB 平 焼付","N1(近似色)","1","ｱｰｽ","2026/08/05","福山通運　九州発送","2026/08/17","","塗装","柴﨑","2026/07/30","製造"
"東芝電材　松江★","九州工場","九州工場","2026/07/16","2026/07/16","26-J0087272-002-771","BE2020SC","1.60","200.0","200.0","200.0","国土 PB 平 焼付","5Y7/1(近似色)","1","ｱｰｽ","2026/08/06","福山通運　九州発送","2026/08/17","","未着手","","","加工"
"東芝電材　松江★","九州工場","九州工場","2026/07/16","2026/07/16","26-J0087272-006-771","BE0000SC","1.60","500.0","500.0","250.0","国土 PBﾄｸ 平 焼付","5Y7/1(近似色)","1","ｱｰｽ","2026/08/06","福山通運　九州発送","2026/08/17","","仕上","三澄","2026/07/31","製造"
"東芝電材　松江★","九州工場","九州工場","2026/07/16","2026/07/16","26-J0087272-005-771","BE4040SC","1.60","400.0","400.0","400.0","国土 PB 平 焼付","5Y7/1(近似色)","1","ｱｰｽ","2026/08/06","福山通運　九州発送","2026/08/17","","仕上","三澄","2026/07/31","製造"
"東芝電材　松江★","九州工場","九州工場","2026/07/16","2026/07/16","26-J0087272-004-771","BE4030SC","1.60","400.0","400.0","300.0","国土 PB 平 焼付","5Y7/1(近似色)","1","ｱｰｽ","2026/08/06","福山通運　九州発送","2026/08/17","","仕上","三澄","2026/07/31","製造"
"東芝電材　松江★","九州工場","九州工場","2026/07/16","2026/07/16","26-J0087272-003-771","BE3020SC","1.60","300.0","300.0","200.0","国土 PB 平 焼付","5Y7/1(近似色)","1","ｱｰｽ","2026/08/06","福山通運　九州発送","2026/08/17","","未着手","","","加工"
"東芝電材　松江★","九州工場","九州工場","2026/07/17","2026/07/17","26-J0087680-001-771","BE0000SG","1.60","200.0","200.0","250.0","国土 PBﾄｸ 平","","1","ｱｰｽ さび止め","2026/08/07","福山通運　九州発送","2026/08/17","","組立","服部","2026/08/05","製造"
"ウチダ★","九州工場","九州工場","2026/07/23","2026/07/23","26-J0091628-001-771","SP0000XN","1.50","300.0","300.0","150.0","SUS PBﾄｸ 水切","","1","酸洗い　取付足、端子台ﾍﾞｰｽ、 ﾈｼﾞ付管筒　溶接","2026/08/17","福山通運　九州発送","2026/08/17","","切断","岩本","2026/08/07","製造"
"カンサイ　西★","九州工場","九州工場","2026/07/28","2026/07/28","26-J0095318-001-771","ZG0000","6.00","500.0","500.0","500.0","ZN 架台","","1","引込架台　L50x50x6t 穴加工","2026/08/17","ヤマックス福岡","2026/08/17","","溶接","ズオン","2026/07/31","製造"
"Q-mast　電気グル－プ★","九州工場","九州工場","2026/07/28","2026/07/28","26-J0096035-001-771","SG0000C","1.50","325.0","325.0","50.0","SUS 架台 焼付","N9.5 近似色","1","誘導灯取付ﾎﾞｯｸｽ 重耐塩塗装 ｻﾝﾌﾟﾙ品","2026/08/07","ヤマックス　ｽﾎﾟｯﾄ便","2026/08/17","","溶接","テイン","2026/07/30","製造"
"ＳＴＥＰ　広島★","九州工場","九州工場","2026/07/30","2026/07/30","26-J0098412-001-771","IMK0000C","1.60","1,300.0","300.0","10.0","鉄 曲金物 焼付","N9.5(近似色)","13","穴加工ｱﾘ","2026/08/17","福山通運　九州発送","2026/08/17","","曲げ","道上","2026/08/05","製造"
"正和電材　諫早★","九州工場","九州工場","2026/07/30","2026/07/30","26-J0098518-001-771","ZE1010X2","2.30","100.0","100.0","100.0","ZN PB 水切","","1","ｱｰｽ","2026/08/17","佐川急便","2026/08/17","","溶接","フイ","2026/08/03","製造"
"カワショウ★","九州工場","九州工場","2026/07/31","2026/07/31","26-J0099626-003-771","DG0000C","2.30","200.0","100.0","130.0","Sﾀﾞｲﾏ 架台 焼付","N-10 近似色","5","5-φ12","2026/08/17","佐川急便","2026/08/17","","切断","バック","2026/08/05","製造"
"イシグロ　広島★","九州工場","九州工場","2026/07/31","2026/07/31","26-J0099633-002-771","IG0000G","0.00","0.0","250.0","1,300.0","鉄 架台","","16","L-50X50X6t  さび止め　5階中国空調工業分　","2026/08/17","福山通運　九州発送","2026/08/17","","溶接","石松","2026/08/07","製造"
"イシグロ　広島★","九州工場","九州工場","2026/07/31","2026/07/31","26-J0099633-001-771","IG0000G","0.00","0.0","250.0","1,500.0","鉄 架台","","15","L-50X50X6t  さび止め　5階中国空調工業分　","2026/08/17","福山通運　九州発送","2026/08/17","","溶接","石松","2026/08/07","製造"
"イシグロ　広島★","九州工場","九州工場","2026/07/31","2026/07/31","26-J0099633-003-771","IG0000G","0.00","0.0","250.0","1,000.0","鉄 架台","","13","L-50X50X6t  さび止め　5階中国空調工業分　","2026/08/17","福山通運　九州発送","2026/08/17","","溶接","石松","2026/08/07","製造"
"中国機材設備　本社★","九州工場","九州工場","2026/08/03","2026/08/03","26-J0100102-001-771","IC0000G","6.00","550.0","150.0","400.0","鉄 ｶﾊﾞｰ","","1","L-75x75x6t PL-6t 4-φ12  さび止め","2026/08/17","佐川急便","2026/08/17","","切断","森山","2026/08/06","製造"
"田中商事　小倉","九州工場","九州工場","2026/08/03","2026/08/03","26-J0100287-001-771","SE6040XC","1.50","600.0","600.0","400.0","SUS PB 水切 焼付","5Y7/1 近似色","1","ｱｰｽ","2026/08/07","北九州配達","2026/08/17","","曲げ","ラム","2026/08/04","製造"
"宮地電機　徳島","九州工場","九州工場","2026/08/03","2026/08/03","26-J0100381-001-771","DD0000N","1.60","600.0","300.0","905.0","Sﾀﾞｲﾏ ﾀﾞｸﾄ","","1","/200 WP ｱｰｽ 支持棒･ｾﾊﾟﾚｰﾀ･付","2026/08/17","福山通運　九州発送","2026/08/17","","CAD/CAM","熊谷","2026/08/07","製造"
"宮地電機　徳島","九州工場","九州工場","2026/08/03","2026/08/03","26-J0100381-004-771","DMK0000N","0.00","0.0","0.0","0.0","Sﾀﾞｲﾏ 曲金物","","1","防水帯","2026/08/17","福山通運　九州発送","2026/08/17","","CAD/CAM","熊谷","2026/08/07","製造"
"宮地電機　徳島","九州工場","九州工場","2026/08/03","2026/08/03","26-J0100381-002-771","SIP0000N","1.50","180.0","105.0","0.0","SUS ﾌﾟﾚｰﾄ","","1","R5x4 穴加工ｱﾘ","2026/08/17","福山通運　九州発送","2026/08/17","","未着手","","2026/08/17","製造"
"宮地電機　高知","九州工場","九州工場","2026/08/03","2026/08/03","26-J0100465-002-771","SE0000XN","1.50","700.0","400.0","400.0","SUS PBﾄｸ 水切","","2","ｱｰｽ","2026/08/17","福山通運　九州発送","2026/08/17","","CAD/CAM","熊谷","2026/08/17","製造"
"かごしま電工　城南★","九州工場","九州工場","2026/08/03","2026/08/03","26-J0100505-001-771","SE2020XCW","1.50","200.0","200.0","200.0","SUS PB 水切 焼付","5Y7/1 近似色","1","ｱｰｽ 内ﾜﾆｽ","2026/08/17","佐川急便","2026/08/17","","未着手","","","加工"
"丸井産業　熊本★","九州工場","九州工場","2026/08/03","2026/08/03","26-J0100547-001-771","IBG0000C","0.00","1,500.0","800.0","350.0","鉄 防球ガード 焼付","2.5Y9/1 近似色","1","防球ガード　メッシュなし枠のみ","2026/08/17","佐川急便","2026/08/17","","CAD/CAM","熊谷","2026/08/05","製造"
"平岡電気　電設営業部★","九州工場","九州工場","2026/07/27","2026/07/27","26-J0094045-002-771","ZG0000","0.00","1,900.0","250.0","400.0","ZN 架台","","1","盤架台 L50x50x6 1M-5","2026/08/17","チャーター便","2026/08/18","","溶接","ゴック","2026/08/03","製造"
"平岡電気　電設営業部★","九州工場","九州工場","2026/07/27","2026/07/27","26-J0094045-010-771","ZG0000","0.00","1,300.0","350.0","0.0","ZN 架台","","1","転倒防止用架台 L50x50x6 RM-2","2026/08/17","チャーター便","2026/08/18","","溶接","ゴック","2026/08/03","製造"
"平岡電気　電設営業部★","九州工場","九州工場","2026/07/27","2026/07/27","26-J0094045-009-771","ZG0000","0.00","1,300.0","350.0","0.0","ZN 架台","","1","転倒防止用架台 L50x50x6 RM-1","2026/08/17","チャーター便","2026/08/18","","溶接","ゴック","2026/08/03","製造"
"平岡電気　電設営業部★","九州工場","九州工場","2026/07/27","2026/07/27","26-J0094045-008-771","ZG0000","0.00","1,050.0","350.0","0.0","ZN 架台","","1","転倒防止用架台 L50x50x6 2M-3用","2026/08/17","チャーター便","2026/08/18","","溶接","ゴック","2026/08/03","製造"
"平岡電気　電設営業部★","九州工場","九州工場","2026/07/27","2026/07/27","26-J0094045-007-771","ZG0000","0.00","1,000.0","250.0","0.0","ZN 架台","","1","転倒防止用架台 L50x50x6 1M-5","2026/08/17","チャーター便","2026/08/18","","溶接","石松","2026/08/03","製造"
"平岡電気　電設営業部★","九州工場","九州工場","2026/07/27","2026/07/27","26-J0094045-006-771","ZG0000","0.00","1,000.0","200.0","0.0","ZN 架台","","1","転倒防止用架台 L50x50x6 1M-6","2026/08/17","チャーター便","2026/08/18","","溶接","石松","2026/08/03","製造"
"平岡電気　電設営業部★","九州工場","九州工場","2026/07/27","2026/07/27","26-J0094045-005-771","ZG0000","0.00","4,700.0","350.0","200.0","ZN 架台","","1","盤架台 C200x80x7.5x11 RM-2","2026/08/17","チャーター便","2026/08/18","","未着手","","2026/08/03","製造"
"平岡電気　電設営業部★","九州工場","九州工場","2026/07/27","2026/07/27","26-J0094045-004-771","ZG0000","0.00","5,690.0","350.0","200.0","ZN 架台","","1","盤架台 C200x80x7.5x11 RM-1","2026/08/17","チャーター便","2026/08/18","","未着手","","2026/08/03","製造"
"平岡電気　電設営業部★","九州工場","九州工場","2026/07/27","2026/07/27","26-J0094045-003-771","ZG0000","0.00","3,300.0","350.0","100.0","ZN 架台","","1","盤架台 C100x50x5x7.5 2M-3用","2026/08/17","チャーター便","2026/08/18","","溶接","ズオン","2026/08/03","製造"
"平岡電気　電設営業部★","九州工場","九州工場","2026/07/27","2026/07/27","26-J0094045-001-771","ZG0000","0.00","600.0","200.0","500.0","ZN 架台","","1","盤架台 L50x50x6 1M-6","2026/08/17","チャーター便","2026/08/18","","溶接","横澤","2026/08/03","製造"
"カンサイ　日進商会★","九州工場","九州工場","2026/07/28","2026/07/28","26-J0096022-001-771","IDC0000C","1.60","2,620.0","250.0","910.0","鉄 ﾀﾞｸﾄｶﾊﾞｰ 焼付","2.5Y9/1 近似色","1","平蓋　3分割　切り欠きあり","2026/08/17","北九州配達","2026/08/18","","曲げ","道上","2026/08/05","製造"
"東芝電材　武雄★","九州工場","九州工場","2026/07/29","2026/07/29","26-J0097391-001-771","DI0000N","0.80","914.0","200.0","0.0","Sﾀﾞｲﾏ 切板","","60","生地","2026/08/18","佐川急便","2026/08/18","","未着手","","2026/08/18","製造"
"東芝電材　南福岡★","九州工場","九州工場","2026/07/30","2026/07/30","26-J0097980-001-771","IG0000C","6.00","1,500.0","500.0","500.0","鉄 架台 焼付","5Y7/1 近似色","1","4-φ14（アンカー穴用穴）4-φ6","2026/08/18","佐川急便","2026/08/18","","溶接","ズオン","2026/08/06","製造"
"東芝電材　南福岡★","九州工場","九州工場","2026/07/30","2026/07/30","26-J0097980-002-771","IIP0000C","2.30","500.0","360.0","0.0","鉄 ﾌﾟﾚｰﾄ 焼付","5Y7/1 近似色","1","4-φ8　4-M6タップ","2026/08/18","佐川急便","2026/08/18","","切断","森山","2026/08/06","製造"
"ＳＴＥＰ　広島★","九州工場","九州工場","2026/07/30","2026/07/30","26-J0098418-001-771","IMK0000C","1.60","1,300.0","300.0","10.0","鉄 曲金物 焼付","N9.5(近似色)","12","穴加工ｱﾘ","2026/08/18","福山通運　九州発送","2026/08/18","","曲げ","道上","2026/08/06","製造"
"シンセイ　徳山★","九州工場","九州工場","2026/07/31","2026/07/31","26-J0099398-001-771","IIP0000C","1.60","1,290.0","280.0","0.0","鉄 ﾌﾟﾚｰﾄ 焼付","N9.5 近似色","40","φ30x2 M4ﾀｯﾌﾟx2 長穴x4","2026/08/17","佐川急便","2026/08/18","","切断","森山","2026/08/04","製造"
"東芝電材　中津★","九州工場","九州工場","2026/07/31","2026/07/31","26-J0099501-001-771","ZE4030X2","2.30","400.0","400.0","300.0","ZN PB 水切","","4","ｱｰｽ","2026/08/18","佐川急便","2026/08/18","","曲げ","志田","2026/08/04","製造"
"カワショウ★","九州工場","九州工場","2026/08/03","2026/08/03","26-J0100702-001-771","IKM0000C","1.60","100.0","100.0","1,300.0","鉄 金物 焼付","N-20　3分艶","1","上部塞ぎ　穴加工 開口あり","2026/08/18","佐川急便","2026/08/18","","CAD/CAM","熊谷","2026/08/06","製造"
"日本電設資材　福岡★","九州工場","九州工場","2026/06/29","2026/06/29","26-J0071570-002-771","IG0000G","0.00","215.0","210.0","1,100.0","鉄 架台","","1","さび止め [150×75×6.5t　L65×65×6t QR70用(EPS3)","2026/08/18","ヤマックス福岡","2026/08/19","","未着手","","2026/08/07","製造"
"日本電設資材　福岡★","九州工場","九州工場","2026/06/29","2026/06/29","26-J0071570-005-771","IG0000G","0.00","215.0","210.0","900.0","鉄 架台","","1","さび止め [150x75x6.5t L65x65x6t QR50用(EPS4)","2026/08/18","ヤマックス福岡","2026/08/19","","未着手","","2026/08/07","製造"
"日本電設資材　福岡★","九州工場","九州工場","2026/06/29","2026/06/29","26-J0071570-001-771","IG0000G","0.00","215.0","210.0","1,100.0","鉄 架台","","1","さび止め [150×75×6.5t　L65×65×6t QR70用(EPS1)","2026/08/18","ヤマックス福岡","2026/08/19","","未着手","","2026/08/07","製造"
"日本電設資材　福岡★","九州工場","九州工場","2026/06/29","2026/06/29","26-J0071570-003-771","IG0000G","0.00","215.0","210.0","900.0","鉄 架台","","1","さび止め [150x75x6.5t L65x65x6t QR50用(EPS2)","2026/08/18","ヤマックス福岡","2026/08/19","","未着手","","2026/08/07","製造"
"暁電業　津山★","九州工場","九州工場","2026/07/29","2026/07/29","26-J0097011-001-771","SG0000N","4.00","300.0","320.0","250.0","SUS 架台","","4","穴加工ｱﾘ","2026/08/19","福山通運　九州発送","2026/08/19","","CAD/CAM","熊谷","2026/08/19","製造"
"東芝電材　松江★","九州工場","九州工場","2026/07/30","2026/07/30","26-J0098326-003-771","ZE0000X","2.30","300.0","300.0","300.0","ZN PBﾄｸ 水切","","3","HDZT-56 ｱｰｽ 足付FB3x50Φ12  ｶｯﾌﾟﾘﾝｸﾞ","2026/08/19","福山通運　九州発送","2026/08/19","","溶接","マイン","2026/08/05","製造"
"東芝電材　松江★","九州工場","九州工場","2026/07/30","2026/07/30","26-J0098326-001-771","ZE0000XA","2.30","300.0","300.0","300.0","ZN PBﾄｸ 水切","","1","HDZT-56 ｱｰｽ 足付L3x40Φ12 穴加工ｱﾘ ｶｯﾌﾟﾘﾝｸﾞ","2026/08/19","福山通運　九州発送","2026/08/19","","溶接","マイン","2026/08/04","製造"
"東芝電材　松江★","九州工場","九州工場","2026/07/30","2026/07/30","26-J0098326-002-771","ZE0000XA","2.30","300.0","300.0","300.0","ZN PBﾄｸ 水切","","1","HDZT-56 ｱｰｽ 足付L3x40Φ12 穴加工ｱﾘ","2026/08/19","福山通運　九州発送","2026/08/19","","溶接","マイン","2026/08/04","製造"
"シンセイ　岡山★","九州工場","九州工場","2026/07/31","2026/07/31","26-J0099255-001-771","ZP0000XA","3.20","1,200.0","550.0","200.0","ZN PBﾄｸ 水切","","2","HDZT63 足付(位置指定)L6x50Φ15 開口ｱﾘ","2026/08/19","福山通運　九州発送","2026/08/19","","曲げ","道上","2026/08/05","製造"
"三親電材　鳥取★","九州工場","九州工場","2026/07/31","2026/07/31","26-J0099423-001-771","ZE4040X2","2.30","400.0","400.0","400.0","ZN PB 水切","","2","HDZT56 ｱｰｽ","2026/08/19","福山通運　九州発送","2026/08/19","","溶接","マイン","2026/08/05","製造"
"イシグロ　広島★","九州工場","九州工場","2026/07/31","2026/07/31","26-J0099641-006-771","IG0000G","0.00","0.0","250.0","1,300.0","鉄 架台","","6","L-50X50X6t　さび止め　5階住田工業分　","2026/08/18","福山通運　九州発送","2026/08/19","","溶接","横澤","2026/08/17","製造"
"イシグロ　広島★","九州工場","九州工場","2026/07/31","2026/07/31","26-J0099641-005-771","IG0000G","0.00","0.0","250.0","1,500.0","鉄 架台","","4","L-50X50X6t  さび止め　5階住田工業分　","2026/08/18","福山通運　九州発送","2026/08/19","","溶接","横澤","2026/08/17","製造"
"Q-mast　空調管グル－プ★","九州工場","九州工場","2026/08/03","2026/08/03","26-J0099780-005-771","ZG0000","0.00","450.0","1,000.0","0.0","ZN 架台","","1","L50x50x6  精錬棟1階 衛生配管2 BX6-7/BY12","2026/08/18","ヤマックス　ｽﾎﾟｯﾄ便","2026/08/19","","切断","森山","2026/08/05","製造"
"Q-mast　空調管グル－プ★","九州工場","九州工場","2026/08/03","2026/08/03","26-J0099780-006-771","ZG0000","0.00","300.0","1,000.0","0.0","ZN 架台","","1","L50x50x6  精錬棟1階 空調配管1 休憩室上","2026/08/18","ヤマックス　ｽﾎﾟｯﾄ便","2026/08/19","","切断","森山","2026/08/05","製造"
"Q-mast　空調管グル－プ★","九州工場","九州工場","2026/08/03","2026/08/03","26-J0099780-004-771","ZG0000","0.00","940.0","1,000.0","0.0","ZN 架台","","1","L50x50x6  精錬棟1階 衛生配管1 BX6-7/BY12","2026/08/18","ヤマックス　ｽﾎﾟｯﾄ便","2026/08/19","","切断","森山","2026/08/05","製造"
"Q-mast　空調管グル－プ★","九州工場","九州工場","2026/08/03","2026/08/03","26-J0099780-003-771","ZG0000","0.00","600.0","1,000.0","0.0","ZN 架台","","1","L50x50x6  精錬棟1階 ﾀﾞｸﾄ･通気1 休憩室上","2026/08/18","ヤマックス　ｽﾎﾟｯﾄ便","2026/08/19","","切断","森山","2026/08/05","製造"
"Q-mast　空調管グル－プ★","九州工場","九州工場","2026/08/03","2026/08/03","26-J0099780-002-771","ZG0000","0.00","450.0","1,000.0","0.0","ZN 架台","","1","L50x50x6  精錬棟1階 排気ﾀﾞｸﾄ1 休憩室上","2026/08/18","ヤマックス　ｽﾎﾟｯﾄ便","2026/08/19","","切断","森山","2026/08/05","製造"
"Q-mast　空調管グル－プ★","九州工場","九州工場","2026/08/03","2026/08/03","26-J0099780-001-771","ZG0000","0.00","1,500.0","615.0","0.0","ZN 架台","","1","L50x50x6  精錬棟1階 衛生配管1 事務所PS","2026/08/18","ヤマックス　ｽﾎﾟｯﾄ便","2026/08/19","","切断","森山","2026/08/05","製造"
"シンセイ　広島第一★","九州工場","九州工場","2026/08/03","2026/08/03","26-J0099781-001-771","IG0000C","6.00","630.0","570.0","150.0","鉄 架台 焼付","N1 3分艶 近似色","1","L65x65x6t 4-φ16PL6.0t 4-M12裏ﾅｯﾄ溶接","2026/08/19","福山通運　九州発送","2026/08/19","","切断","森山","2026/08/07","製造"
"Q-mast　空調管グル－プ★","九州工場","九州工場","2026/08/03","2026/08/03","26-J0100044-004-771","ZG0000","0.00","250.0","140.0","124.0","ZN 架台","","4","架台取付ﾋﾟｰｽ　　精錬棟2F","2026/08/18","ヤマックス　ｽﾎﾟｯﾄ便","2026/08/19","","CAD/CAM","熊谷","2026/08/05","製造"
"Q-mast　空調管グル－プ★","九州工場","九州工場","2026/08/03","2026/08/03","26-J0100044-005-771","ZG0000","0.00","325.0","140.0","126.0","ZN 架台","","2","架台取付ﾋﾟｰｽ　　精錬棟2F","2026/08/18","ヤマックス　ｽﾎﾟｯﾄ便","2026/08/19","","切断","森山","2026/08/05","製造"
"Q-mast　空調管グル－プ★","九州工場","九州工場","2026/08/03","2026/08/03","26-J0100044-006-771","ZTG0000","0.00","1,440.0","1,895.0","0.0","ZN 耐震架台","","1","精錬棟2F 空調ﾀﾞｸﾄ(排煙) 32","2026/08/18","ヤマックス　ｽﾎﾟｯﾄ便","2026/08/19","","未着手","","2026/08/05","製造"
"Q-mast　空調管グル－プ★","九州工場","九州工場","2026/08/03","2026/08/03","26-J0100044-003-771","ZG0000","0.00","350.0","140.0","124.0","ZN 架台","","2","架台取付ﾋﾟｰｽ　　精錬棟2F","2026/08/18","ヤマックス　ｽﾎﾟｯﾄ便","2026/08/19","","切断","森山","2026/08/05","製造"
"Q-mast　空調管グル－プ★","九州工場","九州工場","2026/08/03","2026/08/03","26-J0100044-002-771","ZG0000","0.00","140.0","550.0","140.0","ZN 架台","","1","架台取付ﾋﾟｰｽ　　精錬棟2F 鉄骨ﾋﾟｰｽ 2","2026/08/18","ヤマックス　ｽﾎﾟｯﾄ便","2026/08/19","","未着手","","2026/08/05","製造"
"Q-mast　空調管グル－プ★","九州工場","九州工場","2026/08/03","2026/08/03","26-J0100044-001-771","ZG0000","0.00","140.0","350.0","210.0","ZN 架台","","1","架台取付ﾋﾟｰｽ　　精錬棟2F 鉄骨ﾋﾟｰｽ 1","2026/08/18","ヤマックス　ｽﾎﾟｯﾄ便","2026/08/19","","未着手","","2026/08/05","製造"
"シンセイ　広島第一★","九州工場","九州工場","2026/08/03","2026/08/03","26-J0100643-001-771","ZE3020X2","2.30","300.0","300.0","200.0","ZN PB 水切","","3","HDZT49 ｱｰｽ","2026/08/19","福山通運　九州発送","2026/08/19","","曲げ","志田","2026/08/05","製造"
"シンセイ　広島第二★","九州工場","九州工場","2026/07/28","2026/07/28","26-J0095583-002-771","BP2010SG","1.60","200.0","200.0","100.0","国土 PB 平","","1","ｱｰｽ無 さび止め","2026/08/20","福山通運　九州発送","2026/08/20","","未着手","","2026/08/19","製造"
"シンセイ　広島第二★","九州工場","九州工場","2026/07/28","2026/07/28","26-J0095583-001-771","BP1510SG","1.60","150.0","150.0","100.0","国土 PB 平","","6","ｱｰｽ無 さび止め","2026/08/20","福山通運　九州発送","2026/08/20","","未着手","","2026/08/19","製造"
"シンセイ　広島第二★","九州工場","九州工場","2026/07/28","2026/07/28","26-J0095585-002-771","BP2010SC","1.60","200.0","200.0","100.0","国土 PB 平 焼付","2.5Y9/1 近似色","5","ｱｰｽ無","2026/08/20","福山通運　九州発送","2026/08/20","","曲げ","志田","2026/08/17","製造"
"シンセイ　広島第二★","九州工場","九州工場","2026/07/28","2026/07/28","26-J0095585-001-771","BP0000SC","1.60","200.0","100.0","100.0","国土 PBﾄｸ 平 焼付","2.5Y9/1 近似色","1","ｱｰｽ無","2026/08/20","福山通運　九州発送","2026/08/20","","曲げ","志田","2026/08/17","製造"
"シンセイ　広島第二★","九州工場","九州工場","2026/07/28","2026/07/28","26-J0095600-001-771","B02015SC","1.60","150.0","150.0","0.0","国土 ふた 焼付","2.5Y9/1 近似色","1","平ふた","2026/08/20","福山通運　九州発送","2026/08/20","","未着手","","2026/08/07","製造"
"興陽電機　防府★","九州工場","九州工場","2026/07/28","2026/07/28","26-J0095946-001-771","AD0000N","2.00","600.0","300.0","1,015.0","ｱﾙﾐ ﾀﾞｸﾄ","","1","平蓋　ｱﾙﾏｲﾄ材　ｹｰﾌﾞﾙ支持材付き　ｾﾊﾟﾚｰﾀ3列　上部用","2026/08/19","チャーター便","2026/08/20","","CAD/CAM","林(秀)","2026/08/19","製造"
"興陽電機　防府★","九州工場","九州工場","2026/07/28","2026/07/28","26-J0095946-004-771","AD0000N","2.00","600.0","300.0","840.0","ｱﾙﾐ ﾀﾞｸﾄ","","1","平蓋　ｱﾙﾏｲﾄ材　ｹｰﾌﾞﾙ支持材付き　ｾﾊﾟﾚｰﾀ3列　下部用","2026/08/19","チャーター便","2026/08/20","","CAD/CAM","林(秀)","2026/08/19","製造"
"興陽電機　防府★","九州工場","九州工場","2026/07/28","2026/07/28","26-J0095946-003-771","AD0000N","2.00","600.0","300.0","1,000.0","ｱﾙﾐ ﾀﾞｸﾄ","","1","平蓋　ｱﾙﾏｲﾄ材　ｹｰﾌﾞﾙ支持材付き　ｾﾊﾟﾚｰﾀ3列　中間用","2026/08/19","チャーター便","2026/08/20","","CAD/CAM","林(秀)","2026/08/19","製造"
"興陽電機　防府★","九州工場","九州工場","2026/07/28","2026/07/28","26-J0095946-002-771","AD0000N","2.00","600.0","300.0","1,000.0","ｱﾙﾐ ﾀﾞｸﾄ","","2","平蓋　ｱﾙﾏｲﾄ材　ｹｰﾌﾞﾙ支持材付き　ｾﾊﾟﾚｰﾀ3列　中間用","2026/08/19","チャーター便","2026/08/20","","CAD/CAM","林(秀)","2026/08/19","製造"
"シンセイ　広島第二★","九州工場","九州工場","2026/07/29","2026/07/29","26-J0096611-001-771","II0000C","1.60","460.0","120.0","0.0","鉄 切板 焼付","N9.5 近似色","1","吊穴不可","2026/08/07","福山通運　九州発送","2026/08/20","","切断","岩本","2026/08/03","製造"
"山陰ﾊﾟﾅｿﾆｯｸ　出雲★","九州工場","九州工場","2026/07/29","2026/07/29","26-J0096629-001-771","IF0000C","1.60","200.0","200.0","90.0","鉄 裏BOX 焼付","N9.5(近似色)","1","/36.34 穴加工ｱﾘ","2026/08/20","福山通運　九州発送","2026/08/20","","CAD/CAM","熊谷","2026/08/17","製造"
"イシグロ　福岡★","九州工場","九州工場","2026/07/29","2026/07/29","26-J0097307-001-771","ZG0000","6.00","300.0","65.0","1,500.0","ZN 架台","","1","SS-L-65x65x6t　PL-6t　穴加工","2026/08/19","ヤマックス福岡","2026/08/20","","溶接","石松","2026/08/05","製造"
"日本電設資材　久留米★","九州工場","九州工場","2026/07/31","2026/07/31","26-J0098743-001-771","ZG0000","0.00","1,200.0","800.0","400.0","ZN 架台","","2","L50x50x6t [5x50x100 穴加工","2026/08/20","佐川急便","2026/08/20","","溶接","バン","2026/08/06","製造"
"日本電設資材　久留米★","九州工場","九州工場","2026/07/31","2026/07/31","26-J0098743-002-771","ZG0000","0.00","1,400.0","1,000.0","150.0","ZN 架台","","1","L50x50x6t 穴加工","2026/08/20","佐川急便","2026/08/20","","溶接","バン","2026/08/06","製造"
"山電　八幡","九州工場","九州工場","2026/07/31","2026/07/31","26-J0099076-003-771","ZPA0000","0.00","250.0","0.0","0.0","ZN ﾎﾟｰﾙｱﾀﾞﾌﾟﾀｰ","","7","上部65A 下部90A 押しﾎﾞﾙﾄ","2026/08/19","北九州配達","2026/08/20","","切断","森山","2026/08/06","製造"
"日本電設資材　福岡★","九州工場","九州工場","2026/07/31","2026/07/31","26-J0099251-001-771","IKW0000G","1.60","850.0","150.0","160.0","鉄 貫通枠","","6","さび止め　平蓋　[100X50X5t","2026/08/19","ヤマックス福岡","2026/08/20","","未着手","","2026/08/18","製造"
"日本電設資材　福岡★","九州工場","九州工場","2026/07/31","2026/07/31","26-J0099251-002-771","IG0000G","0.00","250.0","0.0","0.0","鉄 架台","","12","さび止め　[75X40X5t","2026/08/19","ヤマックス福岡","2026/08/20","","未着手","","2026/08/18","製造"
"東芝電材　中津★","九州工場","九州工場","2026/07/31","2026/07/31","26-J0099563-001-771","ZE0000X","3.20","900.0","700.0","900.0","ZN PBﾄｸ 水切","","2","◆HDZT-49  ｱｰｽ","2026/08/20","福山通運　九州発送","2026/08/20","","切断","林(浩)","2026/08/06","製造"
"イシグロ　広島★","九州工場","九州工場","2026/07/31","2026/07/31","26-J0099651-008-771","IG0000G","0.00","0.0","250.0","500.0","鉄 架台","","5","L-50X50X6t  さび止め　5階管工舎分　","2026/08/20","福山通運　九州発送","2026/08/20","","溶接","横澤","2026/08/19","製造"
"イシグロ　広島★","九州工場","九州工場","2026/07/31","2026/07/31","26-J0099651-011-771","IG0000G","0.00","0.0","250.0","1,500.0","鉄 架台","","12","L-50X50X6t  さび止め　5階管工舎分　","2026/08/20","福山通運　九州発送","2026/08/20","","溶接","奈木野","2026/08/19","製造"
"イシグロ　広島★","九州工場","九州工場","2026/07/31","2026/07/31","26-J0099651-010-771","IG0000G","0.00","0.0","250.0","1,000.0","鉄 架台","","17","L-50X50X6t  さび止め　5階管工舎分　","2026/08/20","福山通運　九州発送","2026/08/20","","溶接","奈木野","2026/08/19","製造"
"イシグロ　広島★","九州工場","九州工場","2026/07/31","2026/07/31","26-J0099651-009-771","IG0000G","0.00","0.0","250.0","600.0","鉄 架台","","7","L-50X50X6t  さび止め　5階管工舎分　","2026/08/20","福山通運　九州発送","2026/08/20","","溶接","横澤","2026/08/19","製造"
"米良電機　宮崎★","九州工場","九州工場","2026/08/03","2026/08/03","26-J0099892-001-771","ZE0000WA","3.20","800.0","700.0","600.0","ZN PBﾄｸ 被せ","","1","◆HDZT49　ｱｰｽ 足付 L6x50(φ12)x4","2026/08/20","福山通運　九州発送","2026/08/20","","切断","林(浩)","2026/08/05","製造"
"那須電機商事★","九州工場","九州工場","2026/08/03","2026/08/03","26-J0100444-002-771","ZCPL0000","3.20","1,400.0","300.0","200.0","ZN 縞鋼板","","3","穴加工ｱﾘ","2026/08/20","福山通運　九州発送","2026/08/20","","CAD/CAM","熊谷","2026/08/06","製造"
"那須電機商事★","九州工場","九州工場","2026/08/03","2026/08/03","26-J0100444-001-771","ZCPL0000","3.20","500.0","300.0","220.0","ZN 縞鋼板","","1","穴加工ｱﾘ","2026/08/20","福山通運　九州発送","2026/08/20","","切断","林(浩)","2026/08/06","製造"
"イシグロ　福岡★","九州工場","九州工場","2026/07/23","2026/07/23","26-J0092429-001-771","ZG0000","6.00","200.0","65.0","680.0","ZN 架台","","9","SS-L-65x65x6t　穴加工　左右＝各1台(ｾｯﾄ)　1","2026/08/20","店頭渡し","2026/08/21","","溶接","ゴック","2026/08/03","製造"
"イシグロ　福岡★","九州工場","九州工場","2026/07/23","2026/07/23","26-J0092429-007-771","ZG0000","6.00","200.0","65.0","590.0","ZN 架台","","21","SS-L-65x65x6t　穴加工　    4","2026/08/20","店頭渡し","2026/08/21","","溶接","クイ","2026/08/07","製造"
"イシグロ　福岡★","九州工場","九州工場","2026/07/23","2026/07/23","26-J0092429-006-771","ZG0000","6.00","200.0","65.0","680.0","ZN 架台","","10","SS-L-65x65x6t　穴加工　    2","2026/08/20","店頭渡し","2026/08/21","","溶接","横澤","2026/08/05","製造"
"イシグロ　福岡★","九州工場","九州工場","2026/07/23","2026/07/23","26-J0092429-005-771","ZG0000","6.00","200.0","65.0","500.0","ZN 架台","","2","SS-L-65x65x6t　穴加工　左右＝各1台(ｾｯﾄ)  5","2026/08/20","店頭渡し","2026/08/21","","溶接","ゴック","2026/08/03","製造"
"イシグロ　福岡★","九州工場","九州工場","2026/07/23","2026/07/23","26-J0092429-004-771","ZG0000","6.00","200.0","65.0","590.0","ZN 架台","","20","SS-L-65x65x6t　穴加工　    4","2026/08/20","店頭渡し","2026/08/21","","溶接","クイ","2026/08/06","製造"
"イシグロ　福岡★","九州工場","九州工場","2026/07/23","2026/07/23","26-J0092429-003-771","ZG0000","6.00","200.0","65.0","780.0","ZN 架台","","9","SS-L-65x65x6t　穴加工　    3","2026/08/20","店頭渡し","2026/08/21","","溶接","バン","2026/08/05","製造"
"イシグロ　福岡★","九州工場","九州工場","2026/07/23","2026/07/23","26-J0092429-002-771","ZG0000","6.00","200.0","65.0","680.0","ZN 架台","","21","SS-L-65x65x6t　穴加工　    2","2026/08/20","店頭渡し","2026/08/21","","溶接","横澤","2026/08/04","製造"
"米良電機　都城★","九州工場","九州工場","2026/07/28","2026/07/28","26-J0095670-001-771","SE0000XN","2.00","900.0","300.0","300.0","SUS PBﾄｸ 水切","","1","ｱｰｽ","2026/08/21","福山通運　九州発送","2026/08/21","","CAD/CAM","熊谷","2026/08/21","製造"
"イシグロ　福岡★","九州工場","九州工場","2026/07/28","2026/07/28","26-J0096088-004-771","ZG0000","6.00","485.0","65.0","500.0","ZN 架台","","13","SS-L-65x65x6t 穴加工","2026/08/20","店頭渡し","2026/08/21","","溶接","奈木野","2026/08/06","製造"
"イシグロ　福岡★","九州工場","九州工場","2026/07/28","2026/07/28","26-J0096088-005-771","ZG0000","6.00","495.0","65.0","500.0","ZN 架台","","16","SS-L-65x65x6t 穴加工","2026/08/20","店頭渡し","2026/08/21","","溶接","横澤","2026/08/05","製造"
"イシグロ　福岡★","九州工場","九州工場","2026/07/28","2026/07/28","26-J0096088-001-771","ZKM0000","5.00","325.0","50.0","100.0","ZN 金物","","6","SS-C-5x50x100　穴加工","2026/08/20","店頭渡し","2026/08/21","","溶接","奈木野","2026/08/06","製造"
"イシグロ　福岡★","九州工場","九州工場","2026/07/28","2026/07/28","26-J0096088-003-771","ZG0000","6.00","300.0","50.0","286.0","ZN 架台","","2","SS-L-50x50x6t　穴加工","2026/08/20","店頭渡し","2026/08/21","","溶接","横澤","2026/08/06","製造"
"イシグロ　福岡★","九州工場","九州工場","2026/07/28","2026/07/28","26-J0096088-002-771","ZKM0000","5.00","325.0","50.0","100.0","ZN 金物","","2","SS-C-5x50x100　穴加工","2026/08/20","店頭渡し","2026/08/21","","溶接","奈木野","2026/08/06","製造"
"小林電工　岡山★","九州工場","九州工場","2026/07/30","2026/07/30","26-J0097982-001-771","ZE2015X2","2.30","200.0","200.0","150.0","ZN PB 水切","","1","ｱｰｽ　HDZT56","2026/08/21","福山通運　九州発送","2026/08/21","","溶接","マイン","2026/08/06","製造"
"興陽電機　岩国★","九州工場","九州工場","2026/07/30","2026/07/30","26-J0098000-004-771","30PLA","0.00","0.0","0.0","0.0","補修塗料 筆付","N-7 近似色","1","ﾌﾟﾗ30ml","2026/08/20","福山通運　九州発送","2026/08/21","","未着手","","","製造"
"興陽電機　岩国★","九州工場","九州工場","2026/07/30","2026/07/30","26-J0098000-001-771","IG0000C","5.00","400.0","250.0","1,500.0","鉄 架台 焼付","N-7 近似色","8","溝形鋼100x50x5 2.3t溶接 ｶﾊﾞｰ溶接","2026/08/20","福山通運　九州発送","2026/08/21","","切断","森山","2026/08/07","製造"
"南四国ﾅｼｮﾅﾙ　本社★","九州工場","九州工場","2026/08/03","2026/08/03","26-J0099674-001-771","SE0000XN","1.50","250.0","250.0","100.0","SUS PBﾄｸ 水切","","2","ｱｰｽ ｺﾝ柱取付金具t2.0付","2026/08/21","福山通運　九州発送","2026/08/21","","未着手","","2026/08/21","製造"
"光電気産業","九州工場","九州工場","2026/08/03","2026/08/03","26-J0100755-001-771","ZCPL0000","3.20","1,130.0","300.0","0.0","ZN 縞鋼板","","15","ｺﾞﾑP付 取付穴12-φ7","2026/08/20","沖縄直送","2026/08/21","","CAD/CAM","熊谷","2026/08/06","製造"
"光電気産業","九州工場","九州工場","2026/08/03","2026/08/03","26-J0100755-002-771","ZCPL0000","3.20","1,130.0","300.0","0.0","ZN 縞鋼板","","15","ｺﾞﾑP付 取付穴12-φ7","2026/08/21","沖縄直送","2026/08/21","","CAD/CAM","熊谷","2026/08/07","製造"
"ムトウ電材　富士見★","九州工場","九州工場","2026/07/08","2026/07/08","26-J0080210-002-771","SD0000C","1.50","900.0","170.0","850.0","SUS ﾀﾞｸﾄ 焼付","2.5Y9/1 近似色","1","平蓋ﾊﾟｯｷﾝ付　ｱｰｽ　ｹｰﾌﾞﾙ支持棒   1F上部ﾀﾞｸﾄ","2026/08/24","福山通運　九州発送","2026/08/24","","未着手","","2026/08/19","製造"
"ムトウ電材　富士見★","九州工場","九州工場","2026/07/08","2026/07/08","26-J0080210-001-771","SD0000C","1.50","900.0","170.0","680.0","SUS ﾀﾞｸﾄ 焼付","2.5Y9/1 近似色","1","平蓋ﾊﾟｯｷﾝ付　ｱｰｽ　ｹｰﾌﾞﾙ支持棒   1F下部ﾀﾞｸﾄ","2026/08/24","福山通運　九州発送","2026/08/24","","未着手","","2026/08/19","製造"
"ムトウ電材　富士見★","九州工場","九州工場","2026/07/08","2026/07/08","26-J0080210-003-771","SD0000C","1.50","900.0","170.0","800.0","SUS ﾀﾞｸﾄ 焼付","2.5Y9/1 近似色","1","平蓋ﾊﾟｯｷﾝ付　ｱｰｽ　ｹｰﾌﾞﾙ支持棒   2F下部ﾀﾞｸﾄ","2026/08/24","福山通運　九州発送","2026/08/24","","未着手","","2026/08/19","製造"
"岡本電機　安佐★","九州工場","九州工場","2026/07/31","2026/07/31","26-J0099524-001-771","ZE0000W","3.20","1,200.0","1,200.0","500.0","ZN PBﾄｸ 被せ","","1","ｱｰｽ 本体2分割 底面開口","2026/08/24","福山通運　九州発送","2026/08/24","","切断","林(浩)","2026/08/07","製造"
"岡本電機　安佐★","九州工場","九州工場","2026/07/31","2026/07/31","26-J0099524-002-771","ZE0000W","3.20","1,200.0","1,200.0","500.0","ZN PBﾄｸ 被せ","","1","ｱｰｽ 本体2分割 底面・側面開口","2026/08/24","福山通運　九州発送","2026/08/24","","CAD/CAM","熊谷","2026/08/07","製造"
"東芝電材　中津★","九州工場","九州工場","2026/07/31","2026/07/31","26-J0099566-001-771","ZE0000X","3.20","900.0","700.0","900.0","ZN PBﾄｸ 水切","","2","◆HDZT-49  ｱｰｽ","2026/08/24","福山通運　九州発送","2026/08/24","","切断","林(浩)","2026/08/07","製造"
"三親電材　松江★","九州工場","九州工場","2026/08/03","2026/08/03","26-J0099936-001-771","SE6050WN","1.50","600.0","600.0","500.0","SUS PB 被せ","","1","ｱｰｽ","2026/08/24","福山通運　九州発送","2026/08/24","","未着手","","2026/08/24","製造"
"カンサイ　大分★","九州工場","九州工場","2026/07/22","2026/07/22","26-J0090020-006-771","ZG0000","3.20","1,300.0","50.0","0.0","ZN 架台","","30","ｴｱｺﾝ用ｶﾞｰﾄﾞ用架台","2026/08/20","自社便","2026/08/25","2026/08/21","切断","森山","2026/07/30","製造"
"カンサイ　大分★","九州工場","九州工場","2026/07/22","2026/07/22","26-J0090020-002-771","ZG0000","0.00","2,300.0","1,300.0","450.0","ZN 架台","","6","室内ﾕﾆｯﾄ用ｶﾞｰﾄﾞ固定用架台　L-50X50X6t　","2026/08/20","自社便","2026/08/25","2026/08/21","溶接","横澤","2026/07/30","製造"
"Q-mast　電気グル－プ★","九州工場","九州工場","2026/07/30","2026/07/30","26-J0098581-001-771","ZG0000","0.00","125.0","125.0","1,400.0","ZN 架台","","12","穴加工 L50x50x4t C100x50x5 ベース6ｔ","2026/08/24","ヤマックス　ｽﾎﾟｯﾄ便","2026/08/25","","未着手","","2026/08/06","製造"
"Q-mast　電気グル－プ★","九州工場","九州工場","2026/07/30","2026/07/30","26-J0098581-002-771","ZG0000","0.00","180.0","180.0","1,500.0","ZN 架台","","15","穴加工 C150x75x6.5 ベース6ｔ","2026/08/24","ヤマックス　ｽﾎﾟｯﾄ便","2026/08/25","","未着手","","2026/08/06","製造"
"Q-mast　電気グル－プ★","九州工場","九州工場","2026/07/30","2026/07/30","26-J0098581-003-771","ZG0000","0.00","180.0","180.0","1,500.0","ZN 架台","","4","穴加工 L40x40x5 C150x75x6.5 ベース6ｔ","2026/08/24","ヤマックス　ｽﾎﾟｯﾄ便","2026/08/25","","未着手","","2026/08/06","製造"
"光電気産業","九州工場","九州工場","2026/08/03","2026/08/03","26-J0100791-002-771","ZCPL0000","3.20","500.0","300.0","0.0","ZN 縞鋼板","","12","ｺﾞﾑP付 穴加工6-φ7","2026/08/24","沖縄直送","2026/08/25","","未着手","","2026/08/17","製造"
"光電気産業","九州工場","九州工場","2026/08/03","2026/08/03","26-J0100791-001-771","ZCPL0000","3.20","1,130.0","300.0","0.0","ZN 縞鋼板","","11","ｺﾞﾑP付 穴加工12-φ7","2026/08/24","沖縄直送","2026/08/25","","未着手","","2026/08/17","製造"
"イシグロ　福岡★","九州工場","九州工場","2026/07/16","2026/07/16","26-J0087133-001-771","SG0000N","6.00","940.0","65.0","1,380.0","SUS 架台","","2","SUS-L-65x65x6t　SUS-FB6x50　SUS-PL-6t　","2026/08/26","店頭渡し","2026/08/27","","未着手","","2026/08/26","製造"
"イシグロ　福岡★","九州工場","九州工場","2026/07/16","2026/07/16","26-J0087209-002-771","ZG0000","6.00","300.0","65.0","1,550.0","ZN 架台","","2","SS-L-65x65x6t　PL-6t　穴加工","2026/08/26","店頭渡し","2026/08/27","","CAD/CAM","熊谷","2026/08/17","製造"
"イシグロ　福岡★","九州工場","九州工場","2026/07/16","2026/07/16","26-J0087209-003-771","ZG0000","6.00","300.0","65.0","510.0","ZN 架台","","4","SS-L-65x65x6t　PL-6t　穴加工","2026/08/26","店頭渡し","2026/08/27","","CAD/CAM","熊谷","2026/08/17","製造"
"イシグロ　福岡★","九州工場","九州工場","2026/07/16","2026/07/16","26-J0087209-008-771","ZG0000","6.00","350.0","65.0","261.0","ZN 架台","","4","SS-L-65x65x6t　PL-6t　穴加工","2026/08/26","店頭渡し","2026/08/27","","CAD/CAM","熊谷","2026/08/17","製造"
"イシグロ　福岡★","九州工場","九州工場","2026/07/16","2026/07/16","26-J0087209-004-771","ZG0000","6.00","950.0","65.0","440.0","ZN 架台","","2","SS-L-65x65x6t　PL-6t　穴加工","2026/08/26","店頭渡し","2026/08/27","","CAD/CAM","熊谷","2026/08/17","製造"
"イシグロ　福岡★","九州工場","九州工場","2026/07/16","2026/07/16","26-J0087209-001-771","ZG0000","6.00","360.0","65.0","360.0","ZN 架台","","2","SS-L-65x65x6t　PL-6t　穴加工","2026/08/26","店頭渡し","2026/08/27","","CAD/CAM","熊谷","2026/08/17","製造"
"イシグロ　福岡★","九州工場","九州工場","2026/07/16","2026/07/16","26-J0087209-009-771","ZG0000","6.00","65.0","65.0","545.0","ZN 架台","","1","SS-L-65x65x6t　PL-6t　穴加工","2026/08/26","店頭渡し","2026/08/27","","CAD/CAM","熊谷","2026/08/17","製造"
"イシグロ　福岡★","九州工場","九州工場","2026/07/16","2026/07/16","26-J0087209-010-771","ZG0000","5.00","1,150.0","285.0","300.0","ZN 架台","","1","SS-C-5x50x100　PL-6t　穴加工","2026/08/26","店頭渡し","2026/08/27","","CAD/CAM","熊谷","2026/08/17","製造"
"イシグロ　福岡★","九州工場","九州工場","2026/07/16","2026/07/16","26-J0087209-007-771","ZG0000","6.00","350.0","65.0","212.0","ZN 架台","","20","SS-L-65x65x6t　PL-6t　穴加工","2026/08/26","店頭渡し","2026/08/27","","溶接","クイ","2026/08/03","製造"
"イシグロ　福岡★","九州工場","九州工場","2026/07/16","2026/07/16","26-J0087209-006-771","ZG0000","6.00","1,150.0","65.0","1,850.0","ZN 架台","","1","SS-L-65x65x6t　PL-6t　穴加工","2026/08/26","店頭渡し","2026/08/27","","CAD/CAM","熊谷","2026/08/17","製造"
"イシグロ　福岡★","九州工場","九州工場","2026/07/16","2026/07/16","26-J0087209-005-771","ZG0000","6.00","1,150.0","65.0","1,850.0","ZN 架台","","1","SS-L-65x65x6t　PL-6t　穴加工","2026/08/26","店頭渡し","2026/08/27","","CAD/CAM","熊谷","2026/08/17","製造"
"平岡電気　大牟田★","九州工場","九州工場","2026/07/30","2026/07/30","26-J0098516-002-771","BE3020SC","1.60","300.0","300.0","200.0","国土 PB 平 焼付","2.5Y9/1 近似色","5","ｱｰｽ","2026/08/26","佐川急便","2026/08/27","","切断","林(浩)","2026/08/18","製造"
"平岡電気　大牟田★","九州工場","九州工場","2026/07/30","2026/07/30","26-J0098516-003-771","BE4030SC","1.60","400.0","400.0","300.0","国土 PB 平 焼付","2.5Y9/1 近似色","5","ｱｰｽ","2026/08/26","佐川急便","2026/08/27","","未着手","","2026/08/18","製造"
"平岡電気　大牟田★","九州工場","九州工場","2026/07/30","2026/07/30","26-J0098516-001-771","BE2015SC","1.60","200.0","200.0","150.0","国土 PB 平 焼付","2.5Y9/1 近似色","2","ｱｰｽ","2026/08/26","佐川急便","2026/08/27","","仕上","三澄","2026/08/18","製造"
"平岡電気　大牟田★","九州工場","九州工場","2026/07/30","2026/07/30","26-J0098524-001-771","SE3020XC","1.50","300.0","300.0","200.0","SUS PB 水切 焼付","2.5Y9/1 近似色","1","ｱｰｽ","2026/08/26","佐川急便","2026/08/27","","未着手","","2026/08/18","製造"
"平岡電気　大牟田★","九州工場","九州工場","2026/07/30","2026/07/30","26-J0098524-002-771","SE4030XC","1.50","400.0","400.0","300.0","SUS PB 水切 焼付","2.5Y9/1 近似色","1","ｱｰｽ","2026/08/26","佐川急便","2026/08/27","","未着手","","2026/08/18","製造"
"平岡電気　大牟田★","九州工場","九州工場","2026/07/30","2026/07/30","26-J0098542-001-771","SE2015XC","1.50","200.0","200.0","150.0","SUS PB 水切 焼付","2.5Y9/1 近似色","2","ｱｰｽ","2026/08/27","佐川急便","2026/08/27","","未着手","","2026/08/19","製造"
"平岡電気　大牟田★","九州工場","九州工場","2026/07/30","2026/07/30","26-J0098542-002-771","SE3020XC","1.50","300.0","300.0","200.0","SUS PB 水切 焼付","2.5Y9/1 近似色","5","ｱｰｽ","2026/08/27","佐川急便","2026/08/27","","未着手","","2026/08/19","製造"
"平岡電気　大牟田★","九州工場","九州工場","2026/07/30","2026/07/30","26-J0098542-003-771","SE4030XC","1.50","400.0","400.0","300.0","SUS PB 水切 焼付","2.5Y9/1 近似色","2","ｱｰｽ","2026/08/27","佐川急便","2026/08/27","","未着手","","2026/08/19","製造"
"中国機材設備　東広島★","九州工場","九州工場","2026/07/01","2026/07/01","26-J0073818-001-771","AD0000N","2.00","700.0","300.0","1,300.0","ｱﾙﾐ ﾀﾞｸﾄ","","1","/500 点検口 ｱｰｽ 支持棒+ｾﾊﾟ3枚　補強 ﾌﾗﾝｼﾞ付","2026/08/28","福山通運　九州発送","2026/08/28","","未着手","","2026/08/28","製造"
"中国機材設備　東広島★","九州工場","九州工場","2026/07/01","2026/07/01","26-J0073818-004-771","AD0000N","2.00","900.0","500.0","3,000.0","ｱﾙﾐ ﾀﾞｸﾄ","","1","/980 点検口 ｱｰｽ 支持棒+ｾﾊﾟ3枚　補強 ﾌﾗﾝｼﾞ付","2026/08/28","福山通運　九州発送","2026/08/28","","未着手","","2026/08/28","製造"
"ナミデン　岡山★","九州工場","九州工場","2026/07/27","2026/07/27","26-J0094451-004-771","DD0000N","1.60","500.0","250.0","9,525.0","Sﾀﾞｲﾏ ﾀﾞｸﾄ","","1","/4190/1300 WP 12分割･支持棒･ｾﾊﾟﾚｰﾀ付","2026/08/21","チャーター便","2026/08/28","","切断","岩本","2026/08/20","製造"
"ナミデン　岡山★","九州工場","九州工場","2026/07/27","2026/07/27","26-J0094451-001-771","ID0000C","1.60","500.0","250.0","3,885.0","鉄 ﾀﾞｸﾄ 焼付","5Y7/1(近似色)","1","/825/600 6分割 支持棒･ｾﾊﾟﾚｰﾀ付","2026/08/17","チャーター便","2026/08/28","","曲げ","道上","2026/08/06","製造"
"ナミデン　岡山★","九州工場","九州工場","2026/07/27","2026/07/27","26-J0094451-002-771","IKM0000C","1.60","495.0","245.0","50.0","鉄 金物 焼付","5Y7/1(近似色)","1","ｴﾝﾄﾞﾌﾟﾚｰﾄ","2026/08/17","チャーター便","2026/08/28","","曲げ","志田","2026/08/06","製造"
"ナミデン　岡山★","九州工場","九州工場","2026/07/27","2026/07/27","26-J0094451-003-771","IKM0000C","0.00","0.0","0.0","0.0","鉄 金物 焼付","5Y7/1(近似色)","3","接続金物","2026/08/17","チャーター便","2026/08/28","","曲げ","道上","2026/08/06","製造"
"ナミデン　岡山★","九州工場","九州工場","2026/07/27","2026/07/27","26-J0094451-010-771","SIP0000N","1.50","940.0","620.0","0.0","SUS ﾌﾟﾚｰﾄ","","1","穴加工ｱﾘ","2026/08/27","チャーター便","2026/08/28","","CAD/CAM","熊谷","2026/08/27","製造"
"ナミデン　岡山★","九州工場","九州工場","2026/07/27","2026/07/27","26-J0094451-009-771","SIP0000N","1.50","670.0","360.0","0.0","SUS ﾌﾟﾚｰﾄ","","1","穴加工ｱﾘ","2026/08/27","チャーター便","2026/08/28","","CAD/CAM","熊谷","2026/08/27","製造"
"ナミデン　岡山★","九州工場","九州工場","2026/07/27","2026/07/27","26-J0094451-008-771","SCI0000N","0.00","600.0","0.0","0.0","SUS ﾁｬﾝﾈﾙ","","15","穴加工ｱﾘ","2026/08/27","チャーター便","2026/08/28","","未着手","","2026/08/27","製造"
"ナミデン　岡山★","九州工場","九州工場","2026/07/27","2026/07/27","26-J0094451-007-771","DKM0000N","0.00","0.0","0.0","0.0","Sﾀﾞｲﾏ 金物","","7","接続金物","2026/08/26","チャーター便","2026/08/28","","未着手","","2026/08/25","製造"
"ナミデン　岡山★","九州工場","九州工場","2026/07/27","2026/07/27","26-J0094451-006-771","DD0000N","1.60","500.0","250.0","6,625.0","Sﾀﾞｲﾏ ﾀﾞｸﾄ","","1","/3170/1190 WP 9分割･支持棒付","2026/08/26","チャーター便","2026/08/28","","未着手","","2026/08/25","製造"
"ナミデン　岡山★","九州工場","九州工場","2026/07/27","2026/07/27","26-J0094451-005-771","DKM0000N","0.00","0.0","0.0","0.0","Sﾀﾞｲﾏ 金物","","10","接続金物","2026/08/21","チャーター便","2026/08/28","","CAD/CAM","熊谷","2026/08/20","製造"
"平岡電気　大牟田★","九州工場","九州工場","2026/07/30","2026/07/30","26-J0098549-003-771","SE4030XC","1.50","400.0","400.0","300.0","SUS PB 水切 焼付","2.5Y9/1 近似色","3","ｱｰｽ","2026/08/28","佐川急便","2026/08/28","","未着手","","2026/08/20","製造"
"平岡電気　大牟田★","九州工場","九州工場","2026/07/30","2026/07/30","26-J0098549-004-771","SE5040XC","1.50","500.0","500.0","400.0","SUS PB 水切 焼付","2.5Y9/1 近似色","1","ｱｰｽ","2026/08/28","佐川急便","2026/08/28","","未着手","","2026/08/20","製造"
"平岡電気　大牟田★","九州工場","九州工場","2026/07/30","2026/07/30","26-J0098549-001-771","SE2015XC","1.50","200.0","200.0","150.0","SUS PB 水切 焼付","2.5Y9/1 近似色","3","ｱｰｽ","2026/08/28","佐川急便","2026/08/28","","未着手","","2026/08/20","製造"
"平岡電気　大牟田★","九州工場","九州工場","2026/07/30","2026/07/30","26-J0098549-002-771","SE3020XC","1.50","300.0","300.0","200.0","SUS PB 水切 焼付","2.5Y9/1 近似色","4","ｱｰｽ","2026/08/28","佐川急便","2026/08/28","","未着手","","2026/08/20","製造"
"平岡電気　大牟田★","九州工場","九州工場","2026/07/30","2026/07/30","26-J0098559-001-771","SE2015XC","1.50","200.0","200.0","150.0","SUS PB 水切 焼付","2.5Y9/1 近似色","4","ｱｰｽ","2026/08/28","佐川急便","2026/08/28","","未着手","","2026/08/20","製造"
"平岡電気　大牟田★","九州工場","九州工場","2026/07/30","2026/07/30","26-J0098559-004-771","SE0000XC","1.50","450.0","450.0","400.0","SUS PBﾄｸ 水切 焼付","2.5Y9/1 近似色","3","ｱｰｽ","2026/08/28","佐川急便","2026/08/28","","未着手","","2026/08/20","製造"
"平岡電気　大牟田★","九州工場","九州工場","2026/07/30","2026/07/30","26-J0098559-003-771","SE4030XC","1.50","400.0","400.0","300.0","SUS PB 水切 焼付","2.5Y9/1 近似色","2","ｱｰｽ","2026/08/28","佐川急便","2026/08/28","","未着手","","2026/08/20","製造"
"平岡電気　大牟田★","九州工場","九州工場","2026/07/30","2026/07/30","26-J0098559-002-771","SE3020XC","1.50","300.0","300.0","200.0","SUS PB 水切 焼付","2.5Y9/1 近似色","1","ｱｰｽ","2026/08/28","佐川急便","2026/08/28","","未着手","","2026/08/20","製造"
"平和テクノ　行橋★","九州工場","九州工場","2026/08/03","2026/08/03","26-J0100649-001-771","IBGC1800C","2.30","1,800.0","800.0","350.0","鉄 防球ガード 焼付","2.5Y9/1 近似色","12","天吊形空調機用 室内機：S-G140TU1 半ｵｰﾌﾟﾝ","2026/08/28","店頭渡し","2026/08/28","","未着手","","2026/08/25","製造"
"かごしま電工　鹿屋★","九州工場","九州工場","2026/06/15","2026/06/15","26-J0061236-001-771","IP0000XC","1.60","350.0","200.0","100.0","鉄 PBﾄｸ 水切 焼付","2.5Y9/1 近似色","5","蓋面開口 穴加工","2026/08/28","佐川急便","2026/08/31","","CAD/CAM","熊谷","2026/08/25","製造"
"三親電材　米子★","九州工場","九州工場","2026/08/03","2026/08/03","26-J0099678-001-771","IIMP0000C","1.60","443.0","0.0","0.0","鉄 丸ﾌﾟﾚｰﾄ 焼付","N9.5(近似色)","12","Φ443 穴加工ｱﾘ","2026/08/31","福山通運　九州発送","2026/08/31","","未着手","","2026/08/26","製造"
"小林電工　岡山★","九州工場","九州工場","2026/08/03","2026/08/03","26-J0100844-001-771","ID0000C","1.60","400.0","200.0","2,000.0","鉄 ﾀﾞｸﾄ 焼付","5Y7/1(近似色)","1","/1900/500 3分割","2026/08/31","福山通運　九州発送","2026/08/31","","未着手","","2026/08/19","製造"
"小林電工　岡山★","九州工場","九州工場","2026/08/03","2026/08/03","26-J0100844-002-771","IKM0000C","0.00","0.0","0.0","0.0","鉄 金物 焼付","5Y7/1(近似色)","1","脱着式接続金物","2026/08/31","福山通運　九州発送","2026/08/31","","未着手","","2026/08/19","製造"
"新光産業　中部","九州工場","九州工場","2026/06/19","2026/06/19","26-J0066035-001-771","ZE0000W","3.20","800.0","800.0","500.0","ZN PBﾄｸ 被せ","","1","◆空冷 ｱｰｽ","2026/08/28","沖縄直送","2026/09/01","","CAD/CAM","熊谷","2026/08/21","製造"
"東芝電材　松江★","九州工場","九州工場","2026/07/28","2026/07/28","26-J0096327-001-771","BD0000C","1.60","200.0","100.0","1,785.0","国土 ﾀﾞｸﾄ 焼付","5Y7/1(近似色)","1","ｱｰｽ","2026/09/01","福山通運　九州発送","2026/09/01","","未着手","","2026/08/27","製造"
"東芝電材　松江★","九州工場","九州工場","2026/07/28","2026/07/28","26-J0096327-002-771","BKM0000C","1.60","195.0","100.0","90.0","処理鋼板 金物 焼付","5Y7/1(近似色)","1","接続金物","2026/09/01","福山通運　九州発送","2026/09/01","","未着手","","2026/08/27","製造"
"東芝電材　松江★","九州工場","九州工場","2026/07/28","2026/07/28","26-J0096336-001-771","BD0000C","1.60","200.0","100.0","3,050.0","国土 ﾀﾞｸﾄ 焼付","N1(近似色)","1","/925 ｱｰｽ 3分割","2026/09/02","福山通運　九州発送","2026/09/02","","未着手","","2026/08/28","製造"
"東芝電材　松江★","九州工場","九州工場","2026/07/28","2026/07/28","26-J0096336-004-771","30PLA","0.00","0.0","0.0","0.0","補修塗料 筆付","N1(近似色)","1","ﾌﾟﾗ30ml","2026/09/02","福山通運　九州発送","2026/09/02","","未着手","","","製造"
"東芝電材　松江★","九州工場","九州工場","2026/07/28","2026/07/28","26-J0096336-002-771","BKM0000C","1.60","195.0","100.0","90.0","処理鋼板 金物 焼付","N1(近似色)","2","接続金物","2026/09/02","福山通運　九州発送","2026/09/02","","未着手","","2026/08/28","製造"
"ナミデン　福岡★","九州工場","九州工場","2026/07/30","2026/07/30","26-J0097579-001-771","IKM0000C","1.60","500.0","400.0","200.0","鉄 金物 焼付","N-90 近似色","9","","2026/09/01","ヤマックス福岡","2026/09/02","","未着手","","2026/08/28","製造"
"日本テクロ　広島★","九州工場","九州工場","2026/07/23","2026/07/23","26-J0092311-007-771","SE0000XNA","1.50","150.0","150.0","150.0","SUS PBﾄｸ 水切","","5","ｱｰｽ 足付　","2026/09/02","佐川急便","2026/09/03","","未着手","","2026/09/02","製造"
"日本テクロ　広島★","九州工場","九州工場","2026/07/23","2026/07/23","26-J0092321-001-771","SE0000XNA","1.50","150.0","150.0","150.0","SUS PBﾄｸ 水切","","5","ｱｰｽ 足付　","2026/09/02","佐川急便","2026/09/03","","未着手","","2026/09/02","製造"
"日本テクロ　広島★","九州工場","九州工場","2026/07/23","2026/07/23","26-J0092327-001-771","SE0000WNA","1.50","150.0","150.0","150.0","SUS PBﾄｸ 被せ","","3","ｱｰｽ 足付","2026/09/02","佐川急便","2026/09/04","","未着手","","2026/09/02","製造"
"山電　佐賀★","九州工場","九州工場","2026/07/30","2026/07/30","26-J0098379-001-771","ZD0000","3.20","400.0","200.0","3,450.0","ZN ﾀﾞｸﾄ","","1","/3300　6分割　被せ蓋開口セパx1ケーブル支持","2026/09/03","チャーター便","2026/09/04","","未着手","","2026/08/25","製造"
"山電　佐賀★","九州工場","九州工場","2026/07/30","2026/07/30","26-J0098379-002-771","ZD0000","3.20","600.0","200.0","3,000.0","ZN ﾀﾞｸﾄ","","1","2分割被せ蓋　開口ケーブル支持","2026/09/03","チャーター便","2026/09/04","","未着手","","2026/08/25","製造"
"誠新産業　長崎★","九州工場","九州工場","2026/07/22","2026/07/22","26-J0090433-004-771","ZG0000","9.00","828.0","410.0","0.0","ZN 架台","","8","HDZT77 蓋","2026/09/04","チャーター便","2026/09/07","","未着手","","2026/08/28","製造"
"誠新産業　長崎★","九州工場","九州工場","2026/07/22","2026/07/22","26-J0090433-001-771","ZG0000","0.00","1,700.0","350.0","230.0","ZN 架台","","4","◆HDZT63 開口穴蓋2分割　HH-F3","2026/09/04","チャーター便","2026/09/07","","未着手","","2026/08/28","製造"
"アサヒ　八重山","九州工場","九州工場","2026/07/30","2026/07/30","26-J0098366-003-771","SE0000WC","2.00","1,000.0","500.0","250.0","SUS PBﾄｸ 被せ 焼付","2.5Y9/1","2","ｱｰｽ(外) 外耳被せ蓋 開口 足付x4","2026/08/17","沖縄直送","2026/09/07","","曲げ","道上","2026/08/05","製造"
"アサヒ　八重山","九州工場","九州工場","2026/07/30","2026/07/30","26-J0098366-002-771","SE0000WC","2.00","1,000.0","500.0","250.0","SUS PBﾄｸ 被せ 焼付","2.5Y9/1","2","ｱｰｽ(外) 外耳被せ蓋 開口 足付x4","2026/08/07","沖縄直送","2026/09/07","","曲げ","道上","2026/08/04","製造"
"アサヒ　八重山","九州工場","九州工場","2026/07/30","2026/07/30","26-J0098366-001-771","SE0000WC","2.00","1,000.0","500.0","250.0","SUS PBﾄｸ 被せ 焼付","2.5Y9/1","2","ｱｰｽ(外) 外耳被せ蓋 開口 足付x4","2026/08/06","沖縄直送","2026/09/07","","仕上","三澄","2026/08/03","製造"
"アサヒ　八重山","九州工場","九州工場","2026/07/30","2026/07/30","26-J0098366-007-771","SE0000WC","2.00","1,000.0","500.0","250.0","SUS PBﾄｸ 被せ 焼付","2.5Y9/1","2","ｱｰｽ(外) 外耳被せ蓋 開口 足付x4","2026/08/21","沖縄直送","2026/09/07","","CAD/CAM","熊谷","2026/08/18","製造"
"アサヒ　八重山","九州工場","九州工場","2026/07/30","2026/07/30","26-J0098366-006-771","SE0000WC","2.00","1,000.0","500.0","250.0","SUS PBﾄｸ 被せ 焼付","2.5Y9/1","2","ｱｰｽ(外) 外耳被せ蓋 開口 足付x4","2026/08/20","沖縄直送","2026/09/07","","CAD/CAM","熊谷","2026/08/17","製造"
"アサヒ　八重山","九州工場","九州工場","2026/07/30","2026/07/30","26-J0098366-008-771","SE0000WC","2.00","1,000.0","500.0","250.0","SUS PBﾄｸ 被せ 焼付","2.5Y9/1","2","ｱｰｽ(外) 外耳被せ蓋 開口 足付x4","2026/08/24","沖縄直送","2026/09/07","","CAD/CAM","熊谷","2026/08/19","製造"
"アサヒ　八重山","九州工場","九州工場","2026/07/30","2026/07/30","26-J0098366-011-771","SE0000WC","2.00","1,000.0","500.0","250.0","SUS PBﾄｸ 被せ 焼付","2.5Y9/1","2","ｱｰｽ(外) 外耳被せ蓋 開口 足付x4","2026/08/27","沖縄直送","2026/09/07","","CAD/CAM","熊谷","2026/08/24","製造"
"アサヒ　八重山","九州工場","九州工場","2026/07/30","2026/07/30","26-J0098366-010-771","SE0000WC","2.00","1,000.0","500.0","250.0","SUS PBﾄｸ 被せ 焼付","2.5Y9/1","2","ｱｰｽ(外) 外耳被せ蓋 開口 足付x4","2026/08/26","沖縄直送","2026/09/07","","CAD/CAM","熊谷","2026/08/21","製造"
"アサヒ　八重山","九州工場","九州工場","2026/07/30","2026/07/30","26-J0098366-005-771","SE0000WC","2.00","1,000.0","500.0","250.0","SUS PBﾄｸ 被せ 焼付","2.5Y9/1","2","ｱｰｽ(外) 外耳被せ蓋 開口 足付x4","2026/08/19","沖縄直送","2026/09/07","","切断","森山","2026/08/07","製造"
"アサヒ　八重山","九州工場","九州工場","2026/07/30","2026/07/30","26-J0098366-004-771","SE0000WC","2.00","1,000.0","500.0","250.0","SUS PBﾄｸ 被せ 焼付","2.5Y9/1","2","ｱｰｽ(外) 外耳被せ蓋 開口 足付x4","2026/08/18","沖縄直送","2026/09/07","","曲げ","道上","2026/08/06","製造"
"アサヒ　八重山","九州工場","九州工場","2026/07/30","2026/07/30","26-J0098366-009-771","SE0000WC","2.00","1,000.0","500.0","250.0","SUS PBﾄｸ 被せ 焼付","2.5Y9/1","2","ｱｰｽ(外) 外耳被せ蓋 開口 足付x4","2026/08/25","沖縄直送","2026/09/07","","CAD/CAM","熊谷","2026/08/20","製造"
"アサヒ　八重山","九州工場","九州工場","2026/07/30","2026/07/30","26-J0098366-013-771","MAMEKOKI","0.00","0.0","0.0","0.0","補修塗料 豆缶(沖縄専用)","2.5Y9/1","2","","2026/09/04","沖縄直送","2026/09/07","","未着手","","","製造"
"アサヒ　八重山","九州工場","九州工場","2026/07/30","2026/07/30","26-J0098366-012-771","SE0000WC","2.00","1,000.0","500.0","250.0","SUS PBﾄｸ 被せ 焼付","2.5Y9/1","1","ｱｰｽ(外) 外耳被せ蓋 開口 足付x4","2026/08/28","沖縄直送","2026/09/07","","CAD/CAM","熊谷","2026/08/25","製造"
"アサヒ　八重山","九州工場","九州工場","2026/07/30","2026/07/30","26-J0098392-004-771","SE0000WC","2.00","700.0","700.0","300.0","SUS PBﾄｸ 被せ 焼付","2.5Y9/1","2","ｱｰｽ(外) 外耳被せ蓋 開口 足付","2026/09/03","沖縄直送","2026/09/07","","未着手","","2026/08/31","製造"
"アサヒ　八重山","九州工場","九州工場","2026/07/30","2026/07/30","26-J0098392-001-771","SE0000WC","2.00","700.0","700.0","300.0","SUS PBﾄｸ 被せ 焼付","2.5Y9/1","1","ｱｰｽ(外) 外耳被せ蓋 開口 足付","2026/08/31","沖縄直送","2026/09/07","","未着手","","2026/08/26","製造"
"アサヒ　八重山","九州工場","九州工場","2026/07/30","2026/07/30","26-J0098392-005-771","SE0000WC","2.00","700.0","700.0","300.0","SUS PBﾄｸ 被せ 焼付","2.5Y9/1","2","ｱｰｽ(外) 外耳被せ蓋 開口 足付","2026/09/04","沖縄直送","2026/09/07","","未着手","","2026/09/01","製造"
"アサヒ　八重山","九州工場","九州工場","2026/07/30","2026/07/30","26-J0098392-002-771","SE0000WC","2.00","700.0","700.0","300.0","SUS PBﾄｸ 被せ 焼付","2.5Y9/1","2","ｱｰｽ(外) 外耳被せ蓋 開口 足付","2026/09/01","沖縄直送","2026/09/07","","未着手","","2026/08/27","製造"
"アサヒ　八重山","九州工場","九州工場","2026/07/30","2026/07/30","26-J0098392-006-771","SE0000WC","2.00","700.0","700.0","300.0","SUS PBﾄｸ 被せ 焼付","2.5Y9/1","2","ｱｰｽ(外) 外耳被せ蓋 開口 足付","2026/09/07","沖縄直送","2026/09/07","","未着手","","2026/09/02","製造"
"アサヒ　八重山","九州工場","九州工場","2026/07/30","2026/07/30","26-J0098392-003-771","SE0000WC","2.00","700.0","700.0","300.0","SUS PBﾄｸ 被せ 焼付","2.5Y9/1","2","ｱｰｽ(外) 外耳被せ蓋 開口 足付","2026/09/03","沖縄直送","2026/09/07","","未着手","","2026/08/28","製造"
"日本電設資材　福岡★","九州工場","九州工場","2026/06/29","2026/06/29","26-J0071589-001-771","IG0000G","0.00","215.0","210.0","1,100.0","鉄 架台","","1","さび止め [150×75×6.5t　L65×65×6t QR70用(EPS1)","2026/09/07","ヤマックス福岡","2026/09/08","","未着手","","2026/09/03","製造"
"日本電設資材　福岡★","九州工場","九州工場","2026/06/29","2026/06/29","26-J0071589-002-771","IG0000G","0.00","215.0","210.0","1,100.0","鉄 架台","","1","さび止め [150×75×6.5t　L65×65×6t QR70用(EPS3)","2026/09/07","ヤマックス福岡","2026/09/08","","未着手","","2026/09/03","製造"
"日本電設資材　福岡★","九州工場","九州工場","2026/06/29","2026/06/29","26-J0071589-003-771","IG0000G","0.00","215.0","210.0","900.0","鉄 架台","","1","さび止め [150x75x6.5t L65x65x6t QR50用(EPS2)","2026/09/07","ヤマックス福岡","2026/09/08","","未着手","","2026/09/03","製造"
"日本電設資材　福岡★","九州工場","九州工場","2026/06/29","2026/06/29","26-J0071589-005-771","IG0000G","0.00","215.0","210.0","900.0","鉄 架台","","1","さび止め [150x75x6.5t L65x65x6t QR50用(EPS4)","2026/09/07","ヤマックス福岡","2026/09/08","","未着手","","2026/09/03","製造"
"ニッタマテリアル","九州工場","九州工場","2026/07/30","2026/07/30","26-J0098059-001-771","IBGF1250C","2.30","1,250.0","400.0","350.0","鉄 防球ガード 焼付","2.5Y9/1 近似色","32","搬送ファン用","2026/09/07","チャーター便","2026/09/08","","切断","林(浩)","2026/09/04","製造"
"日本電設資材　福岡★","九州工場","九州工場","2026/07/30","2026/07/30","26-J0097682-001-771","IIP0000G","6.00","180.0","40.0","0.0","鉄 ﾌﾟﾚｰﾄ","","2,392","さび止め 穴加工  東側 A","2026/09/08","メーカー直送","2026/09/09","","未着手","","","製造"
"日本電設資材　福岡★","九州工場","九州工場","2026/07/30","2026/07/30","26-J0097682-002-771","IIP0000G","6.00","220.0","240.0","0.0","鉄 ﾌﾟﾚｰﾄ","","933","さび止め 穴加工　東側 B","2026/09/08","メーカー直送","2026/09/09","","未着手","","","製造"
"日本電設資材　福岡★","九州工場","九州工場","2026/07/30","2026/07/30","26-J0097732-003-771","ZIP0000","6.00","180.0","40.0","0.0","ZN ﾌﾟﾚｰﾄ","","204","穴加工  東側 A","2026/09/08","ヤマックス　ｽﾎﾟｯﾄ便","2026/09/10","","未着手","","","製造"
"日本電設資材　福岡★","九州工場","九州工場","2026/07/30","2026/07/30","26-J0097732-004-771","ZIP0000","6.00","220.0","240.0","0.0","ZN ﾌﾟﾚｰﾄ","","18","穴加工　東側 B","2026/09/08","ヤマックス　ｽﾎﾟｯﾄ便","2026/09/10","","未着手","","","製造"
"啓電社★","九州工場","九州工場","2026/07/31","2026/07/31","26-J0098753-001-771","ZG0000","0.00","3,500.0","0.0","0.0","ZN 架台","","1","C100x50x5x7.5 ｷｭｰﾋﾞｸﾙ架台","2026/09/09","ヤマックス福岡","2026/09/10","","未着手","","2026/08/31","製造"
"啓電社★","九州工場","九州工場","2026/07/31","2026/07/31","26-J0098753-003-771","ZG0000","0.00","1,600.0","0.0","0.0","ZN 架台","","1","C100x50x5x7.5 ｷｭｰﾋﾞｸﾙ架台","2026/09/09","ヤマックス福岡","2026/09/10","","未着手","","2026/08/31","製造"
"啓電社★","九州工場","九州工場","2026/07/31","2026/07/31","26-J0098753-004-771","ZG0000","0.00","3,800.0","0.0","0.0","ZN 架台","","1","C100x50x5x7.5 ｷｭｰﾋﾞｸﾙ架台","2026/09/09","ヤマックス福岡","2026/09/10","","未着手","","2026/08/31","製造"
"啓電社★","九州工場","九州工場","2026/07/31","2026/07/31","26-J0098753-005-771","ZG0000","0.00","2,450.0","0.0","0.0","ZN 架台","","1","C100x50x5x7.5 ｷｭｰﾋﾞｸﾙ架台","2026/09/09","ヤマックス福岡","2026/09/10","","未着手","","2026/08/31","製造"
"啓電社★","九州工場","九州工場","2026/07/31","2026/07/31","26-J0098753-006-771","ZG0000","0.00","1,450.0","0.0","0.0","ZN 架台","","1","C100x50x5x7.5 ｷｭｰﾋﾞｸﾙ架台","2026/09/09","ヤマックス福岡","2026/09/10","","未着手","","2026/08/31","製造"
"啓電社★","九州工場","九州工場","2026/07/31","2026/07/31","26-J0098753-002-771","ZG0000","0.00","2,600.0","0.0","0.0","ZN 架台","","1","C100x50x5x7.5 ｷｭｰﾋﾞｸﾙ架台","2026/09/09","ヤマックス福岡","2026/09/10","","未着手","","2026/08/31","製造"
"三興マテリアルサプライ　大阪★","九州工場","九州工場","2026/05/12","2026/05/12","26-J0036706-001-771","ZP0000W","3.20","1,000.0","300.0","200.0","ZN PBﾄｸ 被せ","","1","◆","2026/09/29","福山通運　九州発送","2026/09/29","","CAD/CAM","熊谷","2026/09/16","製造"
"シンセイ　広島第二★","九州工場","九州工場","2026/07/27","2026/07/27","26-J0094371-001-771","SD0000N","2.00","250.0","150.0","4,000.0","SUS ﾀﾞｸﾄ","","2","ｱｰｽ 平蓋 SUSD15溶接","2026/10/19","福山通運　九州発送","2026/10/20","","未着手","","2026/10/19","製造"
"シンセイ　広島第二★","九州工場","九州工場","2026/07/27","2026/07/27","26-J0094375-001-771","SD0000N","2.00","250.0","150.0","4,000.0","SUS ﾀﾞｸﾄ","","2","ｱｰｽ 平蓋 SUSD15溶接","2026/10/20","福山通運　九州発送","2026/10/21","","未着手","","2026/10/20","製造"
"","九州工場","九州工場","","2026/07/17","26-R0001823-001-771","SE2010XC2","1.50","200.0","200.0","100.0","SUS PB 水切 焼付","2.5Y9/1","10","***沖縄ｱｰｽ 2.5Y9/1　＊7772用","2026/08/03","","","","塗装","柴﨑","2026/07/29","製造"
"","九州工場","九州工場","","2026/07/17","26-R0001824-001-771","SE2010XC2","1.50","200.0","200.0","100.0","SUS PB 水切 焼付","2.5Y9/1","10","***沖縄ｱｰｽ 2.5Y9/1　＊7772用","2026/08/04","","","","塗装","山口","2026/07/30","製造"
"","九州工場","九州工場","","2026/07/17","26-R0001825-001-771","SE2010XC2","1.50","200.0","200.0","100.0","SUS PB 水切 焼付","2.5Y9/1","10","***沖縄ｱｰｽ 2.5Y9/1　＊7772用","2026/08/05","","","","塗装","山口","2026/07/31","製造"
"","九州工場","九州工場","","2026/07/17","26-R0001828-001-771","SE2020XC2","1.50","200.0","200.0","200.0","SUS PB 水切 焼付","2.5Y9/1","12","***沖縄ｱｰｽ 2.5Y9/1　＊7772用","2026/08/03","","","","塗装","ナム","2026/07/29","製造"
"","九州工場","九州工場","","2026/07/17","26-R0001829-001-771","SE2020XC2","1.50","200.0","200.0","200.0","SUS PB 水切 焼付","2.5Y9/1","12","***沖縄ｱｰｽ 2.5Y9/1　＊7772用","2026/08/04","","","","塗装","山口","2026/07/30","製造"
"","九州工場","九州工場","","2026/07/17","26-R0001830-001-771","SE2020XC2","1.50","200.0","200.0","200.0","SUS PB 水切 焼付","2.5Y9/1","12","***沖縄ｱｰｽ 2.5Y9/1　＊7772用","2026/08/05","","","","塗装","山口","2026/07/31","製造"
"","九州工場","九州工場","","2026/07/17","26-R0001836-001-771","BE2020SC2","1.60","200.0","200.0","200.0","国土 PB 平 焼付","2.5Y9/1","12","***沖縄ｱｰｽ 2.5Y9/1","2026/08/04","イトカツ","","2026/08/04","塗装","山口","2026/07/30","製造"
"","九州工場","九州工場","","2026/07/17","26-R0001837-001-771","SE1010SC2","1.50","100.0","100.0","100.0","SUS PB 平 焼付","2.5Y9/1","10","***沖縄ｱｰｽ 2.5Y9/1 ﾊﾟｯｷﾝ付","2026/08/04","イトカツ","","2026/08/04","塗装","柴﨑","2026/07/30","製造"
"","九州工場","九州工場","","2026/07/17","26-R0001838-001-771","SE2020XC2","1.50","200.0","200.0","200.0","SUS PB 水切 焼付","2.5Y9/1","12","***沖縄ｱｰｽ 2.5Y9/1","2026/08/04","自社便","","2026/08/05","塗装","ナム","2026/07/30","製造"
"","九州工場","九州工場","","2026/07/17","26-R0001839-001-771","BE3010SC2","1.60","300.0","300.0","100.0","国土 PB 平 焼付","2.5Y9/1","8","***沖縄ｱｰｽ 2.5Y9/1","2026/08/05","イトカツ","","2026/08/05","塗装","山口","2026/07/31","製造"
"","九州工場","九州工場","","2026/07/17","26-R0001840-001-771","SE4020SC2","1.50","400.0","400.0","200.0","SUS PB 平 焼付","2.5Y9/1","4","***沖縄ｱｰｽ 2.5Y9/1 ﾊﾟｯｷﾝ付","2026/08/05","イトカツ","","2026/08/05","塗装","山口","2026/07/31","製造"
"","九州工場","九州工場","","2026/07/21","26-R0001849-001-771","SE4030WN","1.50","400.0","400.0","300.0","SUS PB 被せ","","6","***北ｱｰｽ","2026/08/03","自社便","","2026/08/04","組立","白濵","2026/07/31","製造"
"","九州工場","九州工場","","2026/07/21","26-R0001850-001-771","SE5040WN","1.50","500.0","500.0","400.0","SUS PB 被せ","","4","***北ｱｰｽ","2026/08/03","自社便","","2026/08/04","組立","白濵","2026/07/31","製造"
"","九州工場","九州工場","","2026/07/21","26-R0001858-001-771","SE4040XN","1.50","400.0","400.0","400.0","SUS PB 水切","","6","***北ｱｰｽ","2026/08/03","自社便","","2026/08/04","組立","白濵","2026/07/31","製造"
"","九州工場","九州工場","","2026/07/21","26-R0001859-001-771","SE5030XN","1.50","500.0","500.0","300.0","SUS PB 水切","","6","***北ｱｰｽ","2026/08/03","自社便","","2026/08/04","組立","白濵","2026/07/31","製造"
"","九州工場","九州工場","","2026/07/21","26-R0001866-001-771","SE2020XNN","1.50","200.0","200.0","200.0","SUS PB 水切","","10","***北ｱｰｽ生地(焼付用)","2026/08/04","","","","仕上","三澄","2026/08/03","製造"
"","九州工場","九州工場","","2026/07/21","26-R0001869-001-771","SE3020XNN","1.50","300.0","300.0","200.0","SUS PB 水切","","10","***北ｱｰｽ生地(焼付用)","2026/08/05","","","","曲げ","志田","2026/08/04","製造"
"","九州工場","九州工専用","","2026/07/22","26-R0001905-001-7715","IBGC1800C","2.30","1,800.0","800.0","350.0","鉄 防球ガード 焼付","2.5Y9/1","24","***北天吊形空調機用","2026/08/03","","","","未着手","","2026/07/28","製造"
"","九州工場","九州工場","","2026/07/23","26-R0001906-001-771","SP2015WN","1.50","200.0","200.0","150.0","SUS PB 被せ","","1","防水試験用　奈良工場送り","2026/08/28","","","","曲げ","ラム","2026/08/27","製造"
"","九州工場","九州工場","","2026/07/23","26-R0001907-001-771","SP2015XN","1.50","200.0","200.0","150.0","SUS PB 水切","","1","防水試験用　奈良工場送り","2026/08/28","","","","未着手","","2026/08/27","製造"
"","九州工場","九州工場","","2026/07/23","26-R0001908-001-771","BP2015XG","1.60","200.0","200.0","150.0","国土 PB 水切","","1","ｱｰｽ無 さび止め 防水試験用　奈良工場送り","2026/08/28","","","","未着手","","2026/08/26","製造"
"","九州工場","九州工場","","2026/07/27","26-R0001942-001-771","SP4020WN","1.50","400.0","400.0","200.0","SUS PB 被せ","","6","***北","2026/08/04","自社便","","2026/08/05","溶接","ロン","2026/08/03","製造"
"","九州工場","九州工場","","2026/07/27","26-R0001943-001-771","SP5030WN","1.50","500.0","500.0","300.0","SUS PB 被せ","","6","***北","2026/08/04","自社便","","2026/08/05","溶接","テイン","2026/08/03","製造"
"","九州工場","九州工場","","2026/07/27","26-R0001944-001-771","SP4020WN","1.50","400.0","400.0","200.0","SUS PB 被せ","","6","***北","2026/08/05","自社便","","2026/08/06","溶接","ロン","2026/08/04","製造"
"","九州工場","九州工場","","2026/07/27","26-R0001945-001-771","SP5030WN","1.50","500.0","500.0","300.0","SUS PB 被せ","","6","***北","2026/08/05","自社便","","2026/08/06","溶接","テイン","2026/08/04","製造"
"","九州工場","九州工場","","2026/07/27","26-R0001946-001-771","SP4030WN","1.50","400.0","400.0","300.0","SUS PB 被せ","","6","***北","2026/08/06","自社便","","2026/08/07","曲げ","ラム","2026/08/05","製造"
"","九州工場","九州工場","","2026/07/27","26-R0001947-001-771","SP4030WN","1.50","400.0","400.0","300.0","SUS PB 被せ","","6","***北","2026/08/07","自社便","","2026/08/17","切断","井上(隆)","2026/08/06","製造"
"","九州工場","九州工場","","2026/07/27","26-R0001948-001-771","SE4030WN","1.50","400.0","400.0","300.0","SUS PB 被せ","","6","***北ｱｰｽ","2026/08/17","自社便","","2026/08/18","切断","井上(隆)","2026/08/07","製造"
"","九州工場","九州工場","","2026/07/27","26-R0001949-001-771","SE5040WN","1.50","500.0","500.0","400.0","SUS PB 被せ","","4","***北ｱｰｽ","2026/08/17","自社便","","2026/08/18","切断","井上(隆)","2026/08/07","製造"
"","九州工場","九州工場","","2026/07/27","26-R0001950-001-771","SE4030WN","1.50","400.0","400.0","300.0","SUS PB 被せ","","6","***北ｱｰｽ","2026/08/18","自社便","","2026/08/19","未着手","","2026/08/17","製造"
"","九州工場","九州工場","","2026/07/27","26-R0001951-001-771","SE5040WN","1.50","500.0","500.0","400.0","SUS PB 被せ","","4","***北ｱｰｽ","2026/08/18","自社便","","2026/08/19","未着手","","2026/08/17","製造"
"","九州工場","九州工場","","2026/07/27","26-R0001952-001-771","SE4040XN","1.50","400.0","400.0","400.0","SUS PB 水切","","6","***北ｱｰｽ","2026/08/04","自社便","","2026/08/05","溶接","テイン","2026/08/03","製造"
"","九州工場","九州工場","","2026/07/27","26-R0001953-001-771","SE5030XN","1.50","500.0","500.0","300.0","SUS PB 水切","","6","***北ｱｰｽ","2026/08/04","自社便","","2026/08/05","溶接","テイン","2026/08/03","製造"
"","九州工場","九州工場","","2026/07/27","26-R0001954-001-771","SE4030XN","1.50","400.0","400.0","300.0","SUS PB 水切","","8","***北ｱｰｽ","2026/08/05","自社便","","2026/08/06","溶接","ロン","2026/08/04","製造"
"","九州工場","九州工場","","2026/07/27","26-R0001955-001-771","SE5040XN","1.50","500.0","500.0","400.0","SUS PB 水切","","6","***北ｱｰｽ","2026/08/05","自社便","","2026/08/06","溶接","テイン","2026/08/04","製造"
"","九州工場","九州工場","","2026/07/27","26-R0001956-001-771","SE4030XN","1.50","400.0","400.0","300.0","SUS PB 水切","","8","***北ｱｰｽ","2026/08/06","自社便","","2026/08/07","曲げ","ラム","2026/08/05","製造"
"","九州工場","九州工場","","2026/07/27","26-R0001957-001-771","SE5040XN","1.50","500.0","500.0","400.0","SUS PB 水切","","6","***北ｱｰｽ","2026/08/06","自社便","","2026/08/07","曲げ","ラム","2026/08/05","製造"
"","九州工場","九州工場","","2026/07/27","26-R0001958-001-771","SE4020XN","1.50","400.0","400.0","200.0","SUS PB 水切","","8","***北ｱｰｽ","2026/08/07","自社便","","2026/08/17","切断","井上(隆)","2026/08/06","製造"
"","九州工場","九州工場","","2026/07/27","26-R0001959-001-771","SE4020XN","1.50","400.0","400.0","200.0","SUS PB 水切","","8","***北ｱｰｽ","2026/08/17","自社便","","2026/08/18","切断","井上(隆)","2026/08/07","製造"
"","九州工場","九州工場","","2026/07/28","26-R0001970-001-771","BE2020SC2","1.60","200.0","200.0","200.0","国土 PB 平 焼付","2.5Y9/1","12","***沖縄ｱｰｽ 2.5Y9/1","2026/08/07","イトカツ","","2026/08/07","仕上","山口","2026/08/04","製造"
"","九州工場","九州工場","","2026/07/28","26-R0001971-001-771","BE4030SC2","1.60","400.0","400.0","300.0","国土 PB 平 焼付","2.5Y9/1","4","***沖縄ｱｰｽ 2.5Y9/1","2026/08/17","イトカツ","","2026/08/17","仕上","山口","2026/08/05","製造"
"","九州工場","九州工場","","2026/07/28","26-R0001972-001-771","SE1515XC2","1.50","150.0","150.0","150.0","SUS PB 水切 焼付","2.5Y9/1","12","***沖縄ｱｰｽ 2.5Y9/1","2026/08/17","イトカツ","","2026/08/17","仕上","三澄","2026/08/05","製造"
"","九州工場","九州工場","","2026/07/28","26-R0001973-001-771","SE3030XC2","1.50","300.0","300.0","300.0","SUS PB 水切 焼付","2.5Y9/1","6","***沖縄ｱｰｽ 2.5Y9/1","2026/08/17","イトカツ","","2026/08/17","未着手","","2026/08/05","製造"
"","九州工場","九州工場","","2026/07/28","26-R0001977-001-771","SE5040XC2","1.50","500.0","500.0","400.0","SUS PB 水切 焼付","2.5Y9/1","2","***沖縄ｱｰｽ 2.5Y9/1","2026/08/06","イトカツ","","2026/08/06","仕上","三澄","2026/08/03","製造"
"","九州工場","九州工場","","2026/07/28","26-R0001978-001-771","SE5050XC2","1.50","500.0","500.0","500.0","SUS PB 水切 焼付","2.5Y9/1","2","***沖縄ｱｰｽ 2.5Y9/1","2026/08/06","イトカツ","","2026/08/06","仕上","三澄","2026/08/03","製造"
"","九州工場","九州工場","","2026/07/28","26-R0001979-001-771","SE4040SC2","1.50","400.0","400.0","400.0","SUS PB 平 焼付","2.5Y9/1","3","***沖縄ｱｰｽ 2.5Y9/1 ﾊﾟｯｷﾝ付","2026/08/06","イトカツ","","2026/08/06","仕上","三澄","2026/08/03","製造"
"","九州工場","九州工場","","2026/07/28","26-R0001980-001-771","SE5050SC2","1.50","500.0","500.0","500.0","SUS PB 平 焼付","2.5Y9/1","1","***沖縄ｱｰｽ 2.5Y9/1 ﾊﾟｯｷﾝ付","2026/08/07","イトカツ","","2026/08/07","溶接","ロン","2026/08/04","製造"
"","九州工場","九州工場","","2026/07/28","26-R0001981-001-771","BE5030SC2","1.60","500.0","500.0","300.0","国土 PB 平 焼付","2.5Y9/1","2","***沖縄ｱｰｽ 2.5Y9/1","2026/08/07","イトカツ","","2026/08/07","仕上","三澄","2026/08/04","製造"
"","九州工場","九州工場","","2026/07/30","26-R0002004-001-771","BE3020SNN","1.60","300.0","300.0","200.0","国土 PB 平","","10","***北ｱｰｽ 生地(焼付用)","2026/08/06","","","","溶接","マイン","2026/08/05","製造"
"","九州工場","九州工場","","2026/07/30","26-R0002008-001-771","SE6030XC2","1.50","600.0","600.0","300.0","SUS PB 水切 焼付","2.5Y9/1","3","***沖縄ｱｰｽ 2.5Y9/1","2026/08/07","イトカツ","","2026/08/07","溶接","ロン","2026/08/04","製造"
"","九州工場","九州工場","","2026/07/30","26-R0002009-001-771","SE4040XC2","1.50","400.0","400.0","400.0","SUS PB 水切 焼付","2.5Y9/1","2","***沖縄ｱｰｽ 2.5Y9/1","2026/08/18","イトカツ","","2026/08/18","切断","井上(隆)","2026/08/06","製造"
"","九州工場","九州工場","","2026/07/30","26-R0002010-001-771","SE5050XC2","1.50","500.0","500.0","500.0","SUS PB 水切 焼付","2.5Y9/1","2","***沖縄ｱｰｽ 2.5Y9/1","2026/08/18","イトカツ","","2026/08/18","切断","井上(隆)","2026/08/06","製造"
"","九州工場","九州工場","","2026/07/30","26-R0002011-001-771","SE6020XC2","1.50","600.0","600.0","200.0","SUS PB 水切 焼付","2.5Y9/1","1","***沖縄ｱｰｽ 2.5Y9/1","2026/08/18","イトカツ","","2026/08/18","切断","井上(隆)","2026/08/06","製造"
"","九州工場","九州工場","","2026/07/30","26-R0002012-001-771","SE4020XC2","1.50","400.0","400.0","200.0","SUS PB 水切 焼付","2.5Y9/1","4","***沖縄ｱｰｽ 2.5Y9/1","2026/08/19","イトカツ","","2026/08/19","未着手","","2026/08/07","製造"
"","九州工場","九州工場","","2026/07/30","26-R0002013-001-771","SE2525XC2","1.50","250.0","250.0","250.0","SUS PB 水切 焼付","2.5Y9/1","4","***沖縄ｱｰｽ 2.5Y9/1","2026/08/19","イトカツ","","2026/08/19","未着手","","2026/08/07","製造"
"","九州工場","九州工場","","2026/07/30","26-R0002014-001-771","BE2515SC2","1.60","250.0","250.0","150.0","国土 PB 平 焼付","2.5Y9/1","8","***沖縄ｱｰｽ 2.5Y9/1","2026/08/19","イトカツ","","2026/08/19","溶接","マイン","2026/08/07","製造"
"","九州工場","九州工場","","2026/07/30","26-R0002015-001-771","SE4020XC2","1.50","400.0","400.0","200.0","SUS PB 水切 焼付","2.5Y9/1","4","***沖縄ｱｰｽ 2.5Y9/1","2026/08/21","イトカツ","","2026/08/21","未着手","","2026/08/18","製造"
"","九州工場","九州工場","","2026/07/30","26-R0002016-001-771","BE2010SNN","1.60","200.0","200.0","100.0","国土 PB 平","","10","***北ｱｰｽ 生地(焼付用)","2026/08/18","","","","曲げ","志田","2026/08/17","製造"
"","九州工場","九州工場","","2026/07/30","26-R0002017-001-771","BE2015SNN","1.60","200.0","200.0","150.0","国土 PB 平","","10","***北ｱｰｽ 生地(焼付用)","2026/08/19","","","","切断","林(浩)","2026/08/18","製造"
"","九州工場","九州工場","","2026/07/30","26-R0002018-001-771","BE3020SNN","1.60","300.0","300.0","200.0","国土 PB 平","","10","***北ｱｰｽ 生地(焼付用)","2026/08/20","","","","未着手","","2026/08/19","製造"
"","九州工場","九州工場","","2026/07/30","26-R0002019-001-771","BE1510SNN","1.60","150.0","150.0","100.0","国土 PB 平","","10","***北ｱｰｽ 生地(焼付用)","2026/08/21","","","","未着手","","2026/08/20","製造"
"","九州工場","九州工場","","2026/07/30","26-R0002020-001-771","BE2020SNN","1.60","200.0","200.0","200.0","国土 PB 平","","10","***北ｱｰｽ 生地(焼付用)","2026/08/24","","","","未着手","","2026/08/21","製造"
"","九州工場","九州工場","","2026/07/30","26-R0002021-001-771","ZE2020X2","2.30","200.0","200.0","200.0","ZN PB 水切","","10","***沖縄ｱｰｽ","2026/08/18","イトカツ","","2026/08/18","溶接","マイン","2026/08/04","製造"
"","九州工場","九州工場","","2026/08/03","26-R0002037-001-771","SE6060XN","1.50","600.0","600.0","600.0","SUS PB 水切","","4","***北ｱｰｽ","2026/08/07","自社便","","2026/08/17","未着手","","2026/08/06","製造"
"","九州工場","九州工場","","2026/08/03","26-R0002039-001-771","SE5050XN","1.50","500.0","500.0","500.0","SUS PB 水切","","4","***北ｱｰｽ","2026/08/17","自社便","","2026/08/18","未着手","","2026/08/07","製造"
"","九州工場","九州工場","","2026/08/03","26-R0002041-001-771","SP5050WN","1.50","500.0","500.0","500.0","SUS PB 被せ","","4","***北","2026/08/18","自社便","","2026/08/19","未着手","","2026/08/17","製造"
"","九州工場","九州工場","","2026/08/03","26-R0002044-001-771","SE6060XN","1.50","600.0","600.0","600.0","SUS PB 水切","","4","***北ｱｰｽ","2026/08/19","自社便","","2026/08/20","未着手","","2026/08/18","製造"
"","九州工場","九州工場","","2026/08/03","26-R0002047-001-771","SE5050XN","1.50","500.0","500.0","500.0","SUS PB 水切","","4","***北ｱｰｽ","2026/08/20","自社便","","2026/08/21","未着手","","2026/08/19","製造"
"","九州工場","九州工場","","2026/08/03","26-R0002050-001-771","SP5050WN","1.50","500.0","500.0","500.0","SUS PB 被せ","","4","***北","2026/08/21","自社便","","2026/08/24","未着手","","2026/08/20","製造"
"","九州工場","九州工場","","2026/08/03","26-R0002051-001-771","SE6060XN","1.50","600.0","600.0","600.0","SUS PB 水切","","4","***北ｱｰｽ","2026/08/24","自社便","","2026/08/25","未着手","","2026/08/21","製造"
"","九州工場","九州工場","","2026/08/03","26-R0002052-001-771","SE4040XN","1.50","400.0","400.0","400.0","SUS PB 水切","","6","***北ｱｰｽ","2026/08/18","自社便","","2026/08/19","未着手","","2026/08/17","製造"
"","九州工場","九州工場","","2026/08/03","26-R0002053-001-771","SE5030XN","1.50","500.0","500.0","300.0","SUS PB 水切","","6","***北ｱｰｽ","2026/08/18","自社便","","2026/08/19","未着手","","2026/08/17","製造"
"","九州工場","九州工場","","2026/08/03","26-R0002054-001-771","SE4040XN","1.50","400.0","400.0","400.0","SUS PB 水切","","6","***北ｱｰｽ","2026/08/19","自社便","","2026/08/20","未着手","","2026/08/18","製造"
"","九州工場","九州工場","","2026/08/03","26-R0002055-001-771","SE5030XN","1.50","500.0","500.0","300.0","SUS PB 水切","","6","***北ｱｰｽ","2026/08/19","自社便","","2026/08/20","未着手","","2026/08/18","製造"
"","九州工場","九州工場","","2026/08/03","26-R0002056-001-771","SE4030XN","1.50","400.0","400.0","300.0","SUS PB 水切","","8","***北ｱｰｽ","2026/08/20","自社便","","2026/08/21","未着手","","2026/08/19","製造"
"","九州工場","九州工場","","2026/08/03","26-R0002057-001-771","SE5040XN","1.50","500.0","500.0","400.0","SUS PB 水切","","6","***北ｱｰｽ","2026/08/20","自社便","","2026/08/21","未着手","","2026/08/19","製造"
"","九州工場","九州工場","","2026/08/03","26-R0002058-001-771","SE4030XN","1.50","400.0","400.0","300.0","SUS PB 水切","","8","***北ｱｰｽ","2026/08/21","自社便","","2026/08/24","未着手","","2026/08/20","製造"
"","九州工場","九州工場","","2026/08/03","26-R0002059-001-771","SE5040XN","1.50","500.0","500.0","400.0","SUS PB 水切","","6","***北ｱｰｽ","2026/08/21","自社便","","2026/08/24","未着手","","2026/08/20","製造"
